algo,seed,w_time,w_mse,w_var,margin,alpha,precision,recall,fpr
ML-KEM-512,42,0.33,0.33,0.33,1.0,0.01,1.0,0.21714285714285714,0.0
ML-KEM-512,42,0.33,0.33,0.33,1.0,0.05,1.0,0.21714285714285714,0.0
ML-KEM-512,42,0.33,0.33,0.33,1.0,0.1,1.0,0.21714285714285714,0.0
ML-KEM-512,42,0.33,0.33,0.33,1.0,0.2,1.0,0.21714285714285714,0.0
ML-KEM-512,42,0.33,0.33,0.33,1.25,0.01,1.0,0.21714285714285714,0.0
ML-KEM-512,42,0.33,0.33,0.33,1.25,0.05,1.0,0.21714285714285714,0.0
ML-KEM-512,42,0.33,0.33,0.33,1.25,0.1,1.0,0.21714285714285714,0.0
ML-KEM-512,42,0.33,0.33,0.33,1.25,0.2,1.0,0.21714285714285714,0.0
ML-KEM-512,42,0.33,0.33,0.33,1.5,0.01,1.0,0.21714285714285714,0.0
ML-KEM-512,42,0.33,0.33,0.33,1.5,0.05,1.0,0.21714285714285714,0.0
ML-KEM-512,42,0.33,0.33,0.33,1.5,0.1,1.0,0.21714285714285714,0.0
ML-KEM-512,42,0.33,0.33,0.33,1.5,0.2,1.0,0.21714285714285714,0.0
ML-KEM-512,42,0.33,0.33,0.33,2.0,0.01,1.0,0.21714285714285714,0.0
ML-KEM-512,42,0.33,0.33,0.33,2.0,0.05,1.0,0.21714285714285714,0.0
ML-KEM-512,42,0.33,0.33,0.33,2.0,0.1,1.0,0.21714285714285714,0.0
ML-KEM-512,42,0.33,0.33,0.33,2.0,0.2,1.0,0.21714285714285714,0.0
ML-KEM-512,42,0.33,0.33,0.33,3.0,0.01,1.0,0.21714285714285714,0.0
ML-KEM-512,42,0.33,0.33,0.33,3.0,0.05,1.0,0.21714285714285714,0.0
ML-KEM-512,42,0.33,0.33,0.33,3.0,0.1,1.0,0.21714285714285714,0.0
ML-KEM-512,42,0.33,0.33,0.33,3.0,0.2,1.0,0.21714285714285714,0.0
ML-KEM-512,42,0.33,0.33,0.33,5.0,0.01,1.0,0.21714285714285714,0.0
ML-KEM-512,42,0.33,0.33,0.33,5.0,0.05,1.0,0.21714285714285714,0.0
ML-KEM-512,42,0.33,0.33,0.33,5.0,0.1,1.0,0.21714285714285714,0.0
ML-KEM-512,42,0.33,0.33,0.33,5.0,0.2,1.0,0.21714285714285714,0.0
ML-KEM-512,42,0.6,0.2,0.2,1.0,0.01,0.9714285714285714,0.19428571428571428,0.0024449877750611247
ML-KEM-512,42,0.6,0.2,0.2,1.0,0.05,0.9714285714285714,0.19428571428571428,0.0024449877750611247
ML-KEM-512,42,0.6,0.2,0.2,1.0,0.1,0.9714285714285714,0.19428571428571428,0.0024449877750611247
ML-KEM-512,42,0.6,0.2,0.2,1.0,0.2,0.9714285714285714,0.19428571428571428,0.0024449877750611247
ML-KEM-512,42,0.6,0.2,0.2,1.25,0.01,0.9714285714285714,0.19428571428571428,0.0024449877750611247
ML-KEM-512,42,0.6,0.2,0.2,1.25,0.05,0.9714285714285714,0.19428571428571428,0.0024449877750611247
ML-KEM-512,42,0.6,0.2,0.2,1.25,0.1,0.9714285714285714,0.19428571428571428,0.0024449877750611247
ML-KEM-512,42,0.6,0.2,0.2,1.25,0.2,0.9714285714285714,0.19428571428571428,0.0024449877750611247
ML-KEM-512,42,0.6,0.2,0.2,1.5,0.01,0.9714285714285714,0.19428571428571428,0.0024449877750611247
ML-KEM-512,42,0.6,0.2,0.2,1.5,0.05,0.9714285714285714,0.19428571428571428,0.0024449877750611247
ML-KEM-512,42,0.6,0.2,0.2,1.5,0.1,0.9714285714285714,0.19428571428571428,0.0024449877750611247
ML-KEM-512,42,0.6,0.2,0.2,1.5,0.2,0.9714285714285714,0.19428571428571428,0.0024449877750611247
ML-KEM-512,42,0.6,0.2,0.2,2.0,0.01,0.9714285714285714,0.19428571428571428,0.0024449877750611247
ML-KEM-512,42,0.6,0.2,0.2,2.0,0.05,0.9714285714285714,0.19428571428571428,0.0024449877750611247
ML-KEM-512,42,0.6,0.2,0.2,2.0,0.1,0.9714285714285714,0.19428571428571428,0.0024449877750611247
ML-KEM-512,42,0.6,0.2,0.2,2.0,0.2,0.9714285714285714,0.19428571428571428,0.0024449877750611247
ML-KEM-512,42,0.6,0.2,0.2,3.0,0.01,0.9714285714285714,0.19428571428571428,0.0024449877750611247
ML-KEM-512,42,0.6,0.2,0.2,3.0,0.05,0.9714285714285714,0.19428571428571428,0.0024449877750611247
ML-KEM-512,42,0.6,0.2,0.2,3.0,0.1,0.9714285714285714,0.19428571428571428,0.0024449877750611247
ML-KEM-512,42,0.6,0.2,0.2,3.0,0.2,0.9714285714285714,0.19428571428571428,0.0024449877750611247
ML-KEM-512,42,0.6,0.2,0.2,5.0,0.01,0.9714285714285714,0.19428571428571428,0.0024449877750611247
ML-KEM-512,42,0.6,0.2,0.2,5.0,0.05,0.9714285714285714,0.19428571428571428,0.0024449877750611247
ML-KEM-512,42,0.6,0.2,0.2,5.0,0.1,0.9714285714285714,0.19428571428571428,0.0024449877750611247
ML-KEM-512,42,0.6,0.2,0.2,5.0,0.2,0.9714285714285714,0.19428571428571428,0.0024449877750611247
ML-KEM-512,42,0.2,0.6,0.2,1.0,0.01,1.0,0.3142857142857143,0.0
ML-KEM-512,42,0.2,0.6,0.2,1.0,0.05,1.0,0.3142857142857143,0.0
ML-KEM-512,42,0.2,0.6,0.2,1.0,0.1,1.0,0.3142857142857143,0.0
ML-KEM-512,42,0.2,0.6,0.2,1.0,0.2,1.0,0.3142857142857143,0.0
ML-KEM-512,42,0.2,0.6,0.2,1.25,0.01,1.0,0.3142857142857143,0.0
ML-KEM-512,42,0.2,0.6,0.2,1.25,0.05,1.0,0.3142857142857143,0.0
ML-KEM-512,42,0.2,0.6,0.2,1.25,0.1,1.0,0.3142857142857143,0.0
ML-KEM-512,42,0.2,0.6,0.2,1.25,0.2,1.0,0.3142857142857143,0.0
ML-KEM-512,42,0.2,0.6,0.2,1.5,0.01,1.0,0.3142857142857143,0.0
ML-KEM-512,42,0.2,0.6,0.2,1.5,0.05,1.0,0.3142857142857143,0.0
ML-KEM-512,42,0.2,0.6,0.2,1.5,0.1,1.0,0.3142857142857143,0.0
ML-KEM-512,42,0.2,0.6,0.2,1.5,0.2,1.0,0.3142857142857143,0.0
ML-KEM-512,42,0.2,0.6,0.2,2.0,0.01,1.0,0.3142857142857143,0.0
ML-KEM-512,42,0.2,0.6,0.2,2.0,0.05,1.0,0.3142857142857143,0.0
ML-KEM-512,42,0.2,0.6,0.2,2.0,0.1,1.0,0.3142857142857143,0.0
ML-KEM-512,42,0.2,0.6,0.2,2.0,0.2,1.0,0.3142857142857143,0.0
ML-KEM-512,42,0.2,0.6,0.2,3.0,0.01,1.0,0.3142857142857143,0.0
ML-KEM-512,42,0.2,0.6,0.2,3.0,0.05,1.0,0.3142857142857143,0.0
ML-KEM-512,42,0.2,0.6,0.2,3.0,0.1,1.0,0.3142857142857143,0.0
ML-KEM-512,42,0.2,0.6,0.2,3.0,0.2,1.0,0.3142857142857143,0.0
ML-KEM-512,42,0.2,0.6,0.2,5.0,0.01,1.0,0.3142857142857143,0.0
ML-KEM-512,42,0.2,0.6,0.2,5.0,0.05,1.0,0.3142857142857143,0.0
ML-KEM-512,42,0.2,0.6,0.2,5.0,0.1,1.0,0.3142857142857143,0.0
ML-KEM-512,42,0.2,0.6,0.2,5.0,0.2,1.0,0.3142857142857143,0.0
ML-KEM-512,42,0.2,0.2,0.6,1.0,0.01,1.0,0.15428571428571428,0.0
ML-KEM-512,42,0.2,0.2,0.6,1.0,0.05,1.0,0.15428571428571428,0.0
ML-KEM-512,42,0.2,0.2,0.6,1.0,0.1,1.0,0.15428571428571428,0.0
ML-KEM-512,42,0.2,0.2,0.6,1.0,0.2,1.0,0.15428571428571428,0.0
ML-KEM-512,42,0.2,0.2,0.6,1.25,0.01,1.0,0.15428571428571428,0.0
ML-KEM-512,42,0.2,0.2,0.6,1.25,0.05,1.0,0.15428571428571428,0.0
ML-KEM-512,42,0.2,0.2,0.6,1.25,0.1,1.0,0.15428571428571428,0.0
ML-KEM-512,42,0.2,0.2,0.6,1.25,0.2,1.0,0.15428571428571428,0.0
ML-KEM-512,42,0.2,0.2,0.6,1.5,0.01,1.0,0.15428571428571428,0.0
ML-KEM-512,42,0.2,0.2,0.6,1.5,0.05,1.0,0.15428571428571428,0.0
ML-KEM-512,42,0.2,0.2,0.6,1.5,0.1,1.0,0.15428571428571428,0.0
ML-KEM-512,42,0.2,0.2,0.6,1.5,0.2,1.0,0.15428571428571428,0.0
ML-KEM-512,42,0.2,0.2,0.6,2.0,0.01,1.0,0.15428571428571428,0.0
ML-KEM-512,42,0.2,0.2,0.6,2.0,0.05,1.0,0.15428571428571428,0.0
ML-KEM-512,42,0.2,0.2,0.6,2.0,0.1,1.0,0.15428571428571428,0.0
ML-KEM-512,42,0.2,0.2,0.6,2.0,0.2,1.0,0.15428571428571428,0.0
ML-KEM-512,42,0.2,0.2,0.6,3.0,0.01,1.0,0.15428571428571428,0.0
ML-KEM-512,42,0.2,0.2,0.6,3.0,0.05,1.0,0.15428571428571428,0.0
ML-KEM-512,42,0.2,0.2,0.6,3.0,0.1,1.0,0.15428571428571428,0.0
ML-KEM-512,42,0.2,0.2,0.6,3.0,0.2,1.0,0.15428571428571428,0.0
ML-KEM-512,42,0.2,0.2,0.6,5.0,0.01,1.0,0.15428571428571428,0.0
ML-KEM-512,42,0.2,0.2,0.6,5.0,0.05,1.0,0.15428571428571428,0.0
ML-KEM-512,42,0.2,0.2,0.6,5.0,0.1,1.0,0.15428571428571428,0.0
ML-KEM-512,42,0.2,0.2,0.6,5.0,0.2,1.0,0.15428571428571428,0.0
ML-KEM-512,42,0.8,0.1,0.1,1.0,0.01,0.9607843137254902,0.28,0.004889975550122249
ML-KEM-512,42,0.8,0.1,0.1,1.0,0.05,0.9607843137254902,0.28,0.004889975550122249
ML-KEM-512,42,0.8,0.1,0.1,1.0,0.1,0.9607843137254902,0.28,0.004889975550122249
ML-KEM-512,42,0.8,0.1,0.1,1.0,0.2,0.9607843137254902,0.28,0.004889975550122249
ML-KEM-512,42,0.8,0.1,0.1,1.25,0.01,0.9607843137254902,0.28,0.004889975550122249
ML-KEM-512,42,0.8,0.1,0.1,1.25,0.05,0.9607843137254902,0.28,0.004889975550122249
ML-KEM-512,42,0.8,0.1,0.1,1.25,0.1,0.9607843137254902,0.28,0.004889975550122249
ML-KEM-512,42,0.8,0.1,0.1,1.25,0.2,0.9607843137254902,0.28,0.004889975550122249
ML-KEM-512,42,0.8,0.1,0.1,1.5,0.01,0.9607843137254902,0.28,0.004889975550122249
ML-KEM-512,42,0.8,0.1,0.1,1.5,0.05,0.9607843137254902,0.28,0.004889975550122249
ML-KEM-512,42,0.8,0.1,0.1,1.5,0.1,0.9607843137254902,0.28,0.004889975550122249
ML-KEM-512,42,0.8,0.1,0.1,1.5,0.2,0.9607843137254902,0.28,0.004889975550122249
ML-KEM-512,42,0.8,0.1,0.1,2.0,0.01,0.9607843137254902,0.28,0.004889975550122249
ML-KEM-512,42,0.8,0.1,0.1,2.0,0.05,0.9607843137254902,0.28,0.004889975550122249
ML-KEM-512,42,0.8,0.1,0.1,2.0,0.1,0.9607843137254902,0.28,0.004889975550122249
ML-KEM-512,42,0.8,0.1,0.1,2.0,0.2,0.9607843137254902,0.28,0.004889975550122249
ML-KEM-512,42,0.8,0.1,0.1,3.0,0.01,0.9607843137254902,0.28,0.004889975550122249
ML-KEM-512,42,0.8,0.1,0.1,3.0,0.05,0.9607843137254902,0.28,0.004889975550122249
ML-KEM-512,42,0.8,0.1,0.1,3.0,0.1,0.9607843137254902,0.28,0.004889975550122249
ML-KEM-512,42,0.8,0.1,0.1,3.0,0.2,0.9607843137254902,0.28,0.004889975550122249
ML-KEM-512,42,0.8,0.1,0.1,5.0,0.01,0.9607843137254902,0.28,0.004889975550122249
ML-KEM-512,42,0.8,0.1,0.1,5.0,0.05,0.9607843137254902,0.28,0.004889975550122249
ML-KEM-512,42,0.8,0.1,0.1,5.0,0.1,0.9607843137254902,0.28,0.004889975550122249
ML-KEM-512,42,0.8,0.1,0.1,5.0,0.2,0.9607843137254902,0.28,0.004889975550122249
ML-KEM-512,123,0.33,0.33,0.33,1.0,0.01,0.9761904761904762,0.2342857142857143,0.0024449877750611247
ML-KEM-512,123,0.33,0.33,0.33,1.0,0.05,0.9761904761904762,0.2342857142857143,0.0024449877750611247
ML-KEM-512,123,0.33,0.33,0.33,1.0,0.1,0.9761904761904762,0.2342857142857143,0.0024449877750611247
ML-KEM-512,123,0.33,0.33,0.33,1.0,0.2,0.9761904761904762,0.2342857142857143,0.0024449877750611247
ML-KEM-512,123,0.33,0.33,0.33,1.25,0.01,0.9761904761904762,0.2342857142857143,0.0024449877750611247
ML-KEM-512,123,0.33,0.33,0.33,1.25,0.05,0.9761904761904762,0.2342857142857143,0.0024449877750611247
ML-KEM-512,123,0.33,0.33,0.33,1.25,0.1,0.9761904761904762,0.2342857142857143,0.0024449877750611247
ML-KEM-512,123,0.33,0.33,0.33,1.25,0.2,0.9761904761904762,0.2342857142857143,0.0024449877750611247
ML-KEM-512,123,0.33,0.33,0.33,1.5,0.01,0.9761904761904762,0.2342857142857143,0.0024449877750611247
ML-KEM-512,123,0.33,0.33,0.33,1.5,0.05,0.9761904761904762,0.2342857142857143,0.0024449877750611247
ML-KEM-512,123,0.33,0.33,0.33,1.5,0.1,0.9761904761904762,0.2342857142857143,0.0024449877750611247
ML-KEM-512,123,0.33,0.33,0.33,1.5,0.2,0.9761904761904762,0.2342857142857143,0.0024449877750611247
ML-KEM-512,123,0.33,0.33,0.33,2.0,0.01,0.9761904761904762,0.2342857142857143,0.0024449877750611247
ML-KEM-512,123,0.33,0.33,0.33,2.0,0.05,0.9761904761904762,0.2342857142857143,0.0024449877750611247
ML-KEM-512,123,0.33,0.33,0.33,2.0,0.1,0.9761904761904762,0.2342857142857143,0.0024449877750611247
ML-KEM-512,123,0.33,0.33,0.33,2.0,0.2,0.9761904761904762,0.2342857142857143,0.0024449877750611247
ML-KEM-512,123,0.33,0.33,0.33,3.0,0.01,0.9761904761904762,0.2342857142857143,0.0024449877750611247
ML-KEM-512,123,0.33,0.33,0.33,3.0,0.05,0.9761904761904762,0.2342857142857143,0.0024449877750611247
ML-KEM-512,123,0.33,0.33,0.33,3.0,0.1,0.9761904761904762,0.2342857142857143,0.0024449877750611247
ML-KEM-512,123,0.33,0.33,0.33,3.0,0.2,0.9761904761904762,0.2342857142857143,0.0024449877750611247
ML-KEM-512,123,0.33,0.33,0.33,5.0,0.01,0.9761904761904762,0.2342857142857143,0.0024449877750611247
ML-KEM-512,123,0.33,0.33,0.33,5.0,0.05,0.9761904761904762,0.2342857142857143,0.0024449877750611247
ML-KEM-512,123,0.33,0.33,0.33,5.0,0.1,0.9761904761904762,0.2342857142857143,0.0024449877750611247
ML-KEM-512,123,0.33,0.33,0.33,5.0,0.2,0.9761904761904762,0.2342857142857143,0.0024449877750611247
ML-KEM-512,123,0.6,0.2,0.2,1.0,0.01,0.9767441860465116,0.24,0.0024449877750611247
ML-KEM-512,123,0.6,0.2,0.2,1.0,0.05,0.9767441860465116,0.24,0.0024449877750611247
ML-KEM-512,123,0.6,0.2,0.2,1.0,0.1,0.9767441860465116,0.24,0.0024449877750611247
ML-KEM-512,123,0.6,0.2,0.2,1.0,0.2,0.9767441860465116,0.24,0.0024449877750611247
ML-KEM-512,123,0.6,0.2,0.2,1.25,0.01,0.9767441860465116,0.24,0.0024449877750611247
ML-KEM-512,123,0.6,0.2,0.2,1.25,0.05,0.9767441860465116,0.24,0.0024449877750611247
ML-KEM-512,123,0.6,0.2,0.2,1.25,0.1,0.9767441860465116,0.24,0.0024449877750611247
ML-KEM-512,123,0.6,0.2,0.2,1.25,0.2,0.9767441860465116,0.24,0.0024449877750611247
ML-KEM-512,123,0.6,0.2,0.2,1.5,0.01,0.9767441860465116,0.24,0.0024449877750611247
ML-KEM-512,123,0.6,0.2,0.2,1.5,0.05,0.9767441860465116,0.24,0.0024449877750611247
ML-KEM-512,123,0.6,0.2,0.2,1.5,0.1,0.9767441860465116,0.24,0.0024449877750611247
ML-KEM-512,123,0.6,0.2,0.2,1.5,0.2,0.9767441860465116,0.24,0.0024449877750611247
ML-KEM-512,123,0.6,0.2,0.2,2.0,0.01,0.9767441860465116,0.24,0.0024449877750611247
ML-KEM-512,123,0.6,0.2,0.2,2.0,0.05,0.9767441860465116,0.24,0.0024449877750611247
ML-KEM-512,123,0.6,0.2,0.2,2.0,0.1,0.9767441860465116,0.24,0.0024449877750611247
ML-KEM-512,123,0.6,0.2,0.2,2.0,0.2,0.9767441860465116,0.24,0.0024449877750611247
ML-KEM-512,123,0.6,0.2,0.2,3.0,0.01,0.9767441860465116,0.24,0.0024449877750611247
ML-KEM-512,123,0.6,0.2,0.2,3.0,0.05,0.9767441860465116,0.24,0.0024449877750611247
ML-KEM-512,123,0.6,0.2,0.2,3.0,0.1,0.9767441860465116,0.24,0.0024449877750611247
ML-KEM-512,123,0.6,0.2,0.2,3.0,0.2,0.9767441860465116,0.24,0.0024449877750611247
ML-KEM-512,123,0.6,0.2,0.2,5.0,0.01,0.9767441860465116,0.24,0.0024449877750611247
ML-KEM-512,123,0.6,0.2,0.2,5.0,0.05,0.9767441860465116,0.24,0.0024449877750611247
ML-KEM-512,123,0.6,0.2,0.2,5.0,0.1,0.9767441860465116,0.24,0.0024449877750611247
ML-KEM-512,123,0.6,0.2,0.2,5.0,0.2,0.9767441860465116,0.24,0.0024449877750611247
ML-KEM-512,123,0.2,0.6,0.2,1.0,0.01,0.9833333333333333,0.33714285714285713,0.0024449877750611247
ML-KEM-512,123,0.2,0.6,0.2,1.0,0.05,0.9833333333333333,0.33714285714285713,0.0024449877750611247
ML-KEM-512,123,0.2,0.6,0.2,1.0,0.1,0.9833333333333333,0.33714285714285713,0.0024449877750611247
ML-KEM-512,123,0.2,0.6,0.2,1.0,0.2,0.9833333333333333,0.33714285714285713,0.0024449877750611247
ML-KEM-512,123,0.2,0.6,0.2,1.25,0.01,0.9833333333333333,0.33714285714285713,0.0024449877750611247
ML-KEM-512,123,0.2,0.6,0.2,1.25,0.05,0.9833333333333333,0.33714285714285713,0.0024449877750611247
ML-KEM-512,123,0.2,0.6,0.2,1.25,0.1,0.9833333333333333,0.33714285714285713,0.0024449877750611247
ML-KEM-512,123,0.2,0.6,0.2,1.25,0.2,0.9833333333333333,0.33714285714285713,0.0024449877750611247
ML-KEM-512,123,0.2,0.6,0.2,1.5,0.01,0.9833333333333333,0.33714285714285713,0.0024449877750611247
ML-KEM-512,123,0.2,0.6,0.2,1.5,0.05,0.9833333333333333,0.33714285714285713,0.0024449877750611247
ML-KEM-512,123,0.2,0.6,0.2,1.5,0.1,0.9833333333333333,0.33714285714285713,0.0024449877750611247
ML-KEM-512,123,0.2,0.6,0.2,1.5,0.2,0.9833333333333333,0.33714285714285713,0.0024449877750611247
ML-KEM-512,123,0.2,0.6,0.2,2.0,0.01,0.9833333333333333,0.33714285714285713,0.0024449877750611247
ML-KEM-512,123,0.2,0.6,0.2,2.0,0.05,0.9833333333333333,0.33714285714285713,0.0024449877750611247
ML-KEM-512,123,0.2,0.6,0.2,2.0,0.1,0.9833333333333333,0.33714285714285713,0.0024449877750611247
ML-KEM-512,123,0.2,0.6,0.2,2.0,0.2,0.9833333333333333,0.33714285714285713,0.0024449877750611247
ML-KEM-512,123,0.2,0.6,0.2,3.0,0.01,0.9833333333333333,0.33714285714285713,0.0024449877750611247
ML-KEM-512,123,0.2,0.6,0.2,3.0,0.05,0.9833333333333333,0.33714285714285713,0.0024449877750611247
ML-KEM-512,123,0.2,0.6,0.2,3.0,0.1,0.9833333333333333,0.33714285714285713,0.0024449877750611247
ML-KEM-512,123,0.2,0.6,0.2,3.0,0.2,0.9833333333333333,0.33714285714285713,0.0024449877750611247
ML-KEM-512,123,0.2,0.6,0.2,5.0,0.01,0.9833333333333333,0.33714285714285713,0.0024449877750611247
ML-KEM-512,123,0.2,0.6,0.2,5.0,0.05,0.9833333333333333,0.33714285714285713,0.0024449877750611247
ML-KEM-512,123,0.2,0.6,0.2,5.0,0.1,0.9833333333333333,0.33714285714285713,0.0024449877750611247
ML-KEM-512,123,0.2,0.6,0.2,5.0,0.2,0.9833333333333333,0.33714285714285713,0.0024449877750611247
ML-KEM-512,123,0.2,0.2,0.6,1.0,0.01,1.0,0.17142857142857143,0.0
ML-KEM-512,123,0.2,0.2,0.6,1.0,0.05,1.0,0.17142857142857143,0.0
ML-KEM-512,123,0.2,0.2,0.6,1.0,0.1,1.0,0.17142857142857143,0.0
ML-KEM-512,123,0.2,0.2,0.6,1.0,0.2,1.0,0.17142857142857143,0.0
ML-KEM-512,123,0.2,0.2,0.6,1.25,0.01,1.0,0.17142857142857143,0.0
ML-KEM-512,123,0.2,0.2,0.6,1.25,0.05,1.0,0.17142857142857143,0.0
ML-KEM-512,123,0.2,0.2,0.6,1.25,0.1,1.0,0.17142857142857143,0.0
ML-KEM-512,123,0.2,0.2,0.6,1.25,0.2,1.0,0.17142857142857143,0.0
ML-KEM-512,123,0.2,0.2,0.6,1.5,0.01,1.0,0.17142857142857143,0.0
ML-KEM-512,123,0.2,0.2,0.6,1.5,0.05,1.0,0.17142857142857143,0.0
ML-KEM-512,123,0.2,0.2,0.6,1.5,0.1,1.0,0.17142857142857143,0.0
ML-KEM-512,123,0.2,0.2,0.6,1.5,0.2,1.0,0.17142857142857143,0.0
ML-KEM-512,123,0.2,0.2,0.6,2.0,0.01,1.0,0.17142857142857143,0.0
ML-KEM-512,123,0.2,0.2,0.6,2.0,0.05,1.0,0.17142857142857143,0.0
ML-KEM-512,123,0.2,0.2,0.6,2.0,0.1,1.0,0.17142857142857143,0.0
ML-KEM-512,123,0.2,0.2,0.6,2.0,0.2,1.0,0.17142857142857143,0.0
ML-KEM-512,123,0.2,0.2,0.6,3.0,0.01,1.0,0.17142857142857143,0.0
ML-KEM-512,123,0.2,0.2,0.6,3.0,0.05,1.0,0.17142857142857143,0.0
ML-KEM-512,123,0.2,0.2,0.6,3.0,0.1,1.0,0.17142857142857143,0.0
ML-KEM-512,123,0.2,0.2,0.6,3.0,0.2,1.0,0.17142857142857143,0.0
ML-KEM-512,123,0.2,0.2,0.6,5.0,0.01,1.0,0.17142857142857143,0.0
ML-KEM-512,123,0.2,0.2,0.6,5.0,0.05,1.0,0.17142857142857143,0.0
ML-KEM-512,123,0.2,0.2,0.6,5.0,0.1,1.0,0.17142857142857143,0.0
ML-KEM-512,123,0.2,0.2,0.6,5.0,0.2,1.0,0.17142857142857143,0.0
ML-KEM-512,123,0.8,0.1,0.1,1.0,0.01,0.9743589743589743,0.21714285714285714,0.0024449877750611247
ML-KEM-512,123,0.8,0.1,0.1,1.0,0.05,0.9743589743589743,0.21714285714285714,0.0024449877750611247
ML-KEM-512,123,0.8,0.1,0.1,1.0,0.1,0.9743589743589743,0.21714285714285714,0.0024449877750611247
ML-KEM-512,123,0.8,0.1,0.1,1.0,0.2,0.9743589743589743,0.21714285714285714,0.0024449877750611247
ML-KEM-512,123,0.8,0.1,0.1,1.25,0.01,0.9743589743589743,0.21714285714285714,0.0024449877750611247
ML-KEM-512,123,0.8,0.1,0.1,1.25,0.05,0.9743589743589743,0.21714285714285714,0.0024449877750611247
ML-KEM-512,123,0.8,0.1,0.1,1.25,0.1,0.9743589743589743,0.21714285714285714,0.0024449877750611247
ML-KEM-512,123,0.8,0.1,0.1,1.25,0.2,0.9743589743589743,0.21714285714285714,0.0024449877750611247
ML-KEM-512,123,0.8,0.1,0.1,1.5,0.01,0.9743589743589743,0.21714285714285714,0.0024449877750611247
ML-KEM-512,123,0.8,0.1,0.1,1.5,0.05,0.9743589743589743,0.21714285714285714,0.0024449877750611247
ML-KEM-512,123,0.8,0.1,0.1,1.5,0.1,0.9743589743589743,0.21714285714285714,0.0024449877750611247
ML-KEM-512,123,0.8,0.1,0.1,1.5,0.2,0.9743589743589743,0.21714285714285714,0.0024449877750611247
ML-KEM-512,123,0.8,0.1,0.1,2.0,0.01,0.9743589743589743,0.21714285714285714,0.0024449877750611247
ML-KEM-512,123,0.8,0.1,0.1,2.0,0.05,0.9743589743589743,0.21714285714285714,0.0024449877750611247
ML-KEM-512,123,0.8,0.1,0.1,2.0,0.1,0.9743589743589743,0.21714285714285714,0.0024449877750611247
ML-KEM-512,123,0.8,0.1,0.1,2.0,0.2,0.9743589743589743,0.21714285714285714,0.0024449877750611247
ML-KEM-512,123,0.8,0.1,0.1,3.0,0.01,0.9743589743589743,0.21714285714285714,0.0024449877750611247
ML-KEM-512,123,0.8,0.1,0.1,3.0,0.05,0.9743589743589743,0.21714285714285714,0.0024449877750611247
ML-KEM-512,123,0.8,0.1,0.1,3.0,0.1,0.9743589743589743,0.21714285714285714,0.0024449877750611247
ML-KEM-512,123,0.8,0.1,0.1,3.0,0.2,0.9743589743589743,0.21714285714285714,0.0024449877750611247
ML-KEM-512,123,0.8,0.1,0.1,5.0,0.01,0.9743589743589743,0.21714285714285714,0.0024449877750611247
ML-KEM-512,123,0.8,0.1,0.1,5.0,0.05,0.9743589743589743,0.21714285714285714,0.0024449877750611247
ML-KEM-512,123,0.8,0.1,0.1,5.0,0.1,0.9743589743589743,0.21714285714285714,0.0024449877750611247
ML-KEM-512,123,0.8,0.1,0.1,5.0,0.2,0.9743589743589743,0.21714285714285714,0.0024449877750611247
ML-KEM-512,1001,0.33,0.33,0.33,1.0,0.01,0.37445887445887444,0.9885714285714285,0.706601466992665
ML-KEM-512,1001,0.33,0.33,0.33,1.0,0.05,0.354251012145749,1.0,0.7799511002444988
ML-KEM-512,1001,0.33,0.33,0.33,1.0,0.1,0.34860557768924305,1.0,0.7995110024449877
ML-KEM-512,1001,0.33,0.33,0.33,1.0,0.2,0.34860557768924305,1.0,0.7995110024449877
ML-KEM-512,1001,0.33,0.33,0.33,1.25,0.01,0.547945205479452,0.22857142857142856,0.08068459657701711
ML-KEM-512,1001,0.33,0.33,0.33,1.25,0.05,0.5263157894736842,0.22857142857142856,0.08801955990220049
ML-KEM-512,1001,0.33,0.33,0.33,1.25,0.1,0.5263157894736842,0.22857142857142856,0.08801955990220049
ML-KEM-512,1001,0.33,0.33,0.33,1.25,0.2,0.5263157894736842,0.22857142857142856,0.08801955990220049
ML-KEM-512,1001,0.33,0.33,0.33,1.5,0.01,0.609375,0.22285714285714286,0.061124694376528114
ML-KEM-512,1001,0.33,0.33,0.33,1.5,0.05,0.547945205479452,0.22857142857142856,0.08068459657701711
ML-KEM-512,1001,0.33,0.33,0.33,1.5,0.1,0.5405405405405406,0.22857142857142856,0.08312958435207823
ML-KEM-512,1001,0.33,0.33,0.33,1.5,0.2,0.5405405405405406,0.22857142857142856,0.08312958435207823
ML-KEM-512,1001,0.33,0.33,0.33,2.0,0.01,0.7037037037037037,0.21714285714285714,0.039119804400977995
ML-KEM-512,1001,0.33,0.33,0.33,2.0,0.05,0.6290322580645161,0.22285714285714286,0.05623471882640587
ML-KEM-512,1001,0.33,0.33,0.33,2.0,0.1,0.6290322580645161,0.22285714285714286,0.05623471882640587
ML-KEM-512,1001,0.33,0.33,0.33,2.0,0.2,0.6290322580645161,0.22285714285714286,0.05623471882640587
ML-KEM-512,1001,0.33,0.33,0.33,3.0,0.01,0.6666666666666666,0.18285714285714286,0.039119804400977995
ML-KEM-512,1001,0.33,0.33,0.33,3.0,0.05,0.6923076923076923,0.2057142857142857,0.039119804400977995
ML-KEM-512,1001,0.33,0.33,0.33,3.0,0.1,0.6923076923076923,0.2057142857142857,0.039119804400977995
ML-KEM-512,1001,0.33,0.33,0.33,3.0,0.2,0.6923076923076923,0.2057142857142857,0.039119804400977995
ML-KEM-512,1001,0.33,0.33,0.33,5.0,0.01,0.4666666666666667,0.08,0.039119804400977995
ML-KEM-512,1001,0.33,0.33,0.33,5.0,0.05,0.4666666666666667,0.08,0.039119804400977995
ML-KEM-512,1001,0.33,0.33,0.33,5.0,0.1,0.4666666666666667,0.08,0.039119804400977995
ML-KEM-512,1001,0.33,0.33,0.33,5.0,0.2,0.4666666666666667,0.08,0.039119804400977995
ML-KEM-512,1001,0.6,0.2,0.2,1.0,0.01,0.3669527896995708,0.9771428571428571,0.7212713936430318
ML-KEM-512,1001,0.6,0.2,0.2,1.0,0.05,0.34791252485089463,1.0,0.8019559902200489
ML-KEM-512,1001,0.6,0.2,0.2,1.0,0.1,0.3431372549019608,1.0,0.8190709046454768
ML-KEM-512,1001,0.6,0.2,0.2,1.0,0.2,0.3431372549019608,1.0,0.8190709046454768
ML-KEM-512,1001,0.6,0.2,0.2,1.25,0.01,0.6493506493506493,0.2857142857142857,0.06601466992665037
ML-KEM-512,1001,0.6,0.2,0.2,1.25,0.05,0.6329113924050633,0.2857142857142857,0.07090464547677261
ML-KEM-512,1001,0.6,0.2,0.2,1.25,0.1,0.6375,0.2914285714285714,0.07090464547677261
ML-KEM-512,1001,0.6,0.2,0.2,1.25,0.2,0.6375,0.2914285714285714,0.07090464547677261
ML-KEM-512,1001,0.6,0.2,0.2,1.5,0.01,0.6493506493506493,0.2857142857142857,0.06601466992665037
ML-KEM-512,1001,0.6,0.2,0.2,1.5,0.05,0.6493506493506493,0.2857142857142857,0.06601466992665037
ML-KEM-512,1001,0.6,0.2,0.2,1.5,0.1,0.6493506493506493,0.2857142857142857,0.06601466992665037
ML-KEM-512,1001,0.6,0.2,0.2,1.5,0.2,0.6493506493506493,0.2857142857142857,0.06601466992665037
ML-KEM-512,1001,0.6,0.2,0.2,2.0,0.01,0.6888888888888889,0.17714285714285713,0.034229828850855744
ML-KEM-512,1001,0.6,0.2,0.2,2.0,0.05,0.775,0.17714285714285713,0.022004889975550123
ML-KEM-512,1001,0.6,0.2,0.2,2.0,0.1,0.8448275862068966,0.28,0.022004889975550123
ML-KEM-512,1001,0.6,0.2,0.2,2.0,0.2,0.8448275862068966,0.28,0.022004889975550123
ML-KEM-512,1001,0.6,0.2,0.2,3.0,0.01,0.64,0.09142857142857143,0.022004889975550123
ML-KEM-512,1001,0.6,0.2,0.2,3.0,0.05,0.64,0.09142857142857143,0.022004889975550123
ML-KEM-512,1001,0.6,0.2,0.2,3.0,0.1,0.7352941176470589,0.14285714285714285,0.022004889975550123
ML-KEM-512,1001,0.6,0.2,0.2,3.0,0.2,0.7352941176470589,0.14285714285714285,0.022004889975550123
ML-KEM-512,1001,0.6,0.2,0.2,5.0,0.01,0.64,0.09142857142857143,0.022004889975550123
ML-KEM-512,1001,0.6,0.2,0.2,5.0,0.05,0.64,0.09142857142857143,0.022004889975550123
ML-KEM-512,1001,0.6,0.2,0.2,5.0,0.1,0.64,0.09142857142857143,0.022004889975550123
ML-KEM-512,1001,0.6,0.2,0.2,5.0,0.2,0.64,0.09142857142857143,0.022004889975550123
ML-KEM-512,1001,0.2,0.6,0.2,1.0,0.01,0.3752711496746204,0.9885714285714285,0.7041564792176039
ML-KEM-512,1001,0.2,0.6,0.2,1.0,0.05,0.354251012145749,1.0,0.7799511002444988
ML-KEM-512,1001,0.2,0.6,0.2,1.0,0.1,0.34860557768924305,1.0,0.7995110024449877
ML-KEM-512,1001,0.2,0.6,0.2,1.0,0.2,0.34860557768924305,1.0,0.7995110024449877
ML-KEM-512,1001,0.2,0.6,0.2,1.25,0.01,0.5714285714285714,0.2742857142857143,0.08801955990220049
ML-KEM-512,1001,0.2,0.6,0.2,1.25,0.05,0.5714285714285714,0.2742857142857143,0.08801955990220049
ML-KEM-512,1001,0.2,0.6,0.2,1.25,0.1,0.5647058823529412,0.2742857142857143,0.09046454767726161
ML-KEM-512,1001,0.2,0.6,0.2,1.25,0.2,0.5647058823529412,0.2742857142857143,0.09046454767726161
ML-KEM-512,1001,0.2,0.6,0.2,1.5,0.01,0.5714285714285714,0.2742857142857143,0.08801955990220049
ML-KEM-512,1001,0.2,0.6,0.2,1.5,0.05,0.5714285714285714,0.2742857142857143,0.08801955990220049
ML-KEM-512,1001,0.2,0.6,0.2,1.5,0.1,0.5714285714285714,0.2742857142857143,0.08801955990220049
ML-KEM-512,1001,0.2,0.6,0.2,1.5,0.2,0.5714285714285714,0.2742857142857143,0.08801955990220049
ML-KEM-512,1001,0.2,0.6,0.2,2.0,0.01,0.5783132530120482,0.2742857142857143,0.08557457212713937
ML-KEM-512,1001,0.2,0.6,0.2,2.0,0.05,0.5783132530120482,0.2742857142857143,0.08557457212713937
ML-KEM-512,1001,0.2,0.6,0.2,2.0,0.1,0.5714285714285714,0.2742857142857143,0.08801955990220049
ML-KEM-512,1001,0.2,0.6,0.2,2.0,0.2,0.5714285714285714,0.2742857142857143,0.08801955990220049
ML-KEM-512,1001,0.2,0.6,0.2,3.0,0.01,0.5949367088607594,0.26857142857142857,0.07823960880195599
ML-KEM-512,1001,0.2,0.6,0.2,3.0,0.05,0.5897435897435898,0.26285714285714284,0.07823960880195599
ML-KEM-512,1001,0.2,0.6,0.2,3.0,0.1,0.5897435897435898,0.26285714285714284,0.07823960880195599
ML-KEM-512,1001,0.2,0.6,0.2,3.0,0.2,0.5897435897435898,0.26285714285714284,0.07823960880195599
ML-KEM-512,1001,0.2,0.6,0.2,5.0,0.01,0.6349206349206349,0.22857142857142856,0.05623471882640587
ML-KEM-512,1001,0.2,0.6,0.2,5.0,0.05,0.6567164179104478,0.25142857142857145,0.05623471882640587
ML-KEM-512,1001,0.2,0.6,0.2,5.0,0.1,0.6567164179104478,0.25142857142857145,0.05623471882640587
ML-KEM-512,1001,0.2,0.6,0.2,5.0,0.2,0.6567164179104478,0.25142857142857145,0.05623471882640587
ML-KEM-512,1001,0.2,0.2,0.6,1.0,0.01,1.0,0.13142857142857142,0.0
ML-KEM-512,1001,0.2,0.2,0.6,1.0,0.05,1.0,0.13142857142857142,0.0
ML-KEM-512,1001,0.2,0.2,0.6,1.0,0.1,1.0,0.13142857142857142,0.0
ML-KEM-512,1001,0.2,0.2,0.6,1.0,0.2,1.0,0.13142857142857142,0.0
ML-KEM-512,1001,0.2,0.2,0.6,1.25,0.01,1.0,0.13142857142857142,0.0
ML-KEM-512,1001,0.2,0.2,0.6,1.25,0.05,1.0,0.13142857142857142,0.0
ML-KEM-512,1001,0.2,0.2,0.6,1.25,0.1,1.0,0.13142857142857142,0.0
ML-KEM-512,1001,0.2,0.2,0.6,1.25,0.2,1.0,0.13142857142857142,0.0
ML-KEM-512,1001,0.2,0.2,0.6,1.5,0.01,1.0,0.13142857142857142,0.0
ML-KEM-512,1001,0.2,0.2,0.6,1.5,0.05,1.0,0.13142857142857142,0.0
ML-KEM-512,1001,0.2,0.2,0.6,1.5,0.1,1.0,0.13142857142857142,0.0
ML-KEM-512,1001,0.2,0.2,0.6,1.5,0.2,1.0,0.13142857142857142,0.0
ML-KEM-512,1001,0.2,0.2,0.6,2.0,0.01,1.0,0.13142857142857142,0.0
ML-KEM-512,1001,0.2,0.2,0.6,2.0,0.05,1.0,0.13142857142857142,0.0
ML-KEM-512,1001,0.2,0.2,0.6,2.0,0.1,1.0,0.13142857142857142,0.0
ML-KEM-512,1001,0.2,0.2,0.6,2.0,0.2,1.0,0.13142857142857142,0.0
ML-KEM-512,1001,0.2,0.2,0.6,3.0,0.01,1.0,0.13142857142857142,0.0
ML-KEM-512,1001,0.2,0.2,0.6,3.0,0.05,1.0,0.13142857142857142,0.0
ML-KEM-512,1001,0.2,0.2,0.6,3.0,0.1,1.0,0.13142857142857142,0.0
ML-KEM-512,1001,0.2,0.2,0.6,3.0,0.2,1.0,0.13142857142857142,0.0
ML-KEM-512,1001,0.2,0.2,0.6,5.0,0.01,1.0,0.13142857142857142,0.0
ML-KEM-512,1001,0.2,0.2,0.6,5.0,0.05,1.0,0.13142857142857142,0.0
ML-KEM-512,1001,0.2,0.2,0.6,5.0,0.1,1.0,0.13142857142857142,0.0
ML-KEM-512,1001,0.2,0.2,0.6,5.0,0.2,1.0,0.13142857142857142,0.0
ML-KEM-512,1001,0.8,0.1,0.1,1.0,0.01,0.6979166666666666,0.38285714285714284,0.07090464547677261
ML-KEM-512,1001,0.8,0.1,0.1,1.0,0.05,0.35655737704918034,0.9942857142857143,0.7677261613691931
ML-KEM-512,1001,0.8,0.1,0.1,1.0,0.1,0.3486973947895792,0.9942857142857143,0.7946210268948656
ML-KEM-512,1001,0.8,0.1,0.1,1.0,0.2,0.3486973947895792,0.9942857142857143,0.7946210268948656
ML-KEM-512,1001,0.8,0.1,0.1,1.25,0.01,0.7021276595744681,0.37714285714285717,0.06845965770171149
ML-KEM-512,1001,0.8,0.1,0.1,1.25,0.05,0.6947368421052632,0.37714285714285717,0.07090464547677261
ML-KEM-512,1001,0.8,0.1,0.1,1.25,0.1,0.6947368421052632,0.37714285714285717,0.07090464547677261
ML-KEM-512,1001,0.8,0.1,0.1,1.25,0.2,0.6947368421052632,0.37714285714285717,0.07090464547677261
ML-KEM-512,1001,0.8,0.1,0.1,1.5,0.01,0.6744186046511628,0.3314285714285714,0.06845965770171149
ML-KEM-512,1001,0.8,0.1,0.1,1.5,0.05,0.6744186046511628,0.3314285714285714,0.06845965770171149
ML-KEM-512,1001,0.8,0.1,0.1,1.5,0.1,0.6956521739130435,0.3657142857142857,0.06845965770171149
ML-KEM-512,1001,0.8,0.1,0.1,1.5,0.2,0.6956521739130435,0.3657142857142857,0.06845965770171149
ML-KEM-512,1001,0.8,0.1,0.1,2.0,0.01,0.5625,0.2057142857142857,0.06845965770171149
ML-KEM-512,1001,0.8,0.1,0.1,2.0,0.05,0.5625,0.2057142857142857,0.06845965770171149
ML-KEM-512,1001,0.8,0.1,0.1,2.0,0.1,0.5625,0.2057142857142857,0.06845965770171149
ML-KEM-512,1001,0.8,0.1,0.1,2.0,0.2,0.5625,0.2057142857142857,0.06845965770171149
ML-KEM-512,1001,0.8,0.1,0.1,3.0,0.01,0.559322033898305,0.18857142857142858,0.06356968215158924
ML-KEM-512,1001,0.8,0.1,0.1,3.0,0.05,0.5517241379310345,0.18285714285714286,0.06356968215158924
ML-KEM-512,1001,0.8,0.1,0.1,3.0,0.1,0.5517241379310345,0.18285714285714286,0.06356968215158924
ML-KEM-512,1001,0.8,0.1,0.1,3.0,0.2,0.5517241379310345,0.18285714285714286,0.06356968215158924
ML-KEM-512,1001,0.8,0.1,0.1,5.0,0.01,0.5517241379310345,0.18285714285714286,0.06356968215158924
ML-KEM-512,1001,0.8,0.1,0.1,5.0,0.05,0.5517241379310345,0.18285714285714286,0.06356968215158924
ML-KEM-512,1001,0.8,0.1,0.1,5.0,0.1,0.5517241379310345,0.18285714285714286,0.06356968215158924
ML-KEM-512,1001,0.8,0.1,0.1,5.0,0.2,0.5517241379310345,0.18285714285714286,0.06356968215158924
ML-KEM-512,2024,0.33,0.33,0.33,1.0,0.01,1.0,0.28,0.0
ML-KEM-512,2024,0.33,0.33,0.33,1.0,0.05,1.0,0.28,0.0
ML-KEM-512,2024,0.33,0.33,0.33,1.0,0.1,1.0,0.28,0.0
ML-KEM-512,2024,0.33,0.33,0.33,1.0,0.2,1.0,0.28,0.0
ML-KEM-512,2024,0.33,0.33,0.33,1.25,0.01,1.0,0.28,0.0
ML-KEM-512,2024,0.33,0.33,0.33,1.25,0.05,1.0,0.28,0.0
ML-KEM-512,2024,0.33,0.33,0.33,1.25,0.1,1.0,0.28,0.0
ML-KEM-512,2024,0.33,0.33,0.33,1.25,0.2,1.0,0.28,0.0
ML-KEM-512,2024,0.33,0.33,0.33,1.5,0.01,1.0,0.28,0.0
ML-KEM-512,2024,0.33,0.33,0.33,1.5,0.05,1.0,0.28,0.0
ML-KEM-512,2024,0.33,0.33,0.33,1.5,0.1,1.0,0.28,0.0
ML-KEM-512,2024,0.33,0.33,0.33,1.5,0.2,1.0,0.28,0.0
ML-KEM-512,2024,0.33,0.33,0.33,2.0,0.01,1.0,0.28,0.0
ML-KEM-512,2024,0.33,0.33,0.33,2.0,0.05,1.0,0.28,0.0
ML-KEM-512,2024,0.33,0.33,0.33,2.0,0.1,1.0,0.28,0.0
ML-KEM-512,2024,0.33,0.33,0.33,2.0,0.2,1.0,0.28,0.0
ML-KEM-512,2024,0.33,0.33,0.33,3.0,0.01,1.0,0.28,0.0
ML-KEM-512,2024,0.33,0.33,0.33,3.0,0.05,1.0,0.28,0.0
ML-KEM-512,2024,0.33,0.33,0.33,3.0,0.1,1.0,0.28,0.0
ML-KEM-512,2024,0.33,0.33,0.33,3.0,0.2,1.0,0.28,0.0
ML-KEM-512,2024,0.33,0.33,0.33,5.0,0.01,1.0,0.28,0.0
ML-KEM-512,2024,0.33,0.33,0.33,5.0,0.05,1.0,0.28,0.0
ML-KEM-512,2024,0.33,0.33,0.33,5.0,0.1,1.0,0.28,0.0
ML-KEM-512,2024,0.33,0.33,0.33,5.0,0.2,1.0,0.28,0.0
ML-KEM-512,2024,0.6,0.2,0.2,1.0,0.01,0.98,0.28,0.0024449877750611247
ML-KEM-512,2024,0.6,0.2,0.2,1.0,0.05,0.98,0.28,0.0024449877750611247
ML-KEM-512,2024,0.6,0.2,0.2,1.0,0.1,0.98,0.28,0.0024449877750611247
ML-KEM-512,2024,0.6,0.2,0.2,1.0,0.2,0.98,0.28,0.0024449877750611247
ML-KEM-512,2024,0.6,0.2,0.2,1.25,0.01,0.98,0.28,0.0024449877750611247
ML-KEM-512,2024,0.6,0.2,0.2,1.25,0.05,0.98,0.28,0.0024449877750611247
ML-KEM-512,2024,0.6,0.2,0.2,1.25,0.1,0.98,0.28,0.0024449877750611247
ML-KEM-512,2024,0.6,0.2,0.2,1.25,0.2,0.98,0.28,0.0024449877750611247
ML-KEM-512,2024,0.6,0.2,0.2,1.5,0.01,0.98,0.28,0.0024449877750611247
ML-KEM-512,2024,0.6,0.2,0.2,1.5,0.05,0.98,0.28,0.0024449877750611247
ML-KEM-512,2024,0.6,0.2,0.2,1.5,0.1,0.98,0.28,0.0024449877750611247
ML-KEM-512,2024,0.6,0.2,0.2,1.5,0.2,0.98,0.28,0.0024449877750611247
ML-KEM-512,2024,0.6,0.2,0.2,2.0,0.01,0.98,0.28,0.0024449877750611247
ML-KEM-512,2024,0.6,0.2,0.2,2.0,0.05,0.98,0.28,0.0024449877750611247
ML-KEM-512,2024,0.6,0.2,0.2,2.0,0.1,0.98,0.28,0.0024449877750611247
ML-KEM-512,2024,0.6,0.2,0.2,2.0,0.2,0.98,0.28,0.0024449877750611247
ML-KEM-512,2024,0.6,0.2,0.2,3.0,0.01,0.98,0.28,0.0024449877750611247
ML-KEM-512,2024,0.6,0.2,0.2,3.0,0.05,0.98,0.28,0.0024449877750611247
ML-KEM-512,2024,0.6,0.2,0.2,3.0,0.1,0.98,0.28,0.0024449877750611247
ML-KEM-512,2024,0.6,0.2,0.2,3.0,0.2,0.98,0.28,0.0024449877750611247
ML-KEM-512,2024,0.6,0.2,0.2,5.0,0.01,0.98,0.28,0.0024449877750611247
ML-KEM-512,2024,0.6,0.2,0.2,5.0,0.05,0.98,0.28,0.0024449877750611247
ML-KEM-512,2024,0.6,0.2,0.2,5.0,0.1,0.98,0.28,0.0024449877750611247
ML-KEM-512,2024,0.6,0.2,0.2,5.0,0.2,0.98,0.28,0.0024449877750611247
ML-KEM-512,2024,0.2,0.6,0.2,1.0,0.01,1.0,0.3485714285714286,0.0
ML-KEM-512,2024,0.2,0.6,0.2,1.0,0.05,1.0,0.3485714285714286,0.0
ML-KEM-512,2024,0.2,0.6,0.2,1.0,0.1,1.0,0.3485714285714286,0.0
ML-KEM-512,2024,0.2,0.6,0.2,1.0,0.2,1.0,0.3485714285714286,0.0
ML-KEM-512,2024,0.2,0.6,0.2,1.25,0.01,1.0,0.3485714285714286,0.0
ML-KEM-512,2024,0.2,0.6,0.2,1.25,0.05,1.0,0.3485714285714286,0.0
ML-KEM-512,2024,0.2,0.6,0.2,1.25,0.1,1.0,0.3485714285714286,0.0
ML-KEM-512,2024,0.2,0.6,0.2,1.25,0.2,1.0,0.3485714285714286,0.0
ML-KEM-512,2024,0.2,0.6,0.2,1.5,0.01,1.0,0.3485714285714286,0.0
ML-KEM-512,2024,0.2,0.6,0.2,1.5,0.05,1.0,0.3485714285714286,0.0
ML-KEM-512,2024,0.2,0.6,0.2,1.5,0.1,1.0,0.3485714285714286,0.0
ML-KEM-512,2024,0.2,0.6,0.2,1.5,0.2,1.0,0.3485714285714286,0.0
ML-KEM-512,2024,0.2,0.6,0.2,2.0,0.01,1.0,0.3485714285714286,0.0
ML-KEM-512,2024,0.2,0.6,0.2,2.0,0.05,1.0,0.3485714285714286,0.0
ML-KEM-512,2024,0.2,0.6,0.2,2.0,0.1,1.0,0.3485714285714286,0.0
ML-KEM-512,2024,0.2,0.6,0.2,2.0,0.2,1.0,0.3485714285714286,0.0
ML-KEM-512,2024,0.2,0.6,0.2,3.0,0.01,1.0,0.3485714285714286,0.0
ML-KEM-512,2024,0.2,0.6,0.2,3.0,0.05,1.0,0.3485714285714286,0.0
ML-KEM-512,2024,0.2,0.6,0.2,3.0,0.1,1.0,0.3485714285714286,0.0
ML-KEM-512,2024,0.2,0.6,0.2,3.0,0.2,1.0,0.3485714285714286,0.0
ML-KEM-512,2024,0.2,0.6,0.2,5.0,0.01,1.0,0.3485714285714286,0.0
ML-KEM-512,2024,0.2,0.6,0.2,5.0,0.05,1.0,0.3485714285714286,0.0
ML-KEM-512,2024,0.2,0.6,0.2,5.0,0.1,1.0,0.3485714285714286,0.0
ML-KEM-512,2024,0.2,0.6,0.2,5.0,0.2,1.0,0.3485714285714286,0.0
ML-KEM-512,2024,0.2,0.2,0.6,1.0,0.01,1.0,0.24571428571428572,0.0
ML-KEM-512,2024,0.2,0.2,0.6,1.0,0.05,1.0,0.24571428571428572,0.0
ML-KEM-512,2024,0.2,0.2,0.6,1.0,0.1,1.0,0.24571428571428572,0.0
ML-KEM-512,2024,0.2,0.2,0.6,1.0,0.2,1.0,0.24571428571428572,0.0
ML-KEM-512,2024,0.2,0.2,0.6,1.25,0.01,1.0,0.24571428571428572,0.0
ML-KEM-512,2024,0.2,0.2,0.6,1.25,0.05,1.0,0.24571428571428572,0.0
ML-KEM-512,2024,0.2,0.2,0.6,1.25,0.1,1.0,0.24571428571428572,0.0
ML-KEM-512,2024,0.2,0.2,0.6,1.25,0.2,1.0,0.24571428571428572,0.0
ML-KEM-512,2024,0.2,0.2,0.6,1.5,0.01,1.0,0.24571428571428572,0.0
ML-KEM-512,2024,0.2,0.2,0.6,1.5,0.05,1.0,0.24571428571428572,0.0
ML-KEM-512,2024,0.2,0.2,0.6,1.5,0.1,1.0,0.24571428571428572,0.0
ML-KEM-512,2024,0.2,0.2,0.6,1.5,0.2,1.0,0.24571428571428572,0.0
ML-KEM-512,2024,0.2,0.2,0.6,2.0,0.01,1.0,0.24571428571428572,0.0
ML-KEM-512,2024,0.2,0.2,0.6,2.0,0.05,1.0,0.24571428571428572,0.0
ML-KEM-512,2024,0.2,0.2,0.6,2.0,0.1,1.0,0.24571428571428572,0.0
ML-KEM-512,2024,0.2,0.2,0.6,2.0,0.2,1.0,0.24571428571428572,0.0
ML-KEM-512,2024,0.2,0.2,0.6,3.0,0.01,1.0,0.24571428571428572,0.0
ML-KEM-512,2024,0.2,0.2,0.6,3.0,0.05,1.0,0.24571428571428572,0.0
ML-KEM-512,2024,0.2,0.2,0.6,3.0,0.1,1.0,0.24571428571428572,0.0
ML-KEM-512,2024,0.2,0.2,0.6,3.0,0.2,1.0,0.24571428571428572,0.0
ML-KEM-512,2024,0.2,0.2,0.6,5.0,0.01,1.0,0.24571428571428572,0.0
ML-KEM-512,2024,0.2,0.2,0.6,5.0,0.05,1.0,0.24571428571428572,0.0
ML-KEM-512,2024,0.2,0.2,0.6,5.0,0.1,1.0,0.24571428571428572,0.0
ML-KEM-512,2024,0.2,0.2,0.6,5.0,0.2,1.0,0.24571428571428572,0.0
ML-KEM-512,2024,0.8,0.1,0.1,1.0,0.01,0.41457286432160806,0.9428571428571428,0.5696821515892421
ML-KEM-512,2024,0.8,0.1,0.1,1.0,0.05,0.4033412887828162,0.9657142857142857,0.6112469437652812
ML-KEM-512,2024,0.8,0.1,0.1,1.0,0.1,0.37389380530973454,0.9657142857142857,0.6919315403422983
ML-KEM-512,2024,0.8,0.1,0.1,1.0,0.2,0.3665943600867679,0.9657142857142857,0.7139364303178484
ML-KEM-512,2024,0.8,0.1,0.1,1.25,0.01,0.9464285714285714,0.3028571428571429,0.007334963325183374
ML-KEM-512,2024,0.8,0.1,0.1,1.25,0.05,0.9464285714285714,0.3028571428571429,0.007334963325183374
ML-KEM-512,2024,0.8,0.1,0.1,1.25,0.1,0.9464285714285714,0.3028571428571429,0.007334963325183374
ML-KEM-512,2024,0.8,0.1,0.1,1.25,0.2,0.9464285714285714,0.3028571428571429,0.007334963325183374
ML-KEM-512,2024,0.8,0.1,0.1,1.5,0.01,0.9464285714285714,0.3028571428571429,0.007334963325183374
ML-KEM-512,2024,0.8,0.1,0.1,1.5,0.05,0.9464285714285714,0.3028571428571429,0.007334963325183374
ML-KEM-512,2024,0.8,0.1,0.1,1.5,0.1,0.9464285714285714,0.3028571428571429,0.007334963325183374
ML-KEM-512,2024,0.8,0.1,0.1,1.5,0.2,0.9464285714285714,0.3028571428571429,0.007334963325183374
ML-KEM-512,2024,0.8,0.1,0.1,2.0,0.01,0.9464285714285714,0.3028571428571429,0.007334963325183374
ML-KEM-512,2024,0.8,0.1,0.1,2.0,0.05,0.9464285714285714,0.3028571428571429,0.007334963325183374
ML-KEM-512,2024,0.8,0.1,0.1,2.0,0.1,0.9464285714285714,0.3028571428571429,0.007334963325183374
ML-KEM-512,2024,0.8,0.1,0.1,2.0,0.2,0.9464285714285714,0.3028571428571429,0.007334963325183374
ML-KEM-512,2024,0.8,0.1,0.1,3.0,0.01,0.9464285714285714,0.3028571428571429,0.007334963325183374
ML-KEM-512,2024,0.8,0.1,0.1,3.0,0.05,0.9464285714285714,0.3028571428571429,0.007334963325183374
ML-KEM-512,2024,0.8,0.1,0.1,3.0,0.1,0.9464285714285714,0.3028571428571429,0.007334963325183374
ML-KEM-512,2024,0.8,0.1,0.1,3.0,0.2,0.9464285714285714,0.3028571428571429,0.007334963325183374
ML-KEM-512,2024,0.8,0.1,0.1,5.0,0.01,0.9464285714285714,0.3028571428571429,0.007334963325183374
ML-KEM-512,2024,0.8,0.1,0.1,5.0,0.05,0.9464285714285714,0.3028571428571429,0.007334963325183374
ML-KEM-512,2024,0.8,0.1,0.1,5.0,0.1,0.9464285714285714,0.3028571428571429,0.007334963325183374
ML-KEM-512,2024,0.8,0.1,0.1,5.0,0.2,0.9464285714285714,0.3028571428571429,0.007334963325183374
ML-KEM-512,8888,0.33,0.33,0.33,1.0,0.01,0.9772727272727273,0.24571428571428572,0.0024449877750611247
ML-KEM-512,8888,0.33,0.33,0.33,1.0,0.05,0.9772727272727273,0.24571428571428572,0.0024449877750611247
ML-KEM-512,8888,0.33,0.33,0.33,1.0,0.1,0.36058700209643607,0.9828571428571429,0.7457212713936431
ML-KEM-512,8888,0.33,0.33,0.33,1.0,0.2,0.35390946502057613,0.9828571428571429,0.7677261613691931
ML-KEM-512,8888,0.33,0.33,0.33,1.25,0.01,0.9772727272727273,0.24571428571428572,0.0024449877750611247
ML-KEM-512,8888,0.33,0.33,0.33,1.25,0.05,0.9772727272727273,0.24571428571428572,0.0024449877750611247
ML-KEM-512,8888,0.33,0.33,0.33,1.25,0.1,0.9772727272727273,0.24571428571428572,0.0024449877750611247
ML-KEM-512,8888,0.33,0.33,0.33,1.25,0.2,0.9772727272727273,0.24571428571428572,0.0024449877750611247
ML-KEM-512,8888,0.33,0.33,0.33,1.5,0.01,0.9772727272727273,0.24571428571428572,0.0024449877750611247
ML-KEM-512,8888,0.33,0.33,0.33,1.5,0.05,0.9772727272727273,0.24571428571428572,0.0024449877750611247
ML-KEM-512,8888,0.33,0.33,0.33,1.5,0.1,0.9772727272727273,0.24571428571428572,0.0024449877750611247
ML-KEM-512,8888,0.33,0.33,0.33,1.5,0.2,0.9772727272727273,0.24571428571428572,0.0024449877750611247
ML-KEM-512,8888,0.33,0.33,0.33,2.0,0.01,0.9772727272727273,0.24571428571428572,0.0024449877750611247
ML-KEM-512,8888,0.33,0.33,0.33,2.0,0.05,0.9772727272727273,0.24571428571428572,0.0024449877750611247
ML-KEM-512,8888,0.33,0.33,0.33,2.0,0.1,0.9772727272727273,0.24571428571428572,0.0024449877750611247
ML-KEM-512,8888,0.33,0.33,0.33,2.0,0.2,0.9772727272727273,0.24571428571428572,0.0024449877750611247
ML-KEM-512,8888,0.33,0.33,0.33,3.0,0.01,0.9772727272727273,0.24571428571428572,0.0024449877750611247
ML-KEM-512,8888,0.33,0.33,0.33,3.0,0.05,0.9772727272727273,0.24571428571428572,0.0024449877750611247
ML-KEM-512,8888,0.33,0.33,0.33,3.0,0.1,0.9772727272727273,0.24571428571428572,0.0024449877750611247
ML-KEM-512,8888,0.33,0.33,0.33,3.0,0.2,0.9772727272727273,0.24571428571428572,0.0024449877750611247
ML-KEM-512,8888,0.33,0.33,0.33,5.0,0.01,0.9772727272727273,0.24571428571428572,0.0024449877750611247
ML-KEM-512,8888,0.33,0.33,0.33,5.0,0.05,0.9772727272727273,0.24571428571428572,0.0024449877750611247
ML-KEM-512,8888,0.33,0.33,0.33,5.0,0.1,0.9772727272727273,0.24571428571428572,0.0024449877750611247
ML-KEM-512,8888,0.33,0.33,0.33,5.0,0.2,0.9772727272727273,0.24571428571428572,0.0024449877750611247
ML-KEM-512,8888,0.6,0.2,0.2,1.0,0.01,0.8253968253968254,0.29714285714285715,0.02689486552567237
ML-KEM-512,8888,0.6,0.2,0.2,1.0,0.05,0.3660130718954248,0.96,0.7114914425427873
ML-KEM-512,8888,0.6,0.2,0.2,1.0,0.1,0.35073068893528186,0.96,0.7603911980440098
ML-KEM-512,8888,0.6,0.2,0.2,1.0,0.2,0.34496919917864477,0.96,0.7799511002444988
ML-KEM-512,8888,0.6,0.2,0.2,1.25,0.01,0.9787234042553191,0.26285714285714284,0.0024449877750611247
ML-KEM-512,8888,0.6,0.2,0.2,1.25,0.05,0.9787234042553191,0.26285714285714284,0.0024449877750611247
ML-KEM-512,8888,0.6,0.2,0.2,1.25,0.1,0.9787234042553191,0.26285714285714284,0.0024449877750611247
ML-KEM-512,8888,0.6,0.2,0.2,1.25,0.2,0.9787234042553191,0.26285714285714284,0.0024449877750611247
ML-KEM-512,8888,0.6,0.2,0.2,1.5,0.01,0.9787234042553191,0.26285714285714284,0.0024449877750611247
ML-KEM-512,8888,0.6,0.2,0.2,1.5,0.05,0.9787234042553191,0.26285714285714284,0.0024449877750611247
ML-KEM-512,8888,0.6,0.2,0.2,1.5,0.1,0.9787234042553191,0.26285714285714284,0.0024449877750611247
ML-KEM-512,8888,0.6,0.2,0.2,1.5,0.2,0.9787234042553191,0.26285714285714284,0.0024449877750611247
ML-KEM-512,8888,0.6,0.2,0.2,2.0,0.01,0.9787234042553191,0.26285714285714284,0.0024449877750611247
ML-KEM-512,8888,0.6,0.2,0.2,2.0,0.05,0.9787234042553191,0.26285714285714284,0.0024449877750611247
ML-KEM-512,8888,0.6,0.2,0.2,2.0,0.1,0.9787234042553191,0.26285714285714284,0.0024449877750611247
ML-KEM-512,8888,0.6,0.2,0.2,2.0,0.2,0.9787234042553191,0.26285714285714284,0.0024449877750611247
ML-KEM-512,8888,0.6,0.2,0.2,3.0,0.01,0.9787234042553191,0.26285714285714284,0.0024449877750611247
ML-KEM-512,8888,0.6,0.2,0.2,3.0,0.05,0.9787234042553191,0.26285714285714284,0.0024449877750611247
ML-KEM-512,8888,0.6,0.2,0.2,3.0,0.1,0.9787234042553191,0.26285714285714284,0.0024449877750611247
ML-KEM-512,8888,0.6,0.2,0.2,3.0,0.2,0.9787234042553191,0.26285714285714284,0.0024449877750611247
ML-KEM-512,8888,0.6,0.2,0.2,5.0,0.01,0.9787234042553191,0.26285714285714284,0.0024449877750611247
ML-KEM-512,8888,0.6,0.2,0.2,5.0,0.05,0.9787234042553191,0.26285714285714284,0.0024449877750611247
ML-KEM-512,8888,0.6,0.2,0.2,5.0,0.1,0.9787234042553191,0.26285714285714284,0.0024449877750611247
ML-KEM-512,8888,0.6,0.2,0.2,5.0,0.2,0.9787234042553191,0.26285714285714284,0.0024449877750611247
ML-KEM-512,8888,0.2,0.6,0.2,1.0,0.01,0.9857142857142858,0.3942857142857143,0.0024449877750611247
ML-KEM-512,8888,0.2,0.6,0.2,1.0,0.05,0.9857142857142858,0.3942857142857143,0.0024449877750611247
ML-KEM-512,8888,0.2,0.6,0.2,1.0,0.1,0.9857142857142858,0.3942857142857143,0.0024449877750611247
ML-KEM-512,8888,0.2,0.6,0.2,1.0,0.2,0.9857142857142858,0.3942857142857143,0.0024449877750611247
ML-KEM-512,8888,0.2,0.6,0.2,1.25,0.01,0.9857142857142858,0.3942857142857143,0.0024449877750611247
ML-KEM-512,8888,0.2,0.6,0.2,1.25,0.05,0.9857142857142858,0.3942857142857143,0.0024449877750611247
ML-KEM-512,8888,0.2,0.6,0.2,1.25,0.1,0.9857142857142858,0.3942857142857143,0.0024449877750611247
ML-KEM-512,8888,0.2,0.6,0.2,1.25,0.2,0.9857142857142858,0.3942857142857143,0.0024449877750611247
ML-KEM-512,8888,0.2,0.6,0.2,1.5,0.01,0.9857142857142858,0.3942857142857143,0.0024449877750611247
ML-KEM-512,8888,0.2,0.6,0.2,1.5,0.05,0.9857142857142858,0.3942857142857143,0.0024449877750611247
ML-KEM-512,8888,0.2,0.6,0.2,1.5,0.1,0.9857142857142858,0.3942857142857143,0.0024449877750611247
ML-KEM-512,8888,0.2,0.6,0.2,1.5,0.2,0.9857142857142858,0.3942857142857143,0.0024449877750611247
ML-KEM-512,8888,0.2,0.6,0.2,2.0,0.01,0.9857142857142858,0.3942857142857143,0.0024449877750611247
ML-KEM-512,8888,0.2,0.6,0.2,2.0,0.05,0.9857142857142858,0.3942857142857143,0.0024449877750611247
ML-KEM-512,8888,0.2,0.6,0.2,2.0,0.1,0.9857142857142858,0.3942857142857143,0.0024449877750611247
ML-KEM-512,8888,0.2,0.6,0.2,2.0,0.2,0.9857142857142858,0.3942857142857143,0.0024449877750611247
ML-KEM-512,8888,0.2,0.6,0.2,3.0,0.01,0.9857142857142858,0.3942857142857143,0.0024449877750611247
ML-KEM-512,8888,0.2,0.6,0.2,3.0,0.05,0.9857142857142858,0.3942857142857143,0.0024449877750611247
ML-KEM-512,8888,0.2,0.6,0.2,3.0,0.1,0.9857142857142858,0.3942857142857143,0.0024449877750611247
ML-KEM-512,8888,0.2,0.6,0.2,3.0,0.2,0.9857142857142858,0.3942857142857143,0.0024449877750611247
ML-KEM-512,8888,0.2,0.6,0.2,5.0,0.01,0.9857142857142858,0.3942857142857143,0.0024449877750611247
ML-KEM-512,8888,0.2,0.6,0.2,5.0,0.05,0.9857142857142858,0.3942857142857143,0.0024449877750611247
ML-KEM-512,8888,0.2,0.6,0.2,5.0,0.1,0.9857142857142858,0.3942857142857143,0.0024449877750611247
ML-KEM-512,8888,0.2,0.6,0.2,5.0,0.2,0.9857142857142858,0.3942857142857143,0.0024449877750611247
ML-KEM-512,8888,0.2,0.2,0.6,1.0,0.01,1.0,0.2057142857142857,0.0
ML-KEM-512,8888,0.2,0.2,0.6,1.0,0.05,1.0,0.2057142857142857,0.0
ML-KEM-512,8888,0.2,0.2,0.6,1.0,0.1,1.0,0.2057142857142857,0.0
ML-KEM-512,8888,0.2,0.2,0.6,1.0,0.2,1.0,0.2057142857142857,0.0
ML-KEM-512,8888,0.2,0.2,0.6,1.25,0.01,1.0,0.2057142857142857,0.0
ML-KEM-512,8888,0.2,0.2,0.6,1.25,0.05,1.0,0.2057142857142857,0.0
ML-KEM-512,8888,0.2,0.2,0.6,1.25,0.1,1.0,0.2057142857142857,0.0
ML-KEM-512,8888,0.2,0.2,0.6,1.25,0.2,1.0,0.2057142857142857,0.0
ML-KEM-512,8888,0.2,0.2,0.6,1.5,0.01,1.0,0.2057142857142857,0.0
ML-KEM-512,8888,0.2,0.2,0.6,1.5,0.05,1.0,0.2057142857142857,0.0
ML-KEM-512,8888,0.2,0.2,0.6,1.5,0.1,1.0,0.2057142857142857,0.0
ML-KEM-512,8888,0.2,0.2,0.6,1.5,0.2,1.0,0.2057142857142857,0.0
ML-KEM-512,8888,0.2,0.2,0.6,2.0,0.01,1.0,0.2057142857142857,0.0
ML-KEM-512,8888,0.2,0.2,0.6,2.0,0.05,1.0,0.2057142857142857,0.0
ML-KEM-512,8888,0.2,0.2,0.6,2.0,0.1,1.0,0.2057142857142857,0.0
ML-KEM-512,8888,0.2,0.2,0.6,2.0,0.2,1.0,0.2057142857142857,0.0
ML-KEM-512,8888,0.2,0.2,0.6,3.0,0.01,1.0,0.2057142857142857,0.0
ML-KEM-512,8888,0.2,0.2,0.6,3.0,0.05,1.0,0.2057142857142857,0.0
ML-KEM-512,8888,0.2,0.2,0.6,3.0,0.1,1.0,0.2057142857142857,0.0
ML-KEM-512,8888,0.2,0.2,0.6,3.0,0.2,1.0,0.2057142857142857,0.0
ML-KEM-512,8888,0.2,0.2,0.6,5.0,0.01,1.0,0.2057142857142857,0.0
ML-KEM-512,8888,0.2,0.2,0.6,5.0,0.05,1.0,0.2057142857142857,0.0
ML-KEM-512,8888,0.2,0.2,0.6,5.0,0.1,1.0,0.2057142857142857,0.0
ML-KEM-512,8888,0.2,0.2,0.6,5.0,0.2,1.0,0.2057142857142857,0.0
ML-KEM-512,8888,0.8,0.1,0.1,1.0,0.01,0.44715447154471544,0.3142857142857143,0.16625916870415647
ML-KEM-512,8888,0.8,0.1,0.1,1.0,0.05,0.32270916334661354,0.9257142857142857,0.8312958435207825
ML-KEM-512,8888,0.8,0.1,0.1,1.0,0.1,0.31952662721893493,0.9257142857142857,0.843520782396088
ML-KEM-512,8888,0.8,0.1,0.1,1.0,0.2,0.31640625,0.9257142857142857,0.8557457212713936
ML-KEM-512,8888,0.8,0.1,0.1,1.25,0.01,0.5257731958762887,0.2914285714285714,0.11246943765281174
ML-KEM-512,8888,0.8,0.1,0.1,1.25,0.05,0.4946236559139785,0.26285714285714284,0.11491442542787286
ML-KEM-512,8888,0.8,0.1,0.1,1.25,0.1,0.47191011235955055,0.24,0.11491442542787286
ML-KEM-512,8888,0.8,0.1,0.1,1.25,0.2,0.4777777777777778,0.24571428571428572,0.11491442542787286
ML-KEM-512,8888,0.8,0.1,0.1,1.5,0.01,0.4177215189873418,0.18857142857142858,0.11246943765281174
ML-KEM-512,8888,0.8,0.1,0.1,1.5,0.05,0.4177215189873418,0.18857142857142858,0.11246943765281174
ML-KEM-512,8888,0.8,0.1,0.1,1.5,0.1,0.4177215189873418,0.18857142857142858,0.11246943765281174
ML-KEM-512,8888,0.8,0.1,0.1,1.5,0.2,0.43373493975903615,0.2057142857142857,0.11491442542787286
ML-KEM-512,8888,0.8,0.1,0.1,2.0,0.01,0.41025641025641024,0.18285714285714286,0.11246943765281174
ML-KEM-512,8888,0.8,0.1,0.1,2.0,0.05,0.41025641025641024,0.18285714285714286,0.11246943765281174
ML-KEM-512,8888,0.8,0.1,0.1,2.0,0.1,0.41025641025641024,0.18285714285714286,0.11246943765281174
ML-KEM-512,8888,0.8,0.1,0.1,2.0,0.2,0.41025641025641024,0.18285714285714286,0.11246943765281174
ML-KEM-512,8888,0.8,0.1,0.1,3.0,0.01,0.41025641025641024,0.18285714285714286,0.11246943765281174
ML-KEM-512,8888,0.8,0.1,0.1,3.0,0.05,0.41025641025641024,0.18285714285714286,0.11246943765281174
ML-KEM-512,8888,0.8,0.1,0.1,3.0,0.1,0.41025641025641024,0.18285714285714286,0.11246943765281174
ML-KEM-512,8888,0.8,0.1,0.1,3.0,0.2,0.41025641025641024,0.18285714285714286,0.11246943765281174
ML-KEM-512,8888,0.8,0.1,0.1,5.0,0.01,0.41025641025641024,0.18285714285714286,0.11246943765281174
ML-KEM-512,8888,0.8,0.1,0.1,5.0,0.05,0.41025641025641024,0.18285714285714286,0.11246943765281174
ML-KEM-512,8888,0.8,0.1,0.1,5.0,0.1,0.41025641025641024,0.18285714285714286,0.11246943765281174
ML-KEM-512,8888,0.8,0.1,0.1,5.0,0.2,0.41025641025641024,0.18285714285714286,0.11246943765281174
ML-KEM-512,777,0.33,0.33,0.33,1.0,0.01,0.9777777777777777,0.25142857142857145,0.0024449877750611247
ML-KEM-512,777,0.33,0.33,0.33,1.0,0.05,0.9777777777777777,0.25142857142857145,0.0024449877750611247
ML-KEM-512,777,0.33,0.33,0.33,1.0,0.1,0.9777777777777777,0.25142857142857145,0.0024449877750611247
ML-KEM-512,777,0.33,0.33,0.33,1.0,0.2,0.9777777777777777,0.25142857142857145,0.0024449877750611247
ML-KEM-512,777,0.33,0.33,0.33,1.25,0.01,0.9777777777777777,0.25142857142857145,0.0024449877750611247
ML-KEM-512,777,0.33,0.33,0.33,1.25,0.05,0.9777777777777777,0.25142857142857145,0.0024449877750611247
ML-KEM-512,777,0.33,0.33,0.33,1.25,0.1,0.9777777777777777,0.25142857142857145,0.0024449877750611247
ML-KEM-512,777,0.33,0.33,0.33,1.25,0.2,0.9777777777777777,0.25142857142857145,0.0024449877750611247
ML-KEM-512,777,0.33,0.33,0.33,1.5,0.01,0.9777777777777777,0.25142857142857145,0.0024449877750611247
ML-KEM-512,777,0.33,0.33,0.33,1.5,0.05,0.9777777777777777,0.25142857142857145,0.0024449877750611247
ML-KEM-512,777,0.33,0.33,0.33,1.5,0.1,0.9777777777777777,0.25142857142857145,0.0024449877750611247
ML-KEM-512,777,0.33,0.33,0.33,1.5,0.2,0.9777777777777777,0.25142857142857145,0.0024449877750611247
ML-KEM-512,777,0.33,0.33,0.33,2.0,0.01,0.9777777777777777,0.25142857142857145,0.0024449877750611247
ML-KEM-512,777,0.33,0.33,0.33,2.0,0.05,0.9777777777777777,0.25142857142857145,0.0024449877750611247
ML-KEM-512,777,0.33,0.33,0.33,2.0,0.1,0.9777777777777777,0.25142857142857145,0.0024449877750611247
ML-KEM-512,777,0.33,0.33,0.33,2.0,0.2,0.9777777777777777,0.25142857142857145,0.0024449877750611247
ML-KEM-512,777,0.33,0.33,0.33,3.0,0.01,0.9777777777777777,0.25142857142857145,0.0024449877750611247
ML-KEM-512,777,0.33,0.33,0.33,3.0,0.05,0.9777777777777777,0.25142857142857145,0.0024449877750611247
ML-KEM-512,777,0.33,0.33,0.33,3.0,0.1,0.9777777777777777,0.25142857142857145,0.0024449877750611247
ML-KEM-512,777,0.33,0.33,0.33,3.0,0.2,0.9777777777777777,0.25142857142857145,0.0024449877750611247
ML-KEM-512,777,0.33,0.33,0.33,5.0,0.01,0.9777777777777777,0.25142857142857145,0.0024449877750611247
ML-KEM-512,777,0.33,0.33,0.33,5.0,0.05,0.9777777777777777,0.25142857142857145,0.0024449877750611247
ML-KEM-512,777,0.33,0.33,0.33,5.0,0.1,0.9777777777777777,0.25142857142857145,0.0024449877750611247
ML-KEM-512,777,0.33,0.33,0.33,5.0,0.2,0.9777777777777777,0.25142857142857145,0.0024449877750611247
ML-KEM-512,777,0.6,0.2,0.2,1.0,0.01,0.9705882352941176,0.18857142857142858,0.0024449877750611247
ML-KEM-512,777,0.6,0.2,0.2,1.0,0.05,0.9705882352941176,0.18857142857142858,0.0024449877750611247
ML-KEM-512,777,0.6,0.2,0.2,1.0,0.1,0.9705882352941176,0.18857142857142858,0.0024449877750611247
ML-KEM-512,777,0.6,0.2,0.2,1.0,0.2,0.9705882352941176,0.18857142857142858,0.0024449877750611247
ML-KEM-512,777,0.6,0.2,0.2,1.25,0.01,0.9705882352941176,0.18857142857142858,0.0024449877750611247
ML-KEM-512,777,0.6,0.2,0.2,1.25,0.05,0.9705882352941176,0.18857142857142858,0.0024449877750611247
ML-KEM-512,777,0.6,0.2,0.2,1.25,0.1,0.9705882352941176,0.18857142857142858,0.0024449877750611247
ML-KEM-512,777,0.6,0.2,0.2,1.25,0.2,0.9705882352941176,0.18857142857142858,0.0024449877750611247
ML-KEM-512,777,0.6,0.2,0.2,1.5,0.01,0.9705882352941176,0.18857142857142858,0.0024449877750611247
ML-KEM-512,777,0.6,0.2,0.2,1.5,0.05,0.9705882352941176,0.18857142857142858,0.0024449877750611247
ML-KEM-512,777,0.6,0.2,0.2,1.5,0.1,0.9705882352941176,0.18857142857142858,0.0024449877750611247
ML-KEM-512,777,0.6,0.2,0.2,1.5,0.2,0.9705882352941176,0.18857142857142858,0.0024449877750611247
ML-KEM-512,777,0.6,0.2,0.2,2.0,0.01,0.9705882352941176,0.18857142857142858,0.0024449877750611247
ML-KEM-512,777,0.6,0.2,0.2,2.0,0.05,0.9705882352941176,0.18857142857142858,0.0024449877750611247
ML-KEM-512,777,0.6,0.2,0.2,2.0,0.1,0.9705882352941176,0.18857142857142858,0.0024449877750611247
ML-KEM-512,777,0.6,0.2,0.2,2.0,0.2,0.9705882352941176,0.18857142857142858,0.0024449877750611247
ML-KEM-512,777,0.6,0.2,0.2,3.0,0.01,0.9705882352941176,0.18857142857142858,0.0024449877750611247
ML-KEM-512,777,0.6,0.2,0.2,3.0,0.05,0.9705882352941176,0.18857142857142858,0.0024449877750611247
ML-KEM-512,777,0.6,0.2,0.2,3.0,0.1,0.9705882352941176,0.18857142857142858,0.0024449877750611247
ML-KEM-512,777,0.6,0.2,0.2,3.0,0.2,0.9705882352941176,0.18857142857142858,0.0024449877750611247
ML-KEM-512,777,0.6,0.2,0.2,5.0,0.01,0.9705882352941176,0.18857142857142858,0.0024449877750611247
ML-KEM-512,777,0.6,0.2,0.2,5.0,0.05,0.9705882352941176,0.18857142857142858,0.0024449877750611247
ML-KEM-512,777,0.6,0.2,0.2,5.0,0.1,0.9705882352941176,0.18857142857142858,0.0024449877750611247
ML-KEM-512,777,0.6,0.2,0.2,5.0,0.2,0.9705882352941176,0.18857142857142858,0.0024449877750611247
ML-KEM-512,777,0.2,0.6,0.2,1.0,0.01,0.9833333333333333,0.33714285714285713,0.0024449877750611247
ML-KEM-512,777,0.2,0.6,0.2,1.0,0.05,0.9833333333333333,0.33714285714285713,0.0024449877750611247
ML-KEM-512,777,0.2,0.6,0.2,1.0,0.1,0.9833333333333333,0.33714285714285713,0.0024449877750611247
ML-KEM-512,777,0.2,0.6,0.2,1.0,0.2,0.9833333333333333,0.33714285714285713,0.0024449877750611247
ML-KEM-512,777,0.2,0.6,0.2,1.25,0.01,0.9833333333333333,0.33714285714285713,0.0024449877750611247
ML-KEM-512,777,0.2,0.6,0.2,1.25,0.05,0.9833333333333333,0.33714285714285713,0.0024449877750611247
ML-KEM-512,777,0.2,0.6,0.2,1.25,0.1,0.9833333333333333,0.33714285714285713,0.0024449877750611247
ML-KEM-512,777,0.2,0.6,0.2,1.25,0.2,0.9833333333333333,0.33714285714285713,0.0024449877750611247
ML-KEM-512,777,0.2,0.6,0.2,1.5,0.01,0.9833333333333333,0.33714285714285713,0.0024449877750611247
ML-KEM-512,777,0.2,0.6,0.2,1.5,0.05,0.9833333333333333,0.33714285714285713,0.0024449877750611247
ML-KEM-512,777,0.2,0.6,0.2,1.5,0.1,0.9833333333333333,0.33714285714285713,0.0024449877750611247
ML-KEM-512,777,0.2,0.6,0.2,1.5,0.2,0.9833333333333333,0.33714285714285713,0.0024449877750611247
ML-KEM-512,777,0.2,0.6,0.2,2.0,0.01,0.9833333333333333,0.33714285714285713,0.0024449877750611247
ML-KEM-512,777,0.2,0.6,0.2,2.0,0.05,0.9833333333333333,0.33714285714285713,0.0024449877750611247
ML-KEM-512,777,0.2,0.6,0.2,2.0,0.1,0.9833333333333333,0.33714285714285713,0.0024449877750611247
ML-KEM-512,777,0.2,0.6,0.2,2.0,0.2,0.9833333333333333,0.33714285714285713,0.0024449877750611247
ML-KEM-512,777,0.2,0.6,0.2,3.0,0.01,0.9833333333333333,0.33714285714285713,0.0024449877750611247
ML-KEM-512,777,0.2,0.6,0.2,3.0,0.05,0.9833333333333333,0.33714285714285713,0.0024449877750611247
ML-KEM-512,777,0.2,0.6,0.2,3.0,0.1,0.9833333333333333,0.33714285714285713,0.0024449877750611247
ML-KEM-512,777,0.2,0.6,0.2,3.0,0.2,0.9833333333333333,0.33714285714285713,0.0024449877750611247
ML-KEM-512,777,0.2,0.6,0.2,5.0,0.01,0.9833333333333333,0.33714285714285713,0.0024449877750611247
ML-KEM-512,777,0.2,0.6,0.2,5.0,0.05,0.9833333333333333,0.33714285714285713,0.0024449877750611247
ML-KEM-512,777,0.2,0.6,0.2,5.0,0.1,0.9833333333333333,0.33714285714285713,0.0024449877750611247
ML-KEM-512,777,0.2,0.6,0.2,5.0,0.2,0.9833333333333333,0.33714285714285713,0.0024449877750611247
ML-KEM-512,777,0.2,0.2,0.6,1.0,0.01,1.0,0.21714285714285714,0.0
ML-KEM-512,777,0.2,0.2,0.6,1.0,0.05,1.0,0.21714285714285714,0.0
ML-KEM-512,777,0.2,0.2,0.6,1.0,0.1,1.0,0.21714285714285714,0.0
ML-KEM-512,777,0.2,0.2,0.6,1.0,0.2,1.0,0.21714285714285714,0.0
ML-KEM-512,777,0.2,0.2,0.6,1.25,0.01,1.0,0.21714285714285714,0.0
ML-KEM-512,777,0.2,0.2,0.6,1.25,0.05,1.0,0.21714285714285714,0.0
ML-KEM-512,777,0.2,0.2,0.6,1.25,0.1,1.0,0.21714285714285714,0.0
ML-KEM-512,777,0.2,0.2,0.6,1.25,0.2,1.0,0.21714285714285714,0.0
ML-KEM-512,777,0.2,0.2,0.6,1.5,0.01,1.0,0.21714285714285714,0.0
ML-KEM-512,777,0.2,0.2,0.6,1.5,0.05,1.0,0.21714285714285714,0.0
ML-KEM-512,777,0.2,0.2,0.6,1.5,0.1,1.0,0.21714285714285714,0.0
ML-KEM-512,777,0.2,0.2,0.6,1.5,0.2,1.0,0.21714285714285714,0.0
ML-KEM-512,777,0.2,0.2,0.6,2.0,0.01,1.0,0.21714285714285714,0.0
ML-KEM-512,777,0.2,0.2,0.6,2.0,0.05,1.0,0.21714285714285714,0.0
ML-KEM-512,777,0.2,0.2,0.6,2.0,0.1,1.0,0.21714285714285714,0.0
ML-KEM-512,777,0.2,0.2,0.6,2.0,0.2,1.0,0.21714285714285714,0.0
ML-KEM-512,777,0.2,0.2,0.6,3.0,0.01,1.0,0.21714285714285714,0.0
ML-KEM-512,777,0.2,0.2,0.6,3.0,0.05,1.0,0.21714285714285714,0.0
ML-KEM-512,777,0.2,0.2,0.6,3.0,0.1,1.0,0.21714285714285714,0.0
ML-KEM-512,777,0.2,0.2,0.6,3.0,0.2,1.0,0.21714285714285714,0.0
ML-KEM-512,777,0.2,0.2,0.6,5.0,0.01,1.0,0.21714285714285714,0.0
ML-KEM-512,777,0.2,0.2,0.6,5.0,0.05,1.0,0.21714285714285714,0.0
ML-KEM-512,777,0.2,0.2,0.6,5.0,0.1,1.0,0.21714285714285714,0.0
ML-KEM-512,777,0.2,0.2,0.6,5.0,0.2,1.0,0.21714285714285714,0.0
ML-KEM-512,777,0.8,0.1,0.1,1.0,0.01,0.9696969696969697,0.18285714285714286,0.0024449877750611247
ML-KEM-512,777,0.8,0.1,0.1,1.0,0.05,0.9696969696969697,0.18285714285714286,0.0024449877750611247
ML-KEM-512,777,0.8,0.1,0.1,1.0,0.1,0.9696969696969697,0.18285714285714286,0.0024449877750611247
ML-KEM-512,777,0.8,0.1,0.1,1.0,0.2,0.9696969696969697,0.18285714285714286,0.0024449877750611247
ML-KEM-512,777,0.8,0.1,0.1,1.25,0.01,0.9696969696969697,0.18285714285714286,0.0024449877750611247
ML-KEM-512,777,0.8,0.1,0.1,1.25,0.05,0.9696969696969697,0.18285714285714286,0.0024449877750611247
ML-KEM-512,777,0.8,0.1,0.1,1.25,0.1,0.9696969696969697,0.18285714285714286,0.0024449877750611247
ML-KEM-512,777,0.8,0.1,0.1,1.25,0.2,0.9696969696969697,0.18285714285714286,0.0024449877750611247
ML-KEM-512,777,0.8,0.1,0.1,1.5,0.01,0.9696969696969697,0.18285714285714286,0.0024449877750611247
ML-KEM-512,777,0.8,0.1,0.1,1.5,0.05,0.9696969696969697,0.18285714285714286,0.0024449877750611247
ML-KEM-512,777,0.8,0.1,0.1,1.5,0.1,0.9696969696969697,0.18285714285714286,0.0024449877750611247
ML-KEM-512,777,0.8,0.1,0.1,1.5,0.2,0.9696969696969697,0.18285714285714286,0.0024449877750611247
ML-KEM-512,777,0.8,0.1,0.1,2.0,0.01,0.9696969696969697,0.18285714285714286,0.0024449877750611247
ML-KEM-512,777,0.8,0.1,0.1,2.0,0.05,0.9696969696969697,0.18285714285714286,0.0024449877750611247
ML-KEM-512,777,0.8,0.1,0.1,2.0,0.1,0.9696969696969697,0.18285714285714286,0.0024449877750611247
ML-KEM-512,777,0.8,0.1,0.1,2.0,0.2,0.9696969696969697,0.18285714285714286,0.0024449877750611247
ML-KEM-512,777,0.8,0.1,0.1,3.0,0.01,0.9696969696969697,0.18285714285714286,0.0024449877750611247
ML-KEM-512,777,0.8,0.1,0.1,3.0,0.05,0.9696969696969697,0.18285714285714286,0.0024449877750611247
ML-KEM-512,777,0.8,0.1,0.1,3.0,0.1,0.9696969696969697,0.18285714285714286,0.0024449877750611247
ML-KEM-512,777,0.8,0.1,0.1,3.0,0.2,0.9696969696969697,0.18285714285714286,0.0024449877750611247
ML-KEM-512,777,0.8,0.1,0.1,5.0,0.01,0.9696969696969697,0.18285714285714286,0.0024449877750611247
ML-KEM-512,777,0.8,0.1,0.1,5.0,0.05,0.9696969696969697,0.18285714285714286,0.0024449877750611247
ML-KEM-512,777,0.8,0.1,0.1,5.0,0.1,0.9696969696969697,0.18285714285714286,0.0024449877750611247
ML-KEM-512,777,0.8,0.1,0.1,5.0,0.2,0.9696969696969697,0.18285714285714286,0.0024449877750611247
ML-KEM-512,999,0.33,0.33,0.33,1.0,0.01,0.9444444444444444,0.09714285714285714,0.0024449877750611247
ML-KEM-512,999,0.33,0.33,0.33,1.0,0.05,0.9444444444444444,0.09714285714285714,0.0024449877750611247
ML-KEM-512,999,0.33,0.33,0.33,1.0,0.1,0.8947368421052632,0.09714285714285714,0.004889975550122249
ML-KEM-512,999,0.33,0.33,0.33,1.0,0.2,0.42997542997543,1.0,0.5672371638141809
ML-KEM-512,999,0.33,0.33,0.33,1.25,0.01,0.9444444444444444,0.09714285714285714,0.0024449877750611247
ML-KEM-512,999,0.33,0.33,0.33,1.25,0.05,0.9444444444444444,0.09714285714285714,0.0024449877750611247
ML-KEM-512,999,0.33,0.33,0.33,1.25,0.1,0.9444444444444444,0.09714285714285714,0.0024449877750611247
ML-KEM-512,999,0.33,0.33,0.33,1.25,0.2,0.9444444444444444,0.09714285714285714,0.0024449877750611247
ML-KEM-512,999,0.33,0.33,0.33,1.5,0.01,0.9444444444444444,0.09714285714285714,0.0024449877750611247
ML-KEM-512,999,0.33,0.33,0.33,1.5,0.05,0.9444444444444444,0.09714285714285714,0.0024449877750611247
ML-KEM-512,999,0.33,0.33,0.33,1.5,0.1,0.9444444444444444,0.09714285714285714,0.0024449877750611247
ML-KEM-512,999,0.33,0.33,0.33,1.5,0.2,0.9444444444444444,0.09714285714285714,0.0024449877750611247
ML-KEM-512,999,0.33,0.33,0.33,2.0,0.01,0.9444444444444444,0.09714285714285714,0.0024449877750611247
ML-KEM-512,999,0.33,0.33,0.33,2.0,0.05,0.9444444444444444,0.09714285714285714,0.0024449877750611247
ML-KEM-512,999,0.33,0.33,0.33,2.0,0.1,0.9444444444444444,0.09714285714285714,0.0024449877750611247
ML-KEM-512,999,0.33,0.33,0.33,2.0,0.2,0.9444444444444444,0.09714285714285714,0.0024449877750611247
ML-KEM-512,999,0.33,0.33,0.33,3.0,0.01,0.9444444444444444,0.09714285714285714,0.0024449877750611247
ML-KEM-512,999,0.33,0.33,0.33,3.0,0.05,0.9444444444444444,0.09714285714285714,0.0024449877750611247
ML-KEM-512,999,0.33,0.33,0.33,3.0,0.1,0.9444444444444444,0.09714285714285714,0.0024449877750611247
ML-KEM-512,999,0.33,0.33,0.33,3.0,0.2,0.9444444444444444,0.09714285714285714,0.0024449877750611247
ML-KEM-512,999,0.33,0.33,0.33,5.0,0.01,0.9444444444444444,0.09714285714285714,0.0024449877750611247
ML-KEM-512,999,0.33,0.33,0.33,5.0,0.05,0.9444444444444444,0.09714285714285714,0.0024449877750611247
ML-KEM-512,999,0.33,0.33,0.33,5.0,0.1,0.9444444444444444,0.09714285714285714,0.0024449877750611247
ML-KEM-512,999,0.33,0.33,0.33,5.0,0.2,0.9444444444444444,0.09714285714285714,0.0024449877750611247
ML-KEM-512,999,0.6,0.2,0.2,1.0,0.01,0.9285714285714286,0.14857142857142858,0.004889975550122249
ML-KEM-512,999,0.6,0.2,0.2,1.0,0.05,0.9285714285714286,0.14857142857142858,0.004889975550122249
ML-KEM-512,999,0.6,0.2,0.2,1.0,0.1,0.9285714285714286,0.14857142857142858,0.004889975550122249
ML-KEM-512,999,0.6,0.2,0.2,1.0,0.2,0.42610837438423643,0.9885714285714285,0.5696821515892421
ML-KEM-512,999,0.6,0.2,0.2,1.25,0.01,0.9629629629629629,0.14857142857142858,0.0024449877750611247
ML-KEM-512,999,0.6,0.2,0.2,1.25,0.05,0.9629629629629629,0.14857142857142858,0.0024449877750611247
ML-KEM-512,999,0.6,0.2,0.2,1.25,0.1,0.9285714285714286,0.14857142857142858,0.004889975550122249
ML-KEM-512,999,0.6,0.2,0.2,1.25,0.2,0.9285714285714286,0.14857142857142858,0.004889975550122249
ML-KEM-512,999,0.6,0.2,0.2,1.5,0.01,0.9629629629629629,0.14857142857142858,0.0024449877750611247
ML-KEM-512,999,0.6,0.2,0.2,1.5,0.05,0.9629629629629629,0.14857142857142858,0.0024449877750611247
ML-KEM-512,999,0.6,0.2,0.2,1.5,0.1,0.9629629629629629,0.14857142857142858,0.0024449877750611247
ML-KEM-512,999,0.6,0.2,0.2,1.5,0.2,0.9629629629629629,0.14857142857142858,0.0024449877750611247
ML-KEM-512,999,0.6,0.2,0.2,2.0,0.01,0.9629629629629629,0.14857142857142858,0.0024449877750611247
ML-KEM-512,999,0.6,0.2,0.2,2.0,0.05,0.9629629629629629,0.14857142857142858,0.0024449877750611247
ML-KEM-512,999,0.6,0.2,0.2,2.0,0.1,0.9629629629629629,0.14857142857142858,0.0024449877750611247
ML-KEM-512,999,0.6,0.2,0.2,2.0,0.2,0.9629629629629629,0.14857142857142858,0.0024449877750611247
ML-KEM-512,999,0.6,0.2,0.2,3.0,0.01,0.9629629629629629,0.14857142857142858,0.0024449877750611247
ML-KEM-512,999,0.6,0.2,0.2,3.0,0.05,0.9629629629629629,0.14857142857142858,0.0024449877750611247
ML-KEM-512,999,0.6,0.2,0.2,3.0,0.1,0.9629629629629629,0.14857142857142858,0.0024449877750611247
ML-KEM-512,999,0.6,0.2,0.2,3.0,0.2,0.9629629629629629,0.14857142857142858,0.0024449877750611247
ML-KEM-512,999,0.6,0.2,0.2,5.0,0.01,0.9629629629629629,0.14857142857142858,0.0024449877750611247
ML-KEM-512,999,0.6,0.2,0.2,5.0,0.05,0.9629629629629629,0.14857142857142858,0.0024449877750611247
ML-KEM-512,999,0.6,0.2,0.2,5.0,0.1,0.9629629629629629,0.14857142857142858,0.0024449877750611247
ML-KEM-512,999,0.6,0.2,0.2,5.0,0.2,0.9629629629629629,0.14857142857142858,0.0024449877750611247
ML-KEM-512,999,0.2,0.6,0.2,1.0,0.01,0.9642857142857143,0.15428571428571428,0.0024449877750611247
ML-KEM-512,999,0.2,0.6,0.2,1.0,0.05,0.9642857142857143,0.15428571428571428,0.0024449877750611247
ML-KEM-512,999,0.2,0.6,0.2,1.0,0.1,0.9642857142857143,0.15428571428571428,0.0024449877750611247
ML-KEM-512,999,0.2,0.6,0.2,1.0,0.2,0.9642857142857143,0.15428571428571428,0.0024449877750611247
ML-KEM-512,999,0.2,0.6,0.2,1.25,0.01,0.9642857142857143,0.15428571428571428,0.0024449877750611247
ML-KEM-512,999,0.2,0.6,0.2,1.25,0.05,0.9642857142857143,0.15428571428571428,0.0024449877750611247
ML-KEM-512,999,0.2,0.6,0.2,1.25,0.1,0.9642857142857143,0.15428571428571428,0.0024449877750611247
ML-KEM-512,999,0.2,0.6,0.2,1.25,0.2,0.9642857142857143,0.15428571428571428,0.0024449877750611247
ML-KEM-512,999,0.2,0.6,0.2,1.5,0.01,0.9642857142857143,0.15428571428571428,0.0024449877750611247
ML-KEM-512,999,0.2,0.6,0.2,1.5,0.05,0.9642857142857143,0.15428571428571428,0.0024449877750611247
ML-KEM-512,999,0.2,0.6,0.2,1.5,0.1,0.9642857142857143,0.15428571428571428,0.0024449877750611247
ML-KEM-512,999,0.2,0.6,0.2,1.5,0.2,0.9642857142857143,0.15428571428571428,0.0024449877750611247
ML-KEM-512,999,0.2,0.6,0.2,2.0,0.01,0.9642857142857143,0.15428571428571428,0.0024449877750611247
ML-KEM-512,999,0.2,0.6,0.2,2.0,0.05,0.9642857142857143,0.15428571428571428,0.0024449877750611247
ML-KEM-512,999,0.2,0.6,0.2,2.0,0.1,0.9642857142857143,0.15428571428571428,0.0024449877750611247
ML-KEM-512,999,0.2,0.6,0.2,2.0,0.2,0.9642857142857143,0.15428571428571428,0.0024449877750611247
ML-KEM-512,999,0.2,0.6,0.2,3.0,0.01,0.9642857142857143,0.15428571428571428,0.0024449877750611247
ML-KEM-512,999,0.2,0.6,0.2,3.0,0.05,0.9642857142857143,0.15428571428571428,0.0024449877750611247
ML-KEM-512,999,0.2,0.6,0.2,3.0,0.1,0.9642857142857143,0.15428571428571428,0.0024449877750611247
ML-KEM-512,999,0.2,0.6,0.2,3.0,0.2,0.9642857142857143,0.15428571428571428,0.0024449877750611247
ML-KEM-512,999,0.2,0.6,0.2,5.0,0.01,0.9642857142857143,0.15428571428571428,0.0024449877750611247
ML-KEM-512,999,0.2,0.6,0.2,5.0,0.05,0.9642857142857143,0.15428571428571428,0.0024449877750611247
ML-KEM-512,999,0.2,0.6,0.2,5.0,0.1,0.9642857142857143,0.15428571428571428,0.0024449877750611247
ML-KEM-512,999,0.2,0.6,0.2,5.0,0.2,0.9642857142857143,0.15428571428571428,0.0024449877750611247
ML-KEM-512,999,0.2,0.2,0.6,1.0,0.01,1.0,0.08,0.0
ML-KEM-512,999,0.2,0.2,0.6,1.0,0.05,1.0,0.08,0.0
ML-KEM-512,999,0.2,0.2,0.6,1.0,0.1,1.0,0.08,0.0
ML-KEM-512,999,0.2,0.2,0.6,1.0,0.2,1.0,0.08,0.0
ML-KEM-512,999,0.2,0.2,0.6,1.25,0.01,1.0,0.08,0.0
ML-KEM-512,999,0.2,0.2,0.6,1.25,0.05,1.0,0.08,0.0
ML-KEM-512,999,0.2,0.2,0.6,1.25,0.1,1.0,0.08,0.0
ML-KEM-512,999,0.2,0.2,0.6,1.25,0.2,1.0,0.08,0.0
ML-KEM-512,999,0.2,0.2,0.6,1.5,0.01,1.0,0.08,0.0
ML-KEM-512,999,0.2,0.2,0.6,1.5,0.05,1.0,0.08,0.0
ML-KEM-512,999,0.2,0.2,0.6,1.5,0.1,1.0,0.08,0.0
ML-KEM-512,999,0.2,0.2,0.6,1.5,0.2,1.0,0.08,0.0
ML-KEM-512,999,0.2,0.2,0.6,2.0,0.01,1.0,0.08,0.0
ML-KEM-512,999,0.2,0.2,0.6,2.0,0.05,1.0,0.08,0.0
ML-KEM-512,999,0.2,0.2,0.6,2.0,0.1,1.0,0.08,0.0
ML-KEM-512,999,0.2,0.2,0.6,2.0,0.2,1.0,0.08,0.0
ML-KEM-512,999,0.2,0.2,0.6,3.0,0.01,1.0,0.08,0.0
ML-KEM-512,999,0.2,0.2,0.6,3.0,0.05,1.0,0.08,0.0
ML-KEM-512,999,0.2,0.2,0.6,3.0,0.1,1.0,0.08,0.0
ML-KEM-512,999,0.2,0.2,0.6,3.0,0.2,1.0,0.08,0.0
ML-KEM-512,999,0.2,0.2,0.6,5.0,0.01,1.0,0.08,0.0
ML-KEM-512,999,0.2,0.2,0.6,5.0,0.05,1.0,0.08,0.0
ML-KEM-512,999,0.2,0.2,0.6,5.0,0.1,1.0,0.08,0.0
ML-KEM-512,999,0.2,0.2,0.6,5.0,0.2,1.0,0.08,0.0
ML-KEM-512,999,0.8,0.1,0.1,1.0,0.01,0.9,0.10285714285714286,0.004889975550122249
ML-KEM-512,999,0.8,0.1,0.1,1.0,0.05,0.9,0.10285714285714286,0.004889975550122249
ML-KEM-512,999,0.8,0.1,0.1,1.0,0.1,0.9,0.10285714285714286,0.004889975550122249
ML-KEM-512,999,0.8,0.1,0.1,1.0,0.2,0.9,0.10285714285714286,0.004889975550122249
ML-KEM-512,999,0.8,0.1,0.1,1.25,0.01,0.9,0.10285714285714286,0.004889975550122249
ML-KEM-512,999,0.8,0.1,0.1,1.25,0.05,0.9,0.10285714285714286,0.004889975550122249
ML-KEM-512,999,0.8,0.1,0.1,1.25,0.1,0.9,0.10285714285714286,0.004889975550122249
ML-KEM-512,999,0.8,0.1,0.1,1.25,0.2,0.9,0.10285714285714286,0.004889975550122249
ML-KEM-512,999,0.8,0.1,0.1,1.5,0.01,0.9473684210526315,0.10285714285714286,0.0024449877750611247
ML-KEM-512,999,0.8,0.1,0.1,1.5,0.05,0.9473684210526315,0.10285714285714286,0.0024449877750611247
ML-KEM-512,999,0.8,0.1,0.1,1.5,0.1,0.9473684210526315,0.10285714285714286,0.0024449877750611247
ML-KEM-512,999,0.8,0.1,0.1,1.5,0.2,0.9473684210526315,0.10285714285714286,0.0024449877750611247
ML-KEM-512,999,0.8,0.1,0.1,2.0,0.01,0.9473684210526315,0.10285714285714286,0.0024449877750611247
ML-KEM-512,999,0.8,0.1,0.1,2.0,0.05,0.9473684210526315,0.10285714285714286,0.0024449877750611247
ML-KEM-512,999,0.8,0.1,0.1,2.0,0.1,0.9473684210526315,0.10285714285714286,0.0024449877750611247
ML-KEM-512,999,0.8,0.1,0.1,2.0,0.2,0.9473684210526315,0.10285714285714286,0.0024449877750611247
ML-KEM-512,999,0.8,0.1,0.1,3.0,0.01,0.9473684210526315,0.10285714285714286,0.0024449877750611247
ML-KEM-512,999,0.8,0.1,0.1,3.0,0.05,0.9473684210526315,0.10285714285714286,0.0024449877750611247
ML-KEM-512,999,0.8,0.1,0.1,3.0,0.1,0.9473684210526315,0.10285714285714286,0.0024449877750611247
ML-KEM-512,999,0.8,0.1,0.1,3.0,0.2,0.9473684210526315,0.10285714285714286,0.0024449877750611247
ML-KEM-512,999,0.8,0.1,0.1,5.0,0.01,0.9473684210526315,0.10285714285714286,0.0024449877750611247
ML-KEM-512,999,0.8,0.1,0.1,5.0,0.05,0.9473684210526315,0.10285714285714286,0.0024449877750611247
ML-KEM-512,999,0.8,0.1,0.1,5.0,0.1,0.9473684210526315,0.10285714285714286,0.0024449877750611247
ML-KEM-512,999,0.8,0.1,0.1,5.0,0.2,0.9473684210526315,0.10285714285714286,0.0024449877750611247
ML-KEM-512,1111,0.33,0.33,0.33,1.0,0.01,1.0,0.25142857142857145,0.0
ML-KEM-512,1111,0.33,0.33,0.33,1.0,0.05,1.0,0.25142857142857145,0.0
ML-KEM-512,1111,0.33,0.33,0.33,1.0,0.1,1.0,0.25142857142857145,0.0
ML-KEM-512,1111,0.33,0.33,0.33,1.0,0.2,1.0,0.25142857142857145,0.0
ML-KEM-512,1111,0.33,0.33,0.33,1.25,0.01,1.0,0.25142857142857145,0.0
ML-KEM-512,1111,0.33,0.33,0.33,1.25,0.05,1.0,0.25142857142857145,0.0
ML-KEM-512,1111,0.33,0.33,0.33,1.25,0.1,1.0,0.25142857142857145,0.0
ML-KEM-512,1111,0.33,0.33,0.33,1.25,0.2,1.0,0.25142857142857145,0.0
ML-KEM-512,1111,0.33,0.33,0.33,1.5,0.01,1.0,0.25142857142857145,0.0
ML-KEM-512,1111,0.33,0.33,0.33,1.5,0.05,1.0,0.25142857142857145,0.0
ML-KEM-512,1111,0.33,0.33,0.33,1.5,0.1,1.0,0.25142857142857145,0.0
ML-KEM-512,1111,0.33,0.33,0.33,1.5,0.2,1.0,0.25142857142857145,0.0
ML-KEM-512,1111,0.33,0.33,0.33,2.0,0.01,1.0,0.25142857142857145,0.0
ML-KEM-512,1111,0.33,0.33,0.33,2.0,0.05,1.0,0.25142857142857145,0.0
ML-KEM-512,1111,0.33,0.33,0.33,2.0,0.1,1.0,0.25142857142857145,0.0
ML-KEM-512,1111,0.33,0.33,0.33,2.0,0.2,1.0,0.25142857142857145,0.0
ML-KEM-512,1111,0.33,0.33,0.33,3.0,0.01,1.0,0.25142857142857145,0.0
ML-KEM-512,1111,0.33,0.33,0.33,3.0,0.05,1.0,0.25142857142857145,0.0
ML-KEM-512,1111,0.33,0.33,0.33,3.0,0.1,1.0,0.25142857142857145,0.0
ML-KEM-512,1111,0.33,0.33,0.33,3.0,0.2,1.0,0.25142857142857145,0.0
ML-KEM-512,1111,0.33,0.33,0.33,5.0,0.01,1.0,0.25142857142857145,0.0
ML-KEM-512,1111,0.33,0.33,0.33,5.0,0.05,1.0,0.25142857142857145,0.0
ML-KEM-512,1111,0.33,0.33,0.33,5.0,0.1,1.0,0.25142857142857145,0.0
ML-KEM-512,1111,0.33,0.33,0.33,5.0,0.2,1.0,0.25142857142857145,0.0
ML-KEM-512,1111,0.6,0.2,0.2,1.0,0.01,0.9814814814814815,0.3028571428571429,0.0024449877750611247
ML-KEM-512,1111,0.6,0.2,0.2,1.0,0.05,0.38927738927738925,0.9542857142857143,0.6405867970660146
ML-KEM-512,1111,0.6,0.2,0.2,1.0,0.1,0.36681222707423583,0.96,0.7090464547677262
ML-KEM-512,1111,0.6,0.2,0.2,1.0,0.2,0.3652173913043478,0.96,0.7139364303178484
ML-KEM-512,1111,0.6,0.2,0.2,1.25,0.01,0.9814814814814815,0.3028571428571429,0.0024449877750611247
ML-KEM-512,1111,0.6,0.2,0.2,1.25,0.05,0.9814814814814815,0.3028571428571429,0.0024449877750611247
ML-KEM-512,1111,0.6,0.2,0.2,1.25,0.1,0.9814814814814815,0.3028571428571429,0.0024449877750611247
ML-KEM-512,1111,0.6,0.2,0.2,1.25,0.2,0.9814814814814815,0.3028571428571429,0.0024449877750611247
ML-KEM-512,1111,0.6,0.2,0.2,1.5,0.01,0.9814814814814815,0.3028571428571429,0.0024449877750611247
ML-KEM-512,1111,0.6,0.2,0.2,1.5,0.05,0.9814814814814815,0.3028571428571429,0.0024449877750611247
ML-KEM-512,1111,0.6,0.2,0.2,1.5,0.1,0.9814814814814815,0.3028571428571429,0.0024449877750611247
ML-KEM-512,1111,0.6,0.2,0.2,1.5,0.2,0.9814814814814815,0.3028571428571429,0.0024449877750611247
ML-KEM-512,1111,0.6,0.2,0.2,2.0,0.01,0.9814814814814815,0.3028571428571429,0.0024449877750611247
ML-KEM-512,1111,0.6,0.2,0.2,2.0,0.05,0.9814814814814815,0.3028571428571429,0.0024449877750611247
ML-KEM-512,1111,0.6,0.2,0.2,2.0,0.1,0.9814814814814815,0.3028571428571429,0.0024449877750611247
ML-KEM-512,1111,0.6,0.2,0.2,2.0,0.2,0.9814814814814815,0.3028571428571429,0.0024449877750611247
ML-KEM-512,1111,0.6,0.2,0.2,3.0,0.01,0.9814814814814815,0.3028571428571429,0.0024449877750611247
ML-KEM-512,1111,0.6,0.2,0.2,3.0,0.05,0.9814814814814815,0.3028571428571429,0.0024449877750611247
ML-KEM-512,1111,0.6,0.2,0.2,3.0,0.1,0.9814814814814815,0.3028571428571429,0.0024449877750611247
ML-KEM-512,1111,0.6,0.2,0.2,3.0,0.2,0.9814814814814815,0.3028571428571429,0.0024449877750611247
ML-KEM-512,1111,0.6,0.2,0.2,5.0,0.01,0.9814814814814815,0.3028571428571429,0.0024449877750611247
ML-KEM-512,1111,0.6,0.2,0.2,5.0,0.05,0.9814814814814815,0.3028571428571429,0.0024449877750611247
ML-KEM-512,1111,0.6,0.2,0.2,5.0,0.1,0.9814814814814815,0.3028571428571429,0.0024449877750611247
ML-KEM-512,1111,0.6,0.2,0.2,5.0,0.2,0.9814814814814815,0.3028571428571429,0.0024449877750611247
ML-KEM-512,1111,0.2,0.6,0.2,1.0,0.01,1.0,0.34285714285714286,0.0
ML-KEM-512,1111,0.2,0.6,0.2,1.0,0.05,1.0,0.34285714285714286,0.0
ML-KEM-512,1111,0.2,0.6,0.2,1.0,0.1,1.0,0.34285714285714286,0.0
ML-KEM-512,1111,0.2,0.6,0.2,1.0,0.2,1.0,0.34285714285714286,0.0
ML-KEM-512,1111,0.2,0.6,0.2,1.25,0.01,1.0,0.34285714285714286,0.0
ML-KEM-512,1111,0.2,0.6,0.2,1.25,0.05,1.0,0.34285714285714286,0.0
ML-KEM-512,1111,0.2,0.6,0.2,1.25,0.1,1.0,0.34285714285714286,0.0
ML-KEM-512,1111,0.2,0.6,0.2,1.25,0.2,1.0,0.34285714285714286,0.0
ML-KEM-512,1111,0.2,0.6,0.2,1.5,0.01,1.0,0.34285714285714286,0.0
ML-KEM-512,1111,0.2,0.6,0.2,1.5,0.05,1.0,0.34285714285714286,0.0
ML-KEM-512,1111,0.2,0.6,0.2,1.5,0.1,1.0,0.34285714285714286,0.0
ML-KEM-512,1111,0.2,0.6,0.2,1.5,0.2,1.0,0.34285714285714286,0.0
ML-KEM-512,1111,0.2,0.6,0.2,2.0,0.01,1.0,0.34285714285714286,0.0
ML-KEM-512,1111,0.2,0.6,0.2,2.0,0.05,1.0,0.34285714285714286,0.0
ML-KEM-512,1111,0.2,0.6,0.2,2.0,0.1,1.0,0.34285714285714286,0.0
ML-KEM-512,1111,0.2,0.6,0.2,2.0,0.2,1.0,0.34285714285714286,0.0
ML-KEM-512,1111,0.2,0.6,0.2,3.0,0.01,1.0,0.34285714285714286,0.0
ML-KEM-512,1111,0.2,0.6,0.2,3.0,0.05,1.0,0.34285714285714286,0.0
ML-KEM-512,1111,0.2,0.6,0.2,3.0,0.1,1.0,0.34285714285714286,0.0
ML-KEM-512,1111,0.2,0.6,0.2,3.0,0.2,1.0,0.34285714285714286,0.0
ML-KEM-512,1111,0.2,0.6,0.2,5.0,0.01,1.0,0.34285714285714286,0.0
ML-KEM-512,1111,0.2,0.6,0.2,5.0,0.05,1.0,0.34285714285714286,0.0
ML-KEM-512,1111,0.2,0.6,0.2,5.0,0.1,1.0,0.34285714285714286,0.0
ML-KEM-512,1111,0.2,0.6,0.2,5.0,0.2,1.0,0.34285714285714286,0.0
ML-KEM-512,1111,0.2,0.2,0.6,1.0,0.01,1.0,0.2,0.0
ML-KEM-512,1111,0.2,0.2,0.6,1.0,0.05,1.0,0.2,0.0
ML-KEM-512,1111,0.2,0.2,0.6,1.0,0.1,1.0,0.2,0.0
ML-KEM-512,1111,0.2,0.2,0.6,1.0,0.2,1.0,0.2,0.0
ML-KEM-512,1111,0.2,0.2,0.6,1.25,0.01,1.0,0.2,0.0
ML-KEM-512,1111,0.2,0.2,0.6,1.25,0.05,1.0,0.2,0.0
ML-KEM-512,1111,0.2,0.2,0.6,1.25,0.1,1.0,0.2,0.0
ML-KEM-512,1111,0.2,0.2,0.6,1.25,0.2,1.0,0.2,0.0
ML-KEM-512,1111,0.2,0.2,0.6,1.5,0.01,1.0,0.2,0.0
ML-KEM-512,1111,0.2,0.2,0.6,1.5,0.05,1.0,0.2,0.0
ML-KEM-512,1111,0.2,0.2,0.6,1.5,0.1,1.0,0.2,0.0
ML-KEM-512,1111,0.2,0.2,0.6,1.5,0.2,1.0,0.2,0.0
ML-KEM-512,1111,0.2,0.2,0.6,2.0,0.01,1.0,0.2,0.0
ML-KEM-512,1111,0.2,0.2,0.6,2.0,0.05,1.0,0.2,0.0
ML-KEM-512,1111,0.2,0.2,0.6,2.0,0.1,1.0,0.2,0.0
ML-KEM-512,1111,0.2,0.2,0.6,2.0,0.2,1.0,0.2,0.0
ML-KEM-512,1111,0.2,0.2,0.6,3.0,0.01,1.0,0.2,0.0
ML-KEM-512,1111,0.2,0.2,0.6,3.0,0.05,1.0,0.2,0.0
ML-KEM-512,1111,0.2,0.2,0.6,3.0,0.1,1.0,0.2,0.0
ML-KEM-512,1111,0.2,0.2,0.6,3.0,0.2,1.0,0.2,0.0
ML-KEM-512,1111,0.2,0.2,0.6,5.0,0.01,1.0,0.2,0.0
ML-KEM-512,1111,0.2,0.2,0.6,5.0,0.05,1.0,0.2,0.0
ML-KEM-512,1111,0.2,0.2,0.6,5.0,0.1,1.0,0.2,0.0
ML-KEM-512,1111,0.2,0.2,0.6,5.0,0.2,1.0,0.2,0.0
ML-KEM-512,1111,0.8,0.1,0.1,1.0,0.01,0.6881720430107527,0.3657142857142857,0.07090464547677261
ML-KEM-512,1111,0.8,0.1,0.1,1.0,0.05,0.3839080459770115,0.9542857142857143,0.6552567237163814
ML-KEM-512,1111,0.8,0.1,0.1,1.0,0.1,0.35974304068522484,0.96,0.7310513447432763
ML-KEM-512,1111,0.8,0.1,0.1,1.0,0.2,0.35974304068522484,0.96,0.7310513447432763
ML-KEM-512,1111,0.8,0.1,0.1,1.25,0.01,0.9193548387096774,0.32571428571428573,0.012224938875305624
ML-KEM-512,1111,0.8,0.1,0.1,1.25,0.05,0.9344262295081968,0.32571428571428573,0.009779951100244499
ML-KEM-512,1111,0.8,0.1,0.1,1.25,0.1,0.9333333333333333,0.32,0.009779951100244499
ML-KEM-512,1111,0.8,0.1,0.1,1.25,0.2,0.9333333333333333,0.32,0.009779951100244499
ML-KEM-512,1111,0.8,0.1,0.1,1.5,0.01,0.92,0.26285714285714284,0.009779951100244499
ML-KEM-512,1111,0.8,0.1,0.1,1.5,0.05,0.92,0.26285714285714284,0.009779951100244499
ML-KEM-512,1111,0.8,0.1,0.1,1.5,0.1,0.9183673469387755,0.2571428571428571,0.009779951100244499
ML-KEM-512,1111,0.8,0.1,0.1,1.5,0.2,0.9183673469387755,0.2571428571428571,0.009779951100244499
ML-KEM-512,1111,0.8,0.1,0.1,2.0,0.01,0.9069767441860465,0.22285714285714286,0.009779951100244499
ML-KEM-512,1111,0.8,0.1,0.1,2.0,0.05,0.9069767441860465,0.22285714285714286,0.009779951100244499
ML-KEM-512,1111,0.8,0.1,0.1,2.0,0.1,0.9069767441860465,0.22285714285714286,0.009779951100244499
ML-KEM-512,1111,0.8,0.1,0.1,2.0,0.2,0.9069767441860465,0.22285714285714286,0.009779951100244499
ML-KEM-512,1111,0.8,0.1,0.1,3.0,0.01,0.9069767441860465,0.22285714285714286,0.009779951100244499
ML-KEM-512,1111,0.8,0.1,0.1,3.0,0.05,0.9069767441860465,0.22285714285714286,0.009779951100244499
ML-KEM-512,1111,0.8,0.1,0.1,3.0,0.1,0.9069767441860465,0.22285714285714286,0.009779951100244499
ML-KEM-512,1111,0.8,0.1,0.1,3.0,0.2,0.9069767441860465,0.22285714285714286,0.009779951100244499
ML-KEM-512,1111,0.8,0.1,0.1,5.0,0.01,0.9069767441860465,0.22285714285714286,0.009779951100244499
ML-KEM-512,1111,0.8,0.1,0.1,5.0,0.05,0.9069767441860465,0.22285714285714286,0.009779951100244499
ML-KEM-512,1111,0.8,0.1,0.1,5.0,0.1,0.9069767441860465,0.22285714285714286,0.009779951100244499
ML-KEM-512,1111,0.8,0.1,0.1,5.0,0.2,0.9069767441860465,0.22285714285714286,0.009779951100244499
ML-KEM-512,2222,0.33,0.33,0.33,1.0,0.01,1.0,0.22285714285714286,0.0
ML-KEM-512,2222,0.33,0.33,0.33,1.0,0.05,1.0,0.22285714285714286,0.0
ML-KEM-512,2222,0.33,0.33,0.33,1.0,0.1,1.0,0.22285714285714286,0.0
ML-KEM-512,2222,0.33,0.33,0.33,1.0,0.2,1.0,0.22285714285714286,0.0
ML-KEM-512,2222,0.33,0.33,0.33,1.25,0.01,1.0,0.22285714285714286,0.0
ML-KEM-512,2222,0.33,0.33,0.33,1.25,0.05,1.0,0.22285714285714286,0.0
ML-KEM-512,2222,0.33,0.33,0.33,1.25,0.1,1.0,0.22285714285714286,0.0
ML-KEM-512,2222,0.33,0.33,0.33,1.25,0.2,1.0,0.22285714285714286,0.0
ML-KEM-512,2222,0.33,0.33,0.33,1.5,0.01,1.0,0.22285714285714286,0.0
ML-KEM-512,2222,0.33,0.33,0.33,1.5,0.05,1.0,0.22285714285714286,0.0
ML-KEM-512,2222,0.33,0.33,0.33,1.5,0.1,1.0,0.22285714285714286,0.0
ML-KEM-512,2222,0.33,0.33,0.33,1.5,0.2,1.0,0.22285714285714286,0.0
ML-KEM-512,2222,0.33,0.33,0.33,2.0,0.01,1.0,0.22285714285714286,0.0
ML-KEM-512,2222,0.33,0.33,0.33,2.0,0.05,1.0,0.22285714285714286,0.0
ML-KEM-512,2222,0.33,0.33,0.33,2.0,0.1,1.0,0.22285714285714286,0.0
ML-KEM-512,2222,0.33,0.33,0.33,2.0,0.2,1.0,0.22285714285714286,0.0
ML-KEM-512,2222,0.33,0.33,0.33,3.0,0.01,1.0,0.22285714285714286,0.0
ML-KEM-512,2222,0.33,0.33,0.33,3.0,0.05,1.0,0.22285714285714286,0.0
ML-KEM-512,2222,0.33,0.33,0.33,3.0,0.1,1.0,0.22285714285714286,0.0
ML-KEM-512,2222,0.33,0.33,0.33,3.0,0.2,1.0,0.22285714285714286,0.0
ML-KEM-512,2222,0.33,0.33,0.33,5.0,0.01,1.0,0.22285714285714286,0.0
ML-KEM-512,2222,0.33,0.33,0.33,5.0,0.05,1.0,0.22285714285714286,0.0
ML-KEM-512,2222,0.33,0.33,0.33,5.0,0.1,1.0,0.22285714285714286,0.0
ML-KEM-512,2222,0.33,0.33,0.33,5.0,0.2,1.0,0.22285714285714286,0.0
ML-KEM-512,2222,0.6,0.2,0.2,1.0,0.01,0.4653179190751445,0.92,0.45232273838630804
ML-KEM-512,2222,0.6,0.2,0.2,1.0,0.05,0.4120603015075377,0.9371428571428572,0.5721271393643031
ML-KEM-512,2222,0.6,0.2,0.2,1.0,0.1,0.38954869358669836,0.9371428571428572,0.628361858190709
ML-KEM-512,2222,0.6,0.2,0.2,1.0,0.2,0.3867924528301887,0.9371428571428572,0.6356968215158925
ML-KEM-512,2222,0.6,0.2,0.2,1.25,0.01,0.9285714285714286,0.29714285714285715,0.009779951100244499
ML-KEM-512,2222,0.6,0.2,0.2,1.25,0.05,0.9285714285714286,0.29714285714285715,0.009779951100244499
ML-KEM-512,2222,0.6,0.2,0.2,1.25,0.1,0.9298245614035088,0.3028571428571429,0.009779951100244499
ML-KEM-512,2222,0.6,0.2,0.2,1.25,0.2,0.9298245614035088,0.3028571428571429,0.009779951100244499
ML-KEM-512,2222,0.6,0.2,0.2,1.5,0.01,0.9230769230769231,0.2742857142857143,0.009779951100244499
ML-KEM-512,2222,0.6,0.2,0.2,1.5,0.05,0.9215686274509803,0.26857142857142857,0.009779951100244499
ML-KEM-512,2222,0.6,0.2,0.2,1.5,0.1,0.9215686274509803,0.26857142857142857,0.009779951100244499
ML-KEM-512,2222,0.6,0.2,0.2,1.5,0.2,0.9215686274509803,0.26857142857142857,0.009779951100244499
ML-KEM-512,2222,0.6,0.2,0.2,2.0,0.01,0.8857142857142857,0.17714285714285713,0.009779951100244499
ML-KEM-512,2222,0.6,0.2,0.2,2.0,0.05,0.8857142857142857,0.17714285714285713,0.009779951100244499
ML-KEM-512,2222,0.6,0.2,0.2,2.0,0.1,0.8857142857142857,0.17714285714285713,0.009779951100244499
ML-KEM-512,2222,0.6,0.2,0.2,2.0,0.2,0.8857142857142857,0.17714285714285713,0.009779951100244499
ML-KEM-512,2222,0.6,0.2,0.2,3.0,0.01,0.8857142857142857,0.17714285714285713,0.009779951100244499
ML-KEM-512,2222,0.6,0.2,0.2,3.0,0.05,0.8857142857142857,0.17714285714285713,0.009779951100244499
ML-KEM-512,2222,0.6,0.2,0.2,3.0,0.1,0.8857142857142857,0.17714285714285713,0.009779951100244499
ML-KEM-512,2222,0.6,0.2,0.2,3.0,0.2,0.8857142857142857,0.17714285714285713,0.009779951100244499
ML-KEM-512,2222,0.6,0.2,0.2,5.0,0.01,0.8857142857142857,0.17714285714285713,0.009779951100244499
ML-KEM-512,2222,0.6,0.2,0.2,5.0,0.05,0.8857142857142857,0.17714285714285713,0.009779951100244499
ML-KEM-512,2222,0.6,0.2,0.2,5.0,0.1,0.8857142857142857,0.17714285714285713,0.009779951100244499
ML-KEM-512,2222,0.6,0.2,0.2,5.0,0.2,0.8857142857142857,0.17714285714285713,0.009779951100244499
ML-KEM-512,2222,0.2,0.6,0.2,1.0,0.01,1.0,0.33714285714285713,0.0
ML-KEM-512,2222,0.2,0.6,0.2,1.0,0.05,1.0,0.33714285714285713,0.0
ML-KEM-512,2222,0.2,0.6,0.2,1.0,0.1,1.0,0.33714285714285713,0.0
ML-KEM-512,2222,0.2,0.6,0.2,1.0,0.2,1.0,0.33714285714285713,0.0
ML-KEM-512,2222,0.2,0.6,0.2,1.25,0.01,1.0,0.33714285714285713,0.0
ML-KEM-512,2222,0.2,0.6,0.2,1.25,0.05,1.0,0.33714285714285713,0.0
ML-KEM-512,2222,0.2,0.6,0.2,1.25,0.1,1.0,0.33714285714285713,0.0
ML-KEM-512,2222,0.2,0.6,0.2,1.25,0.2,1.0,0.33714285714285713,0.0
ML-KEM-512,2222,0.2,0.6,0.2,1.5,0.01,1.0,0.33714285714285713,0.0
ML-KEM-512,2222,0.2,0.6,0.2,1.5,0.05,1.0,0.33714285714285713,0.0
ML-KEM-512,2222,0.2,0.6,0.2,1.5,0.1,1.0,0.33714285714285713,0.0
ML-KEM-512,2222,0.2,0.6,0.2,1.5,0.2,1.0,0.33714285714285713,0.0
ML-KEM-512,2222,0.2,0.6,0.2,2.0,0.01,1.0,0.33714285714285713,0.0
ML-KEM-512,2222,0.2,0.6,0.2,2.0,0.05,1.0,0.33714285714285713,0.0
ML-KEM-512,2222,0.2,0.6,0.2,2.0,0.1,1.0,0.33714285714285713,0.0
ML-KEM-512,2222,0.2,0.6,0.2,2.0,0.2,1.0,0.33714285714285713,0.0
ML-KEM-512,2222,0.2,0.6,0.2,3.0,0.01,1.0,0.33714285714285713,0.0
ML-KEM-512,2222,0.2,0.6,0.2,3.0,0.05,1.0,0.33714285714285713,0.0
ML-KEM-512,2222,0.2,0.6,0.2,3.0,0.1,1.0,0.33714285714285713,0.0
ML-KEM-512,2222,0.2,0.6,0.2,3.0,0.2,1.0,0.33714285714285713,0.0
ML-KEM-512,2222,0.2,0.6,0.2,5.0,0.01,1.0,0.33714285714285713,0.0
ML-KEM-512,2222,0.2,0.6,0.2,5.0,0.05,1.0,0.33714285714285713,0.0
ML-KEM-512,2222,0.2,0.6,0.2,5.0,0.1,1.0,0.33714285714285713,0.0
ML-KEM-512,2222,0.2,0.6,0.2,5.0,0.2,1.0,0.33714285714285713,0.0
ML-KEM-512,2222,0.2,0.2,0.6,1.0,0.01,1.0,0.1657142857142857,0.0
ML-KEM-512,2222,0.2,0.2,0.6,1.0,0.05,1.0,0.1657142857142857,0.0
ML-KEM-512,2222,0.2,0.2,0.6,1.0,0.1,1.0,0.1657142857142857,0.0
ML-KEM-512,2222,0.2,0.2,0.6,1.0,0.2,1.0,0.1657142857142857,0.0
ML-KEM-512,2222,0.2,0.2,0.6,1.25,0.01,1.0,0.1657142857142857,0.0
ML-KEM-512,2222,0.2,0.2,0.6,1.25,0.05,1.0,0.1657142857142857,0.0
ML-KEM-512,2222,0.2,0.2,0.6,1.25,0.1,1.0,0.1657142857142857,0.0
ML-KEM-512,2222,0.2,0.2,0.6,1.25,0.2,1.0,0.1657142857142857,0.0
ML-KEM-512,2222,0.2,0.2,0.6,1.5,0.01,1.0,0.1657142857142857,0.0
ML-KEM-512,2222,0.2,0.2,0.6,1.5,0.05,1.0,0.1657142857142857,0.0
ML-KEM-512,2222,0.2,0.2,0.6,1.5,0.1,1.0,0.1657142857142857,0.0
ML-KEM-512,2222,0.2,0.2,0.6,1.5,0.2,1.0,0.1657142857142857,0.0
ML-KEM-512,2222,0.2,0.2,0.6,2.0,0.01,1.0,0.1657142857142857,0.0
ML-KEM-512,2222,0.2,0.2,0.6,2.0,0.05,1.0,0.1657142857142857,0.0
ML-KEM-512,2222,0.2,0.2,0.6,2.0,0.1,1.0,0.1657142857142857,0.0
ML-KEM-512,2222,0.2,0.2,0.6,2.0,0.2,1.0,0.1657142857142857,0.0
ML-KEM-512,2222,0.2,0.2,0.6,3.0,0.01,1.0,0.1657142857142857,0.0
ML-KEM-512,2222,0.2,0.2,0.6,3.0,0.05,1.0,0.1657142857142857,0.0
ML-KEM-512,2222,0.2,0.2,0.6,3.0,0.1,1.0,0.1657142857142857,0.0
ML-KEM-512,2222,0.2,0.2,0.6,3.0,0.2,1.0,0.1657142857142857,0.0
ML-KEM-512,2222,0.2,0.2,0.6,5.0,0.01,1.0,0.1657142857142857,0.0
ML-KEM-512,2222,0.2,0.2,0.6,5.0,0.05,1.0,0.1657142857142857,0.0
ML-KEM-512,2222,0.2,0.2,0.6,5.0,0.1,1.0,0.1657142857142857,0.0
ML-KEM-512,2222,0.2,0.2,0.6,5.0,0.2,1.0,0.1657142857142857,0.0
ML-KEM-512,2222,0.8,0.1,0.1,1.0,0.01,0.4107142857142857,0.92,0.5647921760391198
ML-KEM-512,2222,0.8,0.1,0.1,1.0,0.05,0.37272727272727274,0.9371428571428572,0.6748166259168704
ML-KEM-512,2222,0.8,0.1,0.1,1.0,0.1,0.3565217391304348,0.9371428571428572,0.7237163814180929
ML-KEM-512,2222,0.8,0.1,0.1,1.0,0.2,0.351931330472103,0.9371428571428572,0.7383863080684596
ML-KEM-512,2222,0.8,0.1,0.1,1.25,0.01,0.456,0.32571428571428573,0.16625916870415647
ML-KEM-512,2222,0.8,0.1,0.1,1.25,0.05,0.456,0.32571428571428573,0.16625916870415647
ML-KEM-512,2222,0.8,0.1,0.1,1.25,0.1,0.456,0.32571428571428573,0.16625916870415647
ML-KEM-512,2222,0.8,0.1,0.1,1.25,0.2,0.456,0.32571428571428573,0.16625916870415647
ML-KEM-512,2222,0.8,0.1,0.1,1.5,0.01,0.456,0.32571428571428573,0.16625916870415647
ML-KEM-512,2222,0.8,0.1,0.1,1.5,0.05,0.456,0.32571428571428573,0.16625916870415647
ML-KEM-512,2222,0.8,0.1,0.1,1.5,0.1,0.456,0.32571428571428573,0.16625916870415647
ML-KEM-512,2222,0.8,0.1,0.1,1.5,0.2,0.456,0.32571428571428573,0.16625916870415647
ML-KEM-512,2222,0.8,0.1,0.1,2.0,0.01,0.44715447154471544,0.3142857142857143,0.16625916870415647
ML-KEM-512,2222,0.8,0.1,0.1,2.0,0.05,0.44715447154471544,0.3142857142857143,0.16625916870415647
ML-KEM-512,2222,0.8,0.1,0.1,2.0,0.1,0.44715447154471544,0.3142857142857143,0.16625916870415647
ML-KEM-512,2222,0.8,0.1,0.1,2.0,0.2,0.44715447154471544,0.3142857142857143,0.16625916870415647
ML-KEM-512,2222,0.8,0.1,0.1,3.0,0.01,0.4380165289256198,0.3028571428571429,0.16625916870415647
ML-KEM-512,2222,0.8,0.1,0.1,3.0,0.05,0.4380165289256198,0.3028571428571429,0.16625916870415647
ML-KEM-512,2222,0.8,0.1,0.1,3.0,0.1,0.4380165289256198,0.3028571428571429,0.16625916870415647
ML-KEM-512,2222,0.8,0.1,0.1,3.0,0.2,0.4380165289256198,0.3028571428571429,0.16625916870415647
ML-KEM-512,2222,0.8,0.1,0.1,5.0,0.01,0.43333333333333335,0.29714285714285715,0.16625916870415647
ML-KEM-512,2222,0.8,0.1,0.1,5.0,0.05,0.43333333333333335,0.29714285714285715,0.16625916870415647
ML-KEM-512,2222,0.8,0.1,0.1,5.0,0.1,0.43333333333333335,0.29714285714285715,0.16625916870415647
ML-KEM-512,2222,0.8,0.1,0.1,5.0,0.2,0.43333333333333335,0.29714285714285715,0.16625916870415647
ML-KEM-512,3333,0.33,0.33,0.33,1.0,0.01,0.9056603773584906,0.2742857142857143,0.012224938875305624
ML-KEM-512,3333,0.33,0.33,0.33,1.0,0.05,0.8596491228070176,0.28,0.019559902200488997
ML-KEM-512,3333,0.33,0.33,0.33,1.0,0.1,0.40792540792540793,1.0,0.6210268948655256
ML-KEM-512,3333,0.33,0.33,0.33,1.0,0.2,0.4050925925925926,1.0,0.628361858190709
ML-KEM-512,3333,0.33,0.33,0.33,1.25,0.01,0.9215686274509803,0.26857142857142857,0.009779951100244499
ML-KEM-512,3333,0.33,0.33,0.33,1.25,0.05,0.9215686274509803,0.26857142857142857,0.009779951100244499
ML-KEM-512,3333,0.33,0.33,0.33,1.25,0.1,0.9444444444444444,0.19428571428571428,0.004889975550122249
ML-KEM-512,3333,0.33,0.33,0.33,1.25,0.2,0.9714285714285714,0.19428571428571428,0.0024449877750611247
ML-KEM-512,3333,0.33,0.33,0.33,1.5,0.01,0.9714285714285714,0.19428571428571428,0.0024449877750611247
ML-KEM-512,3333,0.33,0.33,0.33,1.5,0.05,0.9714285714285714,0.19428571428571428,0.0024449877750611247
ML-KEM-512,3333,0.33,0.33,0.33,1.5,0.1,0.9714285714285714,0.19428571428571428,0.0024449877750611247
ML-KEM-512,3333,0.33,0.33,0.33,1.5,0.2,0.9714285714285714,0.19428571428571428,0.0024449877750611247
ML-KEM-512,3333,0.33,0.33,0.33,2.0,0.01,0.9714285714285714,0.19428571428571428,0.0024449877750611247
ML-KEM-512,3333,0.33,0.33,0.33,2.0,0.05,0.9714285714285714,0.19428571428571428,0.0024449877750611247
ML-KEM-512,3333,0.33,0.33,0.33,2.0,0.1,0.9714285714285714,0.19428571428571428,0.0024449877750611247
ML-KEM-512,3333,0.33,0.33,0.33,2.0,0.2,0.9714285714285714,0.19428571428571428,0.0024449877750611247
ML-KEM-512,3333,0.33,0.33,0.33,3.0,0.01,0.9714285714285714,0.19428571428571428,0.0024449877750611247
ML-KEM-512,3333,0.33,0.33,0.33,3.0,0.05,0.9714285714285714,0.19428571428571428,0.0024449877750611247
ML-KEM-512,3333,0.33,0.33,0.33,3.0,0.1,0.9714285714285714,0.19428571428571428,0.0024449877750611247
ML-KEM-512,3333,0.33,0.33,0.33,3.0,0.2,0.9714285714285714,0.19428571428571428,0.0024449877750611247
ML-KEM-512,3333,0.33,0.33,0.33,5.0,0.01,0.9714285714285714,0.19428571428571428,0.0024449877750611247
ML-KEM-512,3333,0.33,0.33,0.33,5.0,0.05,0.9714285714285714,0.19428571428571428,0.0024449877750611247
ML-KEM-512,3333,0.33,0.33,0.33,5.0,0.1,0.9714285714285714,0.19428571428571428,0.0024449877750611247
ML-KEM-512,3333,0.33,0.33,0.33,5.0,0.2,0.9714285714285714,0.19428571428571428,0.0024449877750611247
ML-KEM-512,3333,0.6,0.2,0.2,1.0,0.01,0.8833333333333333,0.3028571428571429,0.017114914425427872
ML-KEM-512,3333,0.6,0.2,0.2,1.0,0.05,0.8833333333333333,0.3028571428571429,0.017114914425427872
ML-KEM-512,3333,0.6,0.2,0.2,1.0,0.1,0.41037735849056606,0.9942857142857143,0.6112469437652812
ML-KEM-512,3333,0.6,0.2,0.2,1.0,0.2,0.4046511627906977,0.9942857142857143,0.6259168704156479
ML-KEM-512,3333,0.6,0.2,0.2,1.25,0.01,0.9090909090909091,0.2857142857142857,0.012224938875305624
ML-KEM-512,3333,0.6,0.2,0.2,1.25,0.05,0.9090909090909091,0.2857142857142857,0.012224938875305624
ML-KEM-512,3333,0.6,0.2,0.2,1.25,0.1,0.9090909090909091,0.2857142857142857,0.012224938875305624
ML-KEM-512,3333,0.6,0.2,0.2,1.25,0.2,0.9090909090909091,0.2857142857142857,0.012224938875305624
ML-KEM-512,3333,0.6,0.2,0.2,1.5,0.01,0.9090909090909091,0.2857142857142857,0.012224938875305624
ML-KEM-512,3333,0.6,0.2,0.2,1.5,0.05,0.9090909090909091,0.2857142857142857,0.012224938875305624
ML-KEM-512,3333,0.6,0.2,0.2,1.5,0.1,0.9090909090909091,0.2857142857142857,0.012224938875305624
ML-KEM-512,3333,0.6,0.2,0.2,1.5,0.2,0.9090909090909091,0.2857142857142857,0.012224938875305624
ML-KEM-512,3333,0.6,0.2,0.2,2.0,0.01,0.9444444444444444,0.19428571428571428,0.004889975550122249
ML-KEM-512,3333,0.6,0.2,0.2,2.0,0.05,0.9444444444444444,0.19428571428571428,0.004889975550122249
ML-KEM-512,3333,0.6,0.2,0.2,2.0,0.1,0.9444444444444444,0.19428571428571428,0.004889975550122249
ML-KEM-512,3333,0.6,0.2,0.2,2.0,0.2,0.9444444444444444,0.19428571428571428,0.004889975550122249
ML-KEM-512,3333,0.6,0.2,0.2,3.0,0.01,0.9444444444444444,0.19428571428571428,0.004889975550122249
ML-KEM-512,3333,0.6,0.2,0.2,3.0,0.05,0.9444444444444444,0.19428571428571428,0.004889975550122249
ML-KEM-512,3333,0.6,0.2,0.2,3.0,0.1,0.9444444444444444,0.19428571428571428,0.004889975550122249
ML-KEM-512,3333,0.6,0.2,0.2,3.0,0.2,0.9444444444444444,0.19428571428571428,0.004889975550122249
ML-KEM-512,3333,0.6,0.2,0.2,5.0,0.01,0.9444444444444444,0.19428571428571428,0.004889975550122249
ML-KEM-512,3333,0.6,0.2,0.2,5.0,0.05,0.9444444444444444,0.19428571428571428,0.004889975550122249
ML-KEM-512,3333,0.6,0.2,0.2,5.0,0.1,0.9444444444444444,0.19428571428571428,0.004889975550122249
ML-KEM-512,3333,0.6,0.2,0.2,5.0,0.2,0.9444444444444444,0.19428571428571428,0.004889975550122249
ML-KEM-512,3333,0.2,0.6,0.2,1.0,0.01,0.7183098591549296,0.2914285714285714,0.0488997555012225
ML-KEM-512,3333,0.2,0.6,0.2,1.0,0.05,0.42168674698795183,1.0,0.58679706601467
ML-KEM-512,3333,0.2,0.6,0.2,1.0,0.1,0.40045766590389015,1.0,0.6405867970660146
ML-KEM-512,3333,0.2,0.6,0.2,1.0,0.2,0.40045766590389015,1.0,0.6405867970660146
ML-KEM-512,3333,0.2,0.6,0.2,1.25,0.01,0.8333333333333334,0.2857142857142857,0.02444987775061125
ML-KEM-512,3333,0.2,0.6,0.2,1.25,0.05,0.8225806451612904,0.2914285714285714,0.02689486552567237
ML-KEM-512,3333,0.2,0.6,0.2,1.25,0.1,0.6710526315789473,0.2914285714285714,0.061124694376528114
ML-KEM-512,3333,0.2,0.6,0.2,1.25,0.2,0.6710526315789473,0.2914285714285714,0.061124694376528114
ML-KEM-512,3333,0.2,0.6,0.2,1.5,0.01,0.8333333333333334,0.2857142857142857,0.02444987775061125
ML-KEM-512,3333,0.2,0.6,0.2,1.5,0.05,0.8333333333333334,0.2857142857142857,0.02444987775061125
ML-KEM-512,3333,0.2,0.6,0.2,1.5,0.1,0.8333333333333334,0.2857142857142857,0.02444987775061125
ML-KEM-512,3333,0.2,0.6,0.2,1.5,0.2,0.8333333333333334,0.2857142857142857,0.02444987775061125
ML-KEM-512,3333,0.2,0.6,0.2,2.0,0.01,0.8245614035087719,0.26857142857142857,0.02444987775061125
ML-KEM-512,3333,0.2,0.6,0.2,2.0,0.05,0.8245614035087719,0.26857142857142857,0.02444987775061125
ML-KEM-512,3333,0.2,0.6,0.2,2.0,0.1,0.8245614035087719,0.26857142857142857,0.02444987775061125
ML-KEM-512,3333,0.2,0.6,0.2,2.0,0.2,0.8245614035087719,0.26857142857142857,0.02444987775061125
ML-KEM-512,3333,0.2,0.6,0.2,3.0,0.01,0.8181818181818182,0.2571428571428571,0.02444987775061125
ML-KEM-512,3333,0.2,0.6,0.2,3.0,0.05,0.8181818181818182,0.2571428571428571,0.02444987775061125
ML-KEM-512,3333,0.2,0.6,0.2,3.0,0.1,0.8214285714285714,0.26285714285714284,0.02444987775061125
ML-KEM-512,3333,0.2,0.6,0.2,3.0,0.2,0.8214285714285714,0.26285714285714284,0.02444987775061125
ML-KEM-512,3333,0.2,0.6,0.2,5.0,0.01,0.7872340425531915,0.21142857142857144,0.02444987775061125
ML-KEM-512,3333,0.2,0.6,0.2,5.0,0.05,0.8,0.22857142857142856,0.02444987775061125
ML-KEM-512,3333,0.2,0.6,0.2,5.0,0.1,0.8,0.22857142857142856,0.02444987775061125
ML-KEM-512,3333,0.2,0.6,0.2,5.0,0.2,0.8,0.22857142857142856,0.02444987775061125
ML-KEM-512,3333,0.2,0.2,0.6,1.0,0.01,1.0,0.1657142857142857,0.0
ML-KEM-512,3333,0.2,0.2,0.6,1.0,0.05,1.0,0.1657142857142857,0.0
ML-KEM-512,3333,0.2,0.2,0.6,1.0,0.1,1.0,0.1657142857142857,0.0
ML-KEM-512,3333,0.2,0.2,0.6,1.0,0.2,1.0,0.1657142857142857,0.0
ML-KEM-512,3333,0.2,0.2,0.6,1.25,0.01,1.0,0.1657142857142857,0.0
ML-KEM-512,3333,0.2,0.2,0.6,1.25,0.05,1.0,0.1657142857142857,0.0
ML-KEM-512,3333,0.2,0.2,0.6,1.25,0.1,1.0,0.1657142857142857,0.0
ML-KEM-512,3333,0.2,0.2,0.6,1.25,0.2,1.0,0.1657142857142857,0.0
ML-KEM-512,3333,0.2,0.2,0.6,1.5,0.01,1.0,0.1657142857142857,0.0
ML-KEM-512,3333,0.2,0.2,0.6,1.5,0.05,1.0,0.1657142857142857,0.0
ML-KEM-512,3333,0.2,0.2,0.6,1.5,0.1,1.0,0.1657142857142857,0.0
ML-KEM-512,3333,0.2,0.2,0.6,1.5,0.2,1.0,0.1657142857142857,0.0
ML-KEM-512,3333,0.2,0.2,0.6,2.0,0.01,1.0,0.1657142857142857,0.0
ML-KEM-512,3333,0.2,0.2,0.6,2.0,0.05,1.0,0.1657142857142857,0.0
ML-KEM-512,3333,0.2,0.2,0.6,2.0,0.1,1.0,0.1657142857142857,0.0
ML-KEM-512,3333,0.2,0.2,0.6,2.0,0.2,1.0,0.1657142857142857,0.0
ML-KEM-512,3333,0.2,0.2,0.6,3.0,0.01,1.0,0.1657142857142857,0.0
ML-KEM-512,3333,0.2,0.2,0.6,3.0,0.05,1.0,0.1657142857142857,0.0
ML-KEM-512,3333,0.2,0.2,0.6,3.0,0.1,1.0,0.1657142857142857,0.0
ML-KEM-512,3333,0.2,0.2,0.6,3.0,0.2,1.0,0.1657142857142857,0.0
ML-KEM-512,3333,0.2,0.2,0.6,5.0,0.01,1.0,0.1657142857142857,0.0
ML-KEM-512,3333,0.2,0.2,0.6,5.0,0.05,1.0,0.1657142857142857,0.0
ML-KEM-512,3333,0.2,0.2,0.6,5.0,0.1,1.0,0.1657142857142857,0.0
ML-KEM-512,3333,0.2,0.2,0.6,5.0,0.2,1.0,0.1657142857142857,0.0
ML-KEM-512,3333,0.8,0.1,0.1,1.0,0.01,0.8939393939393939,0.33714285714285713,0.017114914425427872
ML-KEM-512,3333,0.8,0.1,0.1,1.0,0.05,0.8676470588235294,0.33714285714285713,0.022004889975550123
ML-KEM-512,3333,0.8,0.1,0.1,1.0,0.1,0.4213075060532688,0.9942857142857143,0.5843520782396088
ML-KEM-512,3333,0.8,0.1,0.1,1.0,0.2,0.41626794258373206,0.9942857142857143,0.5965770171149144
ML-KEM-512,3333,0.8,0.1,0.1,1.25,0.01,0.9166666666666666,0.3142857142857143,0.012224938875305624
ML-KEM-512,3333,0.8,0.1,0.1,1.25,0.05,0.9166666666666666,0.3142857142857143,0.012224938875305624
ML-KEM-512,3333,0.8,0.1,0.1,1.25,0.1,0.9166666666666666,0.3142857142857143,0.012224938875305624
ML-KEM-512,3333,0.8,0.1,0.1,1.25,0.2,0.9166666666666666,0.3142857142857143,0.012224938875305624
ML-KEM-512,3333,0.8,0.1,0.1,1.5,0.01,0.9107142857142857,0.2914285714285714,0.012224938875305624
ML-KEM-512,3333,0.8,0.1,0.1,1.5,0.05,0.9107142857142857,0.2914285714285714,0.012224938875305624
ML-KEM-512,3333,0.8,0.1,0.1,1.5,0.1,0.9107142857142857,0.2914285714285714,0.012224938875305624
ML-KEM-512,3333,0.8,0.1,0.1,1.5,0.2,0.9107142857142857,0.2914285714285714,0.012224938875305624
ML-KEM-512,3333,0.8,0.1,0.1,2.0,0.01,0.8947368421052632,0.19428571428571428,0.009779951100244499
ML-KEM-512,3333,0.8,0.1,0.1,2.0,0.05,0.9459459459459459,0.2,0.004889975550122249
ML-KEM-512,3333,0.8,0.1,0.1,2.0,0.1,0.9459459459459459,0.2,0.004889975550122249
ML-KEM-512,3333,0.8,0.1,0.1,2.0,0.2,0.9459459459459459,0.2,0.004889975550122249
ML-KEM-512,3333,0.8,0.1,0.1,3.0,0.01,0.9459459459459459,0.2,0.004889975550122249
ML-KEM-512,3333,0.8,0.1,0.1,3.0,0.05,0.9459459459459459,0.2,0.004889975550122249
ML-KEM-512,3333,0.8,0.1,0.1,3.0,0.1,0.9459459459459459,0.2,0.004889975550122249
ML-KEM-512,3333,0.8,0.1,0.1,3.0,0.2,0.9459459459459459,0.2,0.004889975550122249
ML-KEM-512,3333,0.8,0.1,0.1,5.0,0.01,0.9459459459459459,0.2,0.004889975550122249
ML-KEM-512,3333,0.8,0.1,0.1,5.0,0.05,0.9459459459459459,0.2,0.004889975550122249
ML-KEM-512,3333,0.8,0.1,0.1,5.0,0.1,0.9459459459459459,0.2,0.004889975550122249
ML-KEM-512,3333,0.8,0.1,0.1,5.0,0.2,0.9459459459459459,0.2,0.004889975550122249
ML-DSA-44,42,0.33,0.33,0.33,1.0,0.01,1.0,0.35428571428571426,0.0
ML-DSA-44,42,0.33,0.33,0.33,1.0,0.05,1.0,0.35428571428571426,0.0
ML-DSA-44,42,0.33,0.33,0.33,1.0,0.1,1.0,0.35428571428571426,0.0
ML-DSA-44,42,0.33,0.33,0.33,1.0,0.2,1.0,0.35428571428571426,0.0
ML-DSA-44,42,0.33,0.33,0.33,1.25,0.01,1.0,0.35428571428571426,0.0
ML-DSA-44,42,0.33,0.33,0.33,1.25,0.05,1.0,0.35428571428571426,0.0
ML-DSA-44,42,0.33,0.33,0.33,1.25,0.1,1.0,0.35428571428571426,0.0
ML-DSA-44,42,0.33,0.33,0.33,1.25,0.2,1.0,0.35428571428571426,0.0
ML-DSA-44,42,0.33,0.33,0.33,1.5,0.01,1.0,0.35428571428571426,0.0
ML-DSA-44,42,0.33,0.33,0.33,1.5,0.05,1.0,0.35428571428571426,0.0
ML-DSA-44,42,0.33,0.33,0.33,1.5,0.1,1.0,0.35428571428571426,0.0
ML-DSA-44,42,0.33,0.33,0.33,1.5,0.2,1.0,0.35428571428571426,0.0
ML-DSA-44,42,0.33,0.33,0.33,2.0,0.01,1.0,0.35428571428571426,0.0
ML-DSA-44,42,0.33,0.33,0.33,2.0,0.05,1.0,0.35428571428571426,0.0
ML-DSA-44,42,0.33,0.33,0.33,2.0,0.1,1.0,0.35428571428571426,0.0
ML-DSA-44,42,0.33,0.33,0.33,2.0,0.2,1.0,0.35428571428571426,0.0
ML-DSA-44,42,0.33,0.33,0.33,3.0,0.01,1.0,0.35428571428571426,0.0
ML-DSA-44,42,0.33,0.33,0.33,3.0,0.05,1.0,0.35428571428571426,0.0
ML-DSA-44,42,0.33,0.33,0.33,3.0,0.1,1.0,0.35428571428571426,0.0
ML-DSA-44,42,0.33,0.33,0.33,3.0,0.2,1.0,0.35428571428571426,0.0
ML-DSA-44,42,0.33,0.33,0.33,5.0,0.01,1.0,0.35428571428571426,0.0
ML-DSA-44,42,0.33,0.33,0.33,5.0,0.05,1.0,0.35428571428571426,0.0
ML-DSA-44,42,0.33,0.33,0.33,5.0,0.1,1.0,0.35428571428571426,0.0
ML-DSA-44,42,0.33,0.33,0.33,5.0,0.2,1.0,0.35428571428571426,0.0
ML-DSA-44,42,0.6,0.2,0.2,1.0,0.01,0.35306122448979593,0.9885714285714285,0.7750611246943765
ML-DSA-44,42,0.6,0.2,0.2,1.0,0.05,0.3405511811023622,0.9885714285714285,0.8190709046454768
ML-DSA-44,42,0.6,0.2,0.2,1.0,0.1,0.3359223300970874,0.9885714285714285,0.8361858190709046
ML-DSA-44,42,0.6,0.2,0.2,1.0,0.2,0.3359223300970874,0.9885714285714285,0.8361858190709046
ML-DSA-44,42,0.6,0.2,0.2,1.25,0.01,0.5182724252491694,0.8914285714285715,0.3545232273838631
ML-DSA-44,42,0.6,0.2,0.2,1.25,0.05,0.4984025559105431,0.8914285714285715,0.38386308068459657
ML-DSA-44,42,0.6,0.2,0.2,1.25,0.1,0.49038461538461536,0.8742857142857143,0.38875305623471884
ML-DSA-44,42,0.6,0.2,0.2,1.25,0.2,0.4919614147909968,0.8742857142857143,0.3863080684596577
ML-DSA-44,42,0.6,0.2,0.2,1.5,0.01,0.6436781609195402,0.64,0.15158924205378974
ML-DSA-44,42,0.6,0.2,0.2,1.5,0.05,0.6470588235294118,0.6285714285714286,0.1466992665036675
ML-DSA-44,42,0.6,0.2,0.2,1.5,0.1,0.631578947368421,0.6171428571428571,0.15403422982885084
ML-DSA-44,42,0.6,0.2,0.2,1.5,0.2,0.6228571428571429,0.6228571428571429,0.16136919315403422
ML-DSA-44,42,0.6,0.2,0.2,2.0,0.01,0.7333333333333333,0.18857142857142858,0.029339853300733496
ML-DSA-44,42,0.6,0.2,0.2,2.0,0.05,0.7272727272727273,0.18285714285714286,0.029339853300733496
ML-DSA-44,42,0.6,0.2,0.2,2.0,0.1,0.8,0.18285714285714286,0.019559902200488997
ML-DSA-44,42,0.6,0.2,0.2,2.0,0.2,0.8,0.18285714285714286,0.019559902200488997
ML-DSA-44,42,0.6,0.2,0.2,3.0,0.01,0.8205128205128205,0.18285714285714286,0.017114914425427872
ML-DSA-44,42,0.6,0.2,0.2,3.0,0.05,0.8421052631578947,0.18285714285714286,0.014669926650366748
ML-DSA-44,42,0.6,0.2,0.2,3.0,0.1,0.8421052631578947,0.18285714285714286,0.014669926650366748
ML-DSA-44,42,0.6,0.2,0.2,3.0,0.2,0.8421052631578947,0.18285714285714286,0.014669926650366748
ML-DSA-44,42,0.6,0.2,0.2,5.0,0.01,0.8421052631578947,0.18285714285714286,0.014669926650366748
ML-DSA-44,42,0.6,0.2,0.2,5.0,0.05,0.8421052631578947,0.18285714285714286,0.014669926650366748
ML-DSA-44,42,0.6,0.2,0.2,5.0,0.1,0.8421052631578947,0.18285714285714286,0.014669926650366748
ML-DSA-44,42,0.6,0.2,0.2,5.0,0.2,0.8421052631578947,0.18285714285714286,0.014669926650366748
ML-DSA-44,42,0.2,0.6,0.2,1.0,0.01,1.0,0.4228571428571429,0.0
ML-DSA-44,42,0.2,0.6,0.2,1.0,0.05,1.0,0.4228571428571429,0.0
ML-DSA-44,42,0.2,0.6,0.2,1.0,0.1,1.0,0.4228571428571429,0.0
ML-DSA-44,42,0.2,0.6,0.2,1.0,0.2,1.0,0.4228571428571429,0.0
ML-DSA-44,42,0.2,0.6,0.2,1.25,0.01,1.0,0.4228571428571429,0.0
ML-DSA-44,42,0.2,0.6,0.2,1.25,0.05,1.0,0.4228571428571429,0.0
ML-DSA-44,42,0.2,0.6,0.2,1.25,0.1,1.0,0.4228571428571429,0.0
ML-DSA-44,42,0.2,0.6,0.2,1.25,0.2,1.0,0.4228571428571429,0.0
ML-DSA-44,42,0.2,0.6,0.2,1.5,0.01,1.0,0.4228571428571429,0.0
ML-DSA-44,42,0.2,0.6,0.2,1.5,0.05,1.0,0.4228571428571429,0.0
ML-DSA-44,42,0.2,0.6,0.2,1.5,0.1,1.0,0.4228571428571429,0.0
ML-DSA-44,42,0.2,0.6,0.2,1.5,0.2,1.0,0.4228571428571429,0.0
ML-DSA-44,42,0.2,0.6,0.2,2.0,0.01,1.0,0.4228571428571429,0.0
ML-DSA-44,42,0.2,0.6,0.2,2.0,0.05,1.0,0.4228571428571429,0.0
ML-DSA-44,42,0.2,0.6,0.2,2.0,0.1,1.0,0.4228571428571429,0.0
ML-DSA-44,42,0.2,0.6,0.2,2.0,0.2,1.0,0.4228571428571429,0.0
ML-DSA-44,42,0.2,0.6,0.2,3.0,0.01,1.0,0.4228571428571429,0.0
ML-DSA-44,42,0.2,0.6,0.2,3.0,0.05,1.0,0.4228571428571429,0.0
ML-DSA-44,42,0.2,0.6,0.2,3.0,0.1,1.0,0.4228571428571429,0.0
ML-DSA-44,42,0.2,0.6,0.2,3.0,0.2,1.0,0.4228571428571429,0.0
ML-DSA-44,42,0.2,0.6,0.2,5.0,0.01,1.0,0.4228571428571429,0.0
ML-DSA-44,42,0.2,0.6,0.2,5.0,0.05,1.0,0.4228571428571429,0.0
ML-DSA-44,42,0.2,0.6,0.2,5.0,0.1,1.0,0.4228571428571429,0.0
ML-DSA-44,42,0.2,0.6,0.2,5.0,0.2,1.0,0.4228571428571429,0.0
ML-DSA-44,42,0.2,0.2,0.6,1.0,0.01,1.0,0.2571428571428571,0.0
ML-DSA-44,42,0.2,0.2,0.6,1.0,0.05,1.0,0.2571428571428571,0.0
ML-DSA-44,42,0.2,0.2,0.6,1.0,0.1,1.0,0.2571428571428571,0.0
ML-DSA-44,42,0.2,0.2,0.6,1.0,0.2,1.0,0.2571428571428571,0.0
ML-DSA-44,42,0.2,0.2,0.6,1.25,0.01,1.0,0.2571428571428571,0.0
ML-DSA-44,42,0.2,0.2,0.6,1.25,0.05,1.0,0.2571428571428571,0.0
ML-DSA-44,42,0.2,0.2,0.6,1.25,0.1,1.0,0.2571428571428571,0.0
ML-DSA-44,42,0.2,0.2,0.6,1.25,0.2,1.0,0.2571428571428571,0.0
ML-DSA-44,42,0.2,0.2,0.6,1.5,0.01,1.0,0.2571428571428571,0.0
ML-DSA-44,42,0.2,0.2,0.6,1.5,0.05,1.0,0.2571428571428571,0.0
ML-DSA-44,42,0.2,0.2,0.6,1.5,0.1,1.0,0.2571428571428571,0.0
ML-DSA-44,42,0.2,0.2,0.6,1.5,0.2,1.0,0.2571428571428571,0.0
ML-DSA-44,42,0.2,0.2,0.6,2.0,0.01,1.0,0.2571428571428571,0.0
ML-DSA-44,42,0.2,0.2,0.6,2.0,0.05,1.0,0.2571428571428571,0.0
ML-DSA-44,42,0.2,0.2,0.6,2.0,0.1,1.0,0.2571428571428571,0.0
ML-DSA-44,42,0.2,0.2,0.6,2.0,0.2,1.0,0.2571428571428571,0.0
ML-DSA-44,42,0.2,0.2,0.6,3.0,0.01,1.0,0.2571428571428571,0.0
ML-DSA-44,42,0.2,0.2,0.6,3.0,0.05,1.0,0.2571428571428571,0.0
ML-DSA-44,42,0.2,0.2,0.6,3.0,0.1,1.0,0.2571428571428571,0.0
ML-DSA-44,42,0.2,0.2,0.6,3.0,0.2,1.0,0.2571428571428571,0.0
ML-DSA-44,42,0.2,0.2,0.6,5.0,0.01,1.0,0.2571428571428571,0.0
ML-DSA-44,42,0.2,0.2,0.6,5.0,0.05,1.0,0.2571428571428571,0.0
ML-DSA-44,42,0.2,0.2,0.6,5.0,0.1,1.0,0.2571428571428571,0.0
ML-DSA-44,42,0.2,0.2,0.6,5.0,0.2,1.0,0.2571428571428571,0.0
ML-DSA-44,42,0.8,0.1,0.1,1.0,0.01,0.34462151394422313,0.9885714285714285,0.80440097799511
ML-DSA-44,42,0.8,0.1,0.1,1.0,0.05,0.33852140077821014,0.9942857142857143,0.8312958435207825
ML-DSA-44,42,0.8,0.1,0.1,1.0,0.1,0.33653846153846156,1.0,0.843520782396088
ML-DSA-44,42,0.8,0.1,0.1,1.0,0.2,0.33653846153846156,1.0,0.843520782396088
ML-DSA-44,42,0.8,0.1,0.1,1.25,0.01,0.4812286689419795,0.8057142857142857,0.37163814180929094
ML-DSA-44,42,0.8,0.1,0.1,1.25,0.05,0.46254071661237783,0.8114285714285714,0.4034229828850856
ML-DSA-44,42,0.8,0.1,0.1,1.25,0.1,0.459546925566343,0.8114285714285714,0.4083129584352078
ML-DSA-44,42,0.8,0.1,0.1,1.25,0.2,0.4560260586319218,0.8,0.4083129584352078
ML-DSA-44,42,0.8,0.1,0.1,1.5,0.01,0.5724137931034483,0.4742857142857143,0.15158924205378974
ML-DSA-44,42,0.8,0.1,0.1,1.5,0.05,0.5578231292517006,0.4685714285714286,0.15892420537897312
ML-DSA-44,42,0.8,0.1,0.1,1.5,0.1,0.5255474452554745,0.4114285714285714,0.15892420537897312
ML-DSA-44,42,0.8,0.1,0.1,1.5,0.2,0.5106382978723404,0.4114285714285714,0.1687041564792176
ML-DSA-44,42,0.8,0.1,0.1,2.0,0.01,0.44,0.12571428571428572,0.06845965770171149
ML-DSA-44,42,0.8,0.1,0.1,2.0,0.05,0.4489795918367347,0.12571428571428572,0.06601466992665037
ML-DSA-44,42,0.8,0.1,0.1,2.0,0.1,0.4489795918367347,0.12571428571428572,0.06601466992665037
ML-DSA-44,42,0.8,0.1,0.1,2.0,0.2,0.4489795918367347,0.12571428571428572,0.06601466992665037
ML-DSA-44,42,0.8,0.1,0.1,3.0,0.01,0.4146341463414634,0.09714285714285714,0.05867970660146699
ML-DSA-44,42,0.8,0.1,0.1,3.0,0.05,0.4146341463414634,0.09714285714285714,0.05867970660146699
ML-DSA-44,42,0.8,0.1,0.1,3.0,0.1,0.4146341463414634,0.09714285714285714,0.05867970660146699
ML-DSA-44,42,0.8,0.1,0.1,3.0,0.2,0.4146341463414634,0.09714285714285714,0.05867970660146699
ML-DSA-44,42,0.8,0.1,0.1,5.0,0.01,0.4146341463414634,0.09714285714285714,0.05867970660146699
ML-DSA-44,42,0.8,0.1,0.1,5.0,0.05,0.4146341463414634,0.09714285714285714,0.05867970660146699
ML-DSA-44,42,0.8,0.1,0.1,5.0,0.1,0.4146341463414634,0.09714285714285714,0.05867970660146699
ML-DSA-44,42,0.8,0.1,0.1,5.0,0.2,0.4146341463414634,0.09714285714285714,0.05867970660146699
ML-DSA-44,123,0.33,0.33,0.33,1.0,0.01,0.3830275229357798,0.9542857142857143,0.6577017114914425
ML-DSA-44,123,0.33,0.33,0.33,1.0,0.05,0.35281837160751567,0.9657142857142857,0.7579462102689487
ML-DSA-44,123,0.33,0.33,0.33,1.0,0.1,0.34419551934826886,0.9657142857142857,0.7872860635696821
ML-DSA-44,123,0.33,0.33,0.33,1.0,0.2,0.3420523138832998,0.9714285714285714,0.7995110024449877
ML-DSA-44,123,0.33,0.33,0.33,1.25,0.01,0.5714285714285714,0.8914285714285715,0.2860635696821516
ML-DSA-44,123,0.33,0.33,0.33,1.25,0.05,0.5587188612099644,0.8971428571428571,0.30317848410757947
ML-DSA-44,123,0.33,0.33,0.33,1.25,0.1,0.5528169014084507,0.8971428571428571,0.3105134474327628
ML-DSA-44,123,0.33,0.33,0.33,1.25,0.2,0.5528169014084507,0.8971428571428571,0.3105134474327628
ML-DSA-44,123,0.33,0.33,0.33,1.5,0.01,0.8620689655172413,0.14285714285714285,0.009779951100244499
ML-DSA-44,123,0.33,0.33,0.33,1.5,0.05,0.84,0.12,0.009779951100244499
ML-DSA-44,123,0.33,0.33,0.33,1.5,0.1,0.84,0.12,0.009779951100244499
ML-DSA-44,123,0.33,0.33,0.33,1.5,0.2,0.8787878787878788,0.1657142857142857,0.009779951100244499
ML-DSA-44,123,0.33,0.33,0.33,2.0,0.01,0.9090909090909091,0.17142857142857143,0.007334963325183374
ML-DSA-44,123,0.33,0.33,0.33,2.0,0.05,0.9090909090909091,0.17142857142857143,0.007334963325183374
ML-DSA-44,123,0.33,0.33,0.33,2.0,0.1,0.9090909090909091,0.17142857142857143,0.007334963325183374
ML-DSA-44,123,0.33,0.33,0.33,2.0,0.2,0.9090909090909091,0.17142857142857143,0.007334963325183374
ML-DSA-44,123,0.33,0.33,0.33,3.0,0.01,0.9090909090909091,0.17142857142857143,0.007334963325183374
ML-DSA-44,123,0.33,0.33,0.33,3.0,0.05,0.9090909090909091,0.17142857142857143,0.007334963325183374
ML-DSA-44,123,0.33,0.33,0.33,3.0,0.1,0.9090909090909091,0.17142857142857143,0.007334963325183374
ML-DSA-44,123,0.33,0.33,0.33,3.0,0.2,0.9090909090909091,0.17142857142857143,0.007334963325183374
ML-DSA-44,123,0.33,0.33,0.33,5.0,0.01,0.9090909090909091,0.17142857142857143,0.007334963325183374
ML-DSA-44,123,0.33,0.33,0.33,5.0,0.05,0.9090909090909091,0.17142857142857143,0.007334963325183374
ML-DSA-44,123,0.33,0.33,0.33,5.0,0.1,0.9090909090909091,0.17142857142857143,0.007334963325183374
ML-DSA-44,123,0.33,0.33,0.33,5.0,0.2,0.9090909090909091,0.17142857142857143,0.007334963325183374
ML-DSA-44,123,0.6,0.2,0.2,1.0,0.01,0.3512396694214876,0.9714285714285714,0.7677261613691931
ML-DSA-44,123,0.6,0.2,0.2,1.0,0.05,0.34274193548387094,0.9714285714285714,0.7970660146699267
ML-DSA-44,123,0.6,0.2,0.2,1.0,0.1,0.3399602385685885,0.9771428571428571,0.8117359413202934
ML-DSA-44,123,0.6,0.2,0.2,1.0,0.2,0.3399602385685885,0.9771428571428571,0.8117359413202934
ML-DSA-44,123,0.6,0.2,0.2,1.25,0.01,0.5197132616487455,0.8285714285714286,0.3276283618581907
ML-DSA-44,123,0.6,0.2,0.2,1.25,0.05,0.5102040816326531,0.8571428571428571,0.35207823960880197
ML-DSA-44,123,0.6,0.2,0.2,1.25,0.1,0.48172757475083056,0.8285714285714286,0.38141809290953543
ML-DSA-44,123,0.6,0.2,0.2,1.25,0.2,0.48344370860927155,0.8342857142857143,0.38141809290953543
ML-DSA-44,123,0.6,0.2,0.2,1.5,0.01,0.6086956521739131,0.16,0.044009779951100246
ML-DSA-44,123,0.6,0.2,0.2,1.5,0.05,0.6303030303030303,0.5942857142857143,0.1491442542787286
ML-DSA-44,123,0.6,0.2,0.2,1.5,0.1,0.6050955414012739,0.5428571428571428,0.15158924205378974
ML-DSA-44,123,0.6,0.2,0.2,1.5,0.2,0.5629139072847682,0.4857142857142857,0.16136919315403422
ML-DSA-44,123,0.6,0.2,0.2,2.0,0.01,0.5416666666666666,0.07428571428571429,0.02689486552567237
ML-DSA-44,123,0.6,0.2,0.2,2.0,0.05,0.5652173913043478,0.07428571428571429,0.02444987775061125
ML-DSA-44,123,0.6,0.2,0.2,2.0,0.1,0.5652173913043478,0.07428571428571429,0.02444987775061125
ML-DSA-44,123,0.6,0.2,0.2,2.0,0.2,0.5652173913043478,0.07428571428571429,0.02444987775061125
ML-DSA-44,123,0.6,0.2,0.2,3.0,0.01,0.5909090909090909,0.07428571428571429,0.022004889975550123
ML-DSA-44,123,0.6,0.2,0.2,3.0,0.05,0.5909090909090909,0.07428571428571429,0.022004889975550123
ML-DSA-44,123,0.6,0.2,0.2,3.0,0.1,0.5909090909090909,0.07428571428571429,0.022004889975550123
ML-DSA-44,123,0.6,0.2,0.2,3.0,0.2,0.5909090909090909,0.07428571428571429,0.022004889975550123
ML-DSA-44,123,0.6,0.2,0.2,5.0,0.01,0.5909090909090909,0.07428571428571429,0.022004889975550123
ML-DSA-44,123,0.6,0.2,0.2,5.0,0.05,0.5909090909090909,0.07428571428571429,0.022004889975550123
ML-DSA-44,123,0.6,0.2,0.2,5.0,0.1,0.5909090909090909,0.07428571428571429,0.022004889975550123
ML-DSA-44,123,0.6,0.2,0.2,5.0,0.2,0.5909090909090909,0.07428571428571429,0.022004889975550123
ML-DSA-44,123,0.2,0.6,0.2,1.0,0.01,0.37585421412300685,0.9428571428571428,0.6699266503667481
ML-DSA-44,123,0.2,0.6,0.2,1.0,0.05,0.35913978494623655,0.9542857142857143,0.7286063569682152
ML-DSA-44,123,0.2,0.6,0.2,1.0,0.1,0.34285714285714286,0.96,0.7872860635696821
ML-DSA-44,123,0.2,0.6,0.2,1.0,0.2,0.3421588594704684,0.96,0.7897310513447433
ML-DSA-44,123,0.2,0.6,0.2,1.25,0.01,0.5505226480836237,0.9028571428571428,0.3154034229828851
ML-DSA-44,123,0.2,0.6,0.2,1.25,0.05,0.535593220338983,0.9028571428571428,0.33496332518337407
ML-DSA-44,123,0.2,0.6,0.2,1.25,0.1,0.5250836120401338,0.8971428571428571,0.3471882640586797
ML-DSA-44,123,0.2,0.6,0.2,1.25,0.2,0.5250836120401338,0.8971428571428571,0.3471882640586797
ML-DSA-44,123,0.2,0.6,0.2,1.5,0.01,0.6551724137931034,0.21714285714285714,0.0488997555012225
ML-DSA-44,123,0.2,0.6,0.2,1.5,0.05,0.676056338028169,0.8228571428571428,0.1687041564792176
ML-DSA-44,123,0.2,0.6,0.2,1.5,0.1,0.6697674418604651,0.8228571428571428,0.17359413202933985
ML-DSA-44,123,0.2,0.6,0.2,1.5,0.2,0.6697674418604651,0.8228571428571428,0.17359413202933985
ML-DSA-44,123,0.2,0.6,0.2,2.0,0.01,0.6538461538461539,0.09714285714285714,0.022004889975550123
ML-DSA-44,123,0.2,0.6,0.2,2.0,0.05,0.6153846153846154,0.09142857142857143,0.02444987775061125
ML-DSA-44,123,0.2,0.6,0.2,2.0,0.1,0.6153846153846154,0.09142857142857143,0.02444987775061125
ML-DSA-44,123,0.2,0.6,0.2,2.0,0.2,0.6153846153846154,0.09142857142857143,0.02444987775061125
ML-DSA-44,123,0.2,0.6,0.2,3.0,0.01,0.926829268292683,0.21714285714285714,0.007334963325183374
ML-DSA-44,123,0.2,0.6,0.2,3.0,0.05,0.926829268292683,0.21714285714285714,0.007334963325183374
ML-DSA-44,123,0.2,0.6,0.2,3.0,0.1,0.926829268292683,0.21714285714285714,0.007334963325183374
ML-DSA-44,123,0.2,0.6,0.2,3.0,0.2,0.926829268292683,0.21714285714285714,0.007334963325183374
ML-DSA-44,123,0.2,0.6,0.2,5.0,0.01,0.926829268292683,0.21714285714285714,0.007334963325183374
ML-DSA-44,123,0.2,0.6,0.2,5.0,0.05,0.926829268292683,0.21714285714285714,0.007334963325183374
ML-DSA-44,123,0.2,0.6,0.2,5.0,0.1,0.926829268292683,0.21714285714285714,0.007334963325183374
ML-DSA-44,123,0.2,0.6,0.2,5.0,0.2,0.926829268292683,0.21714285714285714,0.007334963325183374
ML-DSA-44,123,0.2,0.2,0.6,1.0,0.01,1.0,0.12,0.0
ML-DSA-44,123,0.2,0.2,0.6,1.0,0.05,1.0,0.12,0.0
ML-DSA-44,123,0.2,0.2,0.6,1.0,0.1,1.0,0.12,0.0
ML-DSA-44,123,0.2,0.2,0.6,1.0,0.2,1.0,0.12,0.0
ML-DSA-44,123,0.2,0.2,0.6,1.25,0.01,1.0,0.12,0.0
ML-DSA-44,123,0.2,0.2,0.6,1.25,0.05,1.0,0.12,0.0
ML-DSA-44,123,0.2,0.2,0.6,1.25,0.1,1.0,0.12,0.0
ML-DSA-44,123,0.2,0.2,0.6,1.25,0.2,1.0,0.12,0.0
ML-DSA-44,123,0.2,0.2,0.6,1.5,0.01,1.0,0.12,0.0
ML-DSA-44,123,0.2,0.2,0.6,1.5,0.05,1.0,0.12,0.0
ML-DSA-44,123,0.2,0.2,0.6,1.5,0.1,1.0,0.12,0.0
ML-DSA-44,123,0.2,0.2,0.6,1.5,0.2,1.0,0.12,0.0
ML-DSA-44,123,0.2,0.2,0.6,2.0,0.01,1.0,0.12,0.0
ML-DSA-44,123,0.2,0.2,0.6,2.0,0.05,1.0,0.12,0.0
ML-DSA-44,123,0.2,0.2,0.6,2.0,0.1,1.0,0.12,0.0
ML-DSA-44,123,0.2,0.2,0.6,2.0,0.2,1.0,0.12,0.0
ML-DSA-44,123,0.2,0.2,0.6,3.0,0.01,1.0,0.12,0.0
ML-DSA-44,123,0.2,0.2,0.6,3.0,0.05,1.0,0.12,0.0
ML-DSA-44,123,0.2,0.2,0.6,3.0,0.1,1.0,0.12,0.0
ML-DSA-44,123,0.2,0.2,0.6,3.0,0.2,1.0,0.12,0.0
ML-DSA-44,123,0.2,0.2,0.6,5.0,0.01,1.0,0.12,0.0
ML-DSA-44,123,0.2,0.2,0.6,5.0,0.05,1.0,0.12,0.0
ML-DSA-44,123,0.2,0.2,0.6,5.0,0.1,1.0,0.12,0.0
ML-DSA-44,123,0.2,0.2,0.6,5.0,0.2,1.0,0.12,0.0
ML-DSA-44,123,0.8,0.1,0.1,1.0,0.01,0.3490759753593429,0.9714285714285714,0.7750611246943765
ML-DSA-44,123,0.8,0.1,0.1,1.0,0.05,0.3433734939759036,0.9771428571428571,0.7995110024449877
ML-DSA-44,123,0.8,0.1,0.1,1.0,0.1,0.33861386138613864,0.9771428571428571,0.8166259168704156
ML-DSA-44,123,0.8,0.1,0.1,1.0,0.2,0.33861386138613864,0.9771428571428571,0.8166259168704156
ML-DSA-44,123,0.8,0.1,0.1,1.25,0.01,0.46236559139784944,0.7371428571428571,0.36674816625916873
ML-DSA-44,123,0.8,0.1,0.1,1.25,0.05,0.4523809523809524,0.76,0.39364303178484106
ML-DSA-44,123,0.8,0.1,0.1,1.25,0.1,0.4426229508196721,0.7714285714285715,0.4156479217603912
ML-DSA-44,123,0.8,0.1,0.1,1.25,0.2,0.4426229508196721,0.7714285714285715,0.4156479217603912
ML-DSA-44,123,0.8,0.1,0.1,1.5,0.01,0.5159235668789809,0.46285714285714286,0.18581907090464547
ML-DSA-44,123,0.8,0.1,0.1,1.5,0.05,0.4810126582278481,0.4342857142857143,0.20048899755501223
ML-DSA-44,123,0.8,0.1,0.1,1.5,0.1,0.47368421052631576,0.4114285714285714,0.19559902200489
ML-DSA-44,123,0.8,0.1,0.1,1.5,0.2,0.4533333333333333,0.38857142857142857,0.20048899755501223
ML-DSA-44,123,0.8,0.1,0.1,2.0,0.01,0.5909090909090909,0.14857142857142858,0.044009779951100246
ML-DSA-44,123,0.8,0.1,0.1,2.0,0.05,0.5652173913043478,0.14857142857142858,0.0488997555012225
ML-DSA-44,123,0.8,0.1,0.1,2.0,0.1,0.5652173913043478,0.14857142857142858,0.0488997555012225
ML-DSA-44,123,0.8,0.1,0.1,2.0,0.2,0.5652173913043478,0.14857142857142858,0.0488997555012225
ML-DSA-44,123,0.8,0.1,0.1,3.0,0.01,0.6097560975609756,0.14285714285714285,0.039119804400977995
ML-DSA-44,123,0.8,0.1,0.1,3.0,0.05,0.6097560975609756,0.14285714285714285,0.039119804400977995
ML-DSA-44,123,0.8,0.1,0.1,3.0,0.1,0.625,0.14285714285714285,0.03667481662591687
ML-DSA-44,123,0.8,0.1,0.1,3.0,0.2,0.625,0.14285714285714285,0.03667481662591687
ML-DSA-44,123,0.8,0.1,0.1,5.0,0.01,0.625,0.14285714285714285,0.03667481662591687
ML-DSA-44,123,0.8,0.1,0.1,5.0,0.05,0.625,0.14285714285714285,0.03667481662591687
ML-DSA-44,123,0.8,0.1,0.1,5.0,0.1,0.625,0.14285714285714285,0.03667481662591687
ML-DSA-44,123,0.8,0.1,0.1,5.0,0.2,0.625,0.14285714285714285,0.03667481662591687
ML-DSA-44,1001,0.33,0.33,0.33,1.0,0.01,0.9523809523809523,0.22857142857142856,0.004889975550122249
ML-DSA-44,1001,0.33,0.33,0.33,1.0,0.05,0.9523809523809523,0.22857142857142856,0.004889975550122249
ML-DSA-44,1001,0.33,0.33,0.33,1.0,0.1,0.9523809523809523,0.22857142857142856,0.004889975550122249
ML-DSA-44,1001,0.33,0.33,0.33,1.0,0.2,0.9523809523809523,0.22857142857142856,0.004889975550122249
ML-DSA-44,1001,0.33,0.33,0.33,1.25,0.01,0.9523809523809523,0.22857142857142856,0.004889975550122249
ML-DSA-44,1001,0.33,0.33,0.33,1.25,0.05,0.9523809523809523,0.22857142857142856,0.004889975550122249
ML-DSA-44,1001,0.33,0.33,0.33,1.25,0.1,0.9523809523809523,0.22857142857142856,0.004889975550122249
ML-DSA-44,1001,0.33,0.33,0.33,1.25,0.2,0.9523809523809523,0.22857142857142856,0.004889975550122249
ML-DSA-44,1001,0.33,0.33,0.33,1.5,0.01,0.9523809523809523,0.22857142857142856,0.004889975550122249
ML-DSA-44,1001,0.33,0.33,0.33,1.5,0.05,0.9523809523809523,0.22857142857142856,0.004889975550122249
ML-DSA-44,1001,0.33,0.33,0.33,1.5,0.1,0.9523809523809523,0.22857142857142856,0.004889975550122249
ML-DSA-44,1001,0.33,0.33,0.33,1.5,0.2,0.9523809523809523,0.22857142857142856,0.004889975550122249
ML-DSA-44,1001,0.33,0.33,0.33,2.0,0.01,0.9523809523809523,0.22857142857142856,0.004889975550122249
ML-DSA-44,1001,0.33,0.33,0.33,2.0,0.05,0.9523809523809523,0.22857142857142856,0.004889975550122249
ML-DSA-44,1001,0.33,0.33,0.33,2.0,0.1,0.9523809523809523,0.22857142857142856,0.004889975550122249
ML-DSA-44,1001,0.33,0.33,0.33,2.0,0.2,0.9523809523809523,0.22857142857142856,0.004889975550122249
ML-DSA-44,1001,0.33,0.33,0.33,3.0,0.01,0.9523809523809523,0.22857142857142856,0.004889975550122249
ML-DSA-44,1001,0.33,0.33,0.33,3.0,0.05,0.9523809523809523,0.22857142857142856,0.004889975550122249
ML-DSA-44,1001,0.33,0.33,0.33,3.0,0.1,0.9523809523809523,0.22857142857142856,0.004889975550122249
ML-DSA-44,1001,0.33,0.33,0.33,3.0,0.2,0.9523809523809523,0.22857142857142856,0.004889975550122249
ML-DSA-44,1001,0.33,0.33,0.33,5.0,0.01,0.9523809523809523,0.22857142857142856,0.004889975550122249
ML-DSA-44,1001,0.33,0.33,0.33,5.0,0.05,0.9523809523809523,0.22857142857142856,0.004889975550122249
ML-DSA-44,1001,0.33,0.33,0.33,5.0,0.1,0.9523809523809523,0.22857142857142856,0.004889975550122249
ML-DSA-44,1001,0.33,0.33,0.33,5.0,0.2,0.9523809523809523,0.22857142857142856,0.004889975550122249
ML-DSA-44,1001,0.6,0.2,0.2,1.0,0.01,0.3649789029535865,0.9885714285714285,0.7359413202933985
ML-DSA-44,1001,0.6,0.2,0.2,1.0,0.05,0.3564154786150713,1.0,0.7726161369193154
ML-DSA-44,1001,0.6,0.2,0.2,1.0,0.1,0.3514056224899598,1.0,0.7897310513447433
ML-DSA-44,1001,0.6,0.2,0.2,1.0,0.2,0.3514056224899598,1.0,0.7897310513447433
ML-DSA-44,1001,0.6,0.2,0.2,1.25,0.01,0.49079754601226994,0.9142857142857143,0.4058679706601467
ML-DSA-44,1001,0.6,0.2,0.2,1.25,0.05,0.4819277108433735,0.9142857142857143,0.42053789731051344
ML-DSA-44,1001,0.6,0.2,0.2,1.25,0.1,0.47058823529411764,0.9142857142857143,0.4400977995110024
ML-DSA-44,1001,0.6,0.2,0.2,1.25,0.2,0.47058823529411764,0.9142857142857143,0.4400977995110024
ML-DSA-44,1001,0.6,0.2,0.2,1.5,0.01,0.7441860465116279,0.18285714285714286,0.02689486552567237
ML-DSA-44,1001,0.6,0.2,0.2,1.5,0.05,0.717948717948718,0.16,0.02689486552567237
ML-DSA-44,1001,0.6,0.2,0.2,1.5,0.1,0.5466666666666666,0.4685714285714286,0.16625916870415647
ML-DSA-44,1001,0.6,0.2,0.2,1.5,0.2,0.5337837837837838,0.4514285714285714,0.1687041564792176
ML-DSA-44,1001,0.6,0.2,0.2,2.0,0.01,0.8214285714285714,0.13142857142857142,0.012224938875305624
ML-DSA-44,1001,0.6,0.2,0.2,2.0,0.05,0.8214285714285714,0.13142857142857142,0.012224938875305624
ML-DSA-44,1001,0.6,0.2,0.2,2.0,0.1,0.8214285714285714,0.13142857142857142,0.012224938875305624
ML-DSA-44,1001,0.6,0.2,0.2,2.0,0.2,0.8214285714285714,0.13142857142857142,0.012224938875305624
ML-DSA-44,1001,0.6,0.2,0.2,3.0,0.01,0.8214285714285714,0.13142857142857142,0.012224938875305624
ML-DSA-44,1001,0.6,0.2,0.2,3.0,0.05,0.8214285714285714,0.13142857142857142,0.012224938875305624
ML-DSA-44,1001,0.6,0.2,0.2,3.0,0.1,0.8214285714285714,0.13142857142857142,0.012224938875305624
ML-DSA-44,1001,0.6,0.2,0.2,3.0,0.2,0.8214285714285714,0.13142857142857142,0.012224938875305624
ML-DSA-44,1001,0.6,0.2,0.2,5.0,0.01,0.8214285714285714,0.13142857142857142,0.012224938875305624
ML-DSA-44,1001,0.6,0.2,0.2,5.0,0.05,0.8214285714285714,0.13142857142857142,0.012224938875305624
ML-DSA-44,1001,0.6,0.2,0.2,5.0,0.1,0.8214285714285714,0.13142857142857142,0.012224938875305624
ML-DSA-44,1001,0.6,0.2,0.2,5.0,0.2,0.8214285714285714,0.13142857142857142,0.012224938875305624
ML-DSA-44,1001,0.2,0.6,0.2,1.0,0.01,0.3938679245283019,0.9542857142857143,0.628361858190709
ML-DSA-44,1001,0.2,0.6,0.2,1.0,0.05,0.3786848072562358,0.9542857142857143,0.6699266503667481
ML-DSA-44,1001,0.2,0.6,0.2,1.0,0.1,0.3700440528634361,0.96,0.6992665036674817
ML-DSA-44,1001,0.2,0.6,0.2,1.0,0.2,0.3700440528634361,0.96,0.6992665036674817
ML-DSA-44,1001,0.2,0.6,0.2,1.25,0.01,0.547945205479452,0.9142857142857143,0.32273838630806845
ML-DSA-44,1001,0.2,0.6,0.2,1.25,0.05,0.517799352750809,0.9142857142857143,0.3643031784841076
ML-DSA-44,1001,0.2,0.6,0.2,1.25,0.1,0.5161290322580645,0.9142857142857143,0.36674816625916873
ML-DSA-44,1001,0.2,0.6,0.2,1.25,0.2,0.5162337662337663,0.9085714285714286,0.3643031784841076
ML-DSA-44,1001,0.2,0.6,0.2,1.5,0.01,0.680365296803653,0.8514285714285714,0.17114914425427874
ML-DSA-44,1001,0.2,0.6,0.2,1.5,0.05,0.6712328767123288,0.84,0.17603911980440098
ML-DSA-44,1001,0.2,0.6,0.2,1.5,0.1,0.6504424778761062,0.84,0.19315403422982885
ML-DSA-44,1001,0.2,0.6,0.2,1.5,0.2,0.6504424778761062,0.84,0.19315403422982885
ML-DSA-44,1001,0.2,0.6,0.2,2.0,0.01,0.7049180327868853,0.24571428571428572,0.044009779951100246
ML-DSA-44,1001,0.2,0.6,0.2,2.0,0.05,0.7049180327868853,0.24571428571428572,0.044009779951100246
ML-DSA-44,1001,0.2,0.6,0.2,2.0,0.1,0.7049180327868853,0.24571428571428572,0.044009779951100246
ML-DSA-44,1001,0.2,0.6,0.2,2.0,0.2,0.7049180327868853,0.24571428571428572,0.044009779951100246
ML-DSA-44,1001,0.2,0.6,0.2,3.0,0.01,0.7288135593220338,0.24571428571428572,0.039119804400977995
ML-DSA-44,1001,0.2,0.6,0.2,3.0,0.05,0.7288135593220338,0.24571428571428572,0.039119804400977995
ML-DSA-44,1001,0.2,0.6,0.2,3.0,0.1,0.7241379310344828,0.24,0.039119804400977995
ML-DSA-44,1001,0.2,0.6,0.2,3.0,0.2,0.7241379310344828,0.24,0.039119804400977995
ML-DSA-44,1001,0.2,0.6,0.2,5.0,0.01,0.7241379310344828,0.24,0.039119804400977995
ML-DSA-44,1001,0.2,0.6,0.2,5.0,0.05,0.673469387755102,0.18857142857142858,0.039119804400977995
ML-DSA-44,1001,0.2,0.6,0.2,5.0,0.1,0.6190476190476191,0.14857142857142858,0.039119804400977995
ML-DSA-44,1001,0.2,0.6,0.2,5.0,0.2,0.6097560975609756,0.14285714285714285,0.039119804400977995
ML-DSA-44,1001,0.2,0.2,0.6,1.0,0.01,1.0,0.17142857142857143,0.0
ML-DSA-44,1001,0.2,0.2,0.6,1.0,0.05,1.0,0.17142857142857143,0.0
ML-DSA-44,1001,0.2,0.2,0.6,1.0,0.1,1.0,0.17142857142857143,0.0
ML-DSA-44,1001,0.2,0.2,0.6,1.0,0.2,1.0,0.17142857142857143,0.0
ML-DSA-44,1001,0.2,0.2,0.6,1.25,0.01,1.0,0.17142857142857143,0.0
ML-DSA-44,1001,0.2,0.2,0.6,1.25,0.05,1.0,0.17142857142857143,0.0
ML-DSA-44,1001,0.2,0.2,0.6,1.25,0.1,1.0,0.17142857142857143,0.0
ML-DSA-44,1001,0.2,0.2,0.6,1.25,0.2,1.0,0.17142857142857143,0.0
ML-DSA-44,1001,0.2,0.2,0.6,1.5,0.01,1.0,0.17142857142857143,0.0
ML-DSA-44,1001,0.2,0.2,0.6,1.5,0.05,1.0,0.17142857142857143,0.0
ML-DSA-44,1001,0.2,0.2,0.6,1.5,0.1,1.0,0.17142857142857143,0.0
ML-DSA-44,1001,0.2,0.2,0.6,1.5,0.2,1.0,0.17142857142857143,0.0
ML-DSA-44,1001,0.2,0.2,0.6,2.0,0.01,1.0,0.17142857142857143,0.0
ML-DSA-44,1001,0.2,0.2,0.6,2.0,0.05,1.0,0.17142857142857143,0.0
ML-DSA-44,1001,0.2,0.2,0.6,2.0,0.1,1.0,0.17142857142857143,0.0
ML-DSA-44,1001,0.2,0.2,0.6,2.0,0.2,1.0,0.17142857142857143,0.0
ML-DSA-44,1001,0.2,0.2,0.6,3.0,0.01,1.0,0.17142857142857143,0.0
ML-DSA-44,1001,0.2,0.2,0.6,3.0,0.05,1.0,0.17142857142857143,0.0
ML-DSA-44,1001,0.2,0.2,0.6,3.0,0.1,1.0,0.17142857142857143,0.0
ML-DSA-44,1001,0.2,0.2,0.6,3.0,0.2,1.0,0.17142857142857143,0.0
ML-DSA-44,1001,0.2,0.2,0.6,5.0,0.01,1.0,0.17142857142857143,0.0
ML-DSA-44,1001,0.2,0.2,0.6,5.0,0.05,1.0,0.17142857142857143,0.0
ML-DSA-44,1001,0.2,0.2,0.6,5.0,0.1,1.0,0.17142857142857143,0.0
ML-DSA-44,1001,0.2,0.2,0.6,5.0,0.2,1.0,0.17142857142857143,0.0
ML-DSA-44,1001,0.8,0.1,0.1,1.0,0.01,0.35655737704918034,0.9942857142857143,0.7677261613691931
ML-DSA-44,1001,0.8,0.1,0.1,1.0,0.05,0.3515151515151515,0.9942857142857143,0.784841075794621
ML-DSA-44,1001,0.8,0.1,0.1,1.0,0.1,0.348,0.9942857142857143,0.7970660146699267
ML-DSA-44,1001,0.8,0.1,0.1,1.0,0.2,0.348,0.9942857142857143,0.7970660146699267
ML-DSA-44,1001,0.8,0.1,0.1,1.25,0.01,0.45714285714285713,0.8228571428571428,0.4180929095354523
ML-DSA-44,1001,0.8,0.1,0.1,1.25,0.05,0.45161290322580644,0.8,0.4156479217603912
ML-DSA-44,1001,0.8,0.1,0.1,1.25,0.1,0.44126984126984126,0.7942857142857143,0.43031784841075793
ML-DSA-44,1001,0.8,0.1,0.1,1.25,0.2,0.44089456869009586,0.7885714285714286,0.4278728606356968
ML-DSA-44,1001,0.8,0.1,0.1,1.5,0.01,0.503448275862069,0.41714285714285715,0.17603911980440098
ML-DSA-44,1001,0.8,0.1,0.1,1.5,0.05,0.4676258992805755,0.37142857142857144,0.18092909535452323
ML-DSA-44,1001,0.8,0.1,0.1,1.5,0.1,0.4233576642335766,0.3314285714285714,0.19315403422982885
ML-DSA-44,1001,0.8,0.1,0.1,1.5,0.2,0.4,0.30857142857142855,0.1980440097799511
ML-DSA-44,1001,0.8,0.1,0.1,2.0,0.01,0.6444444444444445,0.1657142857142857,0.039119804400977995
ML-DSA-44,1001,0.8,0.1,0.1,2.0,0.05,0.5714285714285714,0.11428571428571428,0.03667481662591687
ML-DSA-44,1001,0.8,0.1,0.1,2.0,0.1,0.5714285714285714,0.11428571428571428,0.03667481662591687
ML-DSA-44,1001,0.8,0.1,0.1,2.0,0.2,0.5833333333333334,0.12,0.03667481662591687
ML-DSA-44,1001,0.8,0.1,0.1,3.0,0.01,0.53125,0.09714285714285714,0.03667481662591687
ML-DSA-44,1001,0.8,0.1,0.1,3.0,0.05,0.53125,0.09714285714285714,0.03667481662591687
ML-DSA-44,1001,0.8,0.1,0.1,3.0,0.1,0.53125,0.09714285714285714,0.03667481662591687
ML-DSA-44,1001,0.8,0.1,0.1,3.0,0.2,0.53125,0.09714285714285714,0.03667481662591687
ML-DSA-44,1001,0.8,0.1,0.1,5.0,0.01,0.53125,0.09714285714285714,0.03667481662591687
ML-DSA-44,1001,0.8,0.1,0.1,5.0,0.05,0.53125,0.09714285714285714,0.03667481662591687
ML-DSA-44,1001,0.8,0.1,0.1,5.0,0.1,0.53125,0.09714285714285714,0.03667481662591687
ML-DSA-44,1001,0.8,0.1,0.1,5.0,0.2,0.53125,0.09714285714285714,0.03667481662591687
ML-DSA-44,2024,0.33,0.33,0.33,1.0,0.01,0.3717948717948718,0.9942857142857143,0.7188264058679706
ML-DSA-44,2024,0.33,0.33,0.33,1.0,0.05,0.3668763102725367,1.0,0.7383863080684596
ML-DSA-44,2024,0.33,0.33,0.33,1.0,0.1,0.35860655737704916,1.0,0.7652811735941321
ML-DSA-44,2024,0.33,0.33,0.33,1.0,0.2,0.35787321063394684,1.0,0.7677261613691931
ML-DSA-44,2024,0.33,0.33,0.33,1.25,0.01,0.5244299674267101,0.92,0.3569682151589242
ML-DSA-44,2024,0.33,0.33,0.33,1.25,0.05,0.5111111111111111,0.92,0.3765281173594132
ML-DSA-44,2024,0.33,0.33,0.33,1.25,0.1,0.5,0.92,0.39364303178484106
ML-DSA-44,2024,0.33,0.33,0.33,1.25,0.2,0.4984520123839009,0.92,0.3960880195599022
ML-DSA-44,2024,0.33,0.33,0.33,1.5,0.01,0.9830508474576272,0.3314285714285714,0.0024449877750611247
ML-DSA-44,2024,0.33,0.33,0.33,1.5,0.05,0.9830508474576272,0.3314285714285714,0.0024449877750611247
ML-DSA-44,2024,0.33,0.33,0.33,1.5,0.1,0.9830508474576272,0.3314285714285714,0.0024449877750611247
ML-DSA-44,2024,0.33,0.33,0.33,1.5,0.2,0.9830508474576272,0.3314285714285714,0.0024449877750611247
ML-DSA-44,2024,0.33,0.33,0.33,2.0,0.01,0.9830508474576272,0.3314285714285714,0.0024449877750611247
ML-DSA-44,2024,0.33,0.33,0.33,2.0,0.05,0.9830508474576272,0.3314285714285714,0.0024449877750611247
ML-DSA-44,2024,0.33,0.33,0.33,2.0,0.1,0.9830508474576272,0.3314285714285714,0.0024449877750611247
ML-DSA-44,2024,0.33,0.33,0.33,2.0,0.2,0.9830508474576272,0.3314285714285714,0.0024449877750611247
ML-DSA-44,2024,0.33,0.33,0.33,3.0,0.01,0.9830508474576272,0.3314285714285714,0.0024449877750611247
ML-DSA-44,2024,0.33,0.33,0.33,3.0,0.05,0.9830508474576272,0.3314285714285714,0.0024449877750611247
ML-DSA-44,2024,0.33,0.33,0.33,3.0,0.1,0.9830508474576272,0.3314285714285714,0.0024449877750611247
ML-DSA-44,2024,0.33,0.33,0.33,3.0,0.2,0.9830508474576272,0.3314285714285714,0.0024449877750611247
ML-DSA-44,2024,0.33,0.33,0.33,5.0,0.01,0.9830508474576272,0.3314285714285714,0.0024449877750611247
ML-DSA-44,2024,0.33,0.33,0.33,5.0,0.05,0.9830508474576272,0.3314285714285714,0.0024449877750611247
ML-DSA-44,2024,0.33,0.33,0.33,5.0,0.1,0.9830508474576272,0.3314285714285714,0.0024449877750611247
ML-DSA-44,2024,0.33,0.33,0.33,5.0,0.2,0.9830508474576272,0.3314285714285714,0.0024449877750611247
ML-DSA-44,2024,0.6,0.2,0.2,1.0,0.01,0.35610766045548653,0.9828571428571429,0.7603911980440098
ML-DSA-44,2024,0.6,0.2,0.2,1.0,0.05,0.354251012145749,1.0,0.7799511002444988
ML-DSA-44,2024,0.6,0.2,0.2,1.0,0.1,0.35070140280561124,1.0,0.7921760391198044
ML-DSA-44,2024,0.6,0.2,0.2,1.0,0.2,0.35070140280561124,1.0,0.7921760391198044
ML-DSA-44,2024,0.6,0.2,0.2,1.25,0.01,0.5,0.92,0.39364303178484106
ML-DSA-44,2024,0.6,0.2,0.2,1.25,0.05,0.49538461538461537,0.92,0.40097799511002447
ML-DSA-44,2024,0.6,0.2,0.2,1.25,0.1,0.48787878787878786,0.92,0.4132029339853301
ML-DSA-44,2024,0.6,0.2,0.2,1.25,0.2,0.486404833836858,0.92,0.4156479217603912
ML-DSA-44,2024,0.6,0.2,0.2,1.5,0.01,0.7021276595744681,0.7542857142857143,0.13691931540342298
ML-DSA-44,2024,0.6,0.2,0.2,1.5,0.05,0.6914893617021277,0.7428571428571429,0.14180929095354522
ML-DSA-44,2024,0.6,0.2,0.2,1.5,0.1,0.6878306878306878,0.7428571428571429,0.14425427872860636
ML-DSA-44,2024,0.6,0.2,0.2,1.5,0.2,0.6649214659685864,0.7257142857142858,0.15647921760391198
ML-DSA-44,2024,0.6,0.2,0.2,2.0,0.01,0.8108108108108109,0.17142857142857143,0.017114914425427872
ML-DSA-44,2024,0.6,0.2,0.2,2.0,0.05,0.8108108108108109,0.17142857142857143,0.017114914425427872
ML-DSA-44,2024,0.6,0.2,0.2,2.0,0.1,0.8108108108108109,0.17142857142857143,0.017114914425427872
ML-DSA-44,2024,0.6,0.2,0.2,2.0,0.2,0.8108108108108109,0.17142857142857143,0.017114914425427872
ML-DSA-44,2024,0.6,0.2,0.2,3.0,0.01,0.8055555555555556,0.1657142857142857,0.017114914425427872
ML-DSA-44,2024,0.6,0.2,0.2,3.0,0.05,0.8055555555555556,0.1657142857142857,0.017114914425427872
ML-DSA-44,2024,0.6,0.2,0.2,3.0,0.1,0.8055555555555556,0.1657142857142857,0.017114914425427872
ML-DSA-44,2024,0.6,0.2,0.2,3.0,0.2,0.8055555555555556,0.1657142857142857,0.017114914425427872
ML-DSA-44,2024,0.6,0.2,0.2,5.0,0.01,0.8055555555555556,0.1657142857142857,0.017114914425427872
ML-DSA-44,2024,0.6,0.2,0.2,5.0,0.05,0.8055555555555556,0.1657142857142857,0.017114914425427872
ML-DSA-44,2024,0.6,0.2,0.2,5.0,0.1,0.8055555555555556,0.1657142857142857,0.017114914425427872
ML-DSA-44,2024,0.6,0.2,0.2,5.0,0.2,0.8055555555555556,0.1657142857142857,0.017114914425427872
ML-DSA-44,2024,0.2,0.6,0.2,1.0,0.01,0.3714902807775378,0.9828571428571429,0.7114914425427873
ML-DSA-44,2024,0.2,0.6,0.2,1.0,0.05,0.3625,0.9942857142857143,0.7481662591687042
ML-DSA-44,2024,0.2,0.6,0.2,1.0,0.1,0.35714285714285715,1.0,0.7701711491442543
ML-DSA-44,2024,0.2,0.6,0.2,1.0,0.2,0.3564154786150713,1.0,0.7726161369193154
ML-DSA-44,2024,0.2,0.6,0.2,1.25,0.01,0.9285714285714286,0.44571428571428573,0.014669926650366748
ML-DSA-44,2024,0.2,0.6,0.2,1.25,0.05,0.5160256410256411,0.92,0.3691931540342298
ML-DSA-44,2024,0.2,0.6,0.2,1.25,0.1,0.5078864353312302,0.92,0.38141809290953543
ML-DSA-44,2024,0.2,0.6,0.2,1.25,0.2,0.5078864353312302,0.92,0.38141809290953543
ML-DSA-44,2024,0.2,0.6,0.2,1.5,0.01,0.9743589743589743,0.4342857142857143,0.004889975550122249
ML-DSA-44,2024,0.2,0.6,0.2,1.5,0.05,0.9743589743589743,0.4342857142857143,0.004889975550122249
ML-DSA-44,2024,0.2,0.6,0.2,1.5,0.1,0.9743589743589743,0.4342857142857143,0.004889975550122249
ML-DSA-44,2024,0.2,0.6,0.2,1.5,0.2,0.9743589743589743,0.4342857142857143,0.004889975550122249
ML-DSA-44,2024,0.2,0.6,0.2,2.0,0.01,0.9743589743589743,0.4342857142857143,0.004889975550122249
ML-DSA-44,2024,0.2,0.6,0.2,2.0,0.05,0.9743589743589743,0.4342857142857143,0.004889975550122249
ML-DSA-44,2024,0.2,0.6,0.2,2.0,0.1,0.9743589743589743,0.4342857142857143,0.004889975550122249
ML-DSA-44,2024,0.2,0.6,0.2,2.0,0.2,0.9743589743589743,0.4342857142857143,0.004889975550122249
ML-DSA-44,2024,0.2,0.6,0.2,3.0,0.01,0.9743589743589743,0.4342857142857143,0.004889975550122249
ML-DSA-44,2024,0.2,0.6,0.2,3.0,0.05,0.9743589743589743,0.4342857142857143,0.004889975550122249
ML-DSA-44,2024,0.2,0.6,0.2,3.0,0.1,0.9743589743589743,0.4342857142857143,0.004889975550122249
ML-DSA-44,2024,0.2,0.6,0.2,3.0,0.2,0.9743589743589743,0.4342857142857143,0.004889975550122249
ML-DSA-44,2024,0.2,0.6,0.2,5.0,0.01,0.9743589743589743,0.4342857142857143,0.004889975550122249
ML-DSA-44,2024,0.2,0.6,0.2,5.0,0.05,0.9743589743589743,0.4342857142857143,0.004889975550122249
ML-DSA-44,2024,0.2,0.6,0.2,5.0,0.1,0.9743589743589743,0.4342857142857143,0.004889975550122249
ML-DSA-44,2024,0.2,0.6,0.2,5.0,0.2,0.9743589743589743,0.4342857142857143,0.004889975550122249
ML-DSA-44,2024,0.2,0.2,0.6,1.0,0.01,1.0,0.2742857142857143,0.0
ML-DSA-44,2024,0.2,0.2,0.6,1.0,0.05,1.0,0.2742857142857143,0.0
ML-DSA-44,2024,0.2,0.2,0.6,1.0,0.1,1.0,0.2742857142857143,0.0
ML-DSA-44,2024,0.2,0.2,0.6,1.0,0.2,1.0,0.2742857142857143,0.0
ML-DSA-44,2024,0.2,0.2,0.6,1.25,0.01,1.0,0.2742857142857143,0.0
ML-DSA-44,2024,0.2,0.2,0.6,1.25,0.05,1.0,0.2742857142857143,0.0
ML-DSA-44,2024,0.2,0.2,0.6,1.25,0.1,1.0,0.2742857142857143,0.0
ML-DSA-44,2024,0.2,0.2,0.6,1.25,0.2,1.0,0.2742857142857143,0.0
ML-DSA-44,2024,0.2,0.2,0.6,1.5,0.01,1.0,0.2742857142857143,0.0
ML-DSA-44,2024,0.2,0.2,0.6,1.5,0.05,1.0,0.2742857142857143,0.0
ML-DSA-44,2024,0.2,0.2,0.6,1.5,0.1,1.0,0.2742857142857143,0.0
ML-DSA-44,2024,0.2,0.2,0.6,1.5,0.2,1.0,0.2742857142857143,0.0
ML-DSA-44,2024,0.2,0.2,0.6,2.0,0.01,1.0,0.2742857142857143,0.0
ML-DSA-44,2024,0.2,0.2,0.6,2.0,0.05,1.0,0.2742857142857143,0.0
ML-DSA-44,2024,0.2,0.2,0.6,2.0,0.1,1.0,0.2742857142857143,0.0
ML-DSA-44,2024,0.2,0.2,0.6,2.0,0.2,1.0,0.2742857142857143,0.0
ML-DSA-44,2024,0.2,0.2,0.6,3.0,0.01,1.0,0.2742857142857143,0.0
ML-DSA-44,2024,0.2,0.2,0.6,3.0,0.05,1.0,0.2742857142857143,0.0
ML-DSA-44,2024,0.2,0.2,0.6,3.0,0.1,1.0,0.2742857142857143,0.0
ML-DSA-44,2024,0.2,0.2,0.6,3.0,0.2,1.0,0.2742857142857143,0.0
ML-DSA-44,2024,0.2,0.2,0.6,5.0,0.01,1.0,0.2742857142857143,0.0
ML-DSA-44,2024,0.2,0.2,0.6,5.0,0.05,1.0,0.2742857142857143,0.0
ML-DSA-44,2024,0.2,0.2,0.6,5.0,0.1,1.0,0.2742857142857143,0.0
ML-DSA-44,2024,0.2,0.2,0.6,5.0,0.2,1.0,0.2742857142857143,0.0
ML-DSA-44,2024,0.8,0.1,0.1,1.0,0.01,0.3481781376518219,0.9828571428571429,0.7872860635696821
ML-DSA-44,2024,0.8,0.1,0.1,1.0,0.05,0.3473053892215569,0.9942857142857143,0.7995110024449877
ML-DSA-44,2024,0.8,0.1,0.1,1.0,0.1,0.3466135458167331,0.9942857142857143,0.8019559902200489
ML-DSA-44,2024,0.8,0.1,0.1,1.0,0.2,0.3466135458167331,0.9942857142857143,0.8019559902200489
ML-DSA-44,2024,0.8,0.1,0.1,1.25,0.01,0.47419354838709676,0.84,0.39853300733496333
ML-DSA-44,2024,0.8,0.1,0.1,1.25,0.05,0.46875,0.8571428571428571,0.4156479217603912
ML-DSA-44,2024,0.8,0.1,0.1,1.25,0.1,0.4617737003058104,0.8628571428571429,0.43031784841075793
ML-DSA-44,2024,0.8,0.1,0.1,1.25,0.2,0.4617737003058104,0.8628571428571429,0.43031784841075793
ML-DSA-44,2024,0.8,0.1,0.1,1.5,0.01,0.5652173913043478,0.44571428571428573,0.1466992665036675
ML-DSA-44,2024,0.8,0.1,0.1,1.5,0.05,0.5217391304347826,0.4114285714285714,0.16136919315403422
ML-DSA-44,2024,0.8,0.1,0.1,1.5,0.1,0.4883720930232558,0.36,0.16136919315403422
ML-DSA-44,2024,0.8,0.1,0.1,1.5,0.2,0.45925925925925926,0.35428571428571426,0.1784841075794621
ML-DSA-44,2024,0.8,0.1,0.1,2.0,0.01,0.5892857142857143,0.18857142857142858,0.05623471882640587
ML-DSA-44,2024,0.8,0.1,0.1,2.0,0.05,0.6111111111111112,0.18857142857142858,0.05134474327628362
ML-DSA-44,2024,0.8,0.1,0.1,2.0,0.1,0.48936170212765956,0.13142857142857142,0.05867970660146699
ML-DSA-44,2024,0.8,0.1,0.1,2.0,0.2,0.4791666666666667,0.13142857142857142,0.061124694376528114
ML-DSA-44,2024,0.8,0.1,0.1,3.0,0.01,0.6153846153846154,0.18285714285714286,0.0488997555012225
ML-DSA-44,2024,0.8,0.1,0.1,3.0,0.05,0.6153846153846154,0.18285714285714286,0.0488997555012225
ML-DSA-44,2024,0.8,0.1,0.1,3.0,0.1,0.6153846153846154,0.18285714285714286,0.0488997555012225
ML-DSA-44,2024,0.8,0.1,0.1,3.0,0.2,0.6153846153846154,0.18285714285714286,0.0488997555012225
ML-DSA-44,2024,0.8,0.1,0.1,5.0,0.01,0.6153846153846154,0.18285714285714286,0.0488997555012225
ML-DSA-44,2024,0.8,0.1,0.1,5.0,0.05,0.6153846153846154,0.18285714285714286,0.0488997555012225
ML-DSA-44,2024,0.8,0.1,0.1,5.0,0.1,0.6153846153846154,0.18285714285714286,0.0488997555012225
ML-DSA-44,2024,0.8,0.1,0.1,5.0,0.2,0.6153846153846154,0.18285714285714286,0.0488997555012225
ML-DSA-44,8888,0.33,0.33,0.33,1.0,0.01,0.3763440860215054,1.0,0.7090464547677262
ML-DSA-44,8888,0.33,0.33,0.33,1.0,0.05,0.3615702479338843,1.0,0.7555012224938875
ML-DSA-44,8888,0.33,0.33,0.33,1.0,0.1,0.3528225806451613,1.0,0.784841075794621
ML-DSA-44,8888,0.33,0.33,0.33,1.0,0.2,0.35,1.0,0.7946210268948656
ML-DSA-44,8888,0.33,0.33,0.33,1.25,0.01,0.9830508474576272,0.3314285714285714,0.0024449877750611247
ML-DSA-44,8888,0.33,0.33,0.33,1.25,0.05,0.5297805642633229,0.9657142857142857,0.36674816625916873
ML-DSA-44,8888,0.33,0.33,0.33,1.25,0.1,0.5248447204968945,0.9657142857142857,0.3740831295843521
ML-DSA-44,8888,0.33,0.33,0.33,1.25,0.2,0.5248447204968945,0.9657142857142857,0.3740831295843521
ML-DSA-44,8888,0.33,0.33,0.33,1.5,0.01,0.9830508474576272,0.3314285714285714,0.0024449877750611247
ML-DSA-44,8888,0.33,0.33,0.33,1.5,0.05,0.9830508474576272,0.3314285714285714,0.0024449877750611247
ML-DSA-44,8888,0.33,0.33,0.33,1.5,0.1,0.9830508474576272,0.3314285714285714,0.0024449877750611247
ML-DSA-44,8888,0.33,0.33,0.33,1.5,0.2,0.9508196721311475,0.3314285714285714,0.007334963325183374
ML-DSA-44,8888,0.33,0.33,0.33,2.0,0.01,0.9830508474576272,0.3314285714285714,0.0024449877750611247
ML-DSA-44,8888,0.33,0.33,0.33,2.0,0.05,0.9830508474576272,0.3314285714285714,0.0024449877750611247
ML-DSA-44,8888,0.33,0.33,0.33,2.0,0.1,0.9830508474576272,0.3314285714285714,0.0024449877750611247
ML-DSA-44,8888,0.33,0.33,0.33,2.0,0.2,0.9830508474576272,0.3314285714285714,0.0024449877750611247
ML-DSA-44,8888,0.33,0.33,0.33,3.0,0.01,0.9830508474576272,0.3314285714285714,0.0024449877750611247
ML-DSA-44,8888,0.33,0.33,0.33,3.0,0.05,0.9830508474576272,0.3314285714285714,0.0024449877750611247
ML-DSA-44,8888,0.33,0.33,0.33,3.0,0.1,0.9830508474576272,0.3314285714285714,0.0024449877750611247
ML-DSA-44,8888,0.33,0.33,0.33,3.0,0.2,0.9830508474576272,0.3314285714285714,0.0024449877750611247
ML-DSA-44,8888,0.33,0.33,0.33,5.0,0.01,0.9830508474576272,0.3314285714285714,0.0024449877750611247
ML-DSA-44,8888,0.33,0.33,0.33,5.0,0.05,0.9830508474576272,0.3314285714285714,0.0024449877750611247
ML-DSA-44,8888,0.33,0.33,0.33,5.0,0.1,0.9830508474576272,0.3314285714285714,0.0024449877750611247
ML-DSA-44,8888,0.33,0.33,0.33,5.0,0.2,0.9830508474576272,0.3314285714285714,0.0024449877750611247
ML-DSA-44,8888,0.6,0.2,0.2,1.0,0.01,0.36382536382536385,1.0,0.7481662591687042
ML-DSA-44,8888,0.6,0.2,0.2,1.0,0.05,0.35,1.0,0.7946210268948656
ML-DSA-44,8888,0.6,0.2,0.2,1.0,0.1,0.3458498023715415,1.0,0.8092909535452323
ML-DSA-44,8888,0.6,0.2,0.2,1.0,0.2,0.34448818897637795,1.0,0.8141809290953546
ML-DSA-44,8888,0.6,0.2,0.2,1.25,0.01,0.5222929936305732,0.9371428571428572,0.36674816625916873
ML-DSA-44,8888,0.6,0.2,0.2,1.25,0.05,0.5157232704402516,0.9371428571428572,0.3765281173594132
ML-DSA-44,8888,0.6,0.2,0.2,1.25,0.1,0.5077399380804953,0.9371428571428572,0.38875305623471884
ML-DSA-44,8888,0.6,0.2,0.2,1.25,0.2,0.5077399380804953,0.9371428571428572,0.38875305623471884
ML-DSA-44,8888,0.6,0.2,0.2,1.5,0.01,0.75,0.37714285714285717,0.05378973105134474
ML-DSA-44,8888,0.6,0.2,0.2,1.5,0.05,0.7411764705882353,0.36,0.05378973105134474
ML-DSA-44,8888,0.6,0.2,0.2,1.5,0.1,0.8382352941176471,0.32571428571428573,0.02689486552567237
ML-DSA-44,8888,0.6,0.2,0.2,1.5,0.2,0.8382352941176471,0.32571428571428573,0.02689486552567237
ML-DSA-44,8888,0.6,0.2,0.2,2.0,0.01,0.8955223880597015,0.34285714285714286,0.017114914425427872
ML-DSA-44,8888,0.6,0.2,0.2,2.0,0.05,0.9230769230769231,0.34285714285714286,0.012224938875305624
ML-DSA-44,8888,0.6,0.2,0.2,2.0,0.1,0.9230769230769231,0.34285714285714286,0.012224938875305624
ML-DSA-44,8888,0.6,0.2,0.2,2.0,0.2,0.9230769230769231,0.34285714285714286,0.012224938875305624
ML-DSA-44,8888,0.6,0.2,0.2,3.0,0.01,0.9230769230769231,0.34285714285714286,0.012224938875305624
ML-DSA-44,8888,0.6,0.2,0.2,3.0,0.05,0.9230769230769231,0.34285714285714286,0.012224938875305624
ML-DSA-44,8888,0.6,0.2,0.2,3.0,0.1,0.9230769230769231,0.34285714285714286,0.012224938875305624
ML-DSA-44,8888,0.6,0.2,0.2,3.0,0.2,0.9230769230769231,0.34285714285714286,0.012224938875305624
ML-DSA-44,8888,0.6,0.2,0.2,5.0,0.01,0.9230769230769231,0.34285714285714286,0.012224938875305624
ML-DSA-44,8888,0.6,0.2,0.2,5.0,0.05,0.9230769230769231,0.34285714285714286,0.012224938875305624
ML-DSA-44,8888,0.6,0.2,0.2,5.0,0.1,0.9230769230769231,0.34285714285714286,0.012224938875305624
ML-DSA-44,8888,0.6,0.2,0.2,5.0,0.2,0.9230769230769231,0.34285714285714286,0.012224938875305624
ML-DSA-44,8888,0.2,0.6,0.2,1.0,0.01,0.9871794871794872,0.44,0.0024449877750611247
ML-DSA-44,8888,0.2,0.6,0.2,1.0,0.05,0.3653444676409186,1.0,0.7432762836185819
ML-DSA-44,8888,0.2,0.6,0.2,1.0,0.1,0.352112676056338,1.0,0.7872860635696821
ML-DSA-44,8888,0.2,0.6,0.2,1.0,0.2,0.35,1.0,0.7946210268948656
ML-DSA-44,8888,0.2,0.6,0.2,1.25,0.01,0.9871794871794872,0.44,0.0024449877750611247
ML-DSA-44,8888,0.2,0.6,0.2,1.25,0.05,0.9871794871794872,0.44,0.0024449877750611247
ML-DSA-44,8888,0.2,0.6,0.2,1.25,0.1,0.5419354838709678,0.96,0.3471882640586797
ML-DSA-44,8888,0.2,0.6,0.2,1.25,0.2,0.5419354838709678,0.96,0.3471882640586797
ML-DSA-44,8888,0.2,0.6,0.2,1.5,0.01,0.9871794871794872,0.44,0.0024449877750611247
ML-DSA-44,8888,0.2,0.6,0.2,1.5,0.05,0.9871794871794872,0.44,0.0024449877750611247
ML-DSA-44,8888,0.2,0.6,0.2,1.5,0.1,0.9871794871794872,0.44,0.0024449877750611247
ML-DSA-44,8888,0.2,0.6,0.2,1.5,0.2,0.9871794871794872,0.44,0.0024449877750611247
ML-DSA-44,8888,0.2,0.6,0.2,2.0,0.01,0.9871794871794872,0.44,0.0024449877750611247
ML-DSA-44,8888,0.2,0.6,0.2,2.0,0.05,0.9871794871794872,0.44,0.0024449877750611247
ML-DSA-44,8888,0.2,0.6,0.2,2.0,0.1,0.9871794871794872,0.44,0.0024449877750611247
ML-DSA-44,8888,0.2,0.6,0.2,2.0,0.2,0.9871794871794872,0.44,0.0024449877750611247
ML-DSA-44,8888,0.2,0.6,0.2,3.0,0.01,0.9871794871794872,0.44,0.0024449877750611247
ML-DSA-44,8888,0.2,0.6,0.2,3.0,0.05,0.9871794871794872,0.44,0.0024449877750611247
ML-DSA-44,8888,0.2,0.6,0.2,3.0,0.1,0.9871794871794872,0.44,0.0024449877750611247
ML-DSA-44,8888,0.2,0.6,0.2,3.0,0.2,0.9871794871794872,0.44,0.0024449877750611247
ML-DSA-44,8888,0.2,0.6,0.2,5.0,0.01,0.9871794871794872,0.44,0.0024449877750611247
ML-DSA-44,8888,0.2,0.6,0.2,5.0,0.05,0.9871794871794872,0.44,0.0024449877750611247
ML-DSA-44,8888,0.2,0.6,0.2,5.0,0.1,0.9871794871794872,0.44,0.0024449877750611247
ML-DSA-44,8888,0.2,0.6,0.2,5.0,0.2,0.9871794871794872,0.44,0.0024449877750611247
ML-DSA-44,8888,0.2,0.2,0.6,1.0,0.01,1.0,0.2342857142857143,0.0
ML-DSA-44,8888,0.2,0.2,0.6,1.0,0.05,1.0,0.2342857142857143,0.0
ML-DSA-44,8888,0.2,0.2,0.6,1.0,0.1,1.0,0.2342857142857143,0.0
ML-DSA-44,8888,0.2,0.2,0.6,1.0,0.2,1.0,0.2342857142857143,0.0
ML-DSA-44,8888,0.2,0.2,0.6,1.25,0.01,1.0,0.2342857142857143,0.0
ML-DSA-44,8888,0.2,0.2,0.6,1.25,0.05,1.0,0.2342857142857143,0.0
ML-DSA-44,8888,0.2,0.2,0.6,1.25,0.1,1.0,0.2342857142857143,0.0
ML-DSA-44,8888,0.2,0.2,0.6,1.25,0.2,1.0,0.2342857142857143,0.0
ML-DSA-44,8888,0.2,0.2,0.6,1.5,0.01,1.0,0.2342857142857143,0.0
ML-DSA-44,8888,0.2,0.2,0.6,1.5,0.05,1.0,0.2342857142857143,0.0
ML-DSA-44,8888,0.2,0.2,0.6,1.5,0.1,1.0,0.2342857142857143,0.0
ML-DSA-44,8888,0.2,0.2,0.6,1.5,0.2,1.0,0.2342857142857143,0.0
ML-DSA-44,8888,0.2,0.2,0.6,2.0,0.01,1.0,0.2342857142857143,0.0
ML-DSA-44,8888,0.2,0.2,0.6,2.0,0.05,1.0,0.2342857142857143,0.0
ML-DSA-44,8888,0.2,0.2,0.6,2.0,0.1,1.0,0.2342857142857143,0.0
ML-DSA-44,8888,0.2,0.2,0.6,2.0,0.2,1.0,0.2342857142857143,0.0
ML-DSA-44,8888,0.2,0.2,0.6,3.0,0.01,1.0,0.2342857142857143,0.0
ML-DSA-44,8888,0.2,0.2,0.6,3.0,0.05,1.0,0.2342857142857143,0.0
ML-DSA-44,8888,0.2,0.2,0.6,3.0,0.1,1.0,0.2342857142857143,0.0
ML-DSA-44,8888,0.2,0.2,0.6,3.0,0.2,1.0,0.2342857142857143,0.0
ML-DSA-44,8888,0.2,0.2,0.6,5.0,0.01,1.0,0.2342857142857143,0.0
ML-DSA-44,8888,0.2,0.2,0.6,5.0,0.05,1.0,0.2342857142857143,0.0
ML-DSA-44,8888,0.2,0.2,0.6,5.0,0.1,1.0,0.2342857142857143,0.0
ML-DSA-44,8888,0.2,0.2,0.6,5.0,0.2,1.0,0.2342857142857143,0.0
ML-DSA-44,8888,0.8,0.1,0.1,1.0,0.01,0.354251012145749,1.0,0.7799511002444988
ML-DSA-44,8888,0.8,0.1,0.1,1.0,0.05,0.3458498023715415,1.0,0.8092909535452323
ML-DSA-44,8888,0.8,0.1,0.1,1.0,0.1,0.3404669260700389,1.0,0.8288508557457213
ML-DSA-44,8888,0.8,0.1,0.1,1.0,0.2,0.3404669260700389,1.0,0.8288508557457213
ML-DSA-44,8888,0.8,0.1,0.1,1.25,0.01,0.4806451612903226,0.8514285714285714,0.39364303178484106
ML-DSA-44,8888,0.8,0.1,0.1,1.25,0.05,0.4775641025641026,0.8514285714285714,0.39853300733496333
ML-DSA-44,8888,0.8,0.1,0.1,1.25,0.1,0.46710526315789475,0.8114285714285714,0.3960880195599022
ML-DSA-44,8888,0.8,0.1,0.1,1.25,0.2,0.46710526315789475,0.8114285714285714,0.3960880195599022
ML-DSA-44,8888,0.8,0.1,0.1,1.5,0.01,0.581081081081081,0.49142857142857144,0.15158924205378974
ML-DSA-44,8888,0.8,0.1,0.1,1.5,0.05,0.5413533834586466,0.4114285714285714,0.1491442542787286
ML-DSA-44,8888,0.8,0.1,0.1,1.5,0.1,0.5118110236220472,0.37142857142857144,0.15158924205378974
ML-DSA-44,8888,0.8,0.1,0.1,1.5,0.2,0.49612403100775193,0.3657142857142857,0.15892420537897312
ML-DSA-44,8888,0.8,0.1,0.1,2.0,0.01,0.627906976744186,0.15428571428571428,0.039119804400977995
ML-DSA-44,8888,0.8,0.1,0.1,2.0,0.05,0.6052631578947368,0.13142857142857142,0.03667481662591687
ML-DSA-44,8888,0.8,0.1,0.1,2.0,0.1,0.5897435897435898,0.13142857142857142,0.039119804400977995
ML-DSA-44,8888,0.8,0.1,0.1,2.0,0.2,0.5641025641025641,0.12571428571428572,0.04156479217603912
ML-DSA-44,8888,0.8,0.1,0.1,3.0,0.01,0.6666666666666666,0.16,0.034229828850855744
ML-DSA-44,8888,0.8,0.1,0.1,3.0,0.05,0.6666666666666666,0.16,0.034229828850855744
ML-DSA-44,8888,0.8,0.1,0.1,3.0,0.1,0.6666666666666666,0.16,0.034229828850855744
ML-DSA-44,8888,0.8,0.1,0.1,3.0,0.2,0.6666666666666666,0.16,0.034229828850855744
ML-DSA-44,8888,0.8,0.1,0.1,5.0,0.01,0.6666666666666666,0.16,0.034229828850855744
ML-DSA-44,8888,0.8,0.1,0.1,5.0,0.05,0.6666666666666666,0.16,0.034229828850855744
ML-DSA-44,8888,0.8,0.1,0.1,5.0,0.1,0.6666666666666666,0.16,0.034229828850855744
ML-DSA-44,8888,0.8,0.1,0.1,5.0,0.2,0.6666666666666666,0.16,0.034229828850855744
ML-DSA-44,777,0.33,0.33,0.33,1.0,0.01,0.9428571428571428,0.18857142857142858,0.004889975550122249
ML-DSA-44,777,0.33,0.33,0.33,1.0,0.05,0.36075949367088606,0.9771428571428571,0.7408312958435208
ML-DSA-44,777,0.33,0.33,0.33,1.0,0.1,0.3531827515400411,0.9828571428571429,0.7701711491442543
ML-DSA-44,777,0.33,0.33,0.33,1.0,0.2,0.35173824130879344,0.9828571428571429,0.7750611246943765
ML-DSA-44,777,0.33,0.33,0.33,1.25,0.01,0.9705882352941176,0.18857142857142858,0.0024449877750611247
ML-DSA-44,777,0.33,0.33,0.33,1.25,0.05,0.9705882352941176,0.18857142857142858,0.0024449877750611247
ML-DSA-44,777,0.33,0.33,0.33,1.25,0.1,0.9705882352941176,0.18857142857142858,0.0024449877750611247
ML-DSA-44,777,0.33,0.33,0.33,1.25,0.2,0.9705882352941176,0.18857142857142858,0.0024449877750611247
ML-DSA-44,777,0.33,0.33,0.33,1.5,0.01,0.9705882352941176,0.18857142857142858,0.0024449877750611247
ML-DSA-44,777,0.33,0.33,0.33,1.5,0.05,0.9705882352941176,0.18857142857142858,0.0024449877750611247
ML-DSA-44,777,0.33,0.33,0.33,1.5,0.1,0.9705882352941176,0.18857142857142858,0.0024449877750611247
ML-DSA-44,777,0.33,0.33,0.33,1.5,0.2,0.9705882352941176,0.18857142857142858,0.0024449877750611247
ML-DSA-44,777,0.33,0.33,0.33,2.0,0.01,0.9705882352941176,0.18857142857142858,0.0024449877750611247
ML-DSA-44,777,0.33,0.33,0.33,2.0,0.05,0.9705882352941176,0.18857142857142858,0.0024449877750611247
ML-DSA-44,777,0.33,0.33,0.33,2.0,0.1,0.9705882352941176,0.18857142857142858,0.0024449877750611247
ML-DSA-44,777,0.33,0.33,0.33,2.0,0.2,0.9705882352941176,0.18857142857142858,0.0024449877750611247
ML-DSA-44,777,0.33,0.33,0.33,3.0,0.01,0.9705882352941176,0.18857142857142858,0.0024449877750611247
ML-DSA-44,777,0.33,0.33,0.33,3.0,0.05,0.9705882352941176,0.18857142857142858,0.0024449877750611247
ML-DSA-44,777,0.33,0.33,0.33,3.0,0.1,0.9705882352941176,0.18857142857142858,0.0024449877750611247
ML-DSA-44,777,0.33,0.33,0.33,3.0,0.2,0.9705882352941176,0.18857142857142858,0.0024449877750611247
ML-DSA-44,777,0.33,0.33,0.33,5.0,0.01,0.9705882352941176,0.18857142857142858,0.0024449877750611247
ML-DSA-44,777,0.33,0.33,0.33,5.0,0.05,0.9705882352941176,0.18857142857142858,0.0024449877750611247
ML-DSA-44,777,0.33,0.33,0.33,5.0,0.1,0.9705882352941176,0.18857142857142858,0.0024449877750611247
ML-DSA-44,777,0.33,0.33,0.33,5.0,0.2,0.9705882352941176,0.18857142857142858,0.0024449877750611247
ML-DSA-44,777,0.6,0.2,0.2,1.0,0.01,0.36363636363636365,0.9828571428571429,0.7359413202933985
ML-DSA-44,777,0.6,0.2,0.2,1.0,0.05,0.354639175257732,0.9828571428571429,0.7652811735941321
ML-DSA-44,777,0.6,0.2,0.2,1.0,0.1,0.3481781376518219,0.9828571428571429,0.7872860635696821
ML-DSA-44,777,0.6,0.2,0.2,1.0,0.2,0.3474747474747475,0.9828571428571429,0.7897310513447433
ML-DSA-44,777,0.6,0.2,0.2,1.25,0.01,0.5,0.9028571428571428,0.3863080684596577
ML-DSA-44,777,0.6,0.2,0.2,1.25,0.05,0.49843260188087773,0.9085714285714286,0.39119804400978
ML-DSA-44,777,0.6,0.2,0.2,1.25,0.1,0.4937888198757764,0.9085714285714286,0.39853300733496333
ML-DSA-44,777,0.6,0.2,0.2,1.25,0.2,0.4937888198757764,0.9085714285714286,0.39853300733496333
ML-DSA-44,777,0.6,0.2,0.2,1.5,0.01,0.6571428571428571,0.6571428571428571,0.1466992665036675
ML-DSA-44,777,0.6,0.2,0.2,1.5,0.05,0.632183908045977,0.6285714285714286,0.15647921760391198
ML-DSA-44,777,0.6,0.2,0.2,1.5,0.1,0.8571428571428571,0.2057142857142857,0.014669926650366748
ML-DSA-44,777,0.6,0.2,0.2,1.5,0.2,0.6163522012578616,0.56,0.1491442542787286
ML-DSA-44,777,0.6,0.2,0.2,2.0,0.01,0.8571428571428571,0.2057142857142857,0.014669926650366748
ML-DSA-44,777,0.6,0.2,0.2,2.0,0.05,0.8571428571428571,0.2057142857142857,0.014669926650366748
ML-DSA-44,777,0.6,0.2,0.2,2.0,0.1,0.8571428571428571,0.2057142857142857,0.014669926650366748
ML-DSA-44,777,0.6,0.2,0.2,2.0,0.2,0.8571428571428571,0.2057142857142857,0.014669926650366748
ML-DSA-44,777,0.6,0.2,0.2,3.0,0.01,0.8571428571428571,0.2057142857142857,0.014669926650366748
ML-DSA-44,777,0.6,0.2,0.2,3.0,0.05,0.8571428571428571,0.2057142857142857,0.014669926650366748
ML-DSA-44,777,0.6,0.2,0.2,3.0,0.1,0.8571428571428571,0.2057142857142857,0.014669926650366748
ML-DSA-44,777,0.6,0.2,0.2,3.0,0.2,0.8571428571428571,0.2057142857142857,0.014669926650366748
ML-DSA-44,777,0.6,0.2,0.2,5.0,0.01,0.8571428571428571,0.2057142857142857,0.014669926650366748
ML-DSA-44,777,0.6,0.2,0.2,5.0,0.05,0.8571428571428571,0.2057142857142857,0.014669926650366748
ML-DSA-44,777,0.6,0.2,0.2,5.0,0.1,0.8571428571428571,0.2057142857142857,0.014669926650366748
ML-DSA-44,777,0.6,0.2,0.2,5.0,0.2,0.8571428571428571,0.2057142857142857,0.014669926650366748
ML-DSA-44,777,0.2,0.6,0.2,1.0,0.01,0.37336244541484714,0.9771428571428571,0.7017114914425427
ML-DSA-44,777,0.2,0.6,0.2,1.0,0.05,0.35908141962421714,0.9828571428571429,0.7506112469437652
ML-DSA-44,777,0.2,0.6,0.2,1.0,0.1,0.3510204081632653,0.9828571428571429,0.7775061124694377
ML-DSA-44,777,0.2,0.6,0.2,1.0,0.2,0.3510204081632653,0.9828571428571429,0.7775061124694377
ML-DSA-44,777,0.2,0.6,0.2,1.25,0.01,0.48757763975155277,0.8971428571428571,0.4034229828850856
ML-DSA-44,777,0.2,0.6,0.2,1.25,0.05,0.48307692307692307,0.8971428571428571,0.41075794621026895
ML-DSA-44,777,0.2,0.6,0.2,1.25,0.1,0.47720364741641336,0.8971428571428571,0.42053789731051344
ML-DSA-44,777,0.2,0.6,0.2,1.25,0.2,0.47575757575757577,0.8971428571428571,0.4229828850855746
ML-DSA-44,777,0.2,0.6,0.2,1.5,0.01,0.8333333333333334,0.2857142857142857,0.02444987775061125
ML-DSA-44,777,0.2,0.6,0.2,1.5,0.05,0.8360655737704918,0.2914285714285714,0.02444987775061125
ML-DSA-44,777,0.2,0.6,0.2,1.5,0.1,0.8548387096774194,0.3028571428571429,0.022004889975550123
ML-DSA-44,777,0.2,0.6,0.2,1.5,0.2,0.8571428571428571,0.30857142857142855,0.022004889975550123
ML-DSA-44,777,0.2,0.6,0.2,2.0,0.01,0.847457627118644,0.2857142857142857,0.022004889975550123
ML-DSA-44,777,0.2,0.6,0.2,2.0,0.05,0.847457627118644,0.2857142857142857,0.022004889975550123
ML-DSA-44,777,0.2,0.6,0.2,2.0,0.1,0.847457627118644,0.2857142857142857,0.022004889975550123
ML-DSA-44,777,0.2,0.6,0.2,2.0,0.2,0.847457627118644,0.2857142857142857,0.022004889975550123
ML-DSA-44,777,0.2,0.6,0.2,3.0,0.01,0.8421052631578947,0.2742857142857143,0.022004889975550123
ML-DSA-44,777,0.2,0.6,0.2,3.0,0.05,0.8421052631578947,0.2742857142857143,0.022004889975550123
ML-DSA-44,777,0.2,0.6,0.2,3.0,0.1,0.8421052631578947,0.2742857142857143,0.022004889975550123
ML-DSA-44,777,0.2,0.6,0.2,3.0,0.2,0.8421052631578947,0.2742857142857143,0.022004889975550123
ML-DSA-44,777,0.2,0.6,0.2,5.0,0.01,0.7692307692307693,0.17142857142857143,0.022004889975550123
ML-DSA-44,777,0.2,0.6,0.2,5.0,0.05,0.7692307692307693,0.17142857142857143,0.022004889975550123
ML-DSA-44,777,0.2,0.6,0.2,5.0,0.1,0.7692307692307693,0.17142857142857143,0.022004889975550123
ML-DSA-44,777,0.2,0.6,0.2,5.0,0.2,0.7692307692307693,0.17142857142857143,0.022004889975550123
ML-DSA-44,777,0.2,0.2,0.6,1.0,0.01,1.0,0.14285714285714285,0.0
ML-DSA-44,777,0.2,0.2,0.6,1.0,0.05,1.0,0.14285714285714285,0.0
ML-DSA-44,777,0.2,0.2,0.6,1.0,0.1,1.0,0.14285714285714285,0.0
ML-DSA-44,777,0.2,0.2,0.6,1.0,0.2,1.0,0.14285714285714285,0.0
ML-DSA-44,777,0.2,0.2,0.6,1.25,0.01,1.0,0.14285714285714285,0.0
ML-DSA-44,777,0.2,0.2,0.6,1.25,0.05,1.0,0.14285714285714285,0.0
ML-DSA-44,777,0.2,0.2,0.6,1.25,0.1,1.0,0.14285714285714285,0.0
ML-DSA-44,777,0.2,0.2,0.6,1.25,0.2,1.0,0.14285714285714285,0.0
ML-DSA-44,777,0.2,0.2,0.6,1.5,0.01,1.0,0.14285714285714285,0.0
ML-DSA-44,777,0.2,0.2,0.6,1.5,0.05,1.0,0.14285714285714285,0.0
ML-DSA-44,777,0.2,0.2,0.6,1.5,0.1,1.0,0.14285714285714285,0.0
ML-DSA-44,777,0.2,0.2,0.6,1.5,0.2,1.0,0.14285714285714285,0.0
ML-DSA-44,777,0.2,0.2,0.6,2.0,0.01,1.0,0.14285714285714285,0.0
ML-DSA-44,777,0.2,0.2,0.6,2.0,0.05,1.0,0.14285714285714285,0.0
ML-DSA-44,777,0.2,0.2,0.6,2.0,0.1,1.0,0.14285714285714285,0.0
ML-DSA-44,777,0.2,0.2,0.6,2.0,0.2,1.0,0.14285714285714285,0.0
ML-DSA-44,777,0.2,0.2,0.6,3.0,0.01,1.0,0.14285714285714285,0.0
ML-DSA-44,777,0.2,0.2,0.6,3.0,0.05,1.0,0.14285714285714285,0.0
ML-DSA-44,777,0.2,0.2,0.6,3.0,0.1,1.0,0.14285714285714285,0.0
ML-DSA-44,777,0.2,0.2,0.6,3.0,0.2,1.0,0.14285714285714285,0.0
ML-DSA-44,777,0.2,0.2,0.6,5.0,0.01,1.0,0.14285714285714285,0.0
ML-DSA-44,777,0.2,0.2,0.6,5.0,0.05,1.0,0.14285714285714285,0.0
ML-DSA-44,777,0.2,0.2,0.6,5.0,0.1,1.0,0.14285714285714285,0.0
ML-DSA-44,777,0.2,0.2,0.6,5.0,0.2,1.0,0.14285714285714285,0.0
ML-DSA-44,777,0.8,0.1,0.1,1.0,0.01,0.3577405857740586,0.9771428571428571,0.7506112469437652
ML-DSA-44,777,0.8,0.1,0.1,1.0,0.05,0.3509127789046653,0.9885714285714285,0.78239608801956
ML-DSA-44,777,0.8,0.1,0.1,1.0,0.1,0.3487903225806452,0.9885714285714285,0.7897310513447433
ML-DSA-44,777,0.8,0.1,0.1,1.0,0.2,0.3487903225806452,0.9885714285714285,0.7897310513447433
ML-DSA-44,777,0.8,0.1,0.1,1.25,0.01,0.4684385382059801,0.8057142857142857,0.39119804400978
ML-DSA-44,777,0.8,0.1,0.1,1.25,0.05,0.4711864406779661,0.7942857142857143,0.38141809290953543
ML-DSA-44,777,0.8,0.1,0.1,1.25,0.1,0.4521452145214521,0.7828571428571428,0.4058679706601467
ML-DSA-44,777,0.8,0.1,0.1,1.25,0.2,0.4473684210526316,0.7771428571428571,0.41075794621026895
ML-DSA-44,777,0.8,0.1,0.1,1.5,0.01,0.6557377049180327,0.22857142857142856,0.05134474327628362
ML-DSA-44,777,0.8,0.1,0.1,1.5,0.05,0.5394736842105263,0.4685714285714286,0.17114914425427874
ML-DSA-44,777,0.8,0.1,0.1,1.5,0.1,0.5314685314685315,0.4342857142857143,0.16381418092909536
ML-DSA-44,777,0.8,0.1,0.1,1.5,0.2,0.524822695035461,0.4228571428571429,0.16381418092909536
ML-DSA-44,777,0.8,0.1,0.1,2.0,0.01,0.6888888888888889,0.17714285714285713,0.034229828850855744
ML-DSA-44,777,0.8,0.1,0.1,2.0,0.05,0.7209302325581395,0.17714285714285713,0.029339853300733496
ML-DSA-44,777,0.8,0.1,0.1,2.0,0.1,0.7209302325581395,0.17714285714285713,0.029339853300733496
ML-DSA-44,777,0.8,0.1,0.1,2.0,0.2,0.7142857142857143,0.17142857142857143,0.029339853300733496
ML-DSA-44,777,0.8,0.1,0.1,3.0,0.01,0.75,0.17142857142857143,0.02444987775061125
ML-DSA-44,777,0.8,0.1,0.1,3.0,0.05,0.75,0.17142857142857143,0.02444987775061125
ML-DSA-44,777,0.8,0.1,0.1,3.0,0.1,0.75,0.17142857142857143,0.02444987775061125
ML-DSA-44,777,0.8,0.1,0.1,3.0,0.2,0.75,0.17142857142857143,0.02444987775061125
ML-DSA-44,777,0.8,0.1,0.1,5.0,0.01,0.75,0.17142857142857143,0.02444987775061125
ML-DSA-44,777,0.8,0.1,0.1,5.0,0.05,0.75,0.17142857142857143,0.02444987775061125
ML-DSA-44,777,0.8,0.1,0.1,5.0,0.1,0.75,0.17142857142857143,0.02444987775061125
ML-DSA-44,777,0.8,0.1,0.1,5.0,0.2,0.75,0.17142857142857143,0.02444987775061125
ML-DSA-44,999,0.33,0.33,0.33,1.0,0.01,0.3741794310722101,0.9771428571428571,0.6992665036674817
ML-DSA-44,999,0.33,0.33,0.33,1.0,0.05,0.36363636363636365,0.9828571428571429,0.7359413202933985
ML-DSA-44,999,0.33,0.33,0.33,1.0,0.1,0.3574380165289256,0.9885714285714285,0.7603911980440098
ML-DSA-44,999,0.33,0.33,0.33,1.0,0.2,0.3559670781893004,0.9885714285714285,0.7652811735941321
ML-DSA-44,999,0.33,0.33,0.33,1.25,0.01,0.96875,0.17714285714285713,0.0024449877750611247
ML-DSA-44,999,0.33,0.33,0.33,1.25,0.05,0.96875,0.17714285714285713,0.0024449877750611247
ML-DSA-44,999,0.33,0.33,0.33,1.25,0.1,0.45871559633027525,0.8571428571428571,0.43276283618581907
ML-DSA-44,999,0.33,0.33,0.33,1.25,0.2,0.44837758112094395,0.8685714285714285,0.4572127139364303
ML-DSA-44,999,0.33,0.33,0.33,1.5,0.01,0.96875,0.17714285714285713,0.0024449877750611247
ML-DSA-44,999,0.33,0.33,0.33,1.5,0.05,0.96875,0.17714285714285713,0.0024449877750611247
ML-DSA-44,999,0.33,0.33,0.33,1.5,0.1,0.96875,0.17714285714285713,0.0024449877750611247
ML-DSA-44,999,0.33,0.33,0.33,1.5,0.2,0.96875,0.17714285714285713,0.0024449877750611247
ML-DSA-44,999,0.33,0.33,0.33,2.0,0.01,0.96875,0.17714285714285713,0.0024449877750611247
ML-DSA-44,999,0.33,0.33,0.33,2.0,0.05,0.96875,0.17714285714285713,0.0024449877750611247
ML-DSA-44,999,0.33,0.33,0.33,2.0,0.1,0.96875,0.17714285714285713,0.0024449877750611247
ML-DSA-44,999,0.33,0.33,0.33,2.0,0.2,0.96875,0.17714285714285713,0.0024449877750611247
ML-DSA-44,999,0.33,0.33,0.33,3.0,0.01,0.96875,0.17714285714285713,0.0024449877750611247
ML-DSA-44,999,0.33,0.33,0.33,3.0,0.05,0.96875,0.17714285714285713,0.0024449877750611247
ML-DSA-44,999,0.33,0.33,0.33,3.0,0.1,0.96875,0.17714285714285713,0.0024449877750611247
ML-DSA-44,999,0.33,0.33,0.33,3.0,0.2,0.96875,0.17714285714285713,0.0024449877750611247
ML-DSA-44,999,0.33,0.33,0.33,5.0,0.01,0.96875,0.17714285714285713,0.0024449877750611247
ML-DSA-44,999,0.33,0.33,0.33,5.0,0.05,0.96875,0.17714285714285713,0.0024449877750611247
ML-DSA-44,999,0.33,0.33,0.33,5.0,0.1,0.96875,0.17714285714285713,0.0024449877750611247
ML-DSA-44,999,0.33,0.33,0.33,5.0,0.2,0.96875,0.17714285714285713,0.0024449877750611247
ML-DSA-44,999,0.6,0.2,0.2,1.0,0.01,0.36363636363636365,0.9828571428571429,0.7359413202933985
ML-DSA-44,999,0.6,0.2,0.2,1.0,0.05,0.3537832310838446,0.9885714285714285,0.7726161369193154
ML-DSA-44,999,0.6,0.2,0.2,1.0,0.1,0.3509127789046653,0.9885714285714285,0.78239608801956
ML-DSA-44,999,0.6,0.2,0.2,1.0,0.2,0.3509127789046653,0.9885714285714285,0.78239608801956
ML-DSA-44,999,0.6,0.2,0.2,1.25,0.01,0.47297297297297297,0.8,0.38141809290953543
ML-DSA-44,999,0.6,0.2,0.2,1.25,0.05,0.46357615894039733,0.8,0.3960880195599022
ML-DSA-44,999,0.6,0.2,0.2,1.25,0.1,0.4473684210526316,0.7771428571428571,0.41075794621026895
ML-DSA-44,999,0.6,0.2,0.2,1.25,0.2,0.44884488448844884,0.7771428571428571,0.4083129584352078
ML-DSA-44,999,0.6,0.2,0.2,1.5,0.01,0.6037735849056604,0.5485714285714286,0.15403422982885084
ML-DSA-44,999,0.6,0.2,0.2,1.5,0.05,0.5764705882352941,0.56,0.17603911980440098
ML-DSA-44,999,0.6,0.2,0.2,1.5,0.1,0.5923566878980892,0.5314285714285715,0.15647921760391198
ML-DSA-44,999,0.6,0.2,0.2,1.5,0.2,0.5705128205128205,0.5085714285714286,0.16381418092909536
ML-DSA-44,999,0.6,0.2,0.2,2.0,0.01,0.7692307692307693,0.17142857142857143,0.022004889975550123
ML-DSA-44,999,0.6,0.2,0.2,2.0,0.05,0.7692307692307693,0.17142857142857143,0.022004889975550123
ML-DSA-44,999,0.6,0.2,0.2,2.0,0.1,0.7692307692307693,0.17142857142857143,0.022004889975550123
ML-DSA-44,999,0.6,0.2,0.2,2.0,0.2,0.7692307692307693,0.17142857142857143,0.022004889975550123
ML-DSA-44,999,0.6,0.2,0.2,3.0,0.01,0.7692307692307693,0.17142857142857143,0.022004889975550123
ML-DSA-44,999,0.6,0.2,0.2,3.0,0.05,0.7692307692307693,0.17142857142857143,0.022004889975550123
ML-DSA-44,999,0.6,0.2,0.2,3.0,0.1,0.7692307692307693,0.17142857142857143,0.022004889975550123
ML-DSA-44,999,0.6,0.2,0.2,3.0,0.2,0.7692307692307693,0.17142857142857143,0.022004889975550123
ML-DSA-44,999,0.6,0.2,0.2,5.0,0.01,0.7692307692307693,0.17142857142857143,0.022004889975550123
ML-DSA-44,999,0.6,0.2,0.2,5.0,0.05,0.7692307692307693,0.17142857142857143,0.022004889975550123
ML-DSA-44,999,0.6,0.2,0.2,5.0,0.1,0.7692307692307693,0.17142857142857143,0.022004889975550123
ML-DSA-44,999,0.6,0.2,0.2,5.0,0.2,0.7692307692307693,0.17142857142857143,0.022004889975550123
ML-DSA-44,999,0.2,0.6,0.2,1.0,0.01,0.9782608695652174,0.2571428571428571,0.0024449877750611247
ML-DSA-44,999,0.2,0.6,0.2,1.0,0.05,0.3642241379310345,0.9657142857142857,0.7212713936430318
ML-DSA-44,999,0.2,0.6,0.2,1.0,0.1,0.35355648535564854,0.9657142857142857,0.7555012224938875
ML-DSA-44,999,0.2,0.6,0.2,1.0,0.2,0.35208333333333336,0.9657142857142857,0.7603911980440098
ML-DSA-44,999,0.2,0.6,0.2,1.25,0.01,0.9782608695652174,0.2571428571428571,0.0024449877750611247
ML-DSA-44,999,0.2,0.6,0.2,1.25,0.05,0.9782608695652174,0.2571428571428571,0.0024449877750611247
ML-DSA-44,999,0.2,0.6,0.2,1.25,0.1,0.9782608695652174,0.2571428571428571,0.0024449877750611247
ML-DSA-44,999,0.2,0.6,0.2,1.25,0.2,0.9782608695652174,0.2571428571428571,0.0024449877750611247
ML-DSA-44,999,0.2,0.6,0.2,1.5,0.01,0.9782608695652174,0.2571428571428571,0.0024449877750611247
ML-DSA-44,999,0.2,0.6,0.2,1.5,0.05,0.9782608695652174,0.2571428571428571,0.0024449877750611247
ML-DSA-44,999,0.2,0.6,0.2,1.5,0.1,0.9782608695652174,0.2571428571428571,0.0024449877750611247
ML-DSA-44,999,0.2,0.6,0.2,1.5,0.2,0.9782608695652174,0.2571428571428571,0.0024449877750611247
ML-DSA-44,999,0.2,0.6,0.2,2.0,0.01,0.9782608695652174,0.2571428571428571,0.0024449877750611247
ML-DSA-44,999,0.2,0.6,0.2,2.0,0.05,0.9782608695652174,0.2571428571428571,0.0024449877750611247
ML-DSA-44,999,0.2,0.6,0.2,2.0,0.1,0.9782608695652174,0.2571428571428571,0.0024449877750611247
ML-DSA-44,999,0.2,0.6,0.2,2.0,0.2,0.9782608695652174,0.2571428571428571,0.0024449877750611247
ML-DSA-44,999,0.2,0.6,0.2,3.0,0.01,0.9782608695652174,0.2571428571428571,0.0024449877750611247
ML-DSA-44,999,0.2,0.6,0.2,3.0,0.05,0.9782608695652174,0.2571428571428571,0.0024449877750611247
ML-DSA-44,999,0.2,0.6,0.2,3.0,0.1,0.9782608695652174,0.2571428571428571,0.0024449877750611247
ML-DSA-44,999,0.2,0.6,0.2,3.0,0.2,0.9782608695652174,0.2571428571428571,0.0024449877750611247
ML-DSA-44,999,0.2,0.6,0.2,5.0,0.01,0.9782608695652174,0.2571428571428571,0.0024449877750611247
ML-DSA-44,999,0.2,0.6,0.2,5.0,0.05,0.9782608695652174,0.2571428571428571,0.0024449877750611247
ML-DSA-44,999,0.2,0.6,0.2,5.0,0.1,0.9782608695652174,0.2571428571428571,0.0024449877750611247
ML-DSA-44,999,0.2,0.6,0.2,5.0,0.2,0.9782608695652174,0.2571428571428571,0.0024449877750611247
ML-DSA-44,999,0.2,0.2,0.6,1.0,0.01,1.0,0.13142857142857142,0.0
ML-DSA-44,999,0.2,0.2,0.6,1.0,0.05,1.0,0.13142857142857142,0.0
ML-DSA-44,999,0.2,0.2,0.6,1.0,0.1,1.0,0.13142857142857142,0.0
ML-DSA-44,999,0.2,0.2,0.6,1.0,0.2,1.0,0.13142857142857142,0.0
ML-DSA-44,999,0.2,0.2,0.6,1.25,0.01,1.0,0.13142857142857142,0.0
ML-DSA-44,999,0.2,0.2,0.6,1.25,0.05,1.0,0.13142857142857142,0.0
ML-DSA-44,999,0.2,0.2,0.6,1.25,0.1,1.0,0.13142857142857142,0.0
ML-DSA-44,999,0.2,0.2,0.6,1.25,0.2,1.0,0.13142857142857142,0.0
ML-DSA-44,999,0.2,0.2,0.6,1.5,0.01,1.0,0.13142857142857142,0.0
ML-DSA-44,999,0.2,0.2,0.6,1.5,0.05,1.0,0.13142857142857142,0.0
ML-DSA-44,999,0.2,0.2,0.6,1.5,0.1,1.0,0.13142857142857142,0.0
ML-DSA-44,999,0.2,0.2,0.6,1.5,0.2,1.0,0.13142857142857142,0.0
ML-DSA-44,999,0.2,0.2,0.6,2.0,0.01,1.0,0.13142857142857142,0.0
ML-DSA-44,999,0.2,0.2,0.6,2.0,0.05,1.0,0.13142857142857142,0.0
ML-DSA-44,999,0.2,0.2,0.6,2.0,0.1,1.0,0.13142857142857142,0.0
ML-DSA-44,999,0.2,0.2,0.6,2.0,0.2,1.0,0.13142857142857142,0.0
ML-DSA-44,999,0.2,0.2,0.6,3.0,0.01,1.0,0.13142857142857142,0.0
ML-DSA-44,999,0.2,0.2,0.6,3.0,0.05,1.0,0.13142857142857142,0.0
ML-DSA-44,999,0.2,0.2,0.6,3.0,0.1,1.0,0.13142857142857142,0.0
ML-DSA-44,999,0.2,0.2,0.6,3.0,0.2,1.0,0.13142857142857142,0.0
ML-DSA-44,999,0.2,0.2,0.6,5.0,0.01,1.0,0.13142857142857142,0.0
ML-DSA-44,999,0.2,0.2,0.6,5.0,0.05,1.0,0.13142857142857142,0.0
ML-DSA-44,999,0.2,0.2,0.6,5.0,0.1,1.0,0.13142857142857142,0.0
ML-DSA-44,999,0.2,0.2,0.6,5.0,0.2,1.0,0.13142857142857142,0.0
ML-DSA-44,999,0.8,0.1,0.1,1.0,0.01,0.35403726708074534,0.9771428571428571,0.7628361858190709
ML-DSA-44,999,0.8,0.1,0.1,1.0,0.05,0.34826883910386963,0.9771428571428571,0.78239608801956
ML-DSA-44,999,0.8,0.1,0.1,1.0,0.1,0.3440643863179074,0.9771428571428571,0.7970660146699267
ML-DSA-44,999,0.8,0.1,0.1,1.0,0.2,0.3440643863179074,0.9771428571428571,0.7970660146699267
ML-DSA-44,999,0.8,0.1,0.1,1.25,0.01,0.40540540540540543,0.6857142857142857,0.43031784841075793
ML-DSA-44,999,0.8,0.1,0.1,1.25,0.05,0.4245614035087719,0.6914285714285714,0.40097799511002447
ML-DSA-44,999,0.8,0.1,0.1,1.25,0.1,0.41724137931034483,0.6914285714285714,0.4132029339853301
ML-DSA-44,999,0.8,0.1,0.1,1.25,0.2,0.4101694915254237,0.6914285714285714,0.4254278728606357
ML-DSA-44,999,0.8,0.1,0.1,1.5,0.01,0.5078125,0.37142857142857144,0.15403422982885084
ML-DSA-44,999,0.8,0.1,0.1,1.5,0.05,0.4732824427480916,0.35428571428571426,0.1687041564792176
ML-DSA-44,999,0.8,0.1,0.1,1.5,0.1,0.4426229508196721,0.30857142857142855,0.16625916870415647
ML-DSA-44,999,0.8,0.1,0.1,1.5,0.2,0.4274193548387097,0.3028571428571429,0.17359413202933985
ML-DSA-44,999,0.8,0.1,0.1,2.0,0.01,0.5,0.11428571428571428,0.0488997555012225
ML-DSA-44,999,0.8,0.1,0.1,2.0,0.05,0.5625,0.15428571428571428,0.05134474327628362
ML-DSA-44,999,0.8,0.1,0.1,2.0,0.1,0.5625,0.15428571428571428,0.05134474327628362
ML-DSA-44,999,0.8,0.1,0.1,2.0,0.2,0.5625,0.15428571428571428,0.05134474327628362
ML-DSA-44,999,0.8,0.1,0.1,3.0,0.01,0.4117647058823529,0.08,0.0488997555012225
ML-DSA-44,999,0.8,0.1,0.1,3.0,0.05,0.4117647058823529,0.08,0.0488997555012225
ML-DSA-44,999,0.8,0.1,0.1,3.0,0.1,0.4117647058823529,0.08,0.0488997555012225
ML-DSA-44,999,0.8,0.1,0.1,3.0,0.2,0.4117647058823529,0.08,0.0488997555012225
ML-DSA-44,999,0.8,0.1,0.1,5.0,0.01,0.4117647058823529,0.08,0.0488997555012225
ML-DSA-44,999,0.8,0.1,0.1,5.0,0.05,0.4117647058823529,0.08,0.0488997555012225
ML-DSA-44,999,0.8,0.1,0.1,5.0,0.1,0.4117647058823529,0.08,0.0488997555012225
ML-DSA-44,999,0.8,0.1,0.1,5.0,0.2,0.4117647058823529,0.08,0.0488997555012225
ML-DSA-44,1111,0.33,0.33,0.33,1.0,0.01,0.390625,1.0,0.6674816625916871
ML-DSA-44,1111,0.33,0.33,0.33,1.0,0.05,0.3668763102725367,1.0,0.7383863080684596
ML-DSA-44,1111,0.33,0.33,0.33,1.0,0.1,0.360082304526749,1.0,0.7603911980440098
ML-DSA-44,1111,0.33,0.33,0.33,1.0,0.2,0.3564154786150713,1.0,0.7726161369193154
ML-DSA-44,1111,0.33,0.33,0.33,1.25,0.01,0.9814814814814815,0.3028571428571429,0.0024449877750611247
ML-DSA-44,1111,0.33,0.33,0.33,1.25,0.05,0.5384615384615384,0.96,0.35207823960880197
ML-DSA-44,1111,0.33,0.33,0.33,1.25,0.1,0.525,0.96,0.37163814180929094
ML-DSA-44,1111,0.33,0.33,0.33,1.25,0.2,0.5217391304347826,0.96,0.3765281173594132
ML-DSA-44,1111,0.33,0.33,0.33,1.5,0.01,0.9814814814814815,0.3028571428571429,0.0024449877750611247
ML-DSA-44,1111,0.33,0.33,0.33,1.5,0.05,0.9814814814814815,0.3028571428571429,0.0024449877750611247
ML-DSA-44,1111,0.33,0.33,0.33,1.5,0.1,0.9636363636363636,0.3028571428571429,0.004889975550122249
ML-DSA-44,1111,0.33,0.33,0.33,1.5,0.2,0.7395348837209302,0.9085714285714286,0.13691931540342298
ML-DSA-44,1111,0.33,0.33,0.33,2.0,0.01,0.9814814814814815,0.3028571428571429,0.0024449877750611247
ML-DSA-44,1111,0.33,0.33,0.33,2.0,0.05,0.9814814814814815,0.3028571428571429,0.0024449877750611247
ML-DSA-44,1111,0.33,0.33,0.33,2.0,0.1,0.9814814814814815,0.3028571428571429,0.0024449877750611247
ML-DSA-44,1111,0.33,0.33,0.33,2.0,0.2,0.9814814814814815,0.3028571428571429,0.0024449877750611247
ML-DSA-44,1111,0.33,0.33,0.33,3.0,0.01,0.9814814814814815,0.3028571428571429,0.0024449877750611247
ML-DSA-44,1111,0.33,0.33,0.33,3.0,0.05,0.9814814814814815,0.3028571428571429,0.0024449877750611247
ML-DSA-44,1111,0.33,0.33,0.33,3.0,0.1,0.9814814814814815,0.3028571428571429,0.0024449877750611247
ML-DSA-44,1111,0.33,0.33,0.33,3.0,0.2,0.9814814814814815,0.3028571428571429,0.0024449877750611247
ML-DSA-44,1111,0.33,0.33,0.33,5.0,0.01,0.9814814814814815,0.3028571428571429,0.0024449877750611247
ML-DSA-44,1111,0.33,0.33,0.33,5.0,0.05,0.9814814814814815,0.3028571428571429,0.0024449877750611247
ML-DSA-44,1111,0.33,0.33,0.33,5.0,0.1,0.9814814814814815,0.3028571428571429,0.0024449877750611247
ML-DSA-44,1111,0.33,0.33,0.33,5.0,0.2,0.9814814814814815,0.3028571428571429,0.0024449877750611247
ML-DSA-44,1111,0.6,0.2,0.2,1.0,0.01,0.37154989384288745,1.0,0.7237163814180929
ML-DSA-44,1111,0.6,0.2,0.2,1.0,0.05,0.35714285714285715,1.0,0.7701711491442543
ML-DSA-44,1111,0.6,0.2,0.2,1.0,0.1,0.354251012145749,1.0,0.7799511002444988
ML-DSA-44,1111,0.6,0.2,0.2,1.0,0.2,0.3528225806451613,1.0,0.784841075794621
ML-DSA-44,1111,0.6,0.2,0.2,1.25,0.01,0.5324675324675324,0.9371428571428572,0.35207823960880197
ML-DSA-44,1111,0.6,0.2,0.2,1.25,0.05,0.5222929936305732,0.9371428571428572,0.36674816625916873
ML-DSA-44,1111,0.6,0.2,0.2,1.25,0.1,0.5030674846625767,0.9371428571428572,0.3960880195599022
ML-DSA-44,1111,0.6,0.2,0.2,1.25,0.2,0.5015290519877675,0.9371428571428572,0.39853300733496333
ML-DSA-44,1111,0.6,0.2,0.2,1.5,0.01,0.7974683544303798,0.72,0.07823960880195599
ML-DSA-44,1111,0.6,0.2,0.2,1.5,0.05,0.7933333333333333,0.68,0.07579462102689487
ML-DSA-44,1111,0.6,0.2,0.2,1.5,0.1,0.7785234899328859,0.6628571428571428,0.08068459657701711
ML-DSA-44,1111,0.6,0.2,0.2,1.5,0.2,0.7549668874172185,0.6514285714285715,0.09046454767726161
ML-DSA-44,1111,0.6,0.2,0.2,2.0,0.01,0.9454545454545454,0.29714285714285715,0.007334963325183374
ML-DSA-44,1111,0.6,0.2,0.2,2.0,0.05,0.9454545454545454,0.29714285714285715,0.007334963325183374
ML-DSA-44,1111,0.6,0.2,0.2,2.0,0.1,0.9454545454545454,0.29714285714285715,0.007334963325183374
ML-DSA-44,1111,0.6,0.2,0.2,2.0,0.2,0.9454545454545454,0.29714285714285715,0.007334963325183374
ML-DSA-44,1111,0.6,0.2,0.2,3.0,0.01,0.9629629629629629,0.29714285714285715,0.004889975550122249
ML-DSA-44,1111,0.6,0.2,0.2,3.0,0.05,0.9629629629629629,0.29714285714285715,0.004889975550122249
ML-DSA-44,1111,0.6,0.2,0.2,3.0,0.1,0.9629629629629629,0.29714285714285715,0.004889975550122249
ML-DSA-44,1111,0.6,0.2,0.2,3.0,0.2,0.9629629629629629,0.29714285714285715,0.004889975550122249
ML-DSA-44,1111,0.6,0.2,0.2,5.0,0.01,0.9629629629629629,0.29714285714285715,0.004889975550122249
ML-DSA-44,1111,0.6,0.2,0.2,5.0,0.05,0.9629629629629629,0.29714285714285715,0.004889975550122249
ML-DSA-44,1111,0.6,0.2,0.2,5.0,0.1,0.9629629629629629,0.29714285714285715,0.004889975550122249
ML-DSA-44,1111,0.6,0.2,0.2,5.0,0.2,0.9629629629629629,0.29714285714285715,0.004889975550122249
ML-DSA-44,1111,0.2,0.6,0.2,1.0,0.01,0.9886363636363636,0.49714285714285716,0.0024449877750611247
ML-DSA-44,1111,0.2,0.6,0.2,1.0,0.05,0.3763440860215054,1.0,0.7090464547677262
ML-DSA-44,1111,0.2,0.6,0.2,1.0,0.1,0.36082474226804123,1.0,0.7579462102689487
ML-DSA-44,1111,0.2,0.6,0.2,1.0,0.2,0.3593429158110883,1.0,0.7628361858190709
ML-DSA-44,1111,0.2,0.6,0.2,1.25,0.01,0.9886363636363636,0.49714285714285716,0.0024449877750611247
ML-DSA-44,1111,0.2,0.6,0.2,1.25,0.05,0.9886363636363636,0.49714285714285716,0.0024449877750611247
ML-DSA-44,1111,0.2,0.6,0.2,1.25,0.1,0.5264797507788161,0.9657142857142857,0.37163814180929094
ML-DSA-44,1111,0.2,0.6,0.2,1.25,0.2,0.5248447204968945,0.9657142857142857,0.3740831295843521
ML-DSA-44,1111,0.2,0.6,0.2,1.5,0.01,0.9886363636363636,0.49714285714285716,0.0024449877750611247
ML-DSA-44,1111,0.2,0.6,0.2,1.5,0.05,0.9886363636363636,0.49714285714285716,0.0024449877750611247
ML-DSA-44,1111,0.2,0.6,0.2,1.5,0.1,0.9886363636363636,0.49714285714285716,0.0024449877750611247
ML-DSA-44,1111,0.2,0.6,0.2,1.5,0.2,0.9886363636363636,0.49714285714285716,0.0024449877750611247
ML-DSA-44,1111,0.2,0.6,0.2,2.0,0.01,0.9886363636363636,0.49714285714285716,0.0024449877750611247
ML-DSA-44,1111,0.2,0.6,0.2,2.0,0.05,0.9886363636363636,0.49714285714285716,0.0024449877750611247
ML-DSA-44,1111,0.2,0.6,0.2,2.0,0.1,0.9886363636363636,0.49714285714285716,0.0024449877750611247
ML-DSA-44,1111,0.2,0.6,0.2,2.0,0.2,0.9886363636363636,0.49714285714285716,0.0024449877750611247
ML-DSA-44,1111,0.2,0.6,0.2,3.0,0.01,0.9886363636363636,0.49714285714285716,0.0024449877750611247
ML-DSA-44,1111,0.2,0.6,0.2,3.0,0.05,0.9886363636363636,0.49714285714285716,0.0024449877750611247
ML-DSA-44,1111,0.2,0.6,0.2,3.0,0.1,0.9886363636363636,0.49714285714285716,0.0024449877750611247
ML-DSA-44,1111,0.2,0.6,0.2,3.0,0.2,0.9886363636363636,0.49714285714285716,0.0024449877750611247
ML-DSA-44,1111,0.2,0.6,0.2,5.0,0.01,0.9886363636363636,0.49714285714285716,0.0024449877750611247
ML-DSA-44,1111,0.2,0.6,0.2,5.0,0.05,0.9886363636363636,0.49714285714285716,0.0024449877750611247
ML-DSA-44,1111,0.2,0.6,0.2,5.0,0.1,0.9886363636363636,0.49714285714285716,0.0024449877750611247
ML-DSA-44,1111,0.2,0.6,0.2,5.0,0.2,0.9886363636363636,0.49714285714285716,0.0024449877750611247
ML-DSA-44,1111,0.2,0.2,0.6,1.0,0.01,1.0,0.18857142857142858,0.0
ML-DSA-44,1111,0.2,0.2,0.6,1.0,0.05,1.0,0.18857142857142858,0.0
ML-DSA-44,1111,0.2,0.2,0.6,1.0,0.1,1.0,0.18857142857142858,0.0
ML-DSA-44,1111,0.2,0.2,0.6,1.0,0.2,1.0,0.18857142857142858,0.0
ML-DSA-44,1111,0.2,0.2,0.6,1.25,0.01,1.0,0.18857142857142858,0.0
ML-DSA-44,1111,0.2,0.2,0.6,1.25,0.05,1.0,0.18857142857142858,0.0
ML-DSA-44,1111,0.2,0.2,0.6,1.25,0.1,1.0,0.18857142857142858,0.0
ML-DSA-44,1111,0.2,0.2,0.6,1.25,0.2,1.0,0.18857142857142858,0.0
ML-DSA-44,1111,0.2,0.2,0.6,1.5,0.01,1.0,0.18857142857142858,0.0
ML-DSA-44,1111,0.2,0.2,0.6,1.5,0.05,1.0,0.18857142857142858,0.0
ML-DSA-44,1111,0.2,0.2,0.6,1.5,0.1,1.0,0.18857142857142858,0.0
ML-DSA-44,1111,0.2,0.2,0.6,1.5,0.2,1.0,0.18857142857142858,0.0
ML-DSA-44,1111,0.2,0.2,0.6,2.0,0.01,1.0,0.18857142857142858,0.0
ML-DSA-44,1111,0.2,0.2,0.6,2.0,0.05,1.0,0.18857142857142858,0.0
ML-DSA-44,1111,0.2,0.2,0.6,2.0,0.1,1.0,0.18857142857142858,0.0
ML-DSA-44,1111,0.2,0.2,0.6,2.0,0.2,1.0,0.18857142857142858,0.0
ML-DSA-44,1111,0.2,0.2,0.6,3.0,0.01,1.0,0.18857142857142858,0.0
ML-DSA-44,1111,0.2,0.2,0.6,3.0,0.05,1.0,0.18857142857142858,0.0
ML-DSA-44,1111,0.2,0.2,0.6,3.0,0.1,1.0,0.18857142857142858,0.0
ML-DSA-44,1111,0.2,0.2,0.6,3.0,0.2,1.0,0.18857142857142858,0.0
ML-DSA-44,1111,0.2,0.2,0.6,5.0,0.01,1.0,0.18857142857142858,0.0
ML-DSA-44,1111,0.2,0.2,0.6,5.0,0.05,1.0,0.18857142857142858,0.0
ML-DSA-44,1111,0.2,0.2,0.6,5.0,0.1,1.0,0.18857142857142858,0.0
ML-DSA-44,1111,0.2,0.2,0.6,5.0,0.2,1.0,0.18857142857142858,0.0
ML-DSA-44,1111,0.8,0.1,0.1,1.0,0.01,0.36764705882352944,1.0,0.7359413202933985
ML-DSA-44,1111,0.8,0.1,0.1,1.0,0.05,0.3514056224899598,1.0,0.7897310513447433
ML-DSA-44,1111,0.8,0.1,0.1,1.0,0.1,0.34516765285996054,1.0,0.8117359413202934
ML-DSA-44,1111,0.8,0.1,0.1,1.0,0.2,0.3431372549019608,1.0,0.8190709046454768
ML-DSA-44,1111,0.8,0.1,0.1,1.25,0.01,0.5220338983050847,0.88,0.34474327628361856
ML-DSA-44,1111,0.8,0.1,0.1,1.25,0.05,0.5081967213114754,0.8857142857142857,0.36674816625916873
ML-DSA-44,1111,0.8,0.1,0.1,1.25,0.1,0.4952076677316294,0.8857142857142857,0.3863080684596577
ML-DSA-44,1111,0.8,0.1,0.1,1.25,0.2,0.49206349206349204,0.8857142857142857,0.39119804400978
ML-DSA-44,1111,0.8,0.1,0.1,1.5,0.01,0.6991150442477876,0.4514285714285714,0.08312958435207823
ML-DSA-44,1111,0.8,0.1,0.1,1.5,0.05,0.6701030927835051,0.37142857142857144,0.07823960880195599
ML-DSA-44,1111,0.8,0.1,0.1,1.5,0.1,0.5662650602409639,0.26857142857142857,0.08801955990220049
ML-DSA-44,1111,0.8,0.1,0.1,1.5,0.2,0.5824175824175825,0.3028571428571429,0.09290953545232274
ML-DSA-44,1111,0.8,0.1,0.1,2.0,0.01,0.8166666666666667,0.28,0.02689486552567237
ML-DSA-44,1111,0.8,0.1,0.1,2.0,0.05,0.8166666666666667,0.28,0.02689486552567237
ML-DSA-44,1111,0.8,0.1,0.1,2.0,0.1,0.7647058823529411,0.22285714285714286,0.029339853300733496
ML-DSA-44,1111,0.8,0.1,0.1,2.0,0.2,0.7450980392156863,0.21714285714285714,0.03178484107579462
ML-DSA-44,1111,0.8,0.1,0.1,3.0,0.01,0.8166666666666667,0.28,0.02689486552567237
ML-DSA-44,1111,0.8,0.1,0.1,3.0,0.05,0.8166666666666667,0.28,0.02689486552567237
ML-DSA-44,1111,0.8,0.1,0.1,3.0,0.1,0.8166666666666667,0.28,0.02689486552567237
ML-DSA-44,1111,0.8,0.1,0.1,3.0,0.2,0.8166666666666667,0.28,0.02689486552567237
ML-DSA-44,1111,0.8,0.1,0.1,5.0,0.01,0.8166666666666667,0.28,0.02689486552567237
ML-DSA-44,1111,0.8,0.1,0.1,5.0,0.05,0.8166666666666667,0.28,0.02689486552567237
ML-DSA-44,1111,0.8,0.1,0.1,5.0,0.1,0.8166666666666667,0.28,0.02689486552567237
ML-DSA-44,1111,0.8,0.1,0.1,5.0,0.2,0.8166666666666667,0.28,0.02689486552567237
ML-DSA-44,2222,0.33,0.33,0.33,1.0,0.01,0.3805309734513274,0.9828571428571429,0.684596577017115
ML-DSA-44,2222,0.33,0.33,0.33,1.0,0.05,0.35892116182572614,0.9885714285714285,0.7555012224938875
ML-DSA-44,2222,0.33,0.33,0.33,1.0,0.1,0.3559670781893004,0.9885714285714285,0.7652811735941321
ML-DSA-44,2222,0.33,0.33,0.33,1.0,0.2,0.3559670781893004,0.9885714285714285,0.7652811735941321
ML-DSA-44,2222,0.33,0.33,0.33,1.25,0.01,0.875,0.28,0.017114914425427872
ML-DSA-44,2222,0.33,0.33,0.33,1.25,0.05,0.49843260188087773,0.9085714285714286,0.39119804400978
ML-DSA-44,2222,0.33,0.33,0.33,1.25,0.1,0.49226006191950467,0.9085714285714286,0.40097799511002447
ML-DSA-44,2222,0.33,0.33,0.33,1.25,0.2,0.49226006191950467,0.9085714285714286,0.40097799511002447
ML-DSA-44,2222,0.33,0.33,0.33,1.5,0.01,0.9038461538461539,0.26857142857142857,0.012224938875305624
ML-DSA-44,2222,0.33,0.33,0.33,1.5,0.05,0.9056603773584906,0.2742857142857143,0.012224938875305624
ML-DSA-44,2222,0.33,0.33,0.33,1.5,0.1,0.8888888888888888,0.2742857142857143,0.014669926650366748
ML-DSA-44,2222,0.33,0.33,0.33,1.5,0.2,0.8888888888888888,0.2742857142857143,0.014669926650366748
ML-DSA-44,2222,0.33,0.33,0.33,2.0,0.01,0.9148936170212766,0.24571428571428572,0.009779951100244499
ML-DSA-44,2222,0.33,0.33,0.33,2.0,0.05,0.9148936170212766,0.24571428571428572,0.009779951100244499
ML-DSA-44,2222,0.33,0.33,0.33,2.0,0.1,0.9148936170212766,0.24571428571428572,0.009779951100244499
ML-DSA-44,2222,0.33,0.33,0.33,2.0,0.2,0.9148936170212766,0.24571428571428572,0.009779951100244499
ML-DSA-44,2222,0.33,0.33,0.33,3.0,0.01,0.9090909090909091,0.22857142857142856,0.009779951100244499
ML-DSA-44,2222,0.33,0.33,0.33,3.0,0.05,0.9090909090909091,0.22857142857142856,0.009779951100244499
ML-DSA-44,2222,0.33,0.33,0.33,3.0,0.1,0.9090909090909091,0.22857142857142856,0.009779951100244499
ML-DSA-44,2222,0.33,0.33,0.33,3.0,0.2,0.9090909090909091,0.22857142857142856,0.009779951100244499
ML-DSA-44,2222,0.33,0.33,0.33,5.0,0.01,0.8,0.09142857142857143,0.009779951100244499
ML-DSA-44,2222,0.33,0.33,0.33,5.0,0.05,0.8095238095238095,0.09714285714285714,0.009779951100244499
ML-DSA-44,2222,0.33,0.33,0.33,5.0,0.1,0.8333333333333334,0.11428571428571428,0.009779951100244499
ML-DSA-44,2222,0.33,0.33,0.33,5.0,0.2,0.8333333333333334,0.11428571428571428,0.009779951100244499
ML-DSA-44,2222,0.6,0.2,0.2,1.0,0.01,0.3651804670912951,0.9828571428571429,0.7310513447432763
ML-DSA-44,2222,0.6,0.2,0.2,1.0,0.05,0.34959349593495936,0.9828571428571429,0.78239608801956
ML-DSA-44,2222,0.6,0.2,0.2,1.0,0.1,0.3487903225806452,0.9885714285714285,0.7897310513447433
ML-DSA-44,2222,0.6,0.2,0.2,1.0,0.2,0.3487903225806452,0.9885714285714285,0.7897310513447433
ML-DSA-44,2222,0.6,0.2,0.2,1.25,0.01,0.48264984227129337,0.8742857142857143,0.40097799511002447
ML-DSA-44,2222,0.6,0.2,0.2,1.25,0.05,0.46686746987951805,0.8857142857142857,0.43276283618581907
ML-DSA-44,2222,0.6,0.2,0.2,1.25,0.1,0.46546546546546547,0.8857142857142857,0.4352078239608802
ML-DSA-44,2222,0.6,0.2,0.2,1.25,0.2,0.46546546546546547,0.8857142857142857,0.4352078239608802
ML-DSA-44,2222,0.6,0.2,0.2,1.5,0.01,0.7295081967213115,0.5085714285714286,0.08068459657701711
ML-DSA-44,2222,0.6,0.2,0.2,1.5,0.05,0.7165354330708661,0.52,0.08801955990220049
ML-DSA-44,2222,0.6,0.2,0.2,1.5,0.1,0.717741935483871,0.5085714285714286,0.08557457212713937
ML-DSA-44,2222,0.6,0.2,0.2,1.5,0.2,0.712,0.5085714285714286,0.08801955990220049
ML-DSA-44,2222,0.6,0.2,0.2,2.0,0.01,0.8723404255319149,0.2342857142857143,0.014669926650366748
ML-DSA-44,2222,0.6,0.2,0.2,2.0,0.05,0.8723404255319149,0.2342857142857143,0.014669926650366748
ML-DSA-44,2222,0.6,0.2,0.2,2.0,0.1,0.875,0.24,0.014669926650366748
ML-DSA-44,2222,0.6,0.2,0.2,2.0,0.2,0.875,0.24,0.014669926650366748
ML-DSA-44,2222,0.6,0.2,0.2,3.0,0.01,0.782608695652174,0.10285714285714286,0.012224938875305624
ML-DSA-44,2222,0.6,0.2,0.2,3.0,0.05,0.782608695652174,0.10285714285714286,0.012224938875305624
ML-DSA-44,2222,0.6,0.2,0.2,3.0,0.1,0.782608695652174,0.10285714285714286,0.012224938875305624
ML-DSA-44,2222,0.6,0.2,0.2,3.0,0.2,0.782608695652174,0.10285714285714286,0.012224938875305624
ML-DSA-44,2222,0.6,0.2,0.2,5.0,0.01,0.782608695652174,0.10285714285714286,0.012224938875305624
ML-DSA-44,2222,0.6,0.2,0.2,5.0,0.05,0.782608695652174,0.10285714285714286,0.012224938875305624
ML-DSA-44,2222,0.6,0.2,0.2,5.0,0.1,0.782608695652174,0.10285714285714286,0.012224938875305624
ML-DSA-44,2222,0.6,0.2,0.2,5.0,0.2,0.782608695652174,0.10285714285714286,0.012224938875305624
ML-DSA-44,2222,0.2,0.6,0.2,1.0,0.01,0.8157894736842105,0.35428571428571426,0.034229828850855744
ML-DSA-44,2222,0.2,0.6,0.2,1.0,0.05,0.3659574468085106,0.9828571428571429,0.7286063569682152
ML-DSA-44,2222,0.2,0.6,0.2,1.0,0.1,0.36058700209643607,0.9828571428571429,0.7457212713936431
ML-DSA-44,2222,0.2,0.6,0.2,1.0,0.2,0.35908141962421714,0.9828571428571429,0.7506112469437652
ML-DSA-44,2222,0.2,0.6,0.2,1.25,0.01,0.9253731343283582,0.35428571428571426,0.012224938875305624
ML-DSA-44,2222,0.2,0.6,0.2,1.25,0.05,0.9253731343283582,0.35428571428571426,0.012224938875305624
ML-DSA-44,2222,0.2,0.6,0.2,1.25,0.1,0.9117647058823529,0.35428571428571426,0.014669926650366748
ML-DSA-44,2222,0.2,0.6,0.2,1.25,0.2,0.8985507246376812,0.35428571428571426,0.017114914425427872
ML-DSA-44,2222,0.2,0.6,0.2,1.5,0.01,0.9354838709677419,0.3314285714285714,0.009779951100244499
ML-DSA-44,2222,0.2,0.6,0.2,1.5,0.05,0.9365079365079365,0.33714285714285713,0.009779951100244499
ML-DSA-44,2222,0.2,0.6,0.2,1.5,0.1,0.9384615384615385,0.3485714285714286,0.009779951100244499
ML-DSA-44,2222,0.2,0.6,0.2,1.5,0.2,0.9384615384615385,0.3485714285714286,0.009779951100244499
ML-DSA-44,2222,0.2,0.6,0.2,2.0,0.01,0.9322033898305084,0.3142857142857143,0.009779951100244499
ML-DSA-44,2222,0.2,0.6,0.2,2.0,0.05,0.9354838709677419,0.3314285714285714,0.009779951100244499
ML-DSA-44,2222,0.2,0.6,0.2,2.0,0.1,0.9354838709677419,0.3314285714285714,0.009779951100244499
ML-DSA-44,2222,0.2,0.6,0.2,2.0,0.2,0.9354838709677419,0.3314285714285714,0.009779951100244499
ML-DSA-44,2222,0.2,0.6,0.2,3.0,0.01,0.9285714285714286,0.29714285714285715,0.009779951100244499
ML-DSA-44,2222,0.2,0.6,0.2,3.0,0.05,0.9285714285714286,0.29714285714285715,0.009779951100244499
ML-DSA-44,2222,0.2,0.6,0.2,3.0,0.1,0.9285714285714286,0.29714285714285715,0.009779951100244499
ML-DSA-44,2222,0.2,0.6,0.2,3.0,0.2,0.9285714285714286,0.29714285714285715,0.009779951100244499
ML-DSA-44,2222,0.2,0.6,0.2,5.0,0.01,0.8888888888888888,0.18285714285714286,0.009779951100244499
ML-DSA-44,2222,0.2,0.6,0.2,5.0,0.05,0.8888888888888888,0.18285714285714286,0.009779951100244499
ML-DSA-44,2222,0.2,0.6,0.2,5.0,0.1,0.92,0.26285714285714284,0.009779951100244499
ML-DSA-44,2222,0.2,0.6,0.2,5.0,0.2,0.92,0.26285714285714284,0.009779951100244499
ML-DSA-44,2222,0.2,0.2,0.6,1.0,0.01,1.0,0.1657142857142857,0.0
ML-DSA-44,2222,0.2,0.2,0.6,1.0,0.05,1.0,0.1657142857142857,0.0
ML-DSA-44,2222,0.2,0.2,0.6,1.0,0.1,1.0,0.1657142857142857,0.0
ML-DSA-44,2222,0.2,0.2,0.6,1.0,0.2,1.0,0.1657142857142857,0.0
ML-DSA-44,2222,0.2,0.2,0.6,1.25,0.01,1.0,0.1657142857142857,0.0
ML-DSA-44,2222,0.2,0.2,0.6,1.25,0.05,1.0,0.1657142857142857,0.0
ML-DSA-44,2222,0.2,0.2,0.6,1.25,0.1,1.0,0.1657142857142857,0.0
ML-DSA-44,2222,0.2,0.2,0.6,1.25,0.2,1.0,0.1657142857142857,0.0
ML-DSA-44,2222,0.2,0.2,0.6,1.5,0.01,1.0,0.1657142857142857,0.0
ML-DSA-44,2222,0.2,0.2,0.6,1.5,0.05,1.0,0.1657142857142857,0.0
ML-DSA-44,2222,0.2,0.2,0.6,1.5,0.1,1.0,0.1657142857142857,0.0
ML-DSA-44,2222,0.2,0.2,0.6,1.5,0.2,1.0,0.1657142857142857,0.0
ML-DSA-44,2222,0.2,0.2,0.6,2.0,0.01,1.0,0.1657142857142857,0.0
ML-DSA-44,2222,0.2,0.2,0.6,2.0,0.05,1.0,0.1657142857142857,0.0
ML-DSA-44,2222,0.2,0.2,0.6,2.0,0.1,1.0,0.1657142857142857,0.0
ML-DSA-44,2222,0.2,0.2,0.6,2.0,0.2,1.0,0.1657142857142857,0.0
ML-DSA-44,2222,0.2,0.2,0.6,3.0,0.01,1.0,0.1657142857142857,0.0
ML-DSA-44,2222,0.2,0.2,0.6,3.0,0.05,1.0,0.1657142857142857,0.0
ML-DSA-44,2222,0.2,0.2,0.6,3.0,0.1,1.0,0.1657142857142857,0.0
ML-DSA-44,2222,0.2,0.2,0.6,3.0,0.2,1.0,0.1657142857142857,0.0
ML-DSA-44,2222,0.2,0.2,0.6,5.0,0.01,1.0,0.1657142857142857,0.0
ML-DSA-44,2222,0.2,0.2,0.6,5.0,0.05,1.0,0.1657142857142857,0.0
ML-DSA-44,2222,0.2,0.2,0.6,5.0,0.1,1.0,0.1657142857142857,0.0
ML-DSA-44,2222,0.2,0.2,0.6,5.0,0.2,1.0,0.1657142857142857,0.0
ML-DSA-44,2222,0.8,0.1,0.1,1.0,0.01,0.35833333333333334,0.9828571428571429,0.7530562347188264
ML-DSA-44,2222,0.8,0.1,0.1,1.0,0.05,0.3474747474747475,0.9828571428571429,0.7897310513447433
ML-DSA-44,2222,0.8,0.1,0.1,1.0,0.1,0.34325396825396826,0.9885714285714285,0.8092909535452323
ML-DSA-44,2222,0.8,0.1,0.1,1.0,0.2,0.34325396825396826,0.9885714285714285,0.8092909535452323
ML-DSA-44,2222,0.8,0.1,0.1,1.25,0.01,0.4539877300613497,0.8457142857142858,0.4352078239608802
ML-DSA-44,2222,0.8,0.1,0.1,1.25,0.05,0.45454545454545453,0.8571428571428571,0.4400977995110024
ML-DSA-44,2222,0.8,0.1,0.1,1.25,0.1,0.4573170731707317,0.8571428571428571,0.4352078239608802
ML-DSA-44,2222,0.8,0.1,0.1,1.25,0.2,0.45565749235474007,0.8514285714285714,0.4352078239608802
ML-DSA-44,2222,0.8,0.1,0.1,1.5,0.01,0.6991869918699187,0.49142857142857144,0.09046454767726161
ML-DSA-44,2222,0.8,0.1,0.1,1.5,0.05,0.680672268907563,0.46285714285714286,0.09290953545232274
ML-DSA-44,2222,0.8,0.1,0.1,1.5,0.1,0.6779661016949152,0.45714285714285713,0.09290953545232274
ML-DSA-44,2222,0.8,0.1,0.1,1.5,0.2,0.6779661016949152,0.45714285714285713,0.09290953545232274
ML-DSA-44,2222,0.8,0.1,0.1,2.0,0.01,0.7333333333333333,0.18857142857142858,0.029339853300733496
ML-DSA-44,2222,0.8,0.1,0.1,2.0,0.05,0.7333333333333333,0.18857142857142858,0.029339853300733496
ML-DSA-44,2222,0.8,0.1,0.1,2.0,0.1,0.7333333333333333,0.18857142857142858,0.029339853300733496
ML-DSA-44,2222,0.8,0.1,0.1,2.0,0.2,0.7021276595744681,0.18857142857142858,0.034229828850855744
ML-DSA-44,2222,0.8,0.1,0.1,3.0,0.01,0.75,0.18857142857142858,0.02689486552567237
ML-DSA-44,2222,0.8,0.1,0.1,3.0,0.05,0.7727272727272727,0.19428571428571428,0.02444987775061125
ML-DSA-44,2222,0.8,0.1,0.1,3.0,0.1,0.7727272727272727,0.19428571428571428,0.02444987775061125
ML-DSA-44,2222,0.8,0.1,0.1,3.0,0.2,0.7727272727272727,0.19428571428571428,0.02444987775061125
ML-DSA-44,2222,0.8,0.1,0.1,5.0,0.01,0.7727272727272727,0.19428571428571428,0.02444987775061125
ML-DSA-44,2222,0.8,0.1,0.1,5.0,0.05,0.7727272727272727,0.19428571428571428,0.02444987775061125
ML-DSA-44,2222,0.8,0.1,0.1,5.0,0.1,0.7727272727272727,0.19428571428571428,0.02444987775061125
ML-DSA-44,2222,0.8,0.1,0.1,5.0,0.2,0.7727272727272727,0.19428571428571428,0.02444987775061125
ML-DSA-44,3333,0.33,0.33,0.33,1.0,0.01,0.37555555555555553,0.9657142857142857,0.687041564792176
ML-DSA-44,3333,0.33,0.33,0.33,1.0,0.05,0.35789473684210527,0.9714285714285714,0.7457212713936431
ML-DSA-44,3333,0.33,0.33,0.33,1.0,0.1,0.3489795918367347,0.9771428571428571,0.7799511002444988
ML-DSA-44,3333,0.33,0.33,0.33,1.0,0.2,0.34685598377281945,0.9771428571428571,0.7872860635696821
ML-DSA-44,3333,0.33,0.33,0.33,1.25,0.01,0.5181518151815182,0.8971428571428571,0.3569682151589242
ML-DSA-44,3333,0.33,0.33,0.33,1.25,0.05,0.5048231511254019,0.8971428571428571,0.3765281173594132
ML-DSA-44,3333,0.33,0.33,0.33,1.25,0.1,0.5032467532467533,0.8857142857142857,0.3740831295843521
ML-DSA-44,3333,0.33,0.33,0.33,1.25,0.2,0.5016181229773463,0.8857142857142857,0.3765281173594132
ML-DSA-44,3333,0.33,0.33,0.33,1.5,0.01,0.9743589743589743,0.21714285714285714,0.0024449877750611247
ML-DSA-44,3333,0.33,0.33,0.33,1.5,0.05,0.9743589743589743,0.21714285714285714,0.0024449877750611247
ML-DSA-44,3333,0.33,0.33,0.33,1.5,0.1,0.9743589743589743,0.21714285714285714,0.0024449877750611247
ML-DSA-44,3333,0.33,0.33,0.33,1.5,0.2,0.9743589743589743,0.21714285714285714,0.0024449877750611247
ML-DSA-44,3333,0.33,0.33,0.33,2.0,0.01,0.9743589743589743,0.21714285714285714,0.0024449877750611247
ML-DSA-44,3333,0.33,0.33,0.33,2.0,0.05,0.9743589743589743,0.21714285714285714,0.0024449877750611247
ML-DSA-44,3333,0.33,0.33,0.33,2.0,0.1,0.9743589743589743,0.21714285714285714,0.0024449877750611247
ML-DSA-44,3333,0.33,0.33,0.33,2.0,0.2,0.9743589743589743,0.21714285714285714,0.0024449877750611247
ML-DSA-44,3333,0.33,0.33,0.33,3.0,0.01,0.9743589743589743,0.21714285714285714,0.0024449877750611247
ML-DSA-44,3333,0.33,0.33,0.33,3.0,0.05,0.9743589743589743,0.21714285714285714,0.0024449877750611247
ML-DSA-44,3333,0.33,0.33,0.33,3.0,0.1,0.9743589743589743,0.21714285714285714,0.0024449877750611247
ML-DSA-44,3333,0.33,0.33,0.33,3.0,0.2,0.9743589743589743,0.21714285714285714,0.0024449877750611247
ML-DSA-44,3333,0.33,0.33,0.33,5.0,0.01,0.9743589743589743,0.21714285714285714,0.0024449877750611247
ML-DSA-44,3333,0.33,0.33,0.33,5.0,0.05,0.9743589743589743,0.21714285714285714,0.0024449877750611247
ML-DSA-44,3333,0.33,0.33,0.33,5.0,0.1,0.9743589743589743,0.21714285714285714,0.0024449877750611247
ML-DSA-44,3333,0.33,0.33,0.33,5.0,0.2,0.9743589743589743,0.21714285714285714,0.0024449877750611247
ML-DSA-44,3333,0.6,0.2,0.2,1.0,0.01,0.358974358974359,0.96,0.7334963325183375
ML-DSA-44,3333,0.6,0.2,0.2,1.0,0.05,0.34419551934826886,0.9657142857142857,0.7872860635696821
ML-DSA-44,3333,0.6,0.2,0.2,1.0,0.1,0.34004024144869216,0.9657142857142857,0.8019559902200489
ML-DSA-44,3333,0.6,0.2,0.2,1.0,0.2,0.34004024144869216,0.9657142857142857,0.8019559902200489
ML-DSA-44,3333,0.6,0.2,0.2,1.25,0.01,0.4984025559105431,0.8914285714285715,0.38386308068459657
ML-DSA-44,3333,0.6,0.2,0.2,1.25,0.05,0.49050632911392406,0.8857142857142857,0.39364303178484106
ML-DSA-44,3333,0.6,0.2,0.2,1.25,0.1,0.48427672955974843,0.88,0.40097799511002447
ML-DSA-44,3333,0.6,0.2,0.2,1.25,0.2,0.4810126582278481,0.8685714285714285,0.40097799511002447
ML-DSA-44,3333,0.6,0.2,0.2,1.5,0.01,0.74,0.21142857142857144,0.03178484107579462
ML-DSA-44,3333,0.6,0.2,0.2,1.5,0.05,0.6153846153846154,0.5485714285714286,0.1466992665036675
ML-DSA-44,3333,0.6,0.2,0.2,1.5,0.1,0.5828220858895705,0.5428571428571428,0.16625916870415647
ML-DSA-44,3333,0.6,0.2,0.2,1.5,0.2,0.5490196078431373,0.48,0.1687041564792176
ML-DSA-44,3333,0.6,0.2,0.2,2.0,0.01,0.8148148148148148,0.12571428571428572,0.012224938875305624
ML-DSA-44,3333,0.6,0.2,0.2,2.0,0.05,0.8076923076923077,0.12,0.012224938875305624
ML-DSA-44,3333,0.6,0.2,0.2,2.0,0.1,0.8,0.11428571428571428,0.012224938875305624
ML-DSA-44,3333,0.6,0.2,0.2,2.0,0.2,0.8,0.11428571428571428,0.012224938875305624
ML-DSA-44,3333,0.6,0.2,0.2,3.0,0.01,0.782608695652174,0.10285714285714286,0.012224938875305624
ML-DSA-44,3333,0.6,0.2,0.2,3.0,0.05,0.782608695652174,0.10285714285714286,0.012224938875305624
ML-DSA-44,3333,0.6,0.2,0.2,3.0,0.1,0.782608695652174,0.10285714285714286,0.012224938875305624
ML-DSA-44,3333,0.6,0.2,0.2,3.0,0.2,0.782608695652174,0.10285714285714286,0.012224938875305624
ML-DSA-44,3333,0.6,0.2,0.2,5.0,0.01,0.782608695652174,0.10285714285714286,0.012224938875305624
ML-DSA-44,3333,0.6,0.2,0.2,5.0,0.05,0.782608695652174,0.10285714285714286,0.012224938875305624
ML-DSA-44,3333,0.6,0.2,0.2,5.0,0.1,0.782608695652174,0.10285714285714286,0.012224938875305624
ML-DSA-44,3333,0.6,0.2,0.2,5.0,0.2,0.782608695652174,0.10285714285714286,0.012224938875305624
ML-DSA-44,3333,0.2,0.6,0.2,1.0,0.01,0.9772727272727273,0.24571428571428572,0.0024449877750611247
ML-DSA-44,3333,0.2,0.6,0.2,1.0,0.05,0.36129032258064514,0.96,0.726161369193154
ML-DSA-44,3333,0.2,0.6,0.2,1.0,0.1,0.35330578512396693,0.9771428571428571,0.7652811735941321
ML-DSA-44,3333,0.2,0.6,0.2,1.0,0.2,0.35185185185185186,0.9771428571428571,0.7701711491442543
ML-DSA-44,3333,0.2,0.6,0.2,1.25,0.01,0.9772727272727273,0.24571428571428572,0.0024449877750611247
ML-DSA-44,3333,0.2,0.6,0.2,1.25,0.05,0.9772727272727273,0.24571428571428572,0.0024449877750611247
ML-DSA-44,3333,0.2,0.6,0.2,1.25,0.1,0.9772727272727273,0.24571428571428572,0.0024449877750611247
ML-DSA-44,3333,0.2,0.6,0.2,1.25,0.2,0.9772727272727273,0.24571428571428572,0.0024449877750611247
ML-DSA-44,3333,0.2,0.6,0.2,1.5,0.01,0.9772727272727273,0.24571428571428572,0.0024449877750611247
ML-DSA-44,3333,0.2,0.6,0.2,1.5,0.05,0.9772727272727273,0.24571428571428572,0.0024449877750611247
ML-DSA-44,3333,0.2,0.6,0.2,1.5,0.1,0.9772727272727273,0.24571428571428572,0.0024449877750611247
ML-DSA-44,3333,0.2,0.6,0.2,1.5,0.2,0.9772727272727273,0.24571428571428572,0.0024449877750611247
ML-DSA-44,3333,0.2,0.6,0.2,2.0,0.01,0.9772727272727273,0.24571428571428572,0.0024449877750611247
ML-DSA-44,3333,0.2,0.6,0.2,2.0,0.05,0.9772727272727273,0.24571428571428572,0.0024449877750611247
ML-DSA-44,3333,0.2,0.6,0.2,2.0,0.1,0.9772727272727273,0.24571428571428572,0.0024449877750611247
ML-DSA-44,3333,0.2,0.6,0.2,2.0,0.2,0.9772727272727273,0.24571428571428572,0.0024449877750611247
ML-DSA-44,3333,0.2,0.6,0.2,3.0,0.01,0.9772727272727273,0.24571428571428572,0.0024449877750611247
ML-DSA-44,3333,0.2,0.6,0.2,3.0,0.05,0.9772727272727273,0.24571428571428572,0.0024449877750611247
ML-DSA-44,3333,0.2,0.6,0.2,3.0,0.1,0.9772727272727273,0.24571428571428572,0.0024449877750611247
ML-DSA-44,3333,0.2,0.6,0.2,3.0,0.2,0.9772727272727273,0.24571428571428572,0.0024449877750611247
ML-DSA-44,3333,0.2,0.6,0.2,5.0,0.01,0.9772727272727273,0.24571428571428572,0.0024449877750611247
ML-DSA-44,3333,0.2,0.6,0.2,5.0,0.05,0.9772727272727273,0.24571428571428572,0.0024449877750611247
ML-DSA-44,3333,0.2,0.6,0.2,5.0,0.1,0.9772727272727273,0.24571428571428572,0.0024449877750611247
ML-DSA-44,3333,0.2,0.6,0.2,5.0,0.2,0.9772727272727273,0.24571428571428572,0.0024449877750611247
ML-DSA-44,3333,0.2,0.2,0.6,1.0,0.01,1.0,0.17714285714285713,0.0
ML-DSA-44,3333,0.2,0.2,0.6,1.0,0.05,1.0,0.17714285714285713,0.0
ML-DSA-44,3333,0.2,0.2,0.6,1.0,0.1,1.0,0.17714285714285713,0.0
ML-DSA-44,3333,0.2,0.2,0.6,1.0,0.2,1.0,0.17714285714285713,0.0
ML-DSA-44,3333,0.2,0.2,0.6,1.25,0.01,1.0,0.17714285714285713,0.0
ML-DSA-44,3333,0.2,0.2,0.6,1.25,0.05,1.0,0.17714285714285713,0.0
ML-DSA-44,3333,0.2,0.2,0.6,1.25,0.1,1.0,0.17714285714285713,0.0
ML-DSA-44,3333,0.2,0.2,0.6,1.25,0.2,1.0,0.17714285714285713,0.0
ML-DSA-44,3333,0.2,0.2,0.6,1.5,0.01,1.0,0.17714285714285713,0.0
ML-DSA-44,3333,0.2,0.2,0.6,1.5,0.05,1.0,0.17714285714285713,0.0
ML-DSA-44,3333,0.2,0.2,0.6,1.5,0.1,1.0,0.17714285714285713,0.0
ML-DSA-44,3333,0.2,0.2,0.6,1.5,0.2,1.0,0.17714285714285713,0.0
ML-DSA-44,3333,0.2,0.2,0.6,2.0,0.01,1.0,0.17714285714285713,0.0
ML-DSA-44,3333,0.2,0.2,0.6,2.0,0.05,1.0,0.17714285714285713,0.0
ML-DSA-44,3333,0.2,0.2,0.6,2.0,0.1,1.0,0.17714285714285713,0.0
ML-DSA-44,3333,0.2,0.2,0.6,2.0,0.2,1.0,0.17714285714285713,0.0
ML-DSA-44,3333,0.2,0.2,0.6,3.0,0.01,1.0,0.17714285714285713,0.0
ML-DSA-44,3333,0.2,0.2,0.6,3.0,0.05,1.0,0.17714285714285713,0.0
ML-DSA-44,3333,0.2,0.2,0.6,3.0,0.1,1.0,0.17714285714285713,0.0
ML-DSA-44,3333,0.2,0.2,0.6,3.0,0.2,1.0,0.17714285714285713,0.0
ML-DSA-44,3333,0.2,0.2,0.6,5.0,0.01,1.0,0.17714285714285713,0.0
ML-DSA-44,3333,0.2,0.2,0.6,5.0,0.05,1.0,0.17714285714285713,0.0
ML-DSA-44,3333,0.2,0.2,0.6,5.0,0.1,1.0,0.17714285714285713,0.0
ML-DSA-44,3333,0.2,0.2,0.6,5.0,0.2,1.0,0.17714285714285713,0.0
ML-DSA-44,3333,0.8,0.1,0.1,1.0,0.01,0.3522012578616352,0.96,0.7555012224938875
ML-DSA-44,3333,0.8,0.1,0.1,1.0,0.05,0.3387096774193548,0.96,0.8019559902200489
ML-DSA-44,3333,0.8,0.1,0.1,1.0,0.1,0.336,0.96,0.8117359413202934
ML-DSA-44,3333,0.8,0.1,0.1,1.0,0.2,0.336,0.96,0.8117359413202934
ML-DSA-44,3333,0.8,0.1,0.1,1.25,0.01,0.45918367346938777,0.7714285714285715,0.38875305623471884
ML-DSA-44,3333,0.8,0.1,0.1,1.25,0.05,0.45517241379310347,0.7542857142857143,0.3863080684596577
ML-DSA-44,3333,0.8,0.1,0.1,1.25,0.1,0.4383561643835616,0.7314285714285714,0.40097799511002447
ML-DSA-44,3333,0.8,0.1,0.1,1.25,0.2,0.4340277777777778,0.7142857142857143,0.39853300733496333
ML-DSA-44,3333,0.8,0.1,0.1,1.5,0.01,0.5842696629213483,0.29714285714285715,0.09046454767726161
ML-DSA-44,3333,0.8,0.1,0.1,1.5,0.05,0.5263157894736842,0.4,0.15403422982885084
ML-DSA-44,3333,0.8,0.1,0.1,1.5,0.1,0.488,0.3485714285714286,0.15647921760391198
ML-DSA-44,3333,0.8,0.1,0.1,1.5,0.2,0.45081967213114754,0.3142857142857143,0.16381418092909536
ML-DSA-44,3333,0.8,0.1,0.1,2.0,0.01,0.717948717948718,0.16,0.02689486552567237
ML-DSA-44,3333,0.8,0.1,0.1,2.0,0.05,0.7567567567567568,0.16,0.022004889975550123
ML-DSA-44,3333,0.8,0.1,0.1,2.0,0.1,0.7567567567567568,0.16,0.022004889975550123
ML-DSA-44,3333,0.8,0.1,0.1,2.0,0.2,0.7567567567567568,0.16,0.022004889975550123
ML-DSA-44,3333,0.8,0.1,0.1,3.0,0.01,0.7567567567567568,0.16,0.022004889975550123
ML-DSA-44,3333,0.8,0.1,0.1,3.0,0.05,0.7567567567567568,0.16,0.022004889975550123
ML-DSA-44,3333,0.8,0.1,0.1,3.0,0.1,0.7567567567567568,0.16,0.022004889975550123
ML-DSA-44,3333,0.8,0.1,0.1,3.0,0.2,0.7567567567567568,0.16,0.022004889975550123
ML-DSA-44,3333,0.8,0.1,0.1,5.0,0.01,0.7567567567567568,0.16,0.022004889975550123
ML-DSA-44,3333,0.8,0.1,0.1,5.0,0.05,0.7567567567567568,0.16,0.022004889975550123
ML-DSA-44,3333,0.8,0.1,0.1,5.0,0.1,0.7567567567567568,0.16,0.022004889975550123
ML-DSA-44,3333,0.8,0.1,0.1,5.0,0.2,0.7567567567567568,0.16,0.022004889975550123
