context_switches,cpu_usage,execution_time_us,hw_branch_instructions,hw_branch_misses,hw_cache_misses,hw_cache_references,hw_cpu_cycles,hw_instructions,hw_telemetry_available,max_rss_kb,sw_context_switches,sw_cpu_migrations,sw_page_faults,synthetic_branch_proxy,synthetic_cache_proxy,label
4.0,129.0,655.333,-1.0,-1.0,-1.0,-1.0,-1.0,-1.0,0.0,332201984.0,-1.0,-1.0,-1.0,0.0,0.0,0
0.0,12.0,11.5,-1.0,-1.0,-1.0,-1.0,-1.0,-1.0,0.0,332201984.0,-1.0,-1.0,-1.0,0.0,0.0,0
0.0,11.0,11.375,-1.0,-1.0,-1.0,-1.0,-1.0,-1.0,0.0,332201984.0,-1.0,-1.0,-1.0,0.0,0.0,0
0.0,11.0,11.167,-1.0,-1.0,-1.0,-1.0,-1.0,-1.0,0.0,332201984.0,-1.0,-1.0,-1.0,0.0,0.0,0
0.0,11.0,11.0,-1.0,-1.0,-1.0,-1.0,-1.0,-1.0,0.0,332201984.0,-1.0,-1.0,-1.0,0.0,0.0,0
0.0,11.0,11.166,-1.0,-1.0,-1.0,-1.0,-1.0,-1.0,0.0,332201984.0,-1.0,-1.0,-1.0,0.0,0.0,0
0.0,12.0,11.041,-1.0,-1.0,-1.0,-1.0,-1.0,-1.0,0.0,332201984.0,-1.0,-1.0,-1.0,0.0,0.0,0
0.0,12.0,11.166,-1.0,-1.0,-1.0,-1.0,-1.0,-1.0,0.0,332201984.0,-1.0,-1.0,-1.0,0.0,0.0,0
0.0,11.0,11.083,-1.0,-1.0,-1.0,-1.0,-1.0,-1.0,0.0,332201984.0,-1.0,-1.0,-1.0,0.0,0.0,0
0.0,11.0,11.0,-1.0,-1.0,-1.0,-1.0,-1.0,-1.0,0.0,332201984.0,-1.0,-1.0,-1.0,0.0,0.0,0
0.0,11.0,11.041,-1.0,-1.0,-1.0,-1.0,-1.0,-1.0,0.0,332201984.0,-1.0,-1.0,-1.0,0.0,0.0,0
0.0,11.0,11.042,-1.0,-1.0,-1.0,-1.0,-1.0,-1.0,0.0,332201984.0,-1.0,-1.0,-1.0,0.0,0.0,0
0.0,11.0,11.0,-1.0,-1.0,-1.0,-1.0,-1.0,-1.0,0.0,332201984.0,-1.0,-1.0,-1.0,0.0,0.0,0
0.0,11.0,11.041,-1.0,-1.0,-1.0,-1.0,-1.0,-1.0,0.0,332201984.0,-1.0,-1.0,-1.0,0.0,0.0,0
0.0,11.0,11.083,-1.0,-1.0,-1.0,-1.0,-1.0,-1.0,0.0,332201984.0,-1.0,-1.0,-1.0,0.0,0.0,0
0.0,13.0,12.291,-1.0,-1.0,-1.0,-1.0,-1.0,-1.0,0.0,332201984.0,-1.0,-1.0,-1.0,0.0,0.0,0
0.0,11.0,11.083,-1.0,-1.0,-1.0,-1.0,-1.0,-1.0,0.0,332201984.0,-1.0,-1.0,-1.0,0.0,0.0,0
0.0,11.0,10.958,-1.0,-1.0,-1.0,-1.0,-1.0,-1.0,0.0,332201984.0,-1.0,-1.0,-1.0,0.0,0.0,0
0.0,11.0,11.042,-1.0,-1.0,-1.0,-1.0,-1.0,-1.0,0.0,332201984.0,-1.0,-1.0,-1.0,0.0,0.0,0
0.0,11.0,11.0,-1.0,-1.0,-1.0,-1.0,-1.0,-1.0,0.0,332201984.0,-1.0,-1.0,-1.0,0.0,0.0,0
0.0,11.0,11.0,-1.0,-1.0,-1.0,-1.0,-1.0,-1.0,0.0,332201984.0,-1.0,-1.0,-1.0,0.0,0.0,0
0.0,11.0,11.0,-1.0,-1.0,-1.0,-1.0,-1.0,-1.0,0.0,332201984.0,-1.0,-1.0,-1.0,0.0,0.0,0
0.0,11.0,11.0,-1.0,-1.0,-1.0,-1.0,-1.0,-1.0,0.0,332201984.0,-1.0,-1.0,-1.0,0.0,0.0,0
0.0,11.0,11.125,-1.0,-1.0,-1.0,-1.0,-1.0,-1.0,0.0,332201984.0,-1.0,-1.0,-1.0,0.0,0.0,0
0.0,13.0,11.042,-1.0,-1.0,-1.0,-1.0,-1.0,-1.0,0.0,332201984.0,-1.0,-1.0,-1.0,0.0,0.0,0
0.0,11.0,11.0,-1.0,-1.0,-1.0,-1.0,-1.0,-1.0,0.0,332201984.0,-1.0,-1.0,-1.0,0.0,0.0,0
0.0,11.0,11.167,-1.0,-1.0,-1.0,-1.0,-1.0,-1.0,0.0,332201984.0,-1.0,-1.0,-1.0,0.0,0.0,0
0.0,11.0,11.125,-1.0,-1.0,-1.0,-1.0,-1.0,-1.0,0.0,332201984.0,-1.0,-1.0,-1.0,0.0,0.0,0
0.0,11.0,11.083,-1.0,-1.0,-1.0,-1.0,-1.0,-1.0,0.0,332201984.0,-1.0,-1.0,-1.0,0.0,0.0,0
0.0,11.0,11.208,-1.0,-1.0,-1.0,-1.0,-1.0,-1.0,0.0,332201984.0,-1.0,-1.0,-1.0,0.0,0.0,0
0.0,11.0,11.041,-1.0,-1.0,-1.0,-1.0,-1.0,-1.0,0.0,332201984.0,-1.0,-1.0,-1.0,0.0,0.0,0
0.0,12.0,11.0,-1.0,-1.0,-1.0,-1.0,-1.0,-1.0,0.0,332201984.0,-1.0,-1.0,-1.0,0.0,0.0,0
0.0,17.0,16.667,-1.0,-1.0,-1.0,-1.0,-1.0,-1.0,0.0,332201984.0,-1.0,-1.0,-1.0,0.0,0.0,0
0.0,11.0,11.25,-1.0,-1.0,-1.0,-1.0,-1.0,-1.0,0.0,332201984.0,-1.0,-1.0,-1.0,0.0,0.0,0
0.0,12.0,11.125,-1.0,-1.0,-1.0,-1.0,-1.0,-1.0,0.0,332201984.0,-1.0,-1.0,-1.0,0.0,0.0,0
0.0,11.0,11.0,-1.0,-1.0,-1.0,-1.0,-1.0,-1.0,0.0,332201984.0,-1.0,-1.0,-1.0,0.0,0.0,0
0.0,11.0,11.042,-1.0,-1.0,-1.0,-1.0,-1.0,-1.0,0.0,332201984.0,-1.0,-1.0,-1.0,0.0,0.0,0
0.0,13.0,11.167,-1.0,-1.0,-1.0,-1.0,-1.0,-1.0,0.0,332201984.0,-1.0,-1.0,-1.0,0.0,0.0,0
0.0,11.0,11.042,-1.0,-1.0,-1.0,-1.0,-1.0,-1.0,0.0,332201984.0,-1.0,-1.0,-1.0,0.0,0.0,0
0.0,11.0,11.0,-1.0,-1.0,-1.0,-1.0,-1.0,-1.0,0.0,332201984.0,-1.0,-1.0,-1.0,0.0,0.0,0
0.0,11.0,11.125,-1.0,-1.0,-1.0,-1.0,-1.0,-1.0,0.0,332201984.0,-1.0,-1.0,-1.0,0.0,0.0,0
0.0,13.0,11.083,-1.0,-1.0,-1.0,-1.0,-1.0,-1.0,0.0,332201984.0,-1.0,-1.0,-1.0,0.0,0.0,0
0.0,11.0,11.125,-1.0,-1.0,-1.0,-1.0,-1.0,-1.0,0.0,332201984.0,-1.0,-1.0,-1.0,0.0,0.0,0
0.0,11.0,11.125,-1.0,-1.0,-1.0,-1.0,-1.0,-1.0,0.0,332201984.0,-1.0,-1.0,-1.0,0.0,0.0,0
0.0,12.0,11.125,-1.0,-1.0,-1.0,-1.0,-1.0,-1.0,0.0,332201984.0,-1.0,-1.0,-1.0,0.0,0.0,0
0.0,12.0,11.167,-1.0,-1.0,-1.0,-1.0,-1.0,-1.0,0.0,332201984.0,-1.0,-1.0,-1.0,0.0,0.0,0
0.0,11.0,11.083,-1.0,-1.0,-1.0,-1.0,-1.0,-1.0,0.0,332201984.0,-1.0,-1.0,-1.0,0.0,0.0,0
0.0,12.0,11.125,-1.0,-1.0,-1.0,-1.0,-1.0,-1.0,0.0,332201984.0,-1.0,-1.0,-1.0,0.0,0.0,0
0.0,11.0,11.042,-1.0,-1.0,-1.0,-1.0,-1.0,-1.0,0.0,332201984.0,-1.0,-1.0,-1.0,0.0,0.0,0
0.0,11.0,11.209,-1.0,-1.0,-1.0,-1.0,-1.0,-1.0,0.0,332201984.0,-1.0,-1.0,-1.0,0.0,0.0,0
0.0,11.0,11.125,-1.0,-1.0,-1.0,-1.0,-1.0,-1.0,0.0,332201984.0,-1.0,-1.0,-1.0,0.0,0.0,0
0.0,12.0,11.084,-1.0,-1.0,-1.0,-1.0,-1.0,-1.0,0.0,332201984.0,-1.0,-1.0,-1.0,0.0,0.0,0
0.0,11.0,11.083,-1.0,-1.0,-1.0,-1.0,-1.0,-1.0,0.0,332201984.0,-1.0,-1.0,-1.0,0.0,0.0,0
0.0,11.0,11.041,-1.0,-1.0,-1.0,-1.0,-1.0,-1.0,0.0,332201984.0,-1.0,-1.0,-1.0,0.0,0.0,0
0.0,11.0,11.0,-1.0,-1.0,-1.0,-1.0,-1.0,-1.0,0.0,332201984.0,-1.0,-1.0,-1.0,0.0,0.0,0
0.0,12.0,11.083,-1.0,-1.0,-1.0,-1.0,-1.0,-1.0,0.0,332201984.0,-1.0,-1.0,-1.0,0.0,0.0,0
0.0,11.0,11.125,-1.0,-1.0,-1.0,-1.0,-1.0,-1.0,0.0,332201984.0,-1.0,-1.0,-1.0,0.0,0.0,0
0.0,12.0,12.291,-1.0,-1.0,-1.0,-1.0,-1.0,-1.0,0.0,332201984.0,-1.0,-1.0,-1.0,0.0,0.0,0
0.0,12.0,11.041,-1.0,-1.0,-1.0,-1.0,-1.0,-1.0,0.0,332201984.0,-1.0,-1.0,-1.0,0.0,0.0,0
0.0,11.0,11.0,-1.0,-1.0,-1.0,-1.0,-1.0,-1.0,0.0,332201984.0,-1.0,-1.0,-1.0,0.0,0.0,0
0.0,11.0,11.125,-1.0,-1.0,-1.0,-1.0,-1.0,-1.0,0.0,332201984.0,-1.0,-1.0,-1.0,0.0,0.0,0
0.0,11.0,11.042,-1.0,-1.0,-1.0,-1.0,-1.0,-1.0,0.0,332201984.0,-1.0,-1.0,-1.0,0.0,0.0,0
0.0,11.0,11.042,-1.0,-1.0,-1.0,-1.0,-1.0,-1.0,0.0,332201984.0,-1.0,-1.0,-1.0,0.0,0.0,0
0.0,11.0,11.084,-1.0,-1.0,-1.0,-1.0,-1.0,-1.0,0.0,332201984.0,-1.0,-1.0,-1.0,0.0,0.0,0
0.0,12.0,11.042,-1.0,-1.0,-1.0,-1.0,-1.0,-1.0,0.0,332201984.0,-1.0,-1.0,-1.0,0.0,0.0,0
0.0,12.0,12.208,-1.0,-1.0,-1.0,-1.0,-1.0,-1.0,0.0,332201984.0,-1.0,-1.0,-1.0,0.0,0.0,0
0.0,13.0,12.167,-1.0,-1.0,-1.0,-1.0,-1.0,-1.0,0.0,332201984.0,-1.0,-1.0,-1.0,0.0,0.0,0
0.0,17.0,17.25,-1.0,-1.0,-1.0,-1.0,-1.0,-1.0,0.0,332201984.0,-1.0,-1.0,-1.0,0.0,0.0,0
0.0,12.0,11.167,-1.0,-1.0,-1.0,-1.0,-1.0,-1.0,0.0,332201984.0,-1.0,-1.0,-1.0,0.0,0.0,0
0.0,11.0,11.041,-1.0,-1.0,-1.0,-1.0,-1.0,-1.0,0.0,332201984.0,-1.0,-1.0,-1.0,0.0,0.0,0
0.0,12.0,11.041,-1.0,-1.0,-1.0,-1.0,-1.0,-1.0,0.0,332201984.0,-1.0,-1.0,-1.0,0.0,0.0,0
0.0,11.0,11.042,-1.0,-1.0,-1.0,-1.0,-1.0,-1.0,0.0,332201984.0,-1.0,-1.0,-1.0,0.0,0.0,0
0.0,11.0,11.0,-1.0,-1.0,-1.0,-1.0,-1.0,-1.0,0.0,332201984.0,-1.0,-1.0,-1.0,0.0,0.0,0
0.0,12.0,11.291,-1.0,-1.0,-1.0,-1.0,-1.0,-1.0,0.0,332201984.0,-1.0,-1.0,-1.0,0.0,0.0,0
0.0,11.0,10.916,-1.0,-1.0,-1.0,-1.0,-1.0,-1.0,0.0,332201984.0,-1.0,-1.0,-1.0,0.0,0.0,0
0.0,12.0,12.208,-1.0,-1.0,-1.0,-1.0,-1.0,-1.0,0.0,332201984.0,-1.0,-1.0,-1.0,0.0,0.0,0
0.0,11.0,11.083,-1.0,-1.0,-1.0,-1.0,-1.0,-1.0,0.0,332201984.0,-1.0,-1.0,-1.0,0.0,0.0,0
0.0,14.0,14.125,-1.0,-1.0,-1.0,-1.0,-1.0,-1.0,0.0,332201984.0,-1.0,-1.0,-1.0,0.0,0.0,0
0.0,11.0,11.0,-1.0,-1.0,-1.0,-1.0,-1.0,-1.0,0.0,332201984.0,-1.0,-1.0,-1.0,0.0,0.0,0
0.0,11.0,11.042,-1.0,-1.0,-1.0,-1.0,-1.0,-1.0,0.0,332201984.0,-1.0,-1.0,-1.0,0.0,0.0,0
0.0,12.0,11.042,-1.0,-1.0,-1.0,-1.0,-1.0,-1.0,0.0,332201984.0,-1.0,-1.0,-1.0,0.0,0.0,0
0.0,12.0,11.25,-1.0,-1.0,-1.0,-1.0,-1.0,-1.0,0.0,332201984.0,-1.0,-1.0,-1.0,0.0,0.0,0
0.0,11.0,11.0,-1.0,-1.0,-1.0,-1.0,-1.0,-1.0,0.0,332201984.0,-1.0,-1.0,-1.0,0.0,0.0,0
0.0,11.0,10.959,-1.0,-1.0,-1.0,-1.0,-1.0,-1.0,0.0,332201984.0,-1.0,-1.0,-1.0,0.0,0.0,0
0.0,12.0,11.083,-1.0,-1.0,-1.0,-1.0,-1.0,-1.0,0.0,332201984.0,-1.0,-1.0,-1.0,0.0,0.0,0
0.0,11.0,11.083,-1.0,-1.0,-1.0,-1.0,-1.0,-1.0,0.0,332201984.0,-1.0,-1.0,-1.0,0.0,0.0,0
0.0,11.0,11.083,-1.0,-1.0,-1.0,-1.0,-1.0,-1.0,0.0,332201984.0,-1.0,-1.0,-1.0,0.0,0.0,0
0.0,11.0,11.042,-1.0,-1.0,-1.0,-1.0,-1.0,-1.0,0.0,332201984.0,-1.0,-1.0,-1.0,0.0,0.0,0
0.0,12.0,11.0,-1.0,-1.0,-1.0,-1.0,-1.0,-1.0,0.0,332201984.0,-1.0,-1.0,-1.0,0.0,0.0,0
0.0,11.0,11.041,-1.0,-1.0,-1.0,-1.0,-1.0,-1.0,0.0,332201984.0,-1.0,-1.0,-1.0,0.0,0.0,0
0.0,11.0,11.042,-1.0,-1.0,-1.0,-1.0,-1.0,-1.0,0.0,332201984.0,-1.0,-1.0,-1.0,0.0,0.0,0
0.0,11.0,11.084,-1.0,-1.0,-1.0,-1.0,-1.0,-1.0,0.0,332201984.0,-1.0,-1.0,-1.0,0.0,0.0,0
0.0,19.0,17.5,-1.0,-1.0,-1.0,-1.0,-1.0,-1.0,0.0,332201984.0,-1.0,-1.0,-1.0,0.0,0.0,0
0.0,12.0,11.334,-1.0,-1.0,-1.0,-1.0,-1.0,-1.0,0.0,332201984.0,-1.0,-1.0,-1.0,0.0,0.0,0
0.0,11.0,11.333,-1.0,-1.0,-1.0,-1.0,-1.0,-1.0,0.0,332201984.0,-1.0,-1.0,-1.0,0.0,0.0,0
0.0,12.0,11.333,-1.0,-1.0,-1.0,-1.0,-1.0,-1.0,0.0,332201984.0,-1.0,-1.0,-1.0,0.0,0.0,0
0.0,12.0,11.292,-1.0,-1.0,-1.0,-1.0,-1.0,-1.0,0.0,332201984.0,-1.0,-1.0,-1.0,0.0,0.0,0
0.0,11.0,11.333,-1.0,-1.0,-1.0,-1.0,-1.0,-1.0,0.0,332201984.0,-1.0,-1.0,-1.0,0.0,0.0,0
0.0,12.0,11.375,-1.0,-1.0,-1.0,-1.0,-1.0,-1.0,0.0,332201984.0,-1.0,-1.0,-1.0,0.0,0.0,0
0.0,11.0,11.292,-1.0,-1.0,-1.0,-1.0,-1.0,-1.0,0.0,332201984.0,-1.0,-1.0,-1.0,0.0,0.0,0
0.0,11.0,11.333,-1.0,-1.0,-1.0,-1.0,-1.0,-1.0,0.0,332201984.0,-1.0,-1.0,-1.0,0.0,0.0,0
0.0,11.0,11.25,-1.0,-1.0,-1.0,-1.0,-1.0,-1.0,0.0,332201984.0,-1.0,-1.0,-1.0,0.0,0.0,0
0.0,13.0,11.291,-1.0,-1.0,-1.0,-1.0,-1.0,-1.0,0.0,332201984.0,-1.0,-1.0,-1.0,0.0,0.0,0
0.0,11.0,11.292,-1.0,-1.0,-1.0,-1.0,-1.0,-1.0,0.0,332201984.0,-1.0,-1.0,-1.0,0.0,0.0,0
0.0,12.0,11.333,-1.0,-1.0,-1.0,-1.0,-1.0,-1.0,0.0,332201984.0,-1.0,-1.0,-1.0,0.0,0.0,0
0.0,12.0,11.292,-1.0,-1.0,-1.0,-1.0,-1.0,-1.0,0.0,332201984.0,-1.0,-1.0,-1.0,0.0,0.0,0
0.0,11.0,11.291,-1.0,-1.0,-1.0,-1.0,-1.0,-1.0,0.0,332201984.0,-1.0,-1.0,-1.0,0.0,0.0,0
0.0,13.0,11.334,-1.0,-1.0,-1.0,-1.0,-1.0,-1.0,0.0,332201984.0,-1.0,-1.0,-1.0,0.0,0.0,0
0.0,12.0,11.416,-1.0,-1.0,-1.0,-1.0,-1.0,-1.0,0.0,332201984.0,-1.0,-1.0,-1.0,0.0,0.0,0
0.0,12.0,11.333,-1.0,-1.0,-1.0,-1.0,-1.0,-1.0,0.0,332201984.0,-1.0,-1.0,-1.0,0.0,0.0,0
0.0,11.0,11.333,-1.0,-1.0,-1.0,-1.0,-1.0,-1.0,0.0,332201984.0,-1.0,-1.0,-1.0,0.0,0.0,0
0.0,12.0,11.333,-1.0,-1.0,-1.0,-1.0,-1.0,-1.0,0.0,332201984.0,-1.0,-1.0,-1.0,0.0,0.0,0
0.0,12.0,11.292,-1.0,-1.0,-1.0,-1.0,-1.0,-1.0,0.0,332201984.0,-1.0,-1.0,-1.0,0.0,0.0,0
0.0,12.0,11.208,-1.0,-1.0,-1.0,-1.0,-1.0,-1.0,0.0,332201984.0,-1.0,-1.0,-1.0,0.0,0.0,0
0.0,11.0,11.459,-1.0,-1.0,-1.0,-1.0,-1.0,-1.0,0.0,332201984.0,-1.0,-1.0,-1.0,0.0,0.0,0
0.0,11.0,11.292,-1.0,-1.0,-1.0,-1.0,-1.0,-1.0,0.0,332201984.0,-1.0,-1.0,-1.0,0.0,0.0,0
0.0,11.0,11.333,-1.0,-1.0,-1.0,-1.0,-1.0,-1.0,0.0,332201984.0,-1.0,-1.0,-1.0,0.0,0.0,0
0.0,14.0,13.958,-1.0,-1.0,-1.0,-1.0,-1.0,-1.0,0.0,332201984.0,-1.0,-1.0,-1.0,0.0,0.0,0
0.0,11.0,11.375,-1.0,-1.0,-1.0,-1.0,-1.0,-1.0,0.0,332201984.0,-1.0,-1.0,-1.0,0.0,0.0,0
0.0,13.0,12.583,-1.0,-1.0,-1.0,-1.0,-1.0,-1.0,0.0,332201984.0,-1.0,-1.0,-1.0,0.0,0.0,0
0.0,11.0,11.292,-1.0,-1.0,-1.0,-1.0,-1.0,-1.0,0.0,332201984.0,-1.0,-1.0,-1.0,0.0,0.0,0
0.0,11.0,11.25,-1.0,-1.0,-1.0,-1.0,-1.0,-1.0,0.0,332201984.0,-1.0,-1.0,-1.0,0.0,0.0,0
0.0,12.0,11.417,-1.0,-1.0,-1.0,-1.0,-1.0,-1.0,0.0,332201984.0,-1.0,-1.0,-1.0,0.0,0.0,0
0.0,12.0,11.291,-1.0,-1.0,-1.0,-1.0,-1.0,-1.0,0.0,332201984.0,-1.0,-1.0,-1.0,0.0,0.0,0
0.0,11.0,11.25,-1.0,-1.0,-1.0,-1.0,-1.0,-1.0,0.0,332201984.0,-1.0,-1.0,-1.0,0.0,0.0,0
0.0,11.0,11.333,-1.0,-1.0,-1.0,-1.0,-1.0,-1.0,0.0,332201984.0,-1.0,-1.0,-1.0,0.0,0.0,0
0.0,11.0,11.292,-1.0,-1.0,-1.0,-1.0,-1.0,-1.0,0.0,332201984.0,-1.0,-1.0,-1.0,0.0,0.0,0
0.0,13.0,13.75,-1.0,-1.0,-1.0,-1.0,-1.0,-1.0,0.0,332201984.0,-1.0,-1.0,-1.0,0.0,0.0,0
0.0,11.0,11.292,-1.0,-1.0,-1.0,-1.0,-1.0,-1.0,0.0,332201984.0,-1.0,-1.0,-1.0,0.0,0.0,0
0.0,11.0,11.5,-1.0,-1.0,-1.0,-1.0,-1.0,-1.0,0.0,332201984.0,-1.0,-1.0,-1.0,0.0,0.0,0
0.0,11.0,11.292,-1.0,-1.0,-1.0,-1.0,-1.0,-1.0,0.0,332201984.0,-1.0,-1.0,-1.0,0.0,0.0,0
0.0,11.0,11.292,-1.0,-1.0,-1.0,-1.0,-1.0,-1.0,0.0,332201984.0,-1.0,-1.0,-1.0,0.0,0.0,0
0.0,11.0,11.541,-1.0,-1.0,-1.0,-1.0,-1.0,-1.0,0.0,332201984.0,-1.0,-1.0,-1.0,0.0,0.0,0
0.0,11.0,11.333,-1.0,-1.0,-1.0,-1.0,-1.0,-1.0,0.0,332201984.0,-1.0,-1.0,-1.0,0.0,0.0,0
0.0,12.0,11.291,-1.0,-1.0,-1.0,-1.0,-1.0,-1.0,0.0,332201984.0,-1.0,-1.0,-1.0,0.0,0.0,0
0.0,13.0,11.334,-1.0,-1.0,-1.0,-1.0,-1.0,-1.0,0.0,332201984.0,-1.0,-1.0,-1.0,0.0,0.0,0
0.0,11.0,11.292,-1.0,-1.0,-1.0,-1.0,-1.0,-1.0,0.0,332201984.0,-1.0,-1.0,-1.0,0.0,0.0,0
0.0,11.0,11.375,-1.0,-1.0,-1.0,-1.0,-1.0,-1.0,0.0,332201984.0,-1.0,-1.0,-1.0,0.0,0.0,0
0.0,11.0,11.25,-1.0,-1.0,-1.0,-1.0,-1.0,-1.0,0.0,332201984.0,-1.0,-1.0,-1.0,0.0,0.0,0
0.0,15.0,14.125,-1.0,-1.0,-1.0,-1.0,-1.0,-1.0,0.0,332201984.0,-1.0,-1.0,-1.0,0.0,0.0,0
0.0,13.0,11.416,-1.0,-1.0,-1.0,-1.0,-1.0,-1.0,0.0,332201984.0,-1.0,-1.0,-1.0,0.0,0.0,0
0.0,12.0,11.292,-1.0,-1.0,-1.0,-1.0,-1.0,-1.0,0.0,332201984.0,-1.0,-1.0,-1.0,0.0,0.0,0
0.0,11.0,11.25,-1.0,-1.0,-1.0,-1.0,-1.0,-1.0,0.0,332201984.0,-1.0,-1.0,-1.0,0.0,0.0,0
0.0,11.0,11.458,-1.0,-1.0,-1.0,-1.0,-1.0,-1.0,0.0,332201984.0,-1.0,-1.0,-1.0,0.0,0.0,0
0.0,11.0,11.292,-1.0,-1.0,-1.0,-1.0,-1.0,-1.0,0.0,332201984.0,-1.0,-1.0,-1.0,0.0,0.0,0
0.0,11.0,11.334,-1.0,-1.0,-1.0,-1.0,-1.0,-1.0,0.0,332201984.0,-1.0,-1.0,-1.0,0.0,0.0,0
0.0,12.0,11.292,-1.0,-1.0,-1.0,-1.0,-1.0,-1.0,0.0,332201984.0,-1.0,-1.0,-1.0,0.0,0.0,0
0.0,12.0,11.25,-1.0,-1.0,-1.0,-1.0,-1.0,-1.0,0.0,332201984.0,-1.0,-1.0,-1.0,0.0,0.0,0
0.0,14.0,13.708,-1.0,-1.0,-1.0,-1.0,-1.0,-1.0,0.0,332201984.0,-1.0,-1.0,-1.0,0.0,0.0,0
0.0,15.0,14.125,-1.0,-1.0,-1.0,-1.0,-1.0,-1.0,0.0,332201984.0,-1.0,-1.0,-1.0,0.0,0.0,0
0.0,12.0,11.333,-1.0,-1.0,-1.0,-1.0,-1.0,-1.0,0.0,332201984.0,-1.0,-1.0,-1.0,0.0,0.0,0
0.0,11.0,11.458,-1.0,-1.0,-1.0,-1.0,-1.0,-1.0,0.0,332201984.0,-1.0,-1.0,-1.0,0.0,0.0,0
0.0,12.0,12.542,-1.0,-1.0,-1.0,-1.0,-1.0,-1.0,0.0,332201984.0,-1.0,-1.0,-1.0,0.0,0.0,0
0.0,12.0,11.375,-1.0,-1.0,-1.0,-1.0,-1.0,-1.0,0.0,332201984.0,-1.0,-1.0,-1.0,0.0,0.0,0
0.0,11.0,11.416,-1.0,-1.0,-1.0,-1.0,-1.0,-1.0,0.0,332201984.0,-1.0,-1.0,-1.0,0.0,0.0,0
0.0,12.0,11.333,-1.0,-1.0,-1.0,-1.0,-1.0,-1.0,0.0,332201984.0,-1.0,-1.0,-1.0,0.0,0.0,0
0.0,11.0,11.25,-1.0,-1.0,-1.0,-1.0,-1.0,-1.0,0.0,332201984.0,-1.0,-1.0,-1.0,0.0,0.0,0
0.0,12.0,11.292,-1.0,-1.0,-1.0,-1.0,-1.0,-1.0,0.0,332201984.0,-1.0,-1.0,-1.0,0.0,0.0,0
0.0,12.0,11.333,-1.0,-1.0,-1.0,-1.0,-1.0,-1.0,0.0,332201984.0,-1.0,-1.0,-1.0,0.0,0.0,0
0.0,11.0,11.375,-1.0,-1.0,-1.0,-1.0,-1.0,-1.0,0.0,332201984.0,-1.0,-1.0,-1.0,0.0,0.0,0
0.0,11.0,11.333,-1.0,-1.0,-1.0,-1.0,-1.0,-1.0,0.0,332201984.0,-1.0,-1.0,-1.0,0.0,0.0,0
0.0,17.0,16.666,-1.0,-1.0,-1.0,-1.0,-1.0,-1.0,0.0,332201984.0,-1.0,-1.0,-1.0,0.0,0.0,0
0.0,12.0,11.333,-1.0,-1.0,-1.0,-1.0,-1.0,-1.0,0.0,332201984.0,-1.0,-1.0,-1.0,0.0,0.0,0
0.0,12.0,11.375,-1.0,-1.0,-1.0,-1.0,-1.0,-1.0,0.0,332201984.0,-1.0,-1.0,-1.0,0.0,0.0,0
0.0,13.0,11.417,-1.0,-1.0,-1.0,-1.0,-1.0,-1.0,0.0,332201984.0,-1.0,-1.0,-1.0,0.0,0.0,0
0.0,12.0,11.458,-1.0,-1.0,-1.0,-1.0,-1.0,-1.0,0.0,332201984.0,-1.0,-1.0,-1.0,0.0,0.0,0
0.0,12.0,11.333,-1.0,-1.0,-1.0,-1.0,-1.0,-1.0,0.0,332201984.0,-1.0,-1.0,-1.0,0.0,0.0,0
0.0,12.0,11.375,-1.0,-1.0,-1.0,-1.0,-1.0,-1.0,0.0,332201984.0,-1.0,-1.0,-1.0,0.0,0.0,0
0.0,11.0,11.333,-1.0,-1.0,-1.0,-1.0,-1.0,-1.0,0.0,332201984.0,-1.0,-1.0,-1.0,0.0,0.0,0
0.0,12.0,11.375,-1.0,-1.0,-1.0,-1.0,-1.0,-1.0,0.0,332201984.0,-1.0,-1.0,-1.0,0.0,0.0,0
0.0,13.0,13.667,-1.0,-1.0,-1.0,-1.0,-1.0,-1.0,0.0,332201984.0,-1.0,-1.0,-1.0,0.0,0.0,0
0.0,13.0,11.417,-1.0,-1.0,-1.0,-1.0,-1.0,-1.0,0.0,332201984.0,-1.0,-1.0,-1.0,0.0,0.0,0
0.0,13.0,11.291,-1.0,-1.0,-1.0,-1.0,-1.0,-1.0,0.0,332201984.0,-1.0,-1.0,-1.0,0.0,0.0,0
0.0,11.0,11.416,-1.0,-1.0,-1.0,-1.0,-1.0,-1.0,0.0,332201984.0,-1.0,-1.0,-1.0,0.0,0.0,0
0.0,15.0,14.334,-1.0,-1.0,-1.0,-1.0,-1.0,-1.0,0.0,332201984.0,-1.0,-1.0,-1.0,0.0,0.0,0
0.0,12.0,11.292,-1.0,-1.0,-1.0,-1.0,-1.0,-1.0,0.0,332201984.0,-1.0,-1.0,-1.0,0.0,0.0,0
0.0,12.0,11.333,-1.0,-1.0,-1.0,-1.0,-1.0,-1.0,0.0,332201984.0,-1.0,-1.0,-1.0,0.0,0.0,0
0.0,11.0,11.333,-1.0,-1.0,-1.0,-1.0,-1.0,-1.0,0.0,332201984.0,-1.0,-1.0,-1.0,0.0,0.0,0
0.0,12.0,11.458,-1.0,-1.0,-1.0,-1.0,-1.0,-1.0,0.0,332201984.0,-1.0,-1.0,-1.0,0.0,0.0,0
0.0,12.0,11.334,-1.0,-1.0,-1.0,-1.0,-1.0,-1.0,0.0,332201984.0,-1.0,-1.0,-1.0,0.0,0.0,0
0.0,11.0,11.333,-1.0,-1.0,-1.0,-1.0,-1.0,-1.0,0.0,332201984.0,-1.0,-1.0,-1.0,0.0,0.0,0
0.0,11.0,11.292,-1.0,-1.0,-1.0,-1.0,-1.0,-1.0,0.0,332201984.0,-1.0,-1.0,-1.0,0.0,0.0,0
0.0,12.0,11.417,-1.0,-1.0,-1.0,-1.0,-1.0,-1.0,0.0,332201984.0,-1.0,-1.0,-1.0,0.0,0.0,0
0.0,11.0,11.375,-1.0,-1.0,-1.0,-1.0,-1.0,-1.0,0.0,332201984.0,-1.0,-1.0,-1.0,0.0,0.0,0
0.0,13.0,13.917,-1.0,-1.0,-1.0,-1.0,-1.0,-1.0,0.0,332201984.0,-1.0,-1.0,-1.0,0.0,0.0,0
0.0,12.0,11.375,-1.0,-1.0,-1.0,-1.0,-1.0,-1.0,0.0,332201984.0,-1.0,-1.0,-1.0,0.0,0.0,0
0.0,12.0,11.375,-1.0,-1.0,-1.0,-1.0,-1.0,-1.0,0.0,332201984.0,-1.0,-1.0,-1.0,0.0,0.0,0
0.0,11.0,11.25,-1.0,-1.0,-1.0,-1.0,-1.0,-1.0,0.0,332201984.0,-1.0,-1.0,-1.0,0.0,0.0,0
0.0,14.0,14.25,-1.0,-1.0,-1.0,-1.0,-1.0,-1.0,0.0,332201984.0,-1.0,-1.0,-1.0,0.0,0.0,0
0.0,11.0,11.292,-1.0,-1.0,-1.0,-1.0,-1.0,-1.0,0.0,332201984.0,-1.0,-1.0,-1.0,0.0,0.0,0
0.0,13.0,12.667,-1.0,-1.0,-1.0,-1.0,-1.0,-1.0,0.0,332201984.0,-1.0,-1.0,-1.0,0.0,0.0,0
0.0,12.0,11.417,-1.0,-1.0,-1.0,-1.0,-1.0,-1.0,0.0,332201984.0,-1.0,-1.0,-1.0,0.0,0.0,0
0.0,12.0,11.416,-1.0,-1.0,-1.0,-1.0,-1.0,-1.0,0.0,332201984.0,-1.0,-1.0,-1.0,0.0,0.0,0
0.0,12.0,11.416,-1.0,-1.0,-1.0,-1.0,-1.0,-1.0,0.0,332201984.0,-1.0,-1.0,-1.0,0.0,0.0,0
0.0,13.0,11.5,-1.0,-1.0,-1.0,-1.0,-1.0,-1.0,0.0,332201984.0,-1.0,-1.0,-1.0,0.0,0.0,0
0.0,15.0,14.0,-1.0,-1.0,-1.0,-1.0,-1.0,-1.0,0.0,332201984.0,-1.0,-1.0,-1.0,0.0,0.0,0
0.0,14.0,14.083,-1.0,-1.0,-1.0,-1.0,-1.0,-1.0,0.0,332201984.0,-1.0,-1.0,-1.0,0.0,0.0,0
0.0,11.0,11.417,-1.0,-1.0,-1.0,-1.0,-1.0,-1.0,0.0,332201984.0,-1.0,-1.0,-1.0,0.0,0.0,0
0.0,11.0,11.333,-1.0,-1.0,-1.0,-1.0,-1.0,-1.0,0.0,332201984.0,-1.0,-1.0,-1.0,0.0,0.0,0
0.0,12.0,11.417,-1.0,-1.0,-1.0,-1.0,-1.0,-1.0,0.0,332201984.0,-1.0,-1.0,-1.0,0.0,0.0,0
0.0,11.0,11.375,-1.0,-1.0,-1.0,-1.0,-1.0,-1.0,0.0,332201984.0,-1.0,-1.0,-1.0,0.0,0.0,0
0.0,12.0,11.333,-1.0,-1.0,-1.0,-1.0,-1.0,-1.0,0.0,332201984.0,-1.0,-1.0,-1.0,0.0,0.0,0
0.0,12.0,11.291,-1.0,-1.0,-1.0,-1.0,-1.0,-1.0,0.0,332201984.0,-1.0,-1.0,-1.0,0.0,0.0,0
0.0,12.0,11.292,-1.0,-1.0,-1.0,-1.0,-1.0,-1.0,0.0,332201984.0,-1.0,-1.0,-1.0,0.0,0.0,0
0.0,12.0,12.542,-1.0,-1.0,-1.0,-1.0,-1.0,-1.0,0.0,332201984.0,-1.0,-1.0,-1.0,0.0,0.0,0
0.0,11.0,11.292,-1.0,-1.0,-1.0,-1.0,-1.0,-1.0,0.0,332201984.0,-1.0,-1.0,-1.0,0.0,0.0,0
0.0,12.0,11.333,-1.0,-1.0,-1.0,-1.0,-1.0,-1.0,0.0,332201984.0,-1.0,-1.0,-1.0,0.0,0.0,0
0.0,11.0,11.292,-1.0,-1.0,-1.0,-1.0,-1.0,-1.0,0.0,332201984.0,-1.0,-1.0,-1.0,0.0,0.0,0
0.0,11.0,11.5,-1.0,-1.0,-1.0,-1.0,-1.0,-1.0,0.0,332201984.0,-1.0,-1.0,-1.0,0.0,0.0,0
0.0,12.0,11.334,-1.0,-1.0,-1.0,-1.0,-1.0,-1.0,0.0,332201984.0,-1.0,-1.0,-1.0,0.0,0.0,0
0.0,11.0,11.375,-1.0,-1.0,-1.0,-1.0,-1.0,-1.0,0.0,332201984.0,-1.0,-1.0,-1.0,0.0,0.0,0
0.0,11.0,11.417,-1.0,-1.0,-1.0,-1.0,-1.0,-1.0,0.0,332201984.0,-1.0,-1.0,-1.0,0.0,0.0,0
0.0,11.0,11.333,-1.0,-1.0,-1.0,-1.0,-1.0,-1.0,0.0,332201984.0,-1.0,-1.0,-1.0,0.0,0.0,0
0.0,11.0,11.25,-1.0,-1.0,-1.0,-1.0,-1.0,-1.0,0.0,332201984.0,-1.0,-1.0,-1.0,0.0,0.0,0
0.0,12.0,11.25,-1.0,-1.0,-1.0,-1.0,-1.0,-1.0,0.0,332201984.0,-1.0,-1.0,-1.0,0.0,0.0,0
0.0,11.0,11.333,-1.0,-1.0,-1.0,-1.0,-1.0,-1.0,0.0,332201984.0,-1.0,-1.0,-1.0,0.0,0.0,0
0.0,12.0,11.292,-1.0,-1.0,-1.0,-1.0,-1.0,-1.0,0.0,332201984.0,-1.0,-1.0,-1.0,0.0,0.0,0
0.0,14.0,13.916,-1.0,-1.0,-1.0,-1.0,-1.0,-1.0,0.0,332201984.0,-1.0,-1.0,-1.0,0.0,0.0,0
0.0,12.0,11.291,-1.0,-1.0,-1.0,-1.0,-1.0,-1.0,0.0,332201984.0,-1.0,-1.0,-1.0,0.0,0.0,0
0.0,11.0,11.334,-1.0,-1.0,-1.0,-1.0,-1.0,-1.0,0.0,332201984.0,-1.0,-1.0,-1.0,0.0,0.0,0
0.0,12.0,11.417,-1.0,-1.0,-1.0,-1.0,-1.0,-1.0,0.0,332201984.0,-1.0,-1.0,-1.0,0.0,0.0,0
0.0,11.0,11.333,-1.0,-1.0,-1.0,-1.0,-1.0,-1.0,0.0,332201984.0,-1.0,-1.0,-1.0,0.0,0.0,0
0.0,11.0,11.375,-1.0,-1.0,-1.0,-1.0,-1.0,-1.0,0.0,332201984.0,-1.0,-1.0,-1.0,0.0,0.0,0
0.0,11.0,11.334,-1.0,-1.0,-1.0,-1.0,-1.0,-1.0,0.0,332201984.0,-1.0,-1.0,-1.0,0.0,0.0,0
0.0,11.0,11.375,-1.0,-1.0,-1.0,-1.0,-1.0,-1.0,0.0,332201984.0,-1.0,-1.0,-1.0,0.0,0.0,0
0.0,11.0,11.292,-1.0,-1.0,-1.0,-1.0,-1.0,-1.0,0.0,332201984.0,-1.0,-1.0,-1.0,0.0,0.0,0
0.0,13.0,13.292,-1.0,-1.0,-1.0,-1.0,-1.0,-1.0,0.0,332201984.0,-1.0,-1.0,-1.0,0.0,0.0,0
0.0,12.0,11.375,-1.0,-1.0,-1.0,-1.0,-1.0,-1.0,0.0,332201984.0,-1.0,-1.0,-1.0,0.0,0.0,0
0.0,11.0,11.333,-1.0,-1.0,-1.0,-1.0,-1.0,-1.0,0.0,332201984.0,-1.0,-1.0,-1.0,0.0,0.0,0
0.0,12.0,11.416,-1.0,-1.0,-1.0,-1.0,-1.0,-1.0,0.0,332201984.0,-1.0,-1.0,-1.0,0.0,0.0,0
0.0,12.0,11.292,-1.0,-1.0,-1.0,-1.0,-1.0,-1.0,0.0,332201984.0,-1.0,-1.0,-1.0,0.0,0.0,0
0.0,11.0,11.333,-1.0,-1.0,-1.0,-1.0,-1.0,-1.0,0.0,332201984.0,-1.0,-1.0,-1.0,0.0,0.0,0
0.0,11.0,11.291,-1.0,-1.0,-1.0,-1.0,-1.0,-1.0,0.0,332201984.0,-1.0,-1.0,-1.0,0.0,0.0,0
0.0,11.0,11.333,-1.0,-1.0,-1.0,-1.0,-1.0,-1.0,0.0,332201984.0,-1.0,-1.0,-1.0,0.0,0.0,0
0.0,13.0,11.417,-1.0,-1.0,-1.0,-1.0,-1.0,-1.0,0.0,332201984.0,-1.0,-1.0,-1.0,0.0,0.0,0
0.0,11.0,11.25,-1.0,-1.0,-1.0,-1.0,-1.0,-1.0,0.0,332201984.0,-1.0,-1.0,-1.0,0.0,0.0,0
0.0,11.0,11.25,-1.0,-1.0,-1.0,-1.0,-1.0,-1.0,0.0,332201984.0,-1.0,-1.0,-1.0,0.0,0.0,0
0.0,12.0,11.375,-1.0,-1.0,-1.0,-1.0,-1.0,-1.0,0.0,332201984.0,-1.0,-1.0,-1.0,0.0,0.0,0
0.0,11.0,11.375,-1.0,-1.0,-1.0,-1.0,-1.0,-1.0,0.0,332201984.0,-1.0,-1.0,-1.0,0.0,0.0,0
0.0,11.0,11.375,-1.0,-1.0,-1.0,-1.0,-1.0,-1.0,0.0,332201984.0,-1.0,-1.0,-1.0,0.0,0.0,0
0.0,11.0,11.334,-1.0,-1.0,-1.0,-1.0,-1.0,-1.0,0.0,332201984.0,-1.0,-1.0,-1.0,0.0,0.0,0
0.0,11.0,11.541,-1.0,-1.0,-1.0,-1.0,-1.0,-1.0,0.0,332201984.0,-1.0,-1.0,-1.0,0.0,0.0,0
0.0,11.0,11.542,-1.0,-1.0,-1.0,-1.0,-1.0,-1.0,0.0,332201984.0,-1.0,-1.0,-1.0,0.0,0.0,0
0.0,11.0,11.333,-1.0,-1.0,-1.0,-1.0,-1.0,-1.0,0.0,332201984.0,-1.0,-1.0,-1.0,0.0,0.0,0
0.0,11.0,11.375,-1.0,-1.0,-1.0,-1.0,-1.0,-1.0,0.0,332201984.0,-1.0,-1.0,-1.0,0.0,0.0,0
0.0,12.0,11.416,-1.0,-1.0,-1.0,-1.0,-1.0,-1.0,0.0,332201984.0,-1.0,-1.0,-1.0,0.0,0.0,0
0.0,12.0,11.375,-1.0,-1.0,-1.0,-1.0,-1.0,-1.0,0.0,332201984.0,-1.0,-1.0,-1.0,0.0,0.0,0
0.0,14.0,13.584,-1.0,-1.0,-1.0,-1.0,-1.0,-1.0,0.0,332201984.0,-1.0,-1.0,-1.0,0.0,0.0,0
0.0,12.0,11.333,-1.0,-1.0,-1.0,-1.0,-1.0,-1.0,0.0,332201984.0,-1.0,-1.0,-1.0,0.0,0.0,0
0.0,13.0,11.375,-1.0,-1.0,-1.0,-1.0,-1.0,-1.0,0.0,332201984.0,-1.0,-1.0,-1.0,0.0,0.0,0
0.0,11.0,11.417,-1.0,-1.0,-1.0,-1.0,-1.0,-1.0,0.0,332201984.0,-1.0,-1.0,-1.0,0.0,0.0,0
0.0,11.0,11.292,-1.0,-1.0,-1.0,-1.0,-1.0,-1.0,0.0,332201984.0,-1.0,-1.0,-1.0,0.0,0.0,0
0.0,12.0,11.375,-1.0,-1.0,-1.0,-1.0,-1.0,-1.0,0.0,332201984.0,-1.0,-1.0,-1.0,0.0,0.0,0
0.0,11.0,11.333,-1.0,-1.0,-1.0,-1.0,-1.0,-1.0,0.0,332201984.0,-1.0,-1.0,-1.0,0.0,0.0,0
0.0,11.0,11.375,-1.0,-1.0,-1.0,-1.0,-1.0,-1.0,0.0,332201984.0,-1.0,-1.0,-1.0,0.0,0.0,0
0.0,12.0,11.25,-1.0,-1.0,-1.0,-1.0,-1.0,-1.0,0.0,332201984.0,-1.0,-1.0,-1.0,0.0,0.0,0
0.0,12.0,11.292,-1.0,-1.0,-1.0,-1.0,-1.0,-1.0,0.0,332201984.0,-1.0,-1.0,-1.0,0.0,0.0,0
0.0,12.0,11.25,-1.0,-1.0,-1.0,-1.0,-1.0,-1.0,0.0,332201984.0,-1.0,-1.0,-1.0,0.0,0.0,0
0.0,11.0,11.25,-1.0,-1.0,-1.0,-1.0,-1.0,-1.0,0.0,332201984.0,-1.0,-1.0,-1.0,0.0,0.0,0
0.0,14.0,13.792,-1.0,-1.0,-1.0,-1.0,-1.0,-1.0,0.0,332201984.0,-1.0,-1.0,-1.0,0.0,0.0,0
0.0,13.0,13.875,-1.0,-1.0,-1.0,-1.0,-1.0,-1.0,0.0,332201984.0,-1.0,-1.0,-1.0,0.0,0.0,0
0.0,11.0,11.291,-1.0,-1.0,-1.0,-1.0,-1.0,-1.0,0.0,332201984.0,-1.0,-1.0,-1.0,0.0,0.0,0
0.0,11.0,11.333,-1.0,-1.0,-1.0,-1.0,-1.0,-1.0,0.0,332201984.0,-1.0,-1.0,-1.0,0.0,0.0,0
0.0,11.0,11.5,-1.0,-1.0,-1.0,-1.0,-1.0,-1.0,0.0,332201984.0,-1.0,-1.0,-1.0,0.0,0.0,0
0.0,14.0,12.667,-1.0,-1.0,-1.0,-1.0,-1.0,-1.0,0.0,332201984.0,-1.0,-1.0,-1.0,0.0,0.0,0
0.0,11.0,11.25,-1.0,-1.0,-1.0,-1.0,-1.0,-1.0,0.0,332201984.0,-1.0,-1.0,-1.0,0.0,0.0,0
0.0,11.0,11.375,-1.0,-1.0,-1.0,-1.0,-1.0,-1.0,0.0,332201984.0,-1.0,-1.0,-1.0,0.0,0.0,0
0.0,12.0,11.333,-1.0,-1.0,-1.0,-1.0,-1.0,-1.0,0.0,332201984.0,-1.0,-1.0,-1.0,0.0,0.0,0
0.0,12.0,11.334,-1.0,-1.0,-1.0,-1.0,-1.0,-1.0,0.0,332201984.0,-1.0,-1.0,-1.0,0.0,0.0,0
0.0,12.0,11.291,-1.0,-1.0,-1.0,-1.0,-1.0,-1.0,0.0,332201984.0,-1.0,-1.0,-1.0,0.0,0.0,0
0.0,14.0,13.625,-1.0,-1.0,-1.0,-1.0,-1.0,-1.0,0.0,332201984.0,-1.0,-1.0,-1.0,0.0,0.0,0
0.0,14.0,13.333,-1.0,-1.0,-1.0,-1.0,-1.0,-1.0,0.0,332201984.0,-1.0,-1.0,-1.0,0.0,0.0,0
0.0,11.0,11.417,-1.0,-1.0,-1.0,-1.0,-1.0,-1.0,0.0,332201984.0,-1.0,-1.0,-1.0,0.0,0.0,0
0.0,11.0,11.292,-1.0,-1.0,-1.0,-1.0,-1.0,-1.0,0.0,332201984.0,-1.0,-1.0,-1.0,0.0,0.0,0
0.0,12.0,11.291,-1.0,-1.0,-1.0,-1.0,-1.0,-1.0,0.0,332201984.0,-1.0,-1.0,-1.0,0.0,0.0,0
0.0,12.0,11.333,-1.0,-1.0,-1.0,-1.0,-1.0,-1.0,0.0,332201984.0,-1.0,-1.0,-1.0,0.0,0.0,0
0.0,11.0,11.333,-1.0,-1.0,-1.0,-1.0,-1.0,-1.0,0.0,332201984.0,-1.0,-1.0,-1.0,0.0,0.0,0
0.0,12.0,12.541,-1.0,-1.0,-1.0,-1.0,-1.0,-1.0,0.0,332201984.0,-1.0,-1.0,-1.0,0.0,0.0,0
0.0,11.0,11.292,-1.0,-1.0,-1.0,-1.0,-1.0,-1.0,0.0,332201984.0,-1.0,-1.0,-1.0,0.0,0.0,0
0.0,12.0,11.291,-1.0,-1.0,-1.0,-1.0,-1.0,-1.0,0.0,332201984.0,-1.0,-1.0,-1.0,0.0,0.0,0
0.0,16.0,16.5,-1.0,-1.0,-1.0,-1.0,-1.0,-1.0,0.0,332201984.0,-1.0,-1.0,-1.0,0.0,0.0,0
0.0,11.0,11.334,-1.0,-1.0,-1.0,-1.0,-1.0,-1.0,0.0,332201984.0,-1.0,-1.0,-1.0,0.0,0.0,0
0.0,11.0,11.334,-1.0,-1.0,-1.0,-1.0,-1.0,-1.0,0.0,332201984.0,-1.0,-1.0,-1.0,0.0,0.0,0
0.0,12.0,11.375,-1.0,-1.0,-1.0,-1.0,-1.0,-1.0,0.0,332201984.0,-1.0,-1.0,-1.0,0.0,0.0,0
0.0,12.0,11.375,-1.0,-1.0,-1.0,-1.0,-1.0,-1.0,0.0,332201984.0,-1.0,-1.0,-1.0,0.0,0.0,0
0.0,11.0,11.333,-1.0,-1.0,-1.0,-1.0,-1.0,-1.0,0.0,332201984.0,-1.0,-1.0,-1.0,0.0,0.0,0
0.0,11.0,11.417,-1.0,-1.0,-1.0,-1.0,-1.0,-1.0,0.0,332201984.0,-1.0,-1.0,-1.0,0.0,0.0,0
0.0,11.0,11.333,-1.0,-1.0,-1.0,-1.0,-1.0,-1.0,0.0,332201984.0,-1.0,-1.0,-1.0,0.0,0.0,0
0.0,11.0,11.292,-1.0,-1.0,-1.0,-1.0,-1.0,-1.0,0.0,332201984.0,-1.0,-1.0,-1.0,0.0,0.0,0
0.0,17.0,13.459,-1.0,-1.0,-1.0,-1.0,-1.0,-1.0,0.0,332201984.0,-1.0,-1.0,-1.0,0.0,0.0,0
0.0,11.0,11.333,-1.0,-1.0,-1.0,-1.0,-1.0,-1.0,0.0,332201984.0,-1.0,-1.0,-1.0,0.0,0.0,0
0.0,11.0,11.458,-1.0,-1.0,-1.0,-1.0,-1.0,-1.0,0.0,332201984.0,-1.0,-1.0,-1.0,0.0,0.0,0
0.0,11.0,11.333,-1.0,-1.0,-1.0,-1.0,-1.0,-1.0,0.0,332201984.0,-1.0,-1.0,-1.0,0.0,0.0,0
0.0,11.0,11.5,-1.0,-1.0,-1.0,-1.0,-1.0,-1.0,0.0,332201984.0,-1.0,-1.0,-1.0,0.0,0.0,0
0.0,11.0,11.375,-1.0,-1.0,-1.0,-1.0,-1.0,-1.0,0.0,332201984.0,-1.0,-1.0,-1.0,0.0,0.0,0
0.0,11.0,11.25,-1.0,-1.0,-1.0,-1.0,-1.0,-1.0,0.0,332201984.0,-1.0,-1.0,-1.0,0.0,0.0,0
0.0,13.0,12.584,-1.0,-1.0,-1.0,-1.0,-1.0,-1.0,0.0,332201984.0,-1.0,-1.0,-1.0,0.0,0.0,0
0.0,12.0,11.292,-1.0,-1.0,-1.0,-1.0,-1.0,-1.0,0.0,332201984.0,-1.0,-1.0,-1.0,0.0,0.0,0
0.0,15.0,13.75,-1.0,-1.0,-1.0,-1.0,-1.0,-1.0,0.0,332201984.0,-1.0,-1.0,-1.0,0.0,0.0,0
0.0,11.0,11.416,-1.0,-1.0,-1.0,-1.0,-1.0,-1.0,0.0,332201984.0,-1.0,-1.0,-1.0,0.0,0.0,0
0.0,11.0,11.334,-1.0,-1.0,-1.0,-1.0,-1.0,-1.0,0.0,332201984.0,-1.0,-1.0,-1.0,0.0,0.0,0
0.0,13.0,12.625,-1.0,-1.0,-1.0,-1.0,-1.0,-1.0,0.0,332201984.0,-1.0,-1.0,-1.0,0.0,0.0,0
0.0,13.0,11.333,-1.0,-1.0,-1.0,-1.0,-1.0,-1.0,0.0,332201984.0,-1.0,-1.0,-1.0,0.0,0.0,0
0.0,12.0,11.375,-1.0,-1.0,-1.0,-1.0,-1.0,-1.0,0.0,332201984.0,-1.0,-1.0,-1.0,0.0,0.0,0
0.0,11.0,11.375,-1.0,-1.0,-1.0,-1.0,-1.0,-1.0,0.0,332201984.0,-1.0,-1.0,-1.0,0.0,0.0,0
0.0,11.0,11.333,-1.0,-1.0,-1.0,-1.0,-1.0,-1.0,0.0,332201984.0,-1.0,-1.0,-1.0,0.0,0.0,0
0.0,12.0,11.25,-1.0,-1.0,-1.0,-1.0,-1.0,-1.0,0.0,332201984.0,-1.0,-1.0,-1.0,0.0,0.0,0
0.0,12.0,11.334,-1.0,-1.0,-1.0,-1.0,-1.0,-1.0,0.0,332201984.0,-1.0,-1.0,-1.0,0.0,0.0,0
0.0,15.0,13.958,-1.0,-1.0,-1.0,-1.0,-1.0,-1.0,0.0,332201984.0,-1.0,-1.0,-1.0,0.0,0.0,0
0.0,11.0,11.333,-1.0,-1.0,-1.0,-1.0,-1.0,-1.0,0.0,332201984.0,-1.0,-1.0,-1.0,0.0,0.0,0
0.0,12.0,11.291,-1.0,-1.0,-1.0,-1.0,-1.0,-1.0,0.0,332201984.0,-1.0,-1.0,-1.0,0.0,0.0,0
0.0,14.0,13.75,-1.0,-1.0,-1.0,-1.0,-1.0,-1.0,0.0,332201984.0,-1.0,-1.0,-1.0,0.0,0.0,0
0.0,11.0,11.333,-1.0,-1.0,-1.0,-1.0,-1.0,-1.0,0.0,332201984.0,-1.0,-1.0,-1.0,0.0,0.0,0
0.0,11.0,11.333,-1.0,-1.0,-1.0,-1.0,-1.0,-1.0,0.0,332201984.0,-1.0,-1.0,-1.0,0.0,0.0,0
0.0,12.0,11.625,-1.0,-1.0,-1.0,-1.0,-1.0,-1.0,0.0,332201984.0,-1.0,-1.0,-1.0,0.0,0.0,0
0.0,11.0,11.333,-1.0,-1.0,-1.0,-1.0,-1.0,-1.0,0.0,332201984.0,-1.0,-1.0,-1.0,0.0,0.0,0
0.0,12.0,11.25,-1.0,-1.0,-1.0,-1.0,-1.0,-1.0,0.0,332201984.0,-1.0,-1.0,-1.0,0.0,0.0,0
0.0,12.0,11.375,-1.0,-1.0,-1.0,-1.0,-1.0,-1.0,0.0,332201984.0,-1.0,-1.0,-1.0,0.0,0.0,0
0.0,14.0,13.917,-1.0,-1.0,-1.0,-1.0,-1.0,-1.0,0.0,332201984.0,-1.0,-1.0,-1.0,0.0,0.0,0
0.0,12.0,11.333,-1.0,-1.0,-1.0,-1.0,-1.0,-1.0,0.0,332201984.0,-1.0,-1.0,-1.0,0.0,0.0,0
0.0,11.0,11.25,-1.0,-1.0,-1.0,-1.0,-1.0,-1.0,0.0,332201984.0,-1.0,-1.0,-1.0,0.0,0.0,0
0.0,11.0,11.291,-1.0,-1.0,-1.0,-1.0,-1.0,-1.0,0.0,332201984.0,-1.0,-1.0,-1.0,0.0,0.0,0
0.0,11.0,11.375,-1.0,-1.0,-1.0,-1.0,-1.0,-1.0,0.0,332201984.0,-1.0,-1.0,-1.0,0.0,0.0,0
0.0,12.0,11.334,-1.0,-1.0,-1.0,-1.0,-1.0,-1.0,0.0,332201984.0,-1.0,-1.0,-1.0,0.0,0.0,0
0.0,12.0,11.375,-1.0,-1.0,-1.0,-1.0,-1.0,-1.0,0.0,332201984.0,-1.0,-1.0,-1.0,0.0,0.0,0
0.0,11.0,11.375,-1.0,-1.0,-1.0,-1.0,-1.0,-1.0,0.0,332201984.0,-1.0,-1.0,-1.0,0.0,0.0,0
0.0,11.0,11.375,-1.0,-1.0,-1.0,-1.0,-1.0,-1.0,0.0,332201984.0,-1.0,-1.0,-1.0,0.0,0.0,0
0.0,12.0,11.334,-1.0,-1.0,-1.0,-1.0,-1.0,-1.0,0.0,332201984.0,-1.0,-1.0,-1.0,0.0,0.0,0
0.0,14.0,12.667,-1.0,-1.0,-1.0,-1.0,-1.0,-1.0,0.0,332201984.0,-1.0,-1.0,-1.0,0.0,0.0,0
0.0,13.0,11.416,-1.0,-1.0,-1.0,-1.0,-1.0,-1.0,0.0,332201984.0,-1.0,-1.0,-1.0,0.0,0.0,0
0.0,12.0,11.333,-1.0,-1.0,-1.0,-1.0,-1.0,-1.0,0.0,332201984.0,-1.0,-1.0,-1.0,0.0,0.0,0
0.0,13.0,12.584,-1.0,-1.0,-1.0,-1.0,-1.0,-1.0,0.0,332201984.0,-1.0,-1.0,-1.0,0.0,0.0,0
0.0,13.0,11.625,-1.0,-1.0,-1.0,-1.0,-1.0,-1.0,0.0,332201984.0,-1.0,-1.0,-1.0,0.0,0.0,0
0.0,12.0,11.292,-1.0,-1.0,-1.0,-1.0,-1.0,-1.0,0.0,332201984.0,-1.0,-1.0,-1.0,0.0,0.0,0
0.0,11.0,11.333,-1.0,-1.0,-1.0,-1.0,-1.0,-1.0,0.0,332201984.0,-1.0,-1.0,-1.0,0.0,0.0,0
0.0,12.0,11.25,-1.0,-1.0,-1.0,-1.0,-1.0,-1.0,0.0,332201984.0,-1.0,-1.0,-1.0,0.0,0.0,0
0.0,12.0,11.375,-1.0,-1.0,-1.0,-1.0,-1.0,-1.0,0.0,332201984.0,-1.0,-1.0,-1.0,0.0,0.0,0
0.0,12.0,11.375,-1.0,-1.0,-1.0,-1.0,-1.0,-1.0,0.0,332201984.0,-1.0,-1.0,-1.0,0.0,0.0,0
0.0,14.0,13.666,-1.0,-1.0,-1.0,-1.0,-1.0,-1.0,0.0,332201984.0,-1.0,-1.0,-1.0,0.0,0.0,0
0.0,12.0,11.333,-1.0,-1.0,-1.0,-1.0,-1.0,-1.0,0.0,332201984.0,-1.0,-1.0,-1.0,0.0,0.0,0
0.0,11.0,11.291,-1.0,-1.0,-1.0,-1.0,-1.0,-1.0,0.0,332201984.0,-1.0,-1.0,-1.0,0.0,0.0,0
0.0,12.0,11.25,-1.0,-1.0,-1.0,-1.0,-1.0,-1.0,0.0,332201984.0,-1.0,-1.0,-1.0,0.0,0.0,0
0.0,13.0,13.958,-1.0,-1.0,-1.0,-1.0,-1.0,-1.0,0.0,332201984.0,-1.0,-1.0,-1.0,0.0,0.0,0
0.0,11.0,11.292,-1.0,-1.0,-1.0,-1.0,-1.0,-1.0,0.0,332201984.0,-1.0,-1.0,-1.0,0.0,0.0,0
0.0,12.0,11.291,-1.0,-1.0,-1.0,-1.0,-1.0,-1.0,0.0,332201984.0,-1.0,-1.0,-1.0,0.0,0.0,0
0.0,12.0,11.333,-1.0,-1.0,-1.0,-1.0,-1.0,-1.0,0.0,332201984.0,-1.0,-1.0,-1.0,0.0,0.0,0
0.0,11.0,11.417,-1.0,-1.0,-1.0,-1.0,-1.0,-1.0,0.0,332201984.0,-1.0,-1.0,-1.0,0.0,0.0,0
0.0,11.0,11.334,-1.0,-1.0,-1.0,-1.0,-1.0,-1.0,0.0,332201984.0,-1.0,-1.0,-1.0,0.0,0.0,0
0.0,11.0,11.375,-1.0,-1.0,-1.0,-1.0,-1.0,-1.0,0.0,332201984.0,-1.0,-1.0,-1.0,0.0,0.0,0
0.0,11.0,11.375,-1.0,-1.0,-1.0,-1.0,-1.0,-1.0,0.0,332201984.0,-1.0,-1.0,-1.0,0.0,0.0,0
0.0,13.0,13.625,-1.0,-1.0,-1.0,-1.0,-1.0,-1.0,0.0,332201984.0,-1.0,-1.0,-1.0,0.0,0.0,0
0.0,11.0,11.333,-1.0,-1.0,-1.0,-1.0,-1.0,-1.0,0.0,332201984.0,-1.0,-1.0,-1.0,0.0,0.0,0
0.0,11.0,11.333,-1.0,-1.0,-1.0,-1.0,-1.0,-1.0,0.0,332201984.0,-1.0,-1.0,-1.0,0.0,0.0,0
0.0,11.0,11.334,-1.0,-1.0,-1.0,-1.0,-1.0,-1.0,0.0,332201984.0,-1.0,-1.0,-1.0,0.0,0.0,0
0.0,12.0,11.333,-1.0,-1.0,-1.0,-1.0,-1.0,-1.0,0.0,332201984.0,-1.0,-1.0,-1.0,0.0,0.0,0
0.0,11.0,11.292,-1.0,-1.0,-1.0,-1.0,-1.0,-1.0,0.0,332201984.0,-1.0,-1.0,-1.0,0.0,0.0,0
0.0,12.0,11.291,-1.0,-1.0,-1.0,-1.0,-1.0,-1.0,0.0,332201984.0,-1.0,-1.0,-1.0,0.0,0.0,0
0.0,12.0,11.333,-1.0,-1.0,-1.0,-1.0,-1.0,-1.0,0.0,332201984.0,-1.0,-1.0,-1.0,0.0,0.0,0
0.0,12.0,11.25,-1.0,-1.0,-1.0,-1.0,-1.0,-1.0,0.0,332201984.0,-1.0,-1.0,-1.0,0.0,0.0,0
0.0,11.0,11.333,-1.0,-1.0,-1.0,-1.0,-1.0,-1.0,0.0,332201984.0,-1.0,-1.0,-1.0,0.0,0.0,0
0.0,11.0,11.333,-1.0,-1.0,-1.0,-1.0,-1.0,-1.0,0.0,332201984.0,-1.0,-1.0,-1.0,0.0,0.0,0
0.0,11.0,11.291,-1.0,-1.0,-1.0,-1.0,-1.0,-1.0,0.0,332201984.0,-1.0,-1.0,-1.0,0.0,0.0,0
0.0,11.0,11.333,-1.0,-1.0,-1.0,-1.0,-1.0,-1.0,0.0,332201984.0,-1.0,-1.0,-1.0,0.0,0.0,0
0.0,13.0,13.917,-1.0,-1.0,-1.0,-1.0,-1.0,-1.0,0.0,332201984.0,-1.0,-1.0,-1.0,0.0,0.0,0
0.0,13.0,11.292,-1.0,-1.0,-1.0,-1.0,-1.0,-1.0,0.0,332201984.0,-1.0,-1.0,-1.0,0.0,0.0,0
0.0,11.0,11.25,-1.0,-1.0,-1.0,-1.0,-1.0,-1.0,0.0,332201984.0,-1.0,-1.0,-1.0,0.0,0.0,0
0.0,11.0,11.333,-1.0,-1.0,-1.0,-1.0,-1.0,-1.0,0.0,332201984.0,-1.0,-1.0,-1.0,0.0,0.0,0
0.0,12.0,11.25,-1.0,-1.0,-1.0,-1.0,-1.0,-1.0,0.0,332201984.0,-1.0,-1.0,-1.0,0.0,0.0,0
0.0,11.0,11.292,-1.0,-1.0,-1.0,-1.0,-1.0,-1.0,0.0,332201984.0,-1.0,-1.0,-1.0,0.0,0.0,0
0.0,12.0,11.333,-1.0,-1.0,-1.0,-1.0,-1.0,-1.0,0.0,332201984.0,-1.0,-1.0,-1.0,0.0,0.0,0
0.0,12.0,11.416,-1.0,-1.0,-1.0,-1.0,-1.0,-1.0,0.0,332201984.0,-1.0,-1.0,-1.0,0.0,0.0,0
0.0,12.0,11.375,-1.0,-1.0,-1.0,-1.0,-1.0,-1.0,0.0,332201984.0,-1.0,-1.0,-1.0,0.0,0.0,0
0.0,12.0,11.459,-1.0,-1.0,-1.0,-1.0,-1.0,-1.0,0.0,332201984.0,-1.0,-1.0,-1.0,0.0,0.0,0
0.0,12.0,12.5,-1.0,-1.0,-1.0,-1.0,-1.0,-1.0,0.0,332201984.0,-1.0,-1.0,-1.0,0.0,0.0,0
0.0,12.0,11.333,-1.0,-1.0,-1.0,-1.0,-1.0,-1.0,0.0,332201984.0,-1.0,-1.0,-1.0,0.0,0.0,0
0.0,12.0,11.25,-1.0,-1.0,-1.0,-1.0,-1.0,-1.0,0.0,332201984.0,-1.0,-1.0,-1.0,0.0,0.0,0
0.0,12.0,11.292,-1.0,-1.0,-1.0,-1.0,-1.0,-1.0,0.0,332201984.0,-1.0,-1.0,-1.0,0.0,0.0,0
0.0,13.0,11.292,-1.0,-1.0,-1.0,-1.0,-1.0,-1.0,0.0,332201984.0,-1.0,-1.0,-1.0,0.0,0.0,0
0.0,11.0,11.375,-1.0,-1.0,-1.0,-1.0,-1.0,-1.0,0.0,332201984.0,-1.0,-1.0,-1.0,0.0,0.0,0
0.0,12.0,12.625,-1.0,-1.0,-1.0,-1.0,-1.0,-1.0,0.0,332201984.0,-1.0,-1.0,-1.0,0.0,0.0,0
0.0,11.0,11.334,-1.0,-1.0,-1.0,-1.0,-1.0,-1.0,0.0,332201984.0,-1.0,-1.0,-1.0,0.0,0.0,0
0.0,15.0,13.917,-1.0,-1.0,-1.0,-1.0,-1.0,-1.0,0.0,332201984.0,-1.0,-1.0,-1.0,0.0,0.0,0
0.0,13.0,11.292,-1.0,-1.0,-1.0,-1.0,-1.0,-1.0,0.0,332201984.0,-1.0,-1.0,-1.0,0.0,0.0,0
0.0,12.0,11.292,-1.0,-1.0,-1.0,-1.0,-1.0,-1.0,0.0,332201984.0,-1.0,-1.0,-1.0,0.0,0.0,0
0.0,12.0,11.583,-1.0,-1.0,-1.0,-1.0,-1.0,-1.0,0.0,332201984.0,-1.0,-1.0,-1.0,0.0,0.0,0
0.0,12.0,11.5,-1.0,-1.0,-1.0,-1.0,-1.0,-1.0,0.0,332201984.0,-1.0,-1.0,-1.0,0.0,0.0,0
0.0,12.0,11.25,-1.0,-1.0,-1.0,-1.0,-1.0,-1.0,0.0,332201984.0,-1.0,-1.0,-1.0,0.0,0.0,0
0.0,12.0,11.417,-1.0,-1.0,-1.0,-1.0,-1.0,-1.0,0.0,332201984.0,-1.0,-1.0,-1.0,0.0,0.0,0
0.0,12.0,11.375,-1.0,-1.0,-1.0,-1.0,-1.0,-1.0,0.0,332201984.0,-1.0,-1.0,-1.0,0.0,0.0,0
0.0,12.0,11.333,-1.0,-1.0,-1.0,-1.0,-1.0,-1.0,0.0,332201984.0,-1.0,-1.0,-1.0,0.0,0.0,0
0.0,12.0,11.416,-1.0,-1.0,-1.0,-1.0,-1.0,-1.0,0.0,332201984.0,-1.0,-1.0,-1.0,0.0,0.0,0
0.0,13.0,13.709,-1.0,-1.0,-1.0,-1.0,-1.0,-1.0,0.0,332201984.0,-1.0,-1.0,-1.0,0.0,0.0,0
0.0,11.0,11.417,-1.0,-1.0,-1.0,-1.0,-1.0,-1.0,0.0,332201984.0,-1.0,-1.0,-1.0,0.0,0.0,0
0.0,11.0,11.334,-1.0,-1.0,-1.0,-1.0,-1.0,-1.0,0.0,332201984.0,-1.0,-1.0,-1.0,0.0,0.0,0
0.0,12.0,11.292,-1.0,-1.0,-1.0,-1.0,-1.0,-1.0,0.0,332201984.0,-1.0,-1.0,-1.0,0.0,0.0,0
0.0,12.0,11.375,-1.0,-1.0,-1.0,-1.0,-1.0,-1.0,0.0,332201984.0,-1.0,-1.0,-1.0,0.0,0.0,0
0.0,12.0,11.292,-1.0,-1.0,-1.0,-1.0,-1.0,-1.0,0.0,332201984.0,-1.0,-1.0,-1.0,0.0,0.0,0
0.0,11.0,11.291,-1.0,-1.0,-1.0,-1.0,-1.0,-1.0,0.0,332201984.0,-1.0,-1.0,-1.0,0.0,0.0,0
0.0,12.0,11.333,-1.0,-1.0,-1.0,-1.0,-1.0,-1.0,0.0,332201984.0,-1.0,-1.0,-1.0,0.0,0.0,0
0.0,11.0,11.333,-1.0,-1.0,-1.0,-1.0,-1.0,-1.0,0.0,332201984.0,-1.0,-1.0,-1.0,0.0,0.0,0
0.0,12.0,11.333,-1.0,-1.0,-1.0,-1.0,-1.0,-1.0,0.0,332201984.0,-1.0,-1.0,-1.0,0.0,0.0,0
0.0,11.0,11.292,-1.0,-1.0,-1.0,-1.0,-1.0,-1.0,0.0,332201984.0,-1.0,-1.0,-1.0,0.0,0.0,0
0.0,11.0,11.458,-1.0,-1.0,-1.0,-1.0,-1.0,-1.0,0.0,332201984.0,-1.0,-1.0,-1.0,0.0,0.0,0
0.0,11.0,11.334,-1.0,-1.0,-1.0,-1.0,-1.0,-1.0,0.0,332201984.0,-1.0,-1.0,-1.0,0.0,0.0,0
0.0,11.0,11.292,-1.0,-1.0,-1.0,-1.0,-1.0,-1.0,0.0,332201984.0,-1.0,-1.0,-1.0,0.0,0.0,0
0.0,12.0,11.375,-1.0,-1.0,-1.0,-1.0,-1.0,-1.0,0.0,332201984.0,-1.0,-1.0,-1.0,0.0,0.0,0
0.0,11.0,11.375,-1.0,-1.0,-1.0,-1.0,-1.0,-1.0,0.0,332201984.0,-1.0,-1.0,-1.0,0.0,0.0,0
0.0,12.0,11.291,-1.0,-1.0,-1.0,-1.0,-1.0,-1.0,0.0,332201984.0,-1.0,-1.0,-1.0,0.0,0.0,0
0.0,12.0,11.375,-1.0,-1.0,-1.0,-1.0,-1.0,-1.0,0.0,332201984.0,-1.0,-1.0,-1.0,0.0,0.0,0
0.0,12.0,11.333,-1.0,-1.0,-1.0,-1.0,-1.0,-1.0,0.0,332201984.0,-1.0,-1.0,-1.0,0.0,0.0,0
0.0,12.0,11.375,-1.0,-1.0,-1.0,-1.0,-1.0,-1.0,0.0,332201984.0,-1.0,-1.0,-1.0,0.0,0.0,0
0.0,11.0,11.292,-1.0,-1.0,-1.0,-1.0,-1.0,-1.0,0.0,332201984.0,-1.0,-1.0,-1.0,0.0,0.0,0
0.0,15.0,13.958,-1.0,-1.0,-1.0,-1.0,-1.0,-1.0,0.0,332201984.0,-1.0,-1.0,-1.0,0.0,0.0,0
0.0,12.0,11.375,-1.0,-1.0,-1.0,-1.0,-1.0,-1.0,0.0,332201984.0,-1.0,-1.0,-1.0,0.0,0.0,0
0.0,14.0,13.667,-1.0,-1.0,-1.0,-1.0,-1.0,-1.0,0.0,332201984.0,-1.0,-1.0,-1.0,0.0,0.0,0
0.0,16.0,14.125,-1.0,-1.0,-1.0,-1.0,-1.0,-1.0,0.0,332201984.0,-1.0,-1.0,-1.0,0.0,0.0,0
0.0,12.0,12.416,-1.0,-1.0,-1.0,-1.0,-1.0,-1.0,0.0,332201984.0,-1.0,-1.0,-1.0,0.0,0.0,0
0.0,12.0,12.334,-1.0,-1.0,-1.0,-1.0,-1.0,-1.0,0.0,332201984.0,-1.0,-1.0,-1.0,0.0,0.0,0
0.0,13.0,12.375,-1.0,-1.0,-1.0,-1.0,-1.0,-1.0,0.0,332201984.0,-1.0,-1.0,-1.0,0.0,0.0,0
0.0,13.0,12.459,-1.0,-1.0,-1.0,-1.0,-1.0,-1.0,0.0,332201984.0,-1.0,-1.0,-1.0,0.0,0.0,0
0.0,12.0,12.375,-1.0,-1.0,-1.0,-1.0,-1.0,-1.0,0.0,332201984.0,-1.0,-1.0,-1.0,0.0,0.0,0
0.0,13.0,12.333,-1.0,-1.0,-1.0,-1.0,-1.0,-1.0,0.0,332201984.0,-1.0,-1.0,-1.0,0.0,0.0,0
0.0,13.0,12.458,-1.0,-1.0,-1.0,-1.0,-1.0,-1.0,0.0,332201984.0,-1.0,-1.0,-1.0,0.0,0.0,0
0.0,12.0,12.458,-1.0,-1.0,-1.0,-1.0,-1.0,-1.0,0.0,332201984.0,-1.0,-1.0,-1.0,0.0,0.0,0
0.0,13.0,12.625,-1.0,-1.0,-1.0,-1.0,-1.0,-1.0,0.0,332201984.0,-1.0,-1.0,-1.0,0.0,0.0,0
0.0,14.0,14.125,-1.0,-1.0,-1.0,-1.0,-1.0,-1.0,0.0,332201984.0,-1.0,-1.0,-1.0,0.0,0.0,0
0.0,14.0,14.25,-1.0,-1.0,-1.0,-1.0,-1.0,-1.0,0.0,332201984.0,-1.0,-1.0,-1.0,0.0,0.0,0
0.0,15.0,14.25,-1.0,-1.0,-1.0,-1.0,-1.0,-1.0,0.0,332201984.0,-1.0,-1.0,-1.0,0.0,0.0,0
0.0,11.0,11.292,-1.0,-1.0,-1.0,-1.0,-1.0,-1.0,0.0,332201984.0,-1.0,-1.0,-1.0,0.0,0.0,0
0.0,12.0,11.333,-1.0,-1.0,-1.0,-1.0,-1.0,-1.0,0.0,332201984.0,-1.0,-1.0,-1.0,0.0,0.0,0
0.0,12.0,11.334,-1.0,-1.0,-1.0,-1.0,-1.0,-1.0,0.0,332201984.0,-1.0,-1.0,-1.0,0.0,0.0,0
0.0,12.0,11.375,-1.0,-1.0,-1.0,-1.0,-1.0,-1.0,0.0,332201984.0,-1.0,-1.0,-1.0,0.0,0.0,0
0.0,11.0,11.291,-1.0,-1.0,-1.0,-1.0,-1.0,-1.0,0.0,332201984.0,-1.0,-1.0,-1.0,0.0,0.0,0
0.0,17.0,16.417,-1.0,-1.0,-1.0,-1.0,-1.0,-1.0,0.0,332201984.0,-1.0,-1.0,-1.0,0.0,0.0,0
0.0,14.0,14.25,-1.0,-1.0,-1.0,-1.0,-1.0,-1.0,0.0,332201984.0,-1.0,-1.0,-1.0,0.0,0.0,0
0.0,13.0,13.25,-1.0,-1.0,-1.0,-1.0,-1.0,-1.0,0.0,332201984.0,-1.0,-1.0,-1.0,0.0,0.0,0
0.0,15.0,13.709,-1.0,-1.0,-1.0,-1.0,-1.0,-1.0,0.0,332201984.0,-1.0,-1.0,-1.0,0.0,0.0,0
0.0,12.0,12.375,-1.0,-1.0,-1.0,-1.0,-1.0,-1.0,0.0,332201984.0,-1.0,-1.0,-1.0,0.0,0.0,0
0.0,11.0,11.417,-1.0,-1.0,-1.0,-1.0,-1.0,-1.0,0.0,332201984.0,-1.0,-1.0,-1.0,0.0,0.0,0
0.0,11.0,11.042,-1.0,-1.0,-1.0,-1.0,-1.0,-1.0,0.0,332201984.0,-1.0,-1.0,-1.0,0.0,0.0,0
0.0,11.0,11.084,-1.0,-1.0,-1.0,-1.0,-1.0,-1.0,0.0,332201984.0,-1.0,-1.0,-1.0,0.0,0.0,0
0.0,11.0,11.125,-1.0,-1.0,-1.0,-1.0,-1.0,-1.0,0.0,332201984.0,-1.0,-1.0,-1.0,0.0,0.0,0
0.0,12.0,11.042,-1.0,-1.0,-1.0,-1.0,-1.0,-1.0,0.0,332201984.0,-1.0,-1.0,-1.0,0.0,0.0,0
0.0,11.0,11.041,-1.0,-1.0,-1.0,-1.0,-1.0,-1.0,0.0,332201984.0,-1.0,-1.0,-1.0,0.0,0.0,0
0.0,12.0,11.0,-1.0,-1.0,-1.0,-1.0,-1.0,-1.0,0.0,332201984.0,-1.0,-1.0,-1.0,0.0,0.0,0
0.0,15.0,14.416,-1.0,-1.0,-1.0,-1.0,-1.0,-1.0,0.0,332201984.0,-1.0,-1.0,-1.0,0.0,0.0,0
0.0,11.0,11.208,-1.0,-1.0,-1.0,-1.0,-1.0,-1.0,0.0,332201984.0,-1.0,-1.0,-1.0,0.0,0.0,0
0.0,11.0,11.042,-1.0,-1.0,-1.0,-1.0,-1.0,-1.0,0.0,332201984.0,-1.0,-1.0,-1.0,0.0,0.0,0
0.0,11.0,11.042,-1.0,-1.0,-1.0,-1.0,-1.0,-1.0,0.0,332201984.0,-1.0,-1.0,-1.0,0.0,0.0,0
0.0,11.0,11.0,-1.0,-1.0,-1.0,-1.0,-1.0,-1.0,0.0,332201984.0,-1.0,-1.0,-1.0,0.0,0.0,0
0.0,13.0,11.042,-1.0,-1.0,-1.0,-1.0,-1.0,-1.0,0.0,332201984.0,-1.0,-1.0,-1.0,0.0,0.0,0
0.0,11.0,11.083,-1.0,-1.0,-1.0,-1.0,-1.0,-1.0,0.0,332201984.0,-1.0,-1.0,-1.0,0.0,0.0,0
0.0,15.0,14.375,-1.0,-1.0,-1.0,-1.0,-1.0,-1.0,0.0,332201984.0,-1.0,-1.0,-1.0,0.0,0.0,0
0.0,13.0,12.875,-1.0,-1.0,-1.0,-1.0,-1.0,-1.0,0.0,332201984.0,-1.0,-1.0,-1.0,0.0,0.0,0
0.0,11.0,10.917,-1.0,-1.0,-1.0,-1.0,-1.0,-1.0,0.0,332201984.0,-1.0,-1.0,-1.0,0.0,0.0,0
0.0,11.0,11.083,-1.0,-1.0,-1.0,-1.0,-1.0,-1.0,0.0,332201984.0,-1.0,-1.0,-1.0,0.0,0.0,0
0.0,11.0,11.042,-1.0,-1.0,-1.0,-1.0,-1.0,-1.0,0.0,332201984.0,-1.0,-1.0,-1.0,0.0,0.0,0
0.0,11.0,11.041,-1.0,-1.0,-1.0,-1.0,-1.0,-1.0,0.0,332201984.0,-1.0,-1.0,-1.0,0.0,0.0,0
0.0,11.0,11.084,-1.0,-1.0,-1.0,-1.0,-1.0,-1.0,0.0,332201984.0,-1.0,-1.0,-1.0,0.0,0.0,0
0.0,11.0,11.084,-1.0,-1.0,-1.0,-1.0,-1.0,-1.0,0.0,332201984.0,-1.0,-1.0,-1.0,0.0,0.0,0
0.0,11.0,11.0,-1.0,-1.0,-1.0,-1.0,-1.0,-1.0,0.0,332201984.0,-1.0,-1.0,-1.0,0.0,0.0,0
0.0,11.0,11.041,-1.0,-1.0,-1.0,-1.0,-1.0,-1.0,0.0,332201984.0,-1.0,-1.0,-1.0,0.0,0.0,0
0.0,14.0,14.083,-1.0,-1.0,-1.0,-1.0,-1.0,-1.0,0.0,332201984.0,-1.0,-1.0,-1.0,0.0,0.0,0
0.0,16.0,12.625,-1.0,-1.0,-1.0,-1.0,-1.0,-1.0,0.0,332201984.0,-1.0,-1.0,-1.0,0.0,0.0,0
0.0,11.0,11.042,-1.0,-1.0,-1.0,-1.0,-1.0,-1.0,0.0,332201984.0,-1.0,-1.0,-1.0,0.0,0.0,0
0.0,11.0,11.041,-1.0,-1.0,-1.0,-1.0,-1.0,-1.0,0.0,332201984.0,-1.0,-1.0,-1.0,0.0,0.0,0
0.0,11.0,11.083,-1.0,-1.0,-1.0,-1.0,-1.0,-1.0,0.0,332201984.0,-1.0,-1.0,-1.0,0.0,0.0,0
0.0,12.0,12.208,-1.0,-1.0,-1.0,-1.0,-1.0,-1.0,0.0,332201984.0,-1.0,-1.0,-1.0,0.0,0.0,0
0.0,11.0,11.083,-1.0,-1.0,-1.0,-1.0,-1.0,-1.0,0.0,332201984.0,-1.0,-1.0,-1.0,0.0,0.0,0
0.0,11.0,11.0,-1.0,-1.0,-1.0,-1.0,-1.0,-1.0,0.0,332201984.0,-1.0,-1.0,-1.0,0.0,0.0,0
0.0,11.0,11.042,-1.0,-1.0,-1.0,-1.0,-1.0,-1.0,0.0,332201984.0,-1.0,-1.0,-1.0,0.0,0.0,0
0.0,11.0,11.042,-1.0,-1.0,-1.0,-1.0,-1.0,-1.0,0.0,332201984.0,-1.0,-1.0,-1.0,0.0,0.0,0
0.0,11.0,11.083,-1.0,-1.0,-1.0,-1.0,-1.0,-1.0,0.0,332201984.0,-1.0,-1.0,-1.0,0.0,0.0,0
0.0,11.0,11.041,-1.0,-1.0,-1.0,-1.0,-1.0,-1.0,0.0,332201984.0,-1.0,-1.0,-1.0,0.0,0.0,0
0.0,11.0,11.042,-1.0,-1.0,-1.0,-1.0,-1.0,-1.0,0.0,332201984.0,-1.0,-1.0,-1.0,0.0,0.0,0
0.0,15.0,14.667,-1.0,-1.0,-1.0,-1.0,-1.0,-1.0,0.0,332201984.0,-1.0,-1.0,-1.0,0.0,0.0,0
0.0,12.0,12.125,-1.0,-1.0,-1.0,-1.0,-1.0,-1.0,0.0,332201984.0,-1.0,-1.0,-1.0,0.0,0.0,0
0.0,12.0,11.042,-1.0,-1.0,-1.0,-1.0,-1.0,-1.0,0.0,332201984.0,-1.0,-1.0,-1.0,0.0,0.0,0
0.0,11.0,11.125,-1.0,-1.0,-1.0,-1.0,-1.0,-1.0,0.0,332201984.0,-1.0,-1.0,-1.0,0.0,0.0,0
0.0,12.0,11.042,-1.0,-1.0,-1.0,-1.0,-1.0,-1.0,0.0,332201984.0,-1.0,-1.0,-1.0,0.0,0.0,0
0.0,11.0,11.083,-1.0,-1.0,-1.0,-1.0,-1.0,-1.0,0.0,332201984.0,-1.0,-1.0,-1.0,0.0,0.0,0
0.0,11.0,11.042,-1.0,-1.0,-1.0,-1.0,-1.0,-1.0,0.0,332201984.0,-1.0,-1.0,-1.0,0.0,0.0,0
0.0,11.0,11.042,-1.0,-1.0,-1.0,-1.0,-1.0,-1.0,0.0,332201984.0,-1.0,-1.0,-1.0,0.0,0.0,0
0.0,13.0,13.208,-1.0,-1.0,-1.0,-1.0,-1.0,-1.0,0.0,332201984.0,-1.0,-1.0,-1.0,0.0,0.0,0
0.0,14.0,13.5,-1.0,-1.0,-1.0,-1.0,-1.0,-1.0,0.0,332201984.0,-1.0,-1.0,-1.0,0.0,0.0,0
0.0,13.0,11.041,-1.0,-1.0,-1.0,-1.0,-1.0,-1.0,0.0,332201984.0,-1.0,-1.0,-1.0,0.0,0.0,0
0.0,11.0,11.083,-1.0,-1.0,-1.0,-1.0,-1.0,-1.0,0.0,332201984.0,-1.0,-1.0,-1.0,0.0,0.0,0
0.0,11.0,11.167,-1.0,-1.0,-1.0,-1.0,-1.0,-1.0,0.0,332201984.0,-1.0,-1.0,-1.0,0.0,0.0,0
0.0,12.0,11.042,-1.0,-1.0,-1.0,-1.0,-1.0,-1.0,0.0,332201984.0,-1.0,-1.0,-1.0,0.0,0.0,0
0.0,11.0,11.083,-1.0,-1.0,-1.0,-1.0,-1.0,-1.0,0.0,332201984.0,-1.0,-1.0,-1.0,0.0,0.0,0
0.0,11.0,11.0,-1.0,-1.0,-1.0,-1.0,-1.0,-1.0,0.0,332201984.0,-1.0,-1.0,-1.0,0.0,0.0,0
0.0,11.0,11.042,-1.0,-1.0,-1.0,-1.0,-1.0,-1.0,0.0,332201984.0,-1.0,-1.0,-1.0,0.0,0.0,0
0.0,12.0,11.125,-1.0,-1.0,-1.0,-1.0,-1.0,-1.0,0.0,332201984.0,-1.0,-1.0,-1.0,0.0,0.0,0
0.0,14.0,13.583,-1.0,-1.0,-1.0,-1.0,-1.0,-1.0,0.0,332201984.0,-1.0,-1.0,-1.0,0.0,0.0,0
0.0,17.0,16.583,-1.0,-1.0,-1.0,-1.0,-1.0,-1.0,0.0,332201984.0,-1.0,-1.0,-1.0,0.0,0.0,0
0.0,11.0,11.542,-1.0,-1.0,-1.0,-1.0,-1.0,-1.0,0.0,332201984.0,-1.0,-1.0,-1.0,0.0,0.0,0
0.0,11.0,11.0,-1.0,-1.0,-1.0,-1.0,-1.0,-1.0,0.0,332201984.0,-1.0,-1.0,-1.0,0.0,0.0,0
0.0,11.0,11.208,-1.0,-1.0,-1.0,-1.0,-1.0,-1.0,0.0,332201984.0,-1.0,-1.0,-1.0,0.0,0.0,0
0.0,12.0,11.208,-1.0,-1.0,-1.0,-1.0,-1.0,-1.0,0.0,332201984.0,-1.0,-1.0,-1.0,0.0,0.0,0
0.0,11.0,11.167,-1.0,-1.0,-1.0,-1.0,-1.0,-1.0,0.0,332201984.0,-1.0,-1.0,-1.0,0.0,0.0,0
0.0,11.0,11.0,-1.0,-1.0,-1.0,-1.0,-1.0,-1.0,0.0,332201984.0,-1.0,-1.0,-1.0,0.0,0.0,0
0.0,12.0,11.0,-1.0,-1.0,-1.0,-1.0,-1.0,-1.0,0.0,332201984.0,-1.0,-1.0,-1.0,0.0,0.0,0
0.0,12.0,11.0,-1.0,-1.0,-1.0,-1.0,-1.0,-1.0,0.0,332201984.0,-1.0,-1.0,-1.0,0.0,0.0,0
0.0,14.0,14.417,-1.0,-1.0,-1.0,-1.0,-1.0,-1.0,0.0,332201984.0,-1.0,-1.0,-1.0,0.0,0.0,0
0.0,14.0,12.084,-1.0,-1.0,-1.0,-1.0,-1.0,-1.0,0.0,332201984.0,-1.0,-1.0,-1.0,0.0,0.0,0
0.0,11.0,11.0,-1.0,-1.0,-1.0,-1.0,-1.0,-1.0,0.0,332201984.0,-1.0,-1.0,-1.0,0.0,0.0,0
0.0,11.0,11.125,-1.0,-1.0,-1.0,-1.0,-1.0,-1.0,0.0,332201984.0,-1.0,-1.0,-1.0,0.0,0.0,0
0.0,12.0,11.042,-1.0,-1.0,-1.0,-1.0,-1.0,-1.0,0.0,332201984.0,-1.0,-1.0,-1.0,0.0,0.0,0
0.0,12.0,11.042,-1.0,-1.0,-1.0,-1.0,-1.0,-1.0,0.0,332201984.0,-1.0,-1.0,-1.0,0.0,0.0,0
0.0,11.0,11.083,-1.0,-1.0,-1.0,-1.0,-1.0,-1.0,0.0,332201984.0,-1.0,-1.0,-1.0,0.0,0.0,0
0.0,11.0,11.0,-1.0,-1.0,-1.0,-1.0,-1.0,-1.0,0.0,332201984.0,-1.0,-1.0,-1.0,0.0,0.0,0
0.0,12.0,11.041,-1.0,-1.0,-1.0,-1.0,-1.0,-1.0,0.0,332201984.0,-1.0,-1.0,-1.0,0.0,0.0,0
0.0,12.0,11.125,-1.0,-1.0,-1.0,-1.0,-1.0,-1.0,0.0,332201984.0,-1.0,-1.0,-1.0,0.0,0.0,0
0.0,11.0,11.084,-1.0,-1.0,-1.0,-1.0,-1.0,-1.0,0.0,332201984.0,-1.0,-1.0,-1.0,0.0,0.0,0
0.0,11.0,11.0,-1.0,-1.0,-1.0,-1.0,-1.0,-1.0,0.0,332201984.0,-1.0,-1.0,-1.0,0.0,0.0,0
0.0,16.0,15.0,-1.0,-1.0,-1.0,-1.0,-1.0,-1.0,0.0,332201984.0,-1.0,-1.0,-1.0,0.0,0.0,0
0.0,14.0,14.167,-1.0,-1.0,-1.0,-1.0,-1.0,-1.0,0.0,332201984.0,-1.0,-1.0,-1.0,0.0,0.0,0
0.0,12.0,11.458,-1.0,-1.0,-1.0,-1.0,-1.0,-1.0,0.0,332201984.0,-1.0,-1.0,-1.0,0.0,0.0,0
0.0,12.0,10.959,-1.0,-1.0,-1.0,-1.0,-1.0,-1.0,0.0,332201984.0,-1.0,-1.0,-1.0,0.0,0.0,0
0.0,11.0,11.125,-1.0,-1.0,-1.0,-1.0,-1.0,-1.0,0.0,332201984.0,-1.0,-1.0,-1.0,0.0,0.0,0
0.0,12.0,11.042,-1.0,-1.0,-1.0,-1.0,-1.0,-1.0,0.0,332201984.0,-1.0,-1.0,-1.0,0.0,0.0,0
0.0,12.0,10.959,-1.0,-1.0,-1.0,-1.0,-1.0,-1.0,0.0,332201984.0,-1.0,-1.0,-1.0,0.0,0.0,0
0.0,11.0,11.042,-1.0,-1.0,-1.0,-1.0,-1.0,-1.0,0.0,332201984.0,-1.0,-1.0,-1.0,0.0,0.0,0
0.0,11.0,11.0,-1.0,-1.0,-1.0,-1.0,-1.0,-1.0,0.0,332201984.0,-1.0,-1.0,-1.0,0.0,0.0,0
0.0,11.0,11.125,-1.0,-1.0,-1.0,-1.0,-1.0,-1.0,0.0,332201984.0,-1.0,-1.0,-1.0,0.0,0.0,0
0.0,14.0,14.583,-1.0,-1.0,-1.0,-1.0,-1.0,-1.0,0.0,332201984.0,-1.0,-1.0,-1.0,0.0,0.0,0
0.0,11.0,11.0,-1.0,-1.0,-1.0,-1.0,-1.0,-1.0,0.0,332201984.0,-1.0,-1.0,-1.0,0.0,0.0,0
0.0,11.0,11.083,-1.0,-1.0,-1.0,-1.0,-1.0,-1.0,0.0,332201984.0,-1.0,-1.0,-1.0,0.0,0.0,0
0.0,11.0,11.084,-1.0,-1.0,-1.0,-1.0,-1.0,-1.0,0.0,332201984.0,-1.0,-1.0,-1.0,0.0,0.0,0
0.0,12.0,11.167,-1.0,-1.0,-1.0,-1.0,-1.0,-1.0,0.0,332201984.0,-1.0,-1.0,-1.0,0.0,0.0,0
0.0,11.0,11.042,-1.0,-1.0,-1.0,-1.0,-1.0,-1.0,0.0,332201984.0,-1.0,-1.0,-1.0,0.0,0.0,0
0.0,12.0,11.042,-1.0,-1.0,-1.0,-1.0,-1.0,-1.0,0.0,332201984.0,-1.0,-1.0,-1.0,0.0,0.0,0
0.0,11.0,11.125,-1.0,-1.0,-1.0,-1.0,-1.0,-1.0,0.0,332201984.0,-1.0,-1.0,-1.0,0.0,0.0,0
0.0,11.0,11.042,-1.0,-1.0,-1.0,-1.0,-1.0,-1.0,0.0,332201984.0,-1.0,-1.0,-1.0,0.0,0.0,0
0.0,11.0,11.041,-1.0,-1.0,-1.0,-1.0,-1.0,-1.0,0.0,332201984.0,-1.0,-1.0,-1.0,0.0,0.0,0
0.0,16.0,14.375,-1.0,-1.0,-1.0,-1.0,-1.0,-1.0,0.0,332201984.0,-1.0,-1.0,-1.0,0.0,0.0,0
0.0,13.0,13.0,-1.0,-1.0,-1.0,-1.0,-1.0,-1.0,0.0,332201984.0,-1.0,-1.0,-1.0,0.0,0.0,0
0.0,11.0,11.042,-1.0,-1.0,-1.0,-1.0,-1.0,-1.0,0.0,332201984.0,-1.0,-1.0,-1.0,0.0,0.0,0
0.0,13.0,11.041,-1.0,-1.0,-1.0,-1.0,-1.0,-1.0,0.0,332201984.0,-1.0,-1.0,-1.0,0.0,0.0,0
0.0,11.0,11.0,-1.0,-1.0,-1.0,-1.0,-1.0,-1.0,0.0,332201984.0,-1.0,-1.0,-1.0,0.0,0.0,0
0.0,11.0,10.917,-1.0,-1.0,-1.0,-1.0,-1.0,-1.0,0.0,332201984.0,-1.0,-1.0,-1.0,0.0,0.0,0
0.0,11.0,11.083,-1.0,-1.0,-1.0,-1.0,-1.0,-1.0,0.0,332201984.0,-1.0,-1.0,-1.0,0.0,0.0,0
0.0,12.0,11.0,-1.0,-1.0,-1.0,-1.0,-1.0,-1.0,0.0,332201984.0,-1.0,-1.0,-1.0,0.0,0.0,0
0.0,11.0,10.959,-1.0,-1.0,-1.0,-1.0,-1.0,-1.0,0.0,332201984.0,-1.0,-1.0,-1.0,0.0,0.0,0
0.0,11.0,11.125,-1.0,-1.0,-1.0,-1.0,-1.0,-1.0,0.0,332201984.0,-1.0,-1.0,-1.0,0.0,0.0,0
0.0,11.0,11.041,-1.0,-1.0,-1.0,-1.0,-1.0,-1.0,0.0,332201984.0,-1.0,-1.0,-1.0,0.0,0.0,0
0.0,15.0,13.75,-1.0,-1.0,-1.0,-1.0,-1.0,-1.0,0.0,332201984.0,-1.0,-1.0,-1.0,0.0,0.0,0
0.0,11.0,11.041,-1.0,-1.0,-1.0,-1.0,-1.0,-1.0,0.0,332201984.0,-1.0,-1.0,-1.0,0.0,0.0,0
0.0,12.0,11.042,-1.0,-1.0,-1.0,-1.0,-1.0,-1.0,0.0,332201984.0,-1.0,-1.0,-1.0,0.0,0.0,0
0.0,12.0,11.041,-1.0,-1.0,-1.0,-1.0,-1.0,-1.0,0.0,332201984.0,-1.0,-1.0,-1.0,0.0,0.0,0
0.0,11.0,11.042,-1.0,-1.0,-1.0,-1.0,-1.0,-1.0,0.0,332201984.0,-1.0,-1.0,-1.0,0.0,0.0,0
0.0,11.0,11.0,-1.0,-1.0,-1.0,-1.0,-1.0,-1.0,0.0,332201984.0,-1.0,-1.0,-1.0,0.0,0.0,0
0.0,12.0,11.084,-1.0,-1.0,-1.0,-1.0,-1.0,-1.0,0.0,332201984.0,-1.0,-1.0,-1.0,0.0,0.0,0
0.0,11.0,11.083,-1.0,-1.0,-1.0,-1.0,-1.0,-1.0,0.0,332201984.0,-1.0,-1.0,-1.0,0.0,0.0,0
0.0,11.0,11.083,-1.0,-1.0,-1.0,-1.0,-1.0,-1.0,0.0,332201984.0,-1.0,-1.0,-1.0,0.0,0.0,0
0.0,15.0,14.583,-1.0,-1.0,-1.0,-1.0,-1.0,-1.0,0.0,332201984.0,-1.0,-1.0,-1.0,0.0,0.0,0
0.0,11.0,11.0,-1.0,-1.0,-1.0,-1.0,-1.0,-1.0,0.0,332201984.0,-1.0,-1.0,-1.0,0.0,0.0,0
0.0,11.0,11.042,-1.0,-1.0,-1.0,-1.0,-1.0,-1.0,0.0,332201984.0,-1.0,-1.0,-1.0,0.0,0.0,0
0.0,12.0,11.084,-1.0,-1.0,-1.0,-1.0,-1.0,-1.0,0.0,332201984.0,-1.0,-1.0,-1.0,0.0,0.0,0
0.0,11.0,11.083,-1.0,-1.0,-1.0,-1.0,-1.0,-1.0,0.0,332201984.0,-1.0,-1.0,-1.0,0.0,0.0,0
0.0,12.0,11.083,-1.0,-1.0,-1.0,-1.0,-1.0,-1.0,0.0,332201984.0,-1.0,-1.0,-1.0,0.0,0.0,0
0.0,12.0,11.0,-1.0,-1.0,-1.0,-1.0,-1.0,-1.0,0.0,332201984.0,-1.0,-1.0,-1.0,0.0,0.0,0
0.0,11.0,11.0,-1.0,-1.0,-1.0,-1.0,-1.0,-1.0,0.0,332201984.0,-1.0,-1.0,-1.0,0.0,0.0,0
0.0,12.0,11.083,-1.0,-1.0,-1.0,-1.0,-1.0,-1.0,0.0,332201984.0,-1.0,-1.0,-1.0,0.0,0.0,0
0.0,12.0,12.209,-1.0,-1.0,-1.0,-1.0,-1.0,-1.0,0.0,332201984.0,-1.0,-1.0,-1.0,0.0,0.0,0
0.0,12.0,11.0,-1.0,-1.0,-1.0,-1.0,-1.0,-1.0,0.0,332201984.0,-1.0,-1.0,-1.0,0.0,0.0,0
0.0,15.0,14.042,-1.0,-1.0,-1.0,-1.0,-1.0,-1.0,0.0,332201984.0,-1.0,-1.0,-1.0,0.0,0.0,0
0.0,12.0,11.541,-1.0,-1.0,-1.0,-1.0,-1.0,-1.0,0.0,332201984.0,-1.0,-1.0,-1.0,0.0,0.0,0
0.0,11.0,11.042,-1.0,-1.0,-1.0,-1.0,-1.0,-1.0,0.0,332201984.0,-1.0,-1.0,-1.0,0.0,0.0,0
0.0,12.0,11.042,-1.0,-1.0,-1.0,-1.0,-1.0,-1.0,0.0,332201984.0,-1.0,-1.0,-1.0,0.0,0.0,0
0.0,11.0,11.041,-1.0,-1.0,-1.0,-1.0,-1.0,-1.0,0.0,332201984.0,-1.0,-1.0,-1.0,0.0,0.0,0
0.0,11.0,11.042,-1.0,-1.0,-1.0,-1.0,-1.0,-1.0,0.0,332201984.0,-1.0,-1.0,-1.0,0.0,0.0,0
0.0,12.0,11.083,-1.0,-1.0,-1.0,-1.0,-1.0,-1.0,0.0,332201984.0,-1.0,-1.0,-1.0,0.0,0.0,0
0.0,11.0,11.0,-1.0,-1.0,-1.0,-1.0,-1.0,-1.0,0.0,332201984.0,-1.0,-1.0,-1.0,0.0,0.0,0
0.0,11.0,11.0,-1.0,-1.0,-1.0,-1.0,-1.0,-1.0,0.0,332201984.0,-1.0,-1.0,-1.0,0.0,0.0,0
0.0,11.0,11.041,-1.0,-1.0,-1.0,-1.0,-1.0,-1.0,0.0,332201984.0,-1.0,-1.0,-1.0,0.0,0.0,0
0.0,11.0,11.0,-1.0,-1.0,-1.0,-1.0,-1.0,-1.0,0.0,332201984.0,-1.0,-1.0,-1.0,0.0,0.0,0
0.0,11.0,11.083,-1.0,-1.0,-1.0,-1.0,-1.0,-1.0,0.0,332201984.0,-1.0,-1.0,-1.0,0.0,0.0,0
0.0,11.0,11.084,-1.0,-1.0,-1.0,-1.0,-1.0,-1.0,0.0,332201984.0,-1.0,-1.0,-1.0,0.0,0.0,0
0.0,11.0,11.333,-1.0,-1.0,-1.0,-1.0,-1.0,-1.0,0.0,332201984.0,-1.0,-1.0,-1.0,0.0,0.0,0
0.0,11.0,11.083,-1.0,-1.0,-1.0,-1.0,-1.0,-1.0,0.0,332201984.0,-1.0,-1.0,-1.0,0.0,0.0,0
0.0,11.0,11.084,-1.0,-1.0,-1.0,-1.0,-1.0,-1.0,0.0,332201984.0,-1.0,-1.0,-1.0,0.0,0.0,0
0.0,12.0,11.042,-1.0,-1.0,-1.0,-1.0,-1.0,-1.0,0.0,332201984.0,-1.0,-1.0,-1.0,0.0,0.0,0
0.0,11.0,11.209,-1.0,-1.0,-1.0,-1.0,-1.0,-1.0,0.0,332201984.0,-1.0,-1.0,-1.0,0.0,0.0,0
0.0,11.0,10.958,-1.0,-1.0,-1.0,-1.0,-1.0,-1.0,0.0,332201984.0,-1.0,-1.0,-1.0,0.0,0.0,0
0.0,11.0,11.125,-1.0,-1.0,-1.0,-1.0,-1.0,-1.0,0.0,332201984.0,-1.0,-1.0,-1.0,0.0,0.0,0
0.0,11.0,11.083,-1.0,-1.0,-1.0,-1.0,-1.0,-1.0,0.0,332201984.0,-1.0,-1.0,-1.0,0.0,0.0,0
0.0,12.0,11.041,-1.0,-1.0,-1.0,-1.0,-1.0,-1.0,0.0,332201984.0,-1.0,-1.0,-1.0,0.0,0.0,0
0.0,13.0,13.375,-1.0,-1.0,-1.0,-1.0,-1.0,-1.0,0.0,332201984.0,-1.0,-1.0,-1.0,0.0,0.0,0
0.0,13.0,13.375,-1.0,-1.0,-1.0,-1.0,-1.0,-1.0,0.0,332201984.0,-1.0,-1.0,-1.0,0.0,0.0,0
0.0,11.0,11.083,-1.0,-1.0,-1.0,-1.0,-1.0,-1.0,0.0,332201984.0,-1.0,-1.0,-1.0,0.0,0.0,0
0.0,11.0,11.042,-1.0,-1.0,-1.0,-1.0,-1.0,-1.0,0.0,332201984.0,-1.0,-1.0,-1.0,0.0,0.0,0
0.0,11.0,11.042,-1.0,-1.0,-1.0,-1.0,-1.0,-1.0,0.0,332201984.0,-1.0,-1.0,-1.0,0.0,0.0,0
0.0,11.0,11.084,-1.0,-1.0,-1.0,-1.0,-1.0,-1.0,0.0,332201984.0,-1.0,-1.0,-1.0,0.0,0.0,0
0.0,12.0,11.084,-1.0,-1.0,-1.0,-1.0,-1.0,-1.0,0.0,332201984.0,-1.0,-1.0,-1.0,0.0,0.0,0
0.0,12.0,11.083,-1.0,-1.0,-1.0,-1.0,-1.0,-1.0,0.0,332201984.0,-1.0,-1.0,-1.0,0.0,0.0,0
0.0,11.0,11.083,-1.0,-1.0,-1.0,-1.0,-1.0,-1.0,0.0,332201984.0,-1.0,-1.0,-1.0,0.0,0.0,0
0.0,11.0,11.0,-1.0,-1.0,-1.0,-1.0,-1.0,-1.0,0.0,332201984.0,-1.0,-1.0,-1.0,0.0,0.0,0
0.0,11.0,11.042,-1.0,-1.0,-1.0,-1.0,-1.0,-1.0,0.0,332201984.0,-1.0,-1.0,-1.0,0.0,0.0,0
0.0,12.0,11.083,-1.0,-1.0,-1.0,-1.0,-1.0,-1.0,0.0,332201984.0,-1.0,-1.0,-1.0,0.0,0.0,0
0.0,16.0,15.292,-1.0,-1.0,-1.0,-1.0,-1.0,-1.0,0.0,332201984.0,-1.0,-1.0,-1.0,0.0,0.0,0
0.0,12.0,11.042,-1.0,-1.0,-1.0,-1.0,-1.0,-1.0,0.0,332201984.0,-1.0,-1.0,-1.0,0.0,0.0,0
0.0,11.0,11.125,-1.0,-1.0,-1.0,-1.0,-1.0,-1.0,0.0,332201984.0,-1.0,-1.0,-1.0,0.0,0.0,0
0.0,11.0,11.125,-1.0,-1.0,-1.0,-1.0,-1.0,-1.0,0.0,332201984.0,-1.0,-1.0,-1.0,0.0,0.0,0
0.0,12.0,11.042,-1.0,-1.0,-1.0,-1.0,-1.0,-1.0,0.0,332201984.0,-1.0,-1.0,-1.0,0.0,0.0,0
0.0,11.0,11.042,-1.0,-1.0,-1.0,-1.0,-1.0,-1.0,0.0,332201984.0,-1.0,-1.0,-1.0,0.0,0.0,0
0.0,12.0,11.083,-1.0,-1.0,-1.0,-1.0,-1.0,-1.0,0.0,332201984.0,-1.0,-1.0,-1.0,0.0,0.0,0
0.0,14.0,13.375,-1.0,-1.0,-1.0,-1.0,-1.0,-1.0,0.0,332201984.0,-1.0,-1.0,-1.0,0.0,0.0,0
0.0,11.0,11.625,-1.0,-1.0,-1.0,-1.0,-1.0,-1.0,0.0,332201984.0,-1.0,-1.0,-1.0,0.0,0.0,0
0.0,11.0,11.042,-1.0,-1.0,-1.0,-1.0,-1.0,-1.0,0.0,332201984.0,-1.0,-1.0,-1.0,0.0,0.0,0
0.0,11.0,11.042,-1.0,-1.0,-1.0,-1.0,-1.0,-1.0,0.0,332201984.0,-1.0,-1.0,-1.0,0.0,0.0,0
0.0,12.0,12.25,-1.0,-1.0,-1.0,-1.0,-1.0,-1.0,0.0,332201984.0,-1.0,-1.0,-1.0,0.0,0.0,0
0.0,12.0,10.958,-1.0,-1.0,-1.0,-1.0,-1.0,-1.0,0.0,332201984.0,-1.0,-1.0,-1.0,0.0,0.0,0
0.0,11.0,11.0,-1.0,-1.0,-1.0,-1.0,-1.0,-1.0,0.0,332201984.0,-1.0,-1.0,-1.0,0.0,0.0,0
0.0,11.0,11.125,-1.0,-1.0,-1.0,-1.0,-1.0,-1.0,0.0,332201984.0,-1.0,-1.0,-1.0,0.0,0.0,0
0.0,11.0,11.125,-1.0,-1.0,-1.0,-1.0,-1.0,-1.0,0.0,332201984.0,-1.0,-1.0,-1.0,0.0,0.0,0
0.0,11.0,11.084,-1.0,-1.0,-1.0,-1.0,-1.0,-1.0,0.0,332201984.0,-1.0,-1.0,-1.0,0.0,0.0,0
0.0,11.0,11.042,-1.0,-1.0,-1.0,-1.0,-1.0,-1.0,0.0,332201984.0,-1.0,-1.0,-1.0,0.0,0.0,0
0.0,11.0,11.042,-1.0,-1.0,-1.0,-1.0,-1.0,-1.0,0.0,332201984.0,-1.0,-1.0,-1.0,0.0,0.0,0
0.0,16.0,14.541,-1.0,-1.0,-1.0,-1.0,-1.0,-1.0,0.0,332201984.0,-1.0,-1.0,-1.0,0.0,0.0,0
0.0,12.0,12.459,-1.0,-1.0,-1.0,-1.0,-1.0,-1.0,0.0,332201984.0,-1.0,-1.0,-1.0,0.0,0.0,0
0.0,11.0,11.042,-1.0,-1.0,-1.0,-1.0,-1.0,-1.0,0.0,332201984.0,-1.0,-1.0,-1.0,0.0,0.0,0
0.0,11.0,11.542,-1.0,-1.0,-1.0,-1.0,-1.0,-1.0,0.0,332201984.0,-1.0,-1.0,-1.0,0.0,0.0,0
0.0,17.0,15.541,-1.0,-1.0,-1.0,-1.0,-1.0,-1.0,0.0,332201984.0,-1.0,-1.0,-1.0,0.0,0.0,0
0.0,11.0,11.083,-1.0,-1.0,-1.0,-1.0,-1.0,-1.0,0.0,332201984.0,-1.0,-1.0,-1.0,0.0,0.0,0
0.0,12.0,11.041,-1.0,-1.0,-1.0,-1.0,-1.0,-1.0,0.0,332201984.0,-1.0,-1.0,-1.0,0.0,0.0,0
0.0,12.0,11.292,-1.0,-1.0,-1.0,-1.0,-1.0,-1.0,0.0,332201984.0,-1.0,-1.0,-1.0,0.0,0.0,0
0.0,11.0,11.125,-1.0,-1.0,-1.0,-1.0,-1.0,-1.0,0.0,332201984.0,-1.0,-1.0,-1.0,0.0,0.0,0
0.0,11.0,11.041,-1.0,-1.0,-1.0,-1.0,-1.0,-1.0,0.0,332201984.0,-1.0,-1.0,-1.0,0.0,0.0,0
0.0,11.0,11.041,-1.0,-1.0,-1.0,-1.0,-1.0,-1.0,0.0,332201984.0,-1.0,-1.0,-1.0,0.0,0.0,0
0.0,12.0,11.041,-1.0,-1.0,-1.0,-1.0,-1.0,-1.0,0.0,332201984.0,-1.0,-1.0,-1.0,0.0,0.0,0
0.0,12.0,11.667,-1.0,-1.0,-1.0,-1.0,-1.0,-1.0,0.0,332201984.0,-1.0,-1.0,-1.0,0.0,0.0,0
0.0,11.0,11.083,-1.0,-1.0,-1.0,-1.0,-1.0,-1.0,0.0,332201984.0,-1.0,-1.0,-1.0,0.0,0.0,0
0.0,12.0,11.084,-1.0,-1.0,-1.0,-1.0,-1.0,-1.0,0.0,332201984.0,-1.0,-1.0,-1.0,0.0,0.0,0
0.0,11.0,11.083,-1.0,-1.0,-1.0,-1.0,-1.0,-1.0,0.0,332201984.0,-1.0,-1.0,-1.0,0.0,0.0,0
0.0,12.0,12.291,-1.0,-1.0,-1.0,-1.0,-1.0,-1.0,0.0,332201984.0,-1.0,-1.0,-1.0,0.0,0.0,0
0.0,12.0,11.0,-1.0,-1.0,-1.0,-1.0,-1.0,-1.0,0.0,332201984.0,-1.0,-1.0,-1.0,0.0,0.0,0
0.0,11.0,11.041,-1.0,-1.0,-1.0,-1.0,-1.0,-1.0,0.0,332201984.0,-1.0,-1.0,-1.0,0.0,0.0,0
0.0,13.0,11.083,-1.0,-1.0,-1.0,-1.0,-1.0,-1.0,0.0,332201984.0,-1.0,-1.0,-1.0,0.0,0.0,0
0.0,11.0,11.083,-1.0,-1.0,-1.0,-1.0,-1.0,-1.0,0.0,332201984.0,-1.0,-1.0,-1.0,0.0,0.0,0
0.0,11.0,11.041,-1.0,-1.0,-1.0,-1.0,-1.0,-1.0,0.0,332201984.0,-1.0,-1.0,-1.0,0.0,0.0,0
0.0,11.0,11.041,-1.0,-1.0,-1.0,-1.0,-1.0,-1.0,0.0,332201984.0,-1.0,-1.0,-1.0,0.0,0.0,0
0.0,12.0,11.083,-1.0,-1.0,-1.0,-1.0,-1.0,-1.0,0.0,332201984.0,-1.0,-1.0,-1.0,0.0,0.0,0
0.0,12.0,11.75,-1.0,-1.0,-1.0,-1.0,-1.0,-1.0,0.0,332201984.0,-1.0,-1.0,-1.0,0.0,0.0,0
0.0,11.0,11.041,-1.0,-1.0,-1.0,-1.0,-1.0,-1.0,0.0,332201984.0,-1.0,-1.0,-1.0,0.0,0.0,0
0.0,11.0,11.0,-1.0,-1.0,-1.0,-1.0,-1.0,-1.0,0.0,332201984.0,-1.0,-1.0,-1.0,0.0,0.0,0
0.0,12.0,11.083,-1.0,-1.0,-1.0,-1.0,-1.0,-1.0,0.0,332201984.0,-1.0,-1.0,-1.0,0.0,0.0,0
0.0,11.0,11.042,-1.0,-1.0,-1.0,-1.0,-1.0,-1.0,0.0,332201984.0,-1.0,-1.0,-1.0,0.0,0.0,0
0.0,11.0,11.0,-1.0,-1.0,-1.0,-1.0,-1.0,-1.0,0.0,332201984.0,-1.0,-1.0,-1.0,0.0,0.0,0
0.0,11.0,11.042,-1.0,-1.0,-1.0,-1.0,-1.0,-1.0,0.0,332201984.0,-1.0,-1.0,-1.0,0.0,0.0,0
0.0,12.0,11.083,-1.0,-1.0,-1.0,-1.0,-1.0,-1.0,0.0,332201984.0,-1.0,-1.0,-1.0,0.0,0.0,0
0.0,11.0,11.0,-1.0,-1.0,-1.0,-1.0,-1.0,-1.0,0.0,332201984.0,-1.0,-1.0,-1.0,0.0,0.0,0
0.0,11.0,11.084,-1.0,-1.0,-1.0,-1.0,-1.0,-1.0,0.0,332201984.0,-1.0,-1.0,-1.0,0.0,0.0,0
0.0,12.0,11.083,-1.0,-1.0,-1.0,-1.0,-1.0,-1.0,0.0,332201984.0,-1.0,-1.0,-1.0,0.0,0.0,0
0.0,11.0,11.084,-1.0,-1.0,-1.0,-1.0,-1.0,-1.0,0.0,332201984.0,-1.0,-1.0,-1.0,0.0,0.0,0
0.0,11.0,11.083,-1.0,-1.0,-1.0,-1.0,-1.0,-1.0,0.0,332201984.0,-1.0,-1.0,-1.0,0.0,0.0,0
0.0,12.0,12.292,-1.0,-1.0,-1.0,-1.0,-1.0,-1.0,0.0,332201984.0,-1.0,-1.0,-1.0,0.0,0.0,0
0.0,11.0,11.0,-1.0,-1.0,-1.0,-1.0,-1.0,-1.0,0.0,332201984.0,-1.0,-1.0,-1.0,0.0,0.0,0
0.0,11.0,11.042,-1.0,-1.0,-1.0,-1.0,-1.0,-1.0,0.0,332201984.0,-1.0,-1.0,-1.0,0.0,0.0,0
0.0,11.0,11.166,-1.0,-1.0,-1.0,-1.0,-1.0,-1.0,0.0,332201984.0,-1.0,-1.0,-1.0,0.0,0.0,0
0.0,11.0,11.084,-1.0,-1.0,-1.0,-1.0,-1.0,-1.0,0.0,332201984.0,-1.0,-1.0,-1.0,0.0,0.0,0
0.0,13.0,11.041,-1.0,-1.0,-1.0,-1.0,-1.0,-1.0,0.0,332201984.0,-1.0,-1.0,-1.0,0.0,0.0,0
0.0,12.0,11.042,-1.0,-1.0,-1.0,-1.0,-1.0,-1.0,0.0,332201984.0,-1.0,-1.0,-1.0,0.0,0.0,0
0.0,11.0,11.041,-1.0,-1.0,-1.0,-1.0,-1.0,-1.0,0.0,332201984.0,-1.0,-1.0,-1.0,0.0,0.0,0
0.0,11.0,11.125,-1.0,-1.0,-1.0,-1.0,-1.0,-1.0,0.0,332201984.0,-1.0,-1.0,-1.0,0.0,0.0,0
0.0,12.0,12.25,-1.0,-1.0,-1.0,-1.0,-1.0,-1.0,0.0,332201984.0,-1.0,-1.0,-1.0,0.0,0.0,0
0.0,11.0,11.042,-1.0,-1.0,-1.0,-1.0,-1.0,-1.0,0.0,332201984.0,-1.0,-1.0,-1.0,0.0,0.0,0
0.0,11.0,10.958,-1.0,-1.0,-1.0,-1.0,-1.0,-1.0,0.0,332201984.0,-1.0,-1.0,-1.0,0.0,0.0,0
0.0,11.0,11.125,-1.0,-1.0,-1.0,-1.0,-1.0,-1.0,0.0,332201984.0,-1.0,-1.0,-1.0,0.0,0.0,0
0.0,12.0,11.625,-1.0,-1.0,-1.0,-1.0,-1.0,-1.0,0.0,332201984.0,-1.0,-1.0,-1.0,0.0,0.0,0
0.0,12.0,11.042,-1.0,-1.0,-1.0,-1.0,-1.0,-1.0,0.0,332201984.0,-1.0,-1.0,-1.0,0.0,0.0,0
0.0,11.0,11.042,-1.0,-1.0,-1.0,-1.0,-1.0,-1.0,0.0,332201984.0,-1.0,-1.0,-1.0,0.0,0.0,0
0.0,11.0,11.0,-1.0,-1.0,-1.0,-1.0,-1.0,-1.0,0.0,332201984.0,-1.0,-1.0,-1.0,0.0,0.0,0
0.0,11.0,11.083,-1.0,-1.0,-1.0,-1.0,-1.0,-1.0,0.0,332201984.0,-1.0,-1.0,-1.0,0.0,0.0,0
0.0,12.0,11.084,-1.0,-1.0,-1.0,-1.0,-1.0,-1.0,0.0,332201984.0,-1.0,-1.0,-1.0,0.0,0.0,0
0.0,11.0,11.042,-1.0,-1.0,-1.0,-1.0,-1.0,-1.0,0.0,332201984.0,-1.0,-1.0,-1.0,0.0,0.0,0
0.0,11.0,11.083,-1.0,-1.0,-1.0,-1.0,-1.0,-1.0,0.0,332201984.0,-1.0,-1.0,-1.0,0.0,0.0,0
0.0,11.0,11.0,-1.0,-1.0,-1.0,-1.0,-1.0,-1.0,0.0,332201984.0,-1.0,-1.0,-1.0,0.0,0.0,0
0.0,16.0,15.0,-1.0,-1.0,-1.0,-1.0,-1.0,-1.0,0.0,332201984.0,-1.0,-1.0,-1.0,0.0,0.0,0
0.0,11.0,11.209,-1.0,-1.0,-1.0,-1.0,-1.0,-1.0,0.0,332201984.0,-1.0,-1.0,-1.0,0.0,0.0,0
0.0,11.0,11.042,-1.0,-1.0,-1.0,-1.0,-1.0,-1.0,0.0,332201984.0,-1.0,-1.0,-1.0,0.0,0.0,0
0.0,12.0,11.042,-1.0,-1.0,-1.0,-1.0,-1.0,-1.0,0.0,332201984.0,-1.0,-1.0,-1.0,0.0,0.0,0
0.0,12.0,12.291,-1.0,-1.0,-1.0,-1.0,-1.0,-1.0,0.0,332201984.0,-1.0,-1.0,-1.0,0.0,0.0,0
0.0,11.0,11.083,-1.0,-1.0,-1.0,-1.0,-1.0,-1.0,0.0,332201984.0,-1.0,-1.0,-1.0,0.0,0.0,0
0.0,11.0,11.083,-1.0,-1.0,-1.0,-1.0,-1.0,-1.0,0.0,332201984.0,-1.0,-1.0,-1.0,0.0,0.0,0
0.0,11.0,11.083,-1.0,-1.0,-1.0,-1.0,-1.0,-1.0,0.0,332201984.0,-1.0,-1.0,-1.0,0.0,0.0,0
0.0,12.0,11.083,-1.0,-1.0,-1.0,-1.0,-1.0,-1.0,0.0,332201984.0,-1.0,-1.0,-1.0,0.0,0.0,0
0.0,14.0,14.0,-1.0,-1.0,-1.0,-1.0,-1.0,-1.0,0.0,332201984.0,-1.0,-1.0,-1.0,0.0,0.0,0
0.0,11.0,11.542,-1.0,-1.0,-1.0,-1.0,-1.0,-1.0,0.0,332201984.0,-1.0,-1.0,-1.0,0.0,0.0,0
0.0,12.0,11.083,-1.0,-1.0,-1.0,-1.0,-1.0,-1.0,0.0,332201984.0,-1.0,-1.0,-1.0,0.0,0.0,0
0.0,11.0,11.0,-1.0,-1.0,-1.0,-1.0,-1.0,-1.0,0.0,332201984.0,-1.0,-1.0,-1.0,0.0,0.0,0
0.0,11.0,11.042,-1.0,-1.0,-1.0,-1.0,-1.0,-1.0,0.0,332201984.0,-1.0,-1.0,-1.0,0.0,0.0,0
0.0,11.0,11.125,-1.0,-1.0,-1.0,-1.0,-1.0,-1.0,0.0,332201984.0,-1.0,-1.0,-1.0,0.0,0.0,0
0.0,11.0,11.084,-1.0,-1.0,-1.0,-1.0,-1.0,-1.0,0.0,332201984.0,-1.0,-1.0,-1.0,0.0,0.0,0
0.0,12.0,11.083,-1.0,-1.0,-1.0,-1.0,-1.0,-1.0,0.0,332201984.0,-1.0,-1.0,-1.0,0.0,0.0,0
0.0,11.0,11.084,-1.0,-1.0,-1.0,-1.0,-1.0,-1.0,0.0,332201984.0,-1.0,-1.0,-1.0,0.0,0.0,0
0.0,12.0,11.084,-1.0,-1.0,-1.0,-1.0,-1.0,-1.0,0.0,332201984.0,-1.0,-1.0,-1.0,0.0,0.0,0
0.0,12.0,12.25,-1.0,-1.0,-1.0,-1.0,-1.0,-1.0,0.0,332201984.0,-1.0,-1.0,-1.0,0.0,0.0,0
0.0,11.0,10.959,-1.0,-1.0,-1.0,-1.0,-1.0,-1.0,0.0,332201984.0,-1.0,-1.0,-1.0,0.0,0.0,0
0.0,12.0,12.375,-1.0,-1.0,-1.0,-1.0,-1.0,-1.0,0.0,332201984.0,-1.0,-1.0,-1.0,0.0,0.0,0
0.0,11.0,11.083,-1.0,-1.0,-1.0,-1.0,-1.0,-1.0,0.0,332201984.0,-1.0,-1.0,-1.0,0.0,0.0,0
0.0,11.0,11.041,-1.0,-1.0,-1.0,-1.0,-1.0,-1.0,0.0,332201984.0,-1.0,-1.0,-1.0,0.0,0.0,0
0.0,11.0,11.084,-1.0,-1.0,-1.0,-1.0,-1.0,-1.0,0.0,332201984.0,-1.0,-1.0,-1.0,0.0,0.0,0
0.0,11.0,11.042,-1.0,-1.0,-1.0,-1.0,-1.0,-1.0,0.0,332201984.0,-1.0,-1.0,-1.0,0.0,0.0,0
0.0,11.0,11.042,-1.0,-1.0,-1.0,-1.0,-1.0,-1.0,0.0,332201984.0,-1.0,-1.0,-1.0,0.0,0.0,0
0.0,11.0,11.083,-1.0,-1.0,-1.0,-1.0,-1.0,-1.0,0.0,332201984.0,-1.0,-1.0,-1.0,0.0,0.0,0
0.0,11.0,11.042,-1.0,-1.0,-1.0,-1.0,-1.0,-1.0,0.0,332201984.0,-1.0,-1.0,-1.0,0.0,0.0,0
0.0,12.0,11.083,-1.0,-1.0,-1.0,-1.0,-1.0,-1.0,0.0,332201984.0,-1.0,-1.0,-1.0,0.0,0.0,0
0.0,12.0,11.042,-1.0,-1.0,-1.0,-1.0,-1.0,-1.0,0.0,332201984.0,-1.0,-1.0,-1.0,0.0,0.0,0
0.0,16.0,16.292,-1.0,-1.0,-1.0,-1.0,-1.0,-1.0,0.0,332201984.0,-1.0,-1.0,-1.0,0.0,0.0,0
0.0,15.0,14.25,-1.0,-1.0,-1.0,-1.0,-1.0,-1.0,0.0,332201984.0,-1.0,-1.0,-1.0,0.0,0.0,0
0.0,14.0,14.166,-1.0,-1.0,-1.0,-1.0,-1.0,-1.0,0.0,332201984.0,-1.0,-1.0,-1.0,0.0,0.0,0
0.0,12.0,11.041,-1.0,-1.0,-1.0,-1.0,-1.0,-1.0,0.0,332201984.0,-1.0,-1.0,-1.0,0.0,0.0,0
0.0,11.0,11.166,-1.0,-1.0,-1.0,-1.0,-1.0,-1.0,0.0,332201984.0,-1.0,-1.0,-1.0,0.0,0.0,0
0.0,12.0,11.125,-1.0,-1.0,-1.0,-1.0,-1.0,-1.0,0.0,332201984.0,-1.0,-1.0,-1.0,0.0,0.0,0
0.0,11.0,11.167,-1.0,-1.0,-1.0,-1.0,-1.0,-1.0,0.0,332201984.0,-1.0,-1.0,-1.0,0.0,0.0,0
0.0,12.0,11.125,-1.0,-1.0,-1.0,-1.0,-1.0,-1.0,0.0,332201984.0,-1.0,-1.0,-1.0,0.0,0.0,0
0.0,11.0,11.041,-1.0,-1.0,-1.0,-1.0,-1.0,-1.0,0.0,332201984.0,-1.0,-1.0,-1.0,0.0,0.0,0
0.0,11.0,11.041,-1.0,-1.0,-1.0,-1.0,-1.0,-1.0,0.0,332201984.0,-1.0,-1.0,-1.0,0.0,0.0,0
0.0,11.0,11.0,-1.0,-1.0,-1.0,-1.0,-1.0,-1.0,0.0,332201984.0,-1.0,-1.0,-1.0,0.0,0.0,0
0.0,14.0,14.208,-1.0,-1.0,-1.0,-1.0,-1.0,-1.0,0.0,332201984.0,-1.0,-1.0,-1.0,0.0,0.0,0
0.0,12.0,11.541,-1.0,-1.0,-1.0,-1.0,-1.0,-1.0,0.0,332201984.0,-1.0,-1.0,-1.0,0.0,0.0,0
0.0,11.0,11.042,-1.0,-1.0,-1.0,-1.0,-1.0,-1.0,0.0,332201984.0,-1.0,-1.0,-1.0,0.0,0.0,0
0.0,11.0,11.041,-1.0,-1.0,-1.0,-1.0,-1.0,-1.0,0.0,332201984.0,-1.0,-1.0,-1.0,0.0,0.0,0
0.0,11.0,11.167,-1.0,-1.0,-1.0,-1.0,-1.0,-1.0,0.0,332201984.0,-1.0,-1.0,-1.0,0.0,0.0,0
0.0,12.0,11.166,-1.0,-1.0,-1.0,-1.0,-1.0,-1.0,0.0,332201984.0,-1.0,-1.0,-1.0,0.0,0.0,0
0.0,11.0,11.083,-1.0,-1.0,-1.0,-1.0,-1.0,-1.0,0.0,332201984.0,-1.0,-1.0,-1.0,0.0,0.0,0
0.0,11.0,11.083,-1.0,-1.0,-1.0,-1.0,-1.0,-1.0,0.0,332201984.0,-1.0,-1.0,-1.0,0.0,0.0,0
0.0,11.0,11.083,-1.0,-1.0,-1.0,-1.0,-1.0,-1.0,0.0,332201984.0,-1.0,-1.0,-1.0,0.0,0.0,0
0.0,11.0,11.083,-1.0,-1.0,-1.0,-1.0,-1.0,-1.0,0.0,332201984.0,-1.0,-1.0,-1.0,0.0,0.0,0
0.0,11.0,11.042,-1.0,-1.0,-1.0,-1.0,-1.0,-1.0,0.0,332201984.0,-1.0,-1.0,-1.0,0.0,0.0,0
0.0,11.0,11.084,-1.0,-1.0,-1.0,-1.0,-1.0,-1.0,0.0,332201984.0,-1.0,-1.0,-1.0,0.0,0.0,0
0.0,11.0,11.042,-1.0,-1.0,-1.0,-1.0,-1.0,-1.0,0.0,332201984.0,-1.0,-1.0,-1.0,0.0,0.0,0
0.0,11.0,11.042,-1.0,-1.0,-1.0,-1.0,-1.0,-1.0,0.0,332201984.0,-1.0,-1.0,-1.0,0.0,0.0,0
0.0,12.0,12.084,-1.0,-1.0,-1.0,-1.0,-1.0,-1.0,0.0,332201984.0,-1.0,-1.0,-1.0,0.0,0.0,0
0.0,13.0,13.042,-1.0,-1.0,-1.0,-1.0,-1.0,-1.0,0.0,332201984.0,-1.0,-1.0,-1.0,0.0,0.0,0
0.0,11.0,10.958,-1.0,-1.0,-1.0,-1.0,-1.0,-1.0,0.0,332201984.0,-1.0,-1.0,-1.0,0.0,0.0,0
0.0,11.0,11.042,-1.0,-1.0,-1.0,-1.0,-1.0,-1.0,0.0,332201984.0,-1.0,-1.0,-1.0,0.0,0.0,0
0.0,11.0,11.042,-1.0,-1.0,-1.0,-1.0,-1.0,-1.0,0.0,332201984.0,-1.0,-1.0,-1.0,0.0,0.0,0
0.0,12.0,11.125,-1.0,-1.0,-1.0,-1.0,-1.0,-1.0,0.0,332201984.0,-1.0,-1.0,-1.0,0.0,0.0,0
0.0,11.0,11.041,-1.0,-1.0,-1.0,-1.0,-1.0,-1.0,0.0,332201984.0,-1.0,-1.0,-1.0,0.0,0.0,0
0.0,12.0,11.0,-1.0,-1.0,-1.0,-1.0,-1.0,-1.0,0.0,332201984.0,-1.0,-1.0,-1.0,0.0,0.0,0
0.0,11.0,11.125,-1.0,-1.0,-1.0,-1.0,-1.0,-1.0,0.0,332201984.0,-1.0,-1.0,-1.0,0.0,0.0,0
0.0,11.0,11.0,-1.0,-1.0,-1.0,-1.0,-1.0,-1.0,0.0,332201984.0,-1.0,-1.0,-1.0,0.0,0.0,0
0.0,11.0,10.958,-1.0,-1.0,-1.0,-1.0,-1.0,-1.0,0.0,332201984.0,-1.0,-1.0,-1.0,0.0,0.0,0
0.0,12.0,11.125,-1.0,-1.0,-1.0,-1.0,-1.0,-1.0,0.0,332201984.0,-1.0,-1.0,-1.0,0.0,0.0,0
0.0,12.0,11.708,-1.0,-1.0,-1.0,-1.0,-1.0,-1.0,0.0,332201984.0,-1.0,-1.0,-1.0,0.0,0.0,0
0.0,11.0,11.084,-1.0,-1.0,-1.0,-1.0,-1.0,-1.0,0.0,332201984.0,-1.0,-1.0,-1.0,0.0,0.0,0
0.0,11.0,11.084,-1.0,-1.0,-1.0,-1.0,-1.0,-1.0,0.0,332201984.0,-1.0,-1.0,-1.0,0.0,0.0,0
0.0,14.0,13.875,-1.0,-1.0,-1.0,-1.0,-1.0,-1.0,0.0,332201984.0,-1.0,-1.0,-1.0,0.0,0.0,0
0.0,12.0,11.5,-1.0,-1.0,-1.0,-1.0,-1.0,-1.0,0.0,332201984.0,-1.0,-1.0,-1.0,0.0,0.0,0
0.0,11.0,10.958,-1.0,-1.0,-1.0,-1.0,-1.0,-1.0,0.0,332201984.0,-1.0,-1.0,-1.0,0.0,0.0,0
0.0,11.0,11.125,-1.0,-1.0,-1.0,-1.0,-1.0,-1.0,0.0,332201984.0,-1.0,-1.0,-1.0,0.0,0.0,0
0.0,12.0,11.042,-1.0,-1.0,-1.0,-1.0,-1.0,-1.0,0.0,332201984.0,-1.0,-1.0,-1.0,0.0,0.0,0
0.0,12.0,11.083,-1.0,-1.0,-1.0,-1.0,-1.0,-1.0,0.0,332201984.0,-1.0,-1.0,-1.0,0.0,0.0,0
0.0,11.0,11.042,-1.0,-1.0,-1.0,-1.0,-1.0,-1.0,0.0,332201984.0,-1.0,-1.0,-1.0,0.0,0.0,0
0.0,11.0,11.042,-1.0,-1.0,-1.0,-1.0,-1.0,-1.0,0.0,332201984.0,-1.0,-1.0,-1.0,0.0,0.0,0
0.0,12.0,11.042,-1.0,-1.0,-1.0,-1.0,-1.0,-1.0,0.0,332201984.0,-1.0,-1.0,-1.0,0.0,0.0,0
0.0,14.0,14.541,-1.0,-1.0,-1.0,-1.0,-1.0,-1.0,0.0,332201984.0,-1.0,-1.0,-1.0,0.0,0.0,0
0.0,12.0,11.417,-1.0,-1.0,-1.0,-1.0,-1.0,-1.0,0.0,332201984.0,-1.0,-1.0,-1.0,0.0,0.0,0
0.0,11.0,11.125,-1.0,-1.0,-1.0,-1.0,-1.0,-1.0,0.0,332201984.0,-1.0,-1.0,-1.0,0.0,0.0,0
0.0,11.0,11.0,-1.0,-1.0,-1.0,-1.0,-1.0,-1.0,0.0,332201984.0,-1.0,-1.0,-1.0,0.0,0.0,0
0.0,11.0,11.041,-1.0,-1.0,-1.0,-1.0,-1.0,-1.0,0.0,332201984.0,-1.0,-1.0,-1.0,0.0,0.0,0
0.0,11.0,11.208,-1.0,-1.0,-1.0,-1.0,-1.0,-1.0,0.0,332201984.0,-1.0,-1.0,-1.0,0.0,0.0,0
0.0,11.0,11.0,-1.0,-1.0,-1.0,-1.0,-1.0,-1.0,0.0,332201984.0,-1.0,-1.0,-1.0,0.0,0.0,0
0.0,12.0,11.042,-1.0,-1.0,-1.0,-1.0,-1.0,-1.0,0.0,332201984.0,-1.0,-1.0,-1.0,0.0,0.0,0
0.0,11.0,11.166,-1.0,-1.0,-1.0,-1.0,-1.0,-1.0,0.0,332201984.0,-1.0,-1.0,-1.0,0.0,0.0,0
0.0,11.0,11.042,-1.0,-1.0,-1.0,-1.0,-1.0,-1.0,0.0,332201984.0,-1.0,-1.0,-1.0,0.0,0.0,0
0.0,11.0,11.083,-1.0,-1.0,-1.0,-1.0,-1.0,-1.0,0.0,332201984.0,-1.0,-1.0,-1.0,0.0,0.0,0
0.0,12.0,12.333,-1.0,-1.0,-1.0,-1.0,-1.0,-1.0,0.0,332201984.0,-1.0,-1.0,-1.0,0.0,0.0,0
0.0,11.0,11.417,-1.0,-1.0,-1.0,-1.0,-1.0,-1.0,0.0,332201984.0,-1.0,-1.0,-1.0,0.0,0.0,0
0.0,12.0,11.792,-1.0,-1.0,-1.0,-1.0,-1.0,-1.0,0.0,332201984.0,-1.0,-1.0,-1.0,0.0,0.0,0
0.0,12.0,11.0,-1.0,-1.0,-1.0,-1.0,-1.0,-1.0,0.0,332201984.0,-1.0,-1.0,-1.0,0.0,0.0,0
0.0,11.0,11.125,-1.0,-1.0,-1.0,-1.0,-1.0,-1.0,0.0,332201984.0,-1.0,-1.0,-1.0,0.0,0.0,0
0.0,11.0,11.125,-1.0,-1.0,-1.0,-1.0,-1.0,-1.0,0.0,332201984.0,-1.0,-1.0,-1.0,0.0,0.0,0
0.0,11.0,11.042,-1.0,-1.0,-1.0,-1.0,-1.0,-1.0,0.0,332201984.0,-1.0,-1.0,-1.0,0.0,0.0,0
0.0,11.0,11.291,-1.0,-1.0,-1.0,-1.0,-1.0,-1.0,0.0,332201984.0,-1.0,-1.0,-1.0,0.0,0.0,0
0.0,11.0,11.125,-1.0,-1.0,-1.0,-1.0,-1.0,-1.0,0.0,332201984.0,-1.0,-1.0,-1.0,0.0,0.0,0
0.0,11.0,11.167,-1.0,-1.0,-1.0,-1.0,-1.0,-1.0,0.0,332201984.0,-1.0,-1.0,-1.0,0.0,0.0,0
0.0,11.0,11.125,-1.0,-1.0,-1.0,-1.0,-1.0,-1.0,0.0,332201984.0,-1.0,-1.0,-1.0,0.0,0.0,0
0.0,11.0,11.292,-1.0,-1.0,-1.0,-1.0,-1.0,-1.0,0.0,332201984.0,-1.0,-1.0,-1.0,0.0,0.0,0
0.0,15.0,14.542,-1.0,-1.0,-1.0,-1.0,-1.0,-1.0,0.0,332201984.0,-1.0,-1.0,-1.0,0.0,0.0,0
0.0,11.0,11.542,-1.0,-1.0,-1.0,-1.0,-1.0,-1.0,0.0,332201984.0,-1.0,-1.0,-1.0,0.0,0.0,0
0.0,12.0,11.083,-1.0,-1.0,-1.0,-1.0,-1.0,-1.0,0.0,332201984.0,-1.0,-1.0,-1.0,0.0,0.0,0
0.0,11.0,11.042,-1.0,-1.0,-1.0,-1.0,-1.0,-1.0,0.0,332201984.0,-1.0,-1.0,-1.0,0.0,0.0,0
0.0,11.0,11.042,-1.0,-1.0,-1.0,-1.0,-1.0,-1.0,0.0,332201984.0,-1.0,-1.0,-1.0,0.0,0.0,0
0.0,12.0,11.0,-1.0,-1.0,-1.0,-1.0,-1.0,-1.0,0.0,332201984.0,-1.0,-1.0,-1.0,0.0,0.0,0
0.0,11.0,11.0,-1.0,-1.0,-1.0,-1.0,-1.0,-1.0,0.0,332201984.0,-1.0,-1.0,-1.0,0.0,0.0,0
0.0,13.0,12.292,-1.0,-1.0,-1.0,-1.0,-1.0,-1.0,0.0,332201984.0,-1.0,-1.0,-1.0,0.0,0.0,0
0.0,11.0,11.083,-1.0,-1.0,-1.0,-1.0,-1.0,-1.0,0.0,332201984.0,-1.0,-1.0,-1.0,0.0,0.0,0
0.0,12.0,10.958,-1.0,-1.0,-1.0,-1.0,-1.0,-1.0,0.0,332201984.0,-1.0,-1.0,-1.0,0.0,0.0,0
0.0,12.0,11.208,-1.0,-1.0,-1.0,-1.0,-1.0,-1.0,0.0,332201984.0,-1.0,-1.0,-1.0,0.0,0.0,0
0.0,11.0,11.083,-1.0,-1.0,-1.0,-1.0,-1.0,-1.0,0.0,332201984.0,-1.0,-1.0,-1.0,0.0,0.0,0
0.0,11.0,11.083,-1.0,-1.0,-1.0,-1.0,-1.0,-1.0,0.0,332201984.0,-1.0,-1.0,-1.0,0.0,0.0,0
0.0,13.0,12.167,-1.0,-1.0,-1.0,-1.0,-1.0,-1.0,0.0,332201984.0,-1.0,-1.0,-1.0,0.0,0.0,0
0.0,12.0,11.417,-1.0,-1.0,-1.0,-1.0,-1.0,-1.0,0.0,332201984.0,-1.0,-1.0,-1.0,0.0,0.0,0
0.0,12.0,11.167,-1.0,-1.0,-1.0,-1.0,-1.0,-1.0,0.0,332201984.0,-1.0,-1.0,-1.0,0.0,0.0,0
0.0,11.0,11.083,-1.0,-1.0,-1.0,-1.0,-1.0,-1.0,0.0,332201984.0,-1.0,-1.0,-1.0,0.0,0.0,0
0.0,11.0,11.083,-1.0,-1.0,-1.0,-1.0,-1.0,-1.0,0.0,332201984.0,-1.0,-1.0,-1.0,0.0,0.0,0
0.0,11.0,11.042,-1.0,-1.0,-1.0,-1.0,-1.0,-1.0,0.0,332201984.0,-1.0,-1.0,-1.0,0.0,0.0,0
0.0,11.0,11.0,-1.0,-1.0,-1.0,-1.0,-1.0,-1.0,0.0,332201984.0,-1.0,-1.0,-1.0,0.0,0.0,0
0.0,13.0,11.167,-1.0,-1.0,-1.0,-1.0,-1.0,-1.0,0.0,332201984.0,-1.0,-1.0,-1.0,0.0,0.0,0
0.0,11.0,11.125,-1.0,-1.0,-1.0,-1.0,-1.0,-1.0,0.0,332201984.0,-1.0,-1.0,-1.0,0.0,0.0,0
0.0,11.0,11.084,-1.0,-1.0,-1.0,-1.0,-1.0,-1.0,0.0,332201984.0,-1.0,-1.0,-1.0,0.0,0.0,0
0.0,11.0,11.084,-1.0,-1.0,-1.0,-1.0,-1.0,-1.0,0.0,332201984.0,-1.0,-1.0,-1.0,0.0,0.0,0
0.0,11.0,11.084,-1.0,-1.0,-1.0,-1.0,-1.0,-1.0,0.0,332201984.0,-1.0,-1.0,-1.0,0.0,0.0,0
0.0,13.0,11.834,-1.0,-1.0,-1.0,-1.0,-1.0,-1.0,0.0,332201984.0,-1.0,-1.0,-1.0,0.0,0.0,0
0.0,12.0,11.833,-1.0,-1.0,-1.0,-1.0,-1.0,-1.0,0.0,332201984.0,-1.0,-1.0,-1.0,0.0,0.0,0
0.0,11.0,11.083,-1.0,-1.0,-1.0,-1.0,-1.0,-1.0,0.0,332201984.0,-1.0,-1.0,-1.0,0.0,0.0,0
0.0,11.0,11.083,-1.0,-1.0,-1.0,-1.0,-1.0,-1.0,0.0,332201984.0,-1.0,-1.0,-1.0,0.0,0.0,0
0.0,11.0,11.25,-1.0,-1.0,-1.0,-1.0,-1.0,-1.0,0.0,332201984.0,-1.0,-1.0,-1.0,0.0,0.0,0
0.0,12.0,11.083,-1.0,-1.0,-1.0,-1.0,-1.0,-1.0,0.0,332201984.0,-1.0,-1.0,-1.0,0.0,0.0,0
0.0,11.0,11.083,-1.0,-1.0,-1.0,-1.0,-1.0,-1.0,0.0,332201984.0,-1.0,-1.0,-1.0,0.0,0.0,0
0.0,12.0,11.083,-1.0,-1.0,-1.0,-1.0,-1.0,-1.0,0.0,332201984.0,-1.0,-1.0,-1.0,0.0,0.0,0
0.0,11.0,11.042,-1.0,-1.0,-1.0,-1.0,-1.0,-1.0,0.0,332201984.0,-1.0,-1.0,-1.0,0.0,0.0,0
0.0,11.0,11.041,-1.0,-1.0,-1.0,-1.0,-1.0,-1.0,0.0,332201984.0,-1.0,-1.0,-1.0,0.0,0.0,0
0.0,12.0,11.0,-1.0,-1.0,-1.0,-1.0,-1.0,-1.0,0.0,332201984.0,-1.0,-1.0,-1.0,0.0,0.0,0
0.0,11.0,11.041,-1.0,-1.0,-1.0,-1.0,-1.0,-1.0,0.0,332201984.0,-1.0,-1.0,-1.0,0.0,0.0,0
0.0,12.0,11.792,-1.0,-1.0,-1.0,-1.0,-1.0,-1.0,0.0,332201984.0,-1.0,-1.0,-1.0,0.0,0.0,0
0.0,12.0,11.583,-1.0,-1.0,-1.0,-1.0,-1.0,-1.0,0.0,332201984.0,-1.0,-1.0,-1.0,0.0,0.0,0
0.0,11.0,11.041,-1.0,-1.0,-1.0,-1.0,-1.0,-1.0,0.0,332201984.0,-1.0,-1.0,-1.0,0.0,0.0,0
0.0,12.0,11.125,-1.0,-1.0,-1.0,-1.0,-1.0,-1.0,0.0,332201984.0,-1.0,-1.0,-1.0,0.0,0.0,0
0.0,11.0,11.084,-1.0,-1.0,-1.0,-1.0,-1.0,-1.0,0.0,332201984.0,-1.0,-1.0,-1.0,0.0,0.0,0
0.0,12.0,11.083,-1.0,-1.0,-1.0,-1.0,-1.0,-1.0,0.0,332201984.0,-1.0,-1.0,-1.0,0.0,0.0,0
0.0,12.0,11.0,-1.0,-1.0,-1.0,-1.0,-1.0,-1.0,0.0,332201984.0,-1.0,-1.0,-1.0,0.0,0.0,0
0.0,11.0,11.041,-1.0,-1.0,-1.0,-1.0,-1.0,-1.0,0.0,332201984.0,-1.0,-1.0,-1.0,0.0,0.0,0
0.0,11.0,11.083,-1.0,-1.0,-1.0,-1.0,-1.0,-1.0,0.0,332201984.0,-1.0,-1.0,-1.0,0.0,0.0,0
0.0,13.0,11.083,-1.0,-1.0,-1.0,-1.0,-1.0,-1.0,0.0,332201984.0,-1.0,-1.0,-1.0,0.0,0.0,0
0.0,11.0,11.125,-1.0,-1.0,-1.0,-1.0,-1.0,-1.0,0.0,332201984.0,-1.0,-1.0,-1.0,0.0,0.0,0
0.0,12.0,11.083,-1.0,-1.0,-1.0,-1.0,-1.0,-1.0,0.0,332201984.0,-1.0,-1.0,-1.0,0.0,0.0,0
0.0,11.0,11.792,-1.0,-1.0,-1.0,-1.0,-1.0,-1.0,0.0,332201984.0,-1.0,-1.0,-1.0,0.0,0.0,0
0.0,11.0,11.084,-1.0,-1.0,-1.0,-1.0,-1.0,-1.0,0.0,332201984.0,-1.0,-1.0,-1.0,0.0,0.0,0
0.0,11.0,11.084,-1.0,-1.0,-1.0,-1.0,-1.0,-1.0,0.0,332201984.0,-1.0,-1.0,-1.0,0.0,0.0,0
0.0,11.0,11.0,-1.0,-1.0,-1.0,-1.0,-1.0,-1.0,0.0,332201984.0,-1.0,-1.0,-1.0,0.0,0.0,0
0.0,11.0,11.042,-1.0,-1.0,-1.0,-1.0,-1.0,-1.0,0.0,332201984.0,-1.0,-1.0,-1.0,0.0,0.0,0
0.0,11.0,11.042,-1.0,-1.0,-1.0,-1.0,-1.0,-1.0,0.0,332201984.0,-1.0,-1.0,-1.0,0.0,0.0,0
0.0,11.0,11.042,-1.0,-1.0,-1.0,-1.0,-1.0,-1.0,0.0,332201984.0,-1.0,-1.0,-1.0,0.0,0.0,0
0.0,12.0,11.041,-1.0,-1.0,-1.0,-1.0,-1.0,-1.0,0.0,332201984.0,-1.0,-1.0,-1.0,0.0,0.0,0
0.0,12.0,11.083,-1.0,-1.0,-1.0,-1.0,-1.0,-1.0,0.0,332201984.0,-1.0,-1.0,-1.0,0.0,0.0,0
0.0,12.0,11.083,-1.0,-1.0,-1.0,-1.0,-1.0,-1.0,0.0,332201984.0,-1.0,-1.0,-1.0,0.0,0.0,0
0.0,11.0,11.291,-1.0,-1.0,-1.0,-1.0,-1.0,-1.0,0.0,332201984.0,-1.0,-1.0,-1.0,0.0,0.0,0
0.0,12.0,11.667,-1.0,-1.0,-1.0,-1.0,-1.0,-1.0,0.0,332201984.0,-1.0,-1.0,-1.0,0.0,0.0,0
0.0,11.0,10.917,-1.0,-1.0,-1.0,-1.0,-1.0,-1.0,0.0,332201984.0,-1.0,-1.0,-1.0,0.0,0.0,0
0.0,11.0,11.083,-1.0,-1.0,-1.0,-1.0,-1.0,-1.0,0.0,332201984.0,-1.0,-1.0,-1.0,0.0,0.0,0
0.0,12.0,11.208,-1.0,-1.0,-1.0,-1.0,-1.0,-1.0,0.0,332201984.0,-1.0,-1.0,-1.0,0.0,0.0,0
0.0,11.0,11.084,-1.0,-1.0,-1.0,-1.0,-1.0,-1.0,0.0,332201984.0,-1.0,-1.0,-1.0,0.0,0.0,0
0.0,12.0,11.083,-1.0,-1.0,-1.0,-1.0,-1.0,-1.0,0.0,332201984.0,-1.0,-1.0,-1.0,0.0,0.0,0
0.0,11.0,11.042,-1.0,-1.0,-1.0,-1.0,-1.0,-1.0,0.0,332201984.0,-1.0,-1.0,-1.0,0.0,0.0,0
0.0,11.0,11.084,-1.0,-1.0,-1.0,-1.0,-1.0,-1.0,0.0,332201984.0,-1.0,-1.0,-1.0,0.0,0.0,0
0.0,12.0,11.083,-1.0,-1.0,-1.0,-1.0,-1.0,-1.0,0.0,332201984.0,-1.0,-1.0,-1.0,0.0,0.0,0
0.0,11.0,11.208,-1.0,-1.0,-1.0,-1.0,-1.0,-1.0,0.0,332201984.0,-1.0,-1.0,-1.0,0.0,0.0,0
0.0,13.0,12.208,-1.0,-1.0,-1.0,-1.0,-1.0,-1.0,0.0,332201984.0,-1.0,-1.0,-1.0,0.0,0.0,0
0.0,11.0,11.0,-1.0,-1.0,-1.0,-1.0,-1.0,-1.0,0.0,332201984.0,-1.0,-1.0,-1.0,0.0,0.0,0
0.0,12.0,11.083,-1.0,-1.0,-1.0,-1.0,-1.0,-1.0,0.0,332201984.0,-1.0,-1.0,-1.0,0.0,0.0,0
0.0,11.0,11.292,-1.0,-1.0,-1.0,-1.0,-1.0,-1.0,0.0,332201984.0,-1.0,-1.0,-1.0,0.0,0.0,0
0.0,11.0,11.125,-1.0,-1.0,-1.0,-1.0,-1.0,-1.0,0.0,332201984.0,-1.0,-1.0,-1.0,0.0,0.0,0
0.0,11.0,11.209,-1.0,-1.0,-1.0,-1.0,-1.0,-1.0,0.0,332201984.0,-1.0,-1.0,-1.0,0.0,0.0,0
0.0,11.0,11.0,-1.0,-1.0,-1.0,-1.0,-1.0,-1.0,0.0,332201984.0,-1.0,-1.0,-1.0,0.0,0.0,0
0.0,11.0,11.083,-1.0,-1.0,-1.0,-1.0,-1.0,-1.0,0.0,332201984.0,-1.0,-1.0,-1.0,0.0,0.0,0
0.0,11.0,11.125,-1.0,-1.0,-1.0,-1.0,-1.0,-1.0,0.0,332201984.0,-1.0,-1.0,-1.0,0.0,0.0,0
0.0,12.0,11.042,-1.0,-1.0,-1.0,-1.0,-1.0,-1.0,0.0,332201984.0,-1.0,-1.0,-1.0,0.0,0.0,0
0.0,11.0,11.083,-1.0,-1.0,-1.0,-1.0,-1.0,-1.0,0.0,332201984.0,-1.0,-1.0,-1.0,0.0,0.0,0
0.0,12.0,11.125,-1.0,-1.0,-1.0,-1.0,-1.0,-1.0,0.0,332201984.0,-1.0,-1.0,-1.0,0.0,0.0,0
0.0,11.0,11.042,-1.0,-1.0,-1.0,-1.0,-1.0,-1.0,0.0,332201984.0,-1.0,-1.0,-1.0,0.0,0.0,0
0.0,11.0,11.0,-1.0,-1.0,-1.0,-1.0,-1.0,-1.0,0.0,332201984.0,-1.0,-1.0,-1.0,0.0,0.0,0
0.0,11.0,11.042,-1.0,-1.0,-1.0,-1.0,-1.0,-1.0,0.0,332201984.0,-1.0,-1.0,-1.0,0.0,0.0,0
0.0,13.0,12.5,-1.0,-1.0,-1.0,-1.0,-1.0,-1.0,0.0,332201984.0,-1.0,-1.0,-1.0,0.0,0.0,0
0.0,11.0,11.209,-1.0,-1.0,-1.0,-1.0,-1.0,-1.0,0.0,332201984.0,-1.0,-1.0,-1.0,0.0,0.0,0
0.0,11.0,11.0,-1.0,-1.0,-1.0,-1.0,-1.0,-1.0,0.0,332201984.0,-1.0,-1.0,-1.0,0.0,0.0,0
0.0,12.0,11.042,-1.0,-1.0,-1.0,-1.0,-1.0,-1.0,0.0,332201984.0,-1.0,-1.0,-1.0,0.0,0.0,0
0.0,18.0,18.208,-1.0,-1.0,-1.0,-1.0,-1.0,-1.0,0.0,332201984.0,-1.0,-1.0,-1.0,0.0,0.0,0
0.0,12.0,11.292,-1.0,-1.0,-1.0,-1.0,-1.0,-1.0,0.0,332201984.0,-1.0,-1.0,-1.0,0.0,0.0,0
0.0,14.0,14.459,-1.0,-1.0,-1.0,-1.0,-1.0,-1.0,0.0,332201984.0,-1.0,-1.0,-1.0,0.0,0.0,0
0.0,13.0,13.667,-1.0,-1.0,-1.0,-1.0,-1.0,-1.0,0.0,332201984.0,-1.0,-1.0,-1.0,0.0,0.0,0
0.0,11.0,11.792,-1.0,-1.0,-1.0,-1.0,-1.0,-1.0,0.0,332201984.0,-1.0,-1.0,-1.0,0.0,0.0,0
0.0,12.0,11.208,-1.0,-1.0,-1.0,-1.0,-1.0,-1.0,0.0,332201984.0,-1.0,-1.0,-1.0,0.0,0.0,0
0.0,11.0,11.0,-1.0,-1.0,-1.0,-1.0,-1.0,-1.0,0.0,332201984.0,-1.0,-1.0,-1.0,0.0,0.0,0
0.0,11.0,11.042,-1.0,-1.0,-1.0,-1.0,-1.0,-1.0,0.0,332201984.0,-1.0,-1.0,-1.0,0.0,0.0,0
0.0,12.0,11.125,-1.0,-1.0,-1.0,-1.0,-1.0,-1.0,0.0,332201984.0,-1.0,-1.0,-1.0,0.0,0.0,0
0.0,11.0,11.083,-1.0,-1.0,-1.0,-1.0,-1.0,-1.0,0.0,332201984.0,-1.0,-1.0,-1.0,0.0,0.0,0
0.0,11.0,11.125,-1.0,-1.0,-1.0,-1.0,-1.0,-1.0,0.0,332201984.0,-1.0,-1.0,-1.0,0.0,0.0,0
0.0,12.0,11.084,-1.0,-1.0,-1.0,-1.0,-1.0,-1.0,0.0,332201984.0,-1.0,-1.0,-1.0,0.0,0.0,0
0.0,13.0,12.25,-1.0,-1.0,-1.0,-1.0,-1.0,-1.0,0.0,332201984.0,-1.0,-1.0,-1.0,0.0,0.0,0
0.0,11.0,11.083,-1.0,-1.0,-1.0,-1.0,-1.0,-1.0,0.0,332201984.0,-1.0,-1.0,-1.0,0.0,0.0,0
0.0,11.0,11.083,-1.0,-1.0,-1.0,-1.0,-1.0,-1.0,0.0,332201984.0,-1.0,-1.0,-1.0,0.0,0.0,0
0.0,11.0,11.042,-1.0,-1.0,-1.0,-1.0,-1.0,-1.0,0.0,332201984.0,-1.0,-1.0,-1.0,0.0,0.0,0
0.0,13.0,13.459,-1.0,-1.0,-1.0,-1.0,-1.0,-1.0,0.0,332201984.0,-1.0,-1.0,-1.0,0.0,0.0,0
0.0,12.0,11.5,-1.0,-1.0,-1.0,-1.0,-1.0,-1.0,0.0,332201984.0,-1.0,-1.0,-1.0,0.0,0.0,0
0.0,14.0,13.875,-1.0,-1.0,-1.0,-1.0,-1.0,-1.0,0.0,332201984.0,-1.0,-1.0,-1.0,0.0,0.0,0
0.0,12.0,11.208,-1.0,-1.0,-1.0,-1.0,-1.0,-1.0,0.0,332201984.0,-1.0,-1.0,-1.0,0.0,0.0,0
0.0,11.0,11.083,-1.0,-1.0,-1.0,-1.0,-1.0,-1.0,0.0,332201984.0,-1.0,-1.0,-1.0,0.0,0.0,0
0.0,11.0,11.125,-1.0,-1.0,-1.0,-1.0,-1.0,-1.0,0.0,332201984.0,-1.0,-1.0,-1.0,0.0,0.0,0
0.0,11.0,11.042,-1.0,-1.0,-1.0,-1.0,-1.0,-1.0,0.0,332201984.0,-1.0,-1.0,-1.0,0.0,0.0,0
0.0,11.0,11.041,-1.0,-1.0,-1.0,-1.0,-1.0,-1.0,0.0,332201984.0,-1.0,-1.0,-1.0,0.0,0.0,0
0.0,12.0,11.0,-1.0,-1.0,-1.0,-1.0,-1.0,-1.0,0.0,332201984.0,-1.0,-1.0,-1.0,0.0,0.0,0
0.0,11.0,11.0,-1.0,-1.0,-1.0,-1.0,-1.0,-1.0,0.0,332201984.0,-1.0,-1.0,-1.0,0.0,0.0,0
0.0,11.0,11.083,-1.0,-1.0,-1.0,-1.0,-1.0,-1.0,0.0,332201984.0,-1.0,-1.0,-1.0,0.0,0.0,0
0.0,11.0,11.083,-1.0,-1.0,-1.0,-1.0,-1.0,-1.0,0.0,332201984.0,-1.0,-1.0,-1.0,0.0,0.0,0
0.0,14.0,13.292,-1.0,-1.0,-1.0,-1.0,-1.0,-1.0,0.0,332201984.0,-1.0,-1.0,-1.0,0.0,0.0,0
0.0,15.0,14.166,-1.0,-1.0,-1.0,-1.0,-1.0,-1.0,0.0,332201984.0,-1.0,-1.0,-1.0,0.0,0.0,0
0.0,11.0,11.125,-1.0,-1.0,-1.0,-1.0,-1.0,-1.0,0.0,332201984.0,-1.0,-1.0,-1.0,0.0,0.0,0
0.0,11.0,11.125,-1.0,-1.0,-1.0,-1.0,-1.0,-1.0,0.0,332201984.0,-1.0,-1.0,-1.0,0.0,0.0,0
0.0,11.0,11.0,-1.0,-1.0,-1.0,-1.0,-1.0,-1.0,0.0,332201984.0,-1.0,-1.0,-1.0,0.0,0.0,0
0.0,12.0,11.0,-1.0,-1.0,-1.0,-1.0,-1.0,-1.0,0.0,332201984.0,-1.0,-1.0,-1.0,0.0,0.0,0
0.0,12.0,11.125,-1.0,-1.0,-1.0,-1.0,-1.0,-1.0,0.0,332201984.0,-1.0,-1.0,-1.0,0.0,0.0,0
0.0,11.0,11.042,-1.0,-1.0,-1.0,-1.0,-1.0,-1.0,0.0,332201984.0,-1.0,-1.0,-1.0,0.0,0.0,0
0.0,11.0,11.25,-1.0,-1.0,-1.0,-1.0,-1.0,-1.0,0.0,332201984.0,-1.0,-1.0,-1.0,0.0,0.0,0
0.0,11.0,11.042,-1.0,-1.0,-1.0,-1.0,-1.0,-1.0,0.0,332201984.0,-1.0,-1.0,-1.0,0.0,0.0,0
0.0,11.0,11.083,-1.0,-1.0,-1.0,-1.0,-1.0,-1.0,0.0,332201984.0,-1.0,-1.0,-1.0,0.0,0.0,0
0.0,11.0,11.0,-1.0,-1.0,-1.0,-1.0,-1.0,-1.0,0.0,332201984.0,-1.0,-1.0,-1.0,0.0,0.0,0
0.0,11.0,11.042,-1.0,-1.0,-1.0,-1.0,-1.0,-1.0,0.0,332201984.0,-1.0,-1.0,-1.0,0.0,0.0,0
0.0,12.0,11.083,-1.0,-1.0,-1.0,-1.0,-1.0,-1.0,0.0,332201984.0,-1.0,-1.0,-1.0,0.0,0.0,0
0.0,11.0,11.667,-1.0,-1.0,-1.0,-1.0,-1.0,-1.0,0.0,332201984.0,-1.0,-1.0,-1.0,0.0,0.0,0
0.0,11.0,11.0,-1.0,-1.0,-1.0,-1.0,-1.0,-1.0,0.0,332201984.0,-1.0,-1.0,-1.0,0.0,0.0,0
0.0,11.0,11.083,-1.0,-1.0,-1.0,-1.0,-1.0,-1.0,0.0,332201984.0,-1.0,-1.0,-1.0,0.0,0.0,0
0.0,12.0,11.042,-1.0,-1.0,-1.0,-1.0,-1.0,-1.0,0.0,332201984.0,-1.0,-1.0,-1.0,0.0,0.0,0
0.0,11.0,11.208,-1.0,-1.0,-1.0,-1.0,-1.0,-1.0,0.0,332201984.0,-1.0,-1.0,-1.0,0.0,0.0,0
0.0,12.0,11.0,-1.0,-1.0,-1.0,-1.0,-1.0,-1.0,0.0,332201984.0,-1.0,-1.0,-1.0,0.0,0.0,0
0.0,11.0,11.042,-1.0,-1.0,-1.0,-1.0,-1.0,-1.0,0.0,332201984.0,-1.0,-1.0,-1.0,0.0,0.0,0
0.0,13.0,11.25,-1.0,-1.0,-1.0,-1.0,-1.0,-1.0,0.0,332201984.0,-1.0,-1.0,-1.0,0.0,0.0,0
0.0,12.0,11.083,-1.0,-1.0,-1.0,-1.0,-1.0,-1.0,0.0,332201984.0,-1.0,-1.0,-1.0,0.0,0.0,0
0.0,13.0,14.167,-1.0,-1.0,-1.0,-1.0,-1.0,-1.0,0.0,332201984.0,-1.0,-1.0,-1.0,0.0,0.0,0
0.0,11.0,11.459,-1.0,-1.0,-1.0,-1.0,-1.0,-1.0,0.0,332201984.0,-1.0,-1.0,-1.0,0.0,0.0,0
0.0,12.0,12.041,-1.0,-1.0,-1.0,-1.0,-1.0,-1.0,0.0,332201984.0,-1.0,-1.0,-1.0,0.0,0.0,0
0.0,12.0,11.125,-1.0,-1.0,-1.0,-1.0,-1.0,-1.0,0.0,332201984.0,-1.0,-1.0,-1.0,0.0,0.0,0
0.0,11.0,11.125,-1.0,-1.0,-1.0,-1.0,-1.0,-1.0,0.0,332201984.0,-1.0,-1.0,-1.0,0.0,0.0,0
0.0,11.0,11.083,-1.0,-1.0,-1.0,-1.0,-1.0,-1.0,0.0,332201984.0,-1.0,-1.0,-1.0,0.0,0.0,0
0.0,11.0,11.041,-1.0,-1.0,-1.0,-1.0,-1.0,-1.0,0.0,332201984.0,-1.0,-1.0,-1.0,0.0,0.0,0
0.0,12.0,11.042,-1.0,-1.0,-1.0,-1.0,-1.0,-1.0,0.0,332201984.0,-1.0,-1.0,-1.0,0.0,0.0,0
0.0,11.0,11.125,-1.0,-1.0,-1.0,-1.0,-1.0,-1.0,0.0,332201984.0,-1.0,-1.0,-1.0,0.0,0.0,0
0.0,12.0,11.042,-1.0,-1.0,-1.0,-1.0,-1.0,-1.0,0.0,332201984.0,-1.0,-1.0,-1.0,0.0,0.0,0
0.0,11.0,10.958,-1.0,-1.0,-1.0,-1.0,-1.0,-1.0,0.0,332201984.0,-1.0,-1.0,-1.0,0.0,0.0,0
0.0,11.0,11.042,-1.0,-1.0,-1.0,-1.0,-1.0,-1.0,0.0,332201984.0,-1.0,-1.0,-1.0,0.0,0.0,0
0.0,14.0,14.083,-1.0,-1.0,-1.0,-1.0,-1.0,-1.0,0.0,332201984.0,-1.0,-1.0,-1.0,0.0,0.0,0
0.0,13.0,12.583,-1.0,-1.0,-1.0,-1.0,-1.0,-1.0,0.0,332201984.0,-1.0,-1.0,-1.0,0.0,0.0,0
0.0,12.0,11.042,-1.0,-1.0,-1.0,-1.0,-1.0,-1.0,0.0,332201984.0,-1.0,-1.0,-1.0,0.0,0.0,0
0.0,11.0,11.0,-1.0,-1.0,-1.0,-1.0,-1.0,-1.0,0.0,332201984.0,-1.0,-1.0,-1.0,0.0,0.0,0
0.0,14.0,13.708,-1.0,-1.0,-1.0,-1.0,-1.0,-1.0,0.0,332201984.0,-1.0,-1.0,-1.0,0.0,0.0,0
0.0,11.0,11.0,-1.0,-1.0,-1.0,-1.0,-1.0,-1.0,0.0,332201984.0,-1.0,-1.0,-1.0,0.0,0.0,0
0.0,11.0,11.042,-1.0,-1.0,-1.0,-1.0,-1.0,-1.0,0.0,332201984.0,-1.0,-1.0,-1.0,0.0,0.0,0
0.0,12.0,11.334,-1.0,-1.0,-1.0,-1.0,-1.0,-1.0,0.0,332201984.0,-1.0,-1.0,-1.0,0.0,0.0,0
0.0,12.0,11.209,-1.0,-1.0,-1.0,-1.0,-1.0,-1.0,0.0,332201984.0,-1.0,-1.0,-1.0,0.0,0.0,0
0.0,12.0,12.208,-1.0,-1.0,-1.0,-1.0,-1.0,-1.0,0.0,332201984.0,-1.0,-1.0,-1.0,0.0,0.0,0
0.0,12.0,11.208,-1.0,-1.0,-1.0,-1.0,-1.0,-1.0,0.0,332201984.0,-1.0,-1.0,-1.0,0.0,0.0,0
0.0,11.0,11.0,-1.0,-1.0,-1.0,-1.0,-1.0,-1.0,0.0,332201984.0,-1.0,-1.0,-1.0,0.0,0.0,0
0.0,13.0,11.125,-1.0,-1.0,-1.0,-1.0,-1.0,-1.0,0.0,332201984.0,-1.0,-1.0,-1.0,0.0,0.0,0
0.0,11.0,11.166,-1.0,-1.0,-1.0,-1.0,-1.0,-1.0,0.0,332201984.0,-1.0,-1.0,-1.0,0.0,0.0,0
0.0,13.0,12.291,-1.0,-1.0,-1.0,-1.0,-1.0,-1.0,0.0,332201984.0,-1.0,-1.0,-1.0,0.0,0.0,0
0.0,12.0,11.125,-1.0,-1.0,-1.0,-1.0,-1.0,-1.0,0.0,332201984.0,-1.0,-1.0,-1.0,0.0,0.0,0
0.0,11.0,11.041,-1.0,-1.0,-1.0,-1.0,-1.0,-1.0,0.0,332201984.0,-1.0,-1.0,-1.0,0.0,0.0,0
0.0,11.0,11.083,-1.0,-1.0,-1.0,-1.0,-1.0,-1.0,0.0,332201984.0,-1.0,-1.0,-1.0,0.0,0.0,0
0.0,11.0,11.042,-1.0,-1.0,-1.0,-1.0,-1.0,-1.0,0.0,332201984.0,-1.0,-1.0,-1.0,0.0,0.0,0
0.0,12.0,11.041,-1.0,-1.0,-1.0,-1.0,-1.0,-1.0,0.0,332201984.0,-1.0,-1.0,-1.0,0.0,0.0,0
0.0,11.0,11.042,-1.0,-1.0,-1.0,-1.0,-1.0,-1.0,0.0,332201984.0,-1.0,-1.0,-1.0,0.0,0.0,0
0.0,15.0,14.875,-1.0,-1.0,-1.0,-1.0,-1.0,-1.0,0.0,332201984.0,-1.0,-1.0,-1.0,0.0,0.0,0
0.0,11.0,11.125,-1.0,-1.0,-1.0,-1.0,-1.0,-1.0,0.0,332201984.0,-1.0,-1.0,-1.0,0.0,0.0,0
0.0,11.0,11.041,-1.0,-1.0,-1.0,-1.0,-1.0,-1.0,0.0,332201984.0,-1.0,-1.0,-1.0,0.0,0.0,0
0.0,11.0,11.042,-1.0,-1.0,-1.0,-1.0,-1.0,-1.0,0.0,332201984.0,-1.0,-1.0,-1.0,0.0,0.0,0
0.0,12.0,12.292,-1.0,-1.0,-1.0,-1.0,-1.0,-1.0,0.0,332201984.0,-1.0,-1.0,-1.0,0.0,0.0,0
0.0,11.0,11.0,-1.0,-1.0,-1.0,-1.0,-1.0,-1.0,0.0,332201984.0,-1.0,-1.0,-1.0,0.0,0.0,0
0.0,12.0,11.125,-1.0,-1.0,-1.0,-1.0,-1.0,-1.0,0.0,332201984.0,-1.0,-1.0,-1.0,0.0,0.0,0
0.0,12.0,12.292,-1.0,-1.0,-1.0,-1.0,-1.0,-1.0,0.0,332201984.0,-1.0,-1.0,-1.0,0.0,0.0,0
0.0,11.0,11.0,-1.0,-1.0,-1.0,-1.0,-1.0,-1.0,0.0,332201984.0,-1.0,-1.0,-1.0,0.0,0.0,0
0.0,11.0,11.042,-1.0,-1.0,-1.0,-1.0,-1.0,-1.0,0.0,332201984.0,-1.0,-1.0,-1.0,0.0,0.0,0
0.0,11.0,11.125,-1.0,-1.0,-1.0,-1.0,-1.0,-1.0,0.0,332201984.0,-1.0,-1.0,-1.0,0.0,0.0,0
0.0,15.0,14.25,-1.0,-1.0,-1.0,-1.0,-1.0,-1.0,0.0,332201984.0,-1.0,-1.0,-1.0,0.0,0.0,0
0.0,12.0,11.5,-1.0,-1.0,-1.0,-1.0,-1.0,-1.0,0.0,332201984.0,-1.0,-1.0,-1.0,0.0,0.0,0
0.0,11.0,11.083,-1.0,-1.0,-1.0,-1.0,-1.0,-1.0,0.0,332201984.0,-1.0,-1.0,-1.0,0.0,0.0,0
0.0,12.0,11.084,-1.0,-1.0,-1.0,-1.0,-1.0,-1.0,0.0,332201984.0,-1.0,-1.0,-1.0,0.0,0.0,0
0.0,12.0,11.0,-1.0,-1.0,-1.0,-1.0,-1.0,-1.0,0.0,332201984.0,-1.0,-1.0,-1.0,0.0,0.0,0
0.0,11.0,11.041,-1.0,-1.0,-1.0,-1.0,-1.0,-1.0,0.0,332201984.0,-1.0,-1.0,-1.0,0.0,0.0,0
0.0,11.0,11.125,-1.0,-1.0,-1.0,-1.0,-1.0,-1.0,0.0,332201984.0,-1.0,-1.0,-1.0,0.0,0.0,0
0.0,11.0,11.083,-1.0,-1.0,-1.0,-1.0,-1.0,-1.0,0.0,332201984.0,-1.0,-1.0,-1.0,0.0,0.0,0
0.0,11.0,11.291,-1.0,-1.0,-1.0,-1.0,-1.0,-1.0,0.0,332201984.0,-1.0,-1.0,-1.0,0.0,0.0,0
0.0,11.0,11.125,-1.0,-1.0,-1.0,-1.0,-1.0,-1.0,0.0,332201984.0,-1.0,-1.0,-1.0,0.0,0.0,0
0.0,14.0,12.458,-1.0,-1.0,-1.0,-1.0,-1.0,-1.0,0.0,332201984.0,-1.0,-1.0,-1.0,0.0,0.0,0
0.0,11.0,11.167,-1.0,-1.0,-1.0,-1.0,-1.0,-1.0,0.0,332201984.0,-1.0,-1.0,-1.0,0.0,0.0,0
0.0,12.0,11.041,-1.0,-1.0,-1.0,-1.0,-1.0,-1.0,0.0,332201984.0,-1.0,-1.0,-1.0,0.0,0.0,0
0.0,12.0,11.083,-1.0,-1.0,-1.0,-1.0,-1.0,-1.0,0.0,332201984.0,-1.0,-1.0,-1.0,0.0,0.0,0
0.0,11.0,11.0,-1.0,-1.0,-1.0,-1.0,-1.0,-1.0,0.0,332201984.0,-1.0,-1.0,-1.0,0.0,0.0,0
0.0,11.0,11.125,-1.0,-1.0,-1.0,-1.0,-1.0,-1.0,0.0,332201984.0,-1.0,-1.0,-1.0,0.0,0.0,0
0.0,13.0,12.458,-1.0,-1.0,-1.0,-1.0,-1.0,-1.0,0.0,332201984.0,-1.0,-1.0,-1.0,0.0,0.0,0
0.0,12.0,11.125,-1.0,-1.0,-1.0,-1.0,-1.0,-1.0,0.0,332201984.0,-1.0,-1.0,-1.0,0.0,0.0,0
0.0,11.0,11.083,-1.0,-1.0,-1.0,-1.0,-1.0,-1.0,0.0,332201984.0,-1.0,-1.0,-1.0,0.0,0.0,0
0.0,11.0,11.0,-1.0,-1.0,-1.0,-1.0,-1.0,-1.0,0.0,332201984.0,-1.0,-1.0,-1.0,0.0,0.0,0
0.0,11.0,11.084,-1.0,-1.0,-1.0,-1.0,-1.0,-1.0,0.0,332201984.0,-1.0,-1.0,-1.0,0.0,0.0,0
0.0,12.0,11.125,-1.0,-1.0,-1.0,-1.0,-1.0,-1.0,0.0,332201984.0,-1.0,-1.0,-1.0,0.0,0.0,0
0.0,11.0,11.0,-1.0,-1.0,-1.0,-1.0,-1.0,-1.0,0.0,332201984.0,-1.0,-1.0,-1.0,0.0,0.0,0
0.0,11.0,11.083,-1.0,-1.0,-1.0,-1.0,-1.0,-1.0,0.0,332201984.0,-1.0,-1.0,-1.0,0.0,0.0,0
0.0,11.0,11.083,-1.0,-1.0,-1.0,-1.0,-1.0,-1.0,0.0,332201984.0,-1.0,-1.0,-1.0,0.0,0.0,0
0.0,11.0,11.125,-1.0,-1.0,-1.0,-1.0,-1.0,-1.0,0.0,332201984.0,-1.0,-1.0,-1.0,0.0,0.0,0
0.0,11.0,11.083,-1.0,-1.0,-1.0,-1.0,-1.0,-1.0,0.0,332201984.0,-1.0,-1.0,-1.0,0.0,0.0,0
0.0,11.0,11.125,-1.0,-1.0,-1.0,-1.0,-1.0,-1.0,0.0,332201984.0,-1.0,-1.0,-1.0,0.0,0.0,0
0.0,11.0,11.167,-1.0,-1.0,-1.0,-1.0,-1.0,-1.0,0.0,332201984.0,-1.0,-1.0,-1.0,0.0,0.0,0
0.0,12.0,12.25,-1.0,-1.0,-1.0,-1.0,-1.0,-1.0,0.0,332201984.0,-1.0,-1.0,-1.0,0.0,0.0,0
0.0,12.0,11.125,-1.0,-1.0,-1.0,-1.0,-1.0,-1.0,0.0,332201984.0,-1.0,-1.0,-1.0,0.0,0.0,0
0.0,11.0,11.084,-1.0,-1.0,-1.0,-1.0,-1.0,-1.0,0.0,332201984.0,-1.0,-1.0,-1.0,0.0,0.0,0
0.0,11.0,11.084,-1.0,-1.0,-1.0,-1.0,-1.0,-1.0,0.0,332201984.0,-1.0,-1.0,-1.0,0.0,0.0,0
0.0,11.0,11.041,-1.0,-1.0,-1.0,-1.0,-1.0,-1.0,0.0,332201984.0,-1.0,-1.0,-1.0,0.0,0.0,0
0.0,11.0,11.084,-1.0,-1.0,-1.0,-1.0,-1.0,-1.0,0.0,332201984.0,-1.0,-1.0,-1.0,0.0,0.0,0
0.0,43.0,43.541,-1.0,-1.0,-1.0,-1.0,-1.0,-1.0,0.0,332201984.0,-1.0,-1.0,-1.0,0.0,74.5,1
0.0,35.0,35.125,-1.0,-1.0,-1.0,-1.0,-1.0,-1.0,0.0,332201984.0,-1.0,-1.0,-1.0,0.0,54.5,1
0.0,32.0,32.625,-1.0,-1.0,-1.0,-1.0,-1.0,-1.0,0.0,332201984.0,-1.0,-1.0,-1.0,0.0,48.5,1
0.0,27.0,26.5,-1.0,-1.0,-1.0,-1.0,-1.0,-1.0,0.0,332201984.0,-1.0,-1.0,-1.0,0.0,32.5,1
0.0,26.0,26.042,-1.0,-1.0,-1.0,-1.0,-1.0,-1.0,0.0,332201984.0,-1.0,-1.0,-1.0,0.0,31.0,1
0.0,21.0,20.959,-1.0,-1.0,-1.0,-1.0,-1.0,-1.0,0.0,332201984.0,-1.0,-1.0,-1.0,0.0,56.5,1
0.0,42.0,41.375,-1.0,-1.0,-1.0,-1.0,-1.0,-1.0,0.0,332201984.0,-1.0,-1.0,-1.0,0.0,71.0,1
0.0,38.0,38.125,-1.0,-1.0,-1.0,-1.0,-1.0,-1.0,0.0,332201984.0,-1.0,-1.0,-1.0,0.0,63.5,1
0.0,19.0,18.667,-1.0,-1.0,-1.0,-1.0,-1.0,-1.0,0.0,332201984.0,-1.0,-1.0,-1.0,0.0,39.5,1
0.0,43.0,42.875,-1.0,-1.0,-1.0,-1.0,-1.0,-1.0,0.0,332201984.0,-1.0,-1.0,-1.0,0.0,75.0,1
0.0,17.0,17.209,-1.0,-1.0,-1.0,-1.0,-1.0,-1.0,0.0,332201984.0,-1.0,-1.0,-1.0,0.0,28.0,1
0.0,25.0,24.875,-1.0,-1.0,-1.0,-1.0,-1.0,-1.0,0.0,332201984.0,-1.0,-1.0,-1.0,0.0,28.5,1
0.0,22.0,22.333,-1.0,-1.0,-1.0,-1.0,-1.0,-1.0,0.0,332201984.0,-1.0,-1.0,-1.0,0.0,73.5,1
0.0,34.0,34.0,-1.0,-1.0,-1.0,-1.0,-1.0,-1.0,0.0,332201984.0,-1.0,-1.0,-1.0,0.0,52.5,1
0.0,42.0,42.417,-1.0,-1.0,-1.0,-1.0,-1.0,-1.0,0.0,332201984.0,-1.0,-1.0,-1.0,0.0,74.5,1
0.0,32.0,31.458,-1.0,-1.0,-1.0,-1.0,-1.0,-1.0,0.0,332201984.0,-1.0,-1.0,-1.0,0.0,45.5,1
0.0,41.0,41.541,-1.0,-1.0,-1.0,-1.0,-1.0,-1.0,0.0,332201984.0,-1.0,-1.0,-1.0,0.0,72.0,1
0.0,29.0,29.083,-1.0,-1.0,-1.0,-1.0,-1.0,-1.0,0.0,332201984.0,-1.0,-1.0,-1.0,0.0,39.5,1
0.0,38.0,36.333,-1.0,-1.0,-1.0,-1.0,-1.0,-1.0,0.0,332201984.0,-1.0,-1.0,-1.0,0.0,58.0,1
0.0,34.0,33.584,-1.0,-1.0,-1.0,-1.0,-1.0,-1.0,0.0,332201984.0,-1.0,-1.0,-1.0,0.0,51.0,1
0.0,40.0,39.875,-1.0,-1.0,-1.0,-1.0,-1.0,-1.0,0.0,332201984.0,-1.0,-1.0,-1.0,0.0,67.5,1
0.0,29.0,29.208,-1.0,-1.0,-1.0,-1.0,-1.0,-1.0,0.0,332201984.0,-1.0,-1.0,-1.0,0.0,39.5,1
0.0,18.0,18.333,-1.0,-1.0,-1.0,-1.0,-1.0,-1.0,0.0,332201984.0,-1.0,-1.0,-1.0,0.0,36.5,1
0.0,38.0,37.792,-1.0,-1.0,-1.0,-1.0,-1.0,-1.0,0.0,332201984.0,-1.0,-1.0,-1.0,0.0,62.5,1
0.0,42.0,41.25,-1.0,-1.0,-1.0,-1.0,-1.0,-1.0,0.0,332201984.0,-1.0,-1.0,-1.0,0.0,71.0,1
0.0,35.0,33.959,-1.0,-1.0,-1.0,-1.0,-1.0,-1.0,0.0,332201984.0,-1.0,-1.0,-1.0,0.0,52.0,1
0.0,41.0,40.5,-1.0,-1.0,-1.0,-1.0,-1.0,-1.0,0.0,332201984.0,-1.0,-1.0,-1.0,0.0,68.0,1
0.0,25.0,24.208,-1.0,-1.0,-1.0,-1.0,-1.0,-1.0,0.0,332201984.0,-1.0,-1.0,-1.0,0.0,26.5,1
0.0,42.0,41.625,-1.0,-1.0,-1.0,-1.0,-1.0,-1.0,0.0,332201984.0,-1.0,-1.0,-1.0,0.0,72.5,1
0.0,28.0,27.375,-1.0,-1.0,-1.0,-1.0,-1.0,-1.0,0.0,332201984.0,-1.0,-1.0,-1.0,0.0,35.0,1
0.0,34.0,33.5,-1.0,-1.0,-1.0,-1.0,-1.0,-1.0,0.0,332201984.0,-1.0,-1.0,-1.0,0.0,51.0,1
0.0,26.0,26.125,-1.0,-1.0,-1.0,-1.0,-1.0,-1.0,0.0,332201984.0,-1.0,-1.0,-1.0,0.0,31.0,1
0.0,41.0,41.083,-1.0,-1.0,-1.0,-1.0,-1.0,-1.0,0.0,332201984.0,-1.0,-1.0,-1.0,0.0,70.5,1
0.0,30.0,29.625,-1.0,-1.0,-1.0,-1.0,-1.0,-1.0,0.0,332201984.0,-1.0,-1.0,-1.0,0.0,40.5,1
0.0,42.0,41.416,-1.0,-1.0,-1.0,-1.0,-1.0,-1.0,0.0,332201984.0,-1.0,-1.0,-1.0,0.0,72.0,1
0.0,31.0,30.5,-1.0,-1.0,-1.0,-1.0,-1.0,-1.0,0.0,332201984.0,-1.0,-1.0,-1.0,0.0,38.0,1
0.0,35.0,34.875,-1.0,-1.0,-1.0,-1.0,-1.0,-1.0,0.0,332201984.0,-1.0,-1.0,-1.0,0.0,54.0,1
0.0,37.0,36.833,-1.0,-1.0,-1.0,-1.0,-1.0,-1.0,0.0,332201984.0,-1.0,-1.0,-1.0,0.0,59.5,1
0.0,29.0,28.833,-1.0,-1.0,-1.0,-1.0,-1.0,-1.0,0.0,332201984.0,-1.0,-1.0,-1.0,0.0,38.5,1
0.0,41.0,41.542,-1.0,-1.0,-1.0,-1.0,-1.0,-1.0,0.0,332201984.0,-1.0,-1.0,-1.0,0.0,71.5,1
0.0,23.0,21.708,-1.0,-1.0,-1.0,-1.0,-1.0,-1.0,0.0,332201984.0,-1.0,-1.0,-1.0,0.0,68.0,1
0.0,22.0,22.917,-1.0,-1.0,-1.0,-1.0,-1.0,-1.0,0.0,332201984.0,-1.0,-1.0,-1.0,0.0,48.0,1
0.0,38.0,37.334,-1.0,-1.0,-1.0,-1.0,-1.0,-1.0,0.0,332201984.0,-1.0,-1.0,-1.0,0.0,56.5,1
0.0,36.0,35.917,-1.0,-1.0,-1.0,-1.0,-1.0,-1.0,0.0,332201984.0,-1.0,-1.0,-1.0,0.0,57.0,1
0.0,19.0,19.083,-1.0,-1.0,-1.0,-1.0,-1.0,-1.0,0.0,332201984.0,-1.0,-1.0,-1.0,0.0,44.0,1
0.0,22.0,21.875,-1.0,-1.0,-1.0,-1.0,-1.0,-1.0,0.0,332201984.0,-1.0,-1.0,-1.0,0.0,69.5,1
0.0,36.0,35.667,-1.0,-1.0,-1.0,-1.0,-1.0,-1.0,0.0,332201984.0,-1.0,-1.0,-1.0,0.0,57.0,1
0.0,31.0,29.875,-1.0,-1.0,-1.0,-1.0,-1.0,-1.0,0.0,332201984.0,-1.0,-1.0,-1.0,0.0,41.5,1
0.0,31.0,31.083,-1.0,-1.0,-1.0,-1.0,-1.0,-1.0,0.0,332201984.0,-1.0,-1.0,-1.0,0.0,44.5,1
0.0,21.0,20.166,-1.0,-1.0,-1.0,-1.0,-1.0,-1.0,0.0,332201984.0,-1.0,-1.0,-1.0,0.0,54.0,1
0.0,32.0,31.709,-1.0,-1.0,-1.0,-1.0,-1.0,-1.0,0.0,332201984.0,-1.0,-1.0,-1.0,0.0,46.5,1
0.0,41.0,40.625,-1.0,-1.0,-1.0,-1.0,-1.0,-1.0,0.0,332201984.0,-1.0,-1.0,-1.0,0.0,70.0,1
0.0,38.0,38.5,-1.0,-1.0,-1.0,-1.0,-1.0,-1.0,0.0,332201984.0,-1.0,-1.0,-1.0,0.0,64.5,1
0.0,21.0,21.542,-1.0,-1.0,-1.0,-1.0,-1.0,-1.0,0.0,332201984.0,-1.0,-1.0,-1.0,0.0,66.0,1
0.0,34.0,33.625,-1.0,-1.0,-1.0,-1.0,-1.0,-1.0,0.0,332201984.0,-1.0,-1.0,-1.0,0.0,48.0,1
0.0,42.0,42.084,-1.0,-1.0,-1.0,-1.0,-1.0,-1.0,0.0,332201984.0,-1.0,-1.0,-1.0,0.0,74.0,1
0.0,34.0,33.0,-1.0,-1.0,-1.0,-1.0,-1.0,-1.0,0.0,332201984.0,-1.0,-1.0,-1.0,0.0,49.5,1
0.0,25.0,24.75,-1.0,-1.0,-1.0,-1.0,-1.0,-1.0,0.0,332201984.0,-1.0,-1.0,-1.0,0.0,26.0,1
0.0,25.0,25.167,-1.0,-1.0,-1.0,-1.0,-1.0,-1.0,0.0,332201984.0,-1.0,-1.0,-1.0,0.0,29.0,1
0.0,43.0,42.5,-1.0,-1.0,-1.0,-1.0,-1.0,-1.0,0.0,332201984.0,-1.0,-1.0,-1.0,0.0,74.0,1
0.0,32.0,31.875,-1.0,-1.0,-1.0,-1.0,-1.0,-1.0,0.0,332201984.0,-1.0,-1.0,-1.0,0.0,36.5,1
0.0,45.0,44.25,-1.0,-1.0,-1.0,-1.0,-1.0,-1.0,0.0,332201984.0,-1.0,-1.0,-1.0,0.0,74.5,1
0.0,23.0,22.958,-1.0,-1.0,-1.0,-1.0,-1.0,-1.0,0.0,332201984.0,-1.0,-1.0,-1.0,0.0,75.0,1
0.0,39.0,39.25,-1.0,-1.0,-1.0,-1.0,-1.0,-1.0,0.0,332201984.0,-1.0,-1.0,-1.0,0.0,66.5,1
0.0,40.0,39.541,-1.0,-1.0,-1.0,-1.0,-1.0,-1.0,0.0,332201984.0,-1.0,-1.0,-1.0,0.0,66.5,1
0.0,29.0,28.208,-1.0,-1.0,-1.0,-1.0,-1.0,-1.0,0.0,332201984.0,-1.0,-1.0,-1.0,0.0,36.5,1
0.0,31.0,30.542,-1.0,-1.0,-1.0,-1.0,-1.0,-1.0,0.0,332201984.0,-1.0,-1.0,-1.0,0.0,43.0,1
0.0,42.0,41.958,-1.0,-1.0,-1.0,-1.0,-1.0,-1.0,0.0,332201984.0,-1.0,-1.0,-1.0,0.0,73.0,1
0.0,46.0,46.333,-1.0,-1.0,-1.0,-1.0,-1.0,-1.0,0.0,332201984.0,-1.0,-1.0,-1.0,0.0,74.5,1
0.0,19.0,19.291,-1.0,-1.0,-1.0,-1.0,-1.0,-1.0,0.0,332201984.0,-1.0,-1.0,-1.0,0.0,45.5,1
0.0,24.0,23.666,-1.0,-1.0,-1.0,-1.0,-1.0,-1.0,0.0,332201984.0,-1.0,-1.0,-1.0,0.0,25.0,1
0.0,27.0,26.666,-1.0,-1.0,-1.0,-1.0,-1.0,-1.0,0.0,332201984.0,-1.0,-1.0,-1.0,0.0,32.5,1
0.0,31.0,31.041,-1.0,-1.0,-1.0,-1.0,-1.0,-1.0,0.0,332201984.0,-1.0,-1.0,-1.0,0.0,44.5,1
0.0,42.0,41.5,-1.0,-1.0,-1.0,-1.0,-1.0,-1.0,0.0,332201984.0,-1.0,-1.0,-1.0,0.0,72.5,1
0.0,26.0,25.667,-1.0,-1.0,-1.0,-1.0,-1.0,-1.0,0.0,332201984.0,-1.0,-1.0,-1.0,0.0,28.5,1
0.0,19.0,18.917,-1.0,-1.0,-1.0,-1.0,-1.0,-1.0,0.0,332201984.0,-1.0,-1.0,-1.0,0.0,42.5,1
0.0,35.0,34.416,-1.0,-1.0,-1.0,-1.0,-1.0,-1.0,0.0,332201984.0,-1.0,-1.0,-1.0,0.0,53.0,1
0.0,23.0,22.25,-1.0,-1.0,-1.0,-1.0,-1.0,-1.0,0.0,332201984.0,-1.0,-1.0,-1.0,0.0,71.5,1
0.0,18.0,18.083,-1.0,-1.0,-1.0,-1.0,-1.0,-1.0,0.0,332201984.0,-1.0,-1.0,-1.0,0.0,35.0,1
0.0,33.0,31.709,-1.0,-1.0,-1.0,-1.0,-1.0,-1.0,0.0,332201984.0,-1.0,-1.0,-1.0,0.0,46.0,1
0.0,25.0,24.625,-1.0,-1.0,-1.0,-1.0,-1.0,-1.0,0.0,332201984.0,-1.0,-1.0,-1.0,0.0,28.0,1
0.0,32.0,31.792,-1.0,-1.0,-1.0,-1.0,-1.0,-1.0,0.0,332201984.0,-1.0,-1.0,-1.0,0.0,46.5,1
0.0,19.0,18.417,-1.0,-1.0,-1.0,-1.0,-1.0,-1.0,0.0,332201984.0,-1.0,-1.0,-1.0,0.0,38.5,1
0.0,36.0,34.833,-1.0,-1.0,-1.0,-1.0,-1.0,-1.0,0.0,332201984.0,-1.0,-1.0,-1.0,0.0,44.0,1
0.0,30.0,30.25,-1.0,-1.0,-1.0,-1.0,-1.0,-1.0,0.0,332201984.0,-1.0,-1.0,-1.0,0.0,37.5,1
0.0,30.0,28.25,-1.0,-1.0,-1.0,-1.0,-1.0,-1.0,0.0,332201984.0,-1.0,-1.0,-1.0,0.0,36.5,1
0.0,31.0,31.0,-1.0,-1.0,-1.0,-1.0,-1.0,-1.0,0.0,332201984.0,-1.0,-1.0,-1.0,0.0,44.0,1
0.0,43.0,42.583,-1.0,-1.0,-1.0,-1.0,-1.0,-1.0,0.0,332201984.0,-1.0,-1.0,-1.0,0.0,65.5,1
0.0,24.0,24.167,-1.0,-1.0,-1.0,-1.0,-1.0,-1.0,0.0,332201984.0,-1.0,-1.0,-1.0,0.0,26.5,1
0.0,34.0,33.584,-1.0,-1.0,-1.0,-1.0,-1.0,-1.0,0.0,332201984.0,-1.0,-1.0,-1.0,0.0,51.0,1
0.0,37.0,36.459,-1.0,-1.0,-1.0,-1.0,-1.0,-1.0,0.0,332201984.0,-1.0,-1.0,-1.0,0.0,58.5,1
0.0,26.0,26.5,-1.0,-1.0,-1.0,-1.0,-1.0,-1.0,0.0,332201984.0,-1.0,-1.0,-1.0,0.0,32.5,1
0.0,32.0,32.667,-1.0,-1.0,-1.0,-1.0,-1.0,-1.0,0.0,332201984.0,-1.0,-1.0,-1.0,0.0,49.0,1
0.0,46.0,45.917,-1.0,-1.0,-1.0,-1.0,-1.0,-1.0,0.0,332201984.0,-1.0,-1.0,-1.0,0.0,74.5,1
0.0,30.0,30.042,-1.0,-1.0,-1.0,-1.0,-1.0,-1.0,0.0,332201984.0,-1.0,-1.0,-1.0,0.0,37.0,1
0.0,36.0,34.083,-1.0,-1.0,-1.0,-1.0,-1.0,-1.0,0.0,332201984.0,-1.0,-1.0,-1.0,0.0,52.5,1
0.0,27.0,27.208,-1.0,-1.0,-1.0,-1.0,-1.0,-1.0,0.0,332201984.0,-1.0,-1.0,-1.0,0.0,34.5,1
0.0,41.0,40.709,-1.0,-1.0,-1.0,-1.0,-1.0,-1.0,0.0,332201984.0,-1.0,-1.0,-1.0,0.0,70.5,1
0.0,25.0,23.959,-1.0,-1.0,-1.0,-1.0,-1.0,-1.0,0.0,332201984.0,-1.0,-1.0,-1.0,0.0,26.0,1
0.0,23.0,23.5,-1.0,-1.0,-1.0,-1.0,-1.0,-1.0,0.0,332201984.0,-1.0,-1.0,-1.0,0.0,73.5,1
0.0,27.0,26.75,-1.0,-1.0,-1.0,-1.0,-1.0,-1.0,0.0,332201984.0,-1.0,-1.0,-1.0,0.0,66.5,1
0.0,51.0,50.625,-1.0,-1.0,-1.0,-1.0,-1.0,-1.0,0.0,332201984.0,-1.0,-1.0,-1.0,0.0,69.5,1
0.0,38.0,38.709,-1.0,-1.0,-1.0,-1.0,-1.0,-1.0,0.0,332201984.0,-1.0,-1.0,-1.0,0.0,52.0,1
0.0,35.0,35.125,-1.0,-1.0,-1.0,-1.0,-1.0,-1.0,0.0,332201984.0,-1.0,-1.0,-1.0,0.0,43.5,1
0.0,25.0,24.833,-1.0,-1.0,-1.0,-1.0,-1.0,-1.0,0.0,332201984.0,-1.0,-1.0,-1.0,0.0,71.5,1
0.0,45.0,45.0,-1.0,-1.0,-1.0,-1.0,-1.0,-1.0,0.0,332201984.0,-1.0,-1.0,-1.0,0.0,72.0,1
0.0,27.0,25.667,-1.0,-1.0,-1.0,-1.0,-1.0,-1.0,0.0,332201984.0,-1.0,-1.0,-1.0,0.0,28.5,1
0.0,32.0,32.084,-1.0,-1.0,-1.0,-1.0,-1.0,-1.0,0.0,332201984.0,-1.0,-1.0,-1.0,0.0,45.5,1
0.0,35.0,35.542,-1.0,-1.0,-1.0,-1.0,-1.0,-1.0,0.0,332201984.0,-1.0,-1.0,-1.0,0.0,54.5,1
0.0,30.0,28.625,-1.0,-1.0,-1.0,-1.0,-1.0,-1.0,0.0,332201984.0,-1.0,-1.0,-1.0,0.0,36.5,1
0.0,45.0,45.333,-1.0,-1.0,-1.0,-1.0,-1.0,-1.0,0.0,332201984.0,-1.0,-1.0,-1.0,0.0,62.0,1
0.0,24.0,23.959,-1.0,-1.0,-1.0,-1.0,-1.0,-1.0,0.0,332201984.0,-1.0,-1.0,-1.0,0.0,40.0,1
0.0,55.0,54.833,-1.0,-1.0,-1.0,-1.0,-1.0,-1.0,0.0,332201984.0,-1.0,-1.0,-1.0,0.0,70.0,1
0.0,36.0,35.584,-1.0,-1.0,-1.0,-1.0,-1.0,-1.0,0.0,332201984.0,-1.0,-1.0,-1.0,0.0,35.5,1
0.0,31.0,30.791,-1.0,-1.0,-1.0,-1.0,-1.0,-1.0,0.0,332201984.0,-1.0,-1.0,-1.0,0.0,26.0,1
0.0,38.0,35.833,-1.0,-1.0,-1.0,-1.0,-1.0,-1.0,0.0,332201984.0,-1.0,-1.0,-1.0,0.0,44.5,1
0.0,42.0,41.834,-1.0,-1.0,-1.0,-1.0,-1.0,-1.0,0.0,332201984.0,-1.0,-1.0,-1.0,0.0,65.0,1
0.0,33.0,32.375,-1.0,-1.0,-1.0,-1.0,-1.0,-1.0,0.0,332201984.0,-1.0,-1.0,-1.0,0.0,48.0,1
0.0,37.0,37.25,-1.0,-1.0,-1.0,-1.0,-1.0,-1.0,0.0,332201984.0,-1.0,-1.0,-1.0,0.0,61.5,1
0.0,26.0,26.0,-1.0,-1.0,-1.0,-1.0,-1.0,-1.0,0.0,332201984.0,-1.0,-1.0,-1.0,0.0,31.5,1
0.0,22.0,22.375,-1.0,-1.0,-1.0,-1.0,-1.0,-1.0,0.0,332201984.0,-1.0,-1.0,-1.0,0.0,74.5,1
0.0,40.0,40.042,-1.0,-1.0,-1.0,-1.0,-1.0,-1.0,0.0,332201984.0,-1.0,-1.0,-1.0,0.0,68.5,1
0.0,28.0,28.0,-1.0,-1.0,-1.0,-1.0,-1.0,-1.0,0.0,332201984.0,-1.0,-1.0,-1.0,0.0,36.5,1
0.0,32.0,32.083,-1.0,-1.0,-1.0,-1.0,-1.0,-1.0,0.0,332201984.0,-1.0,-1.0,-1.0,0.0,45.0,1
0.0,37.0,37.208,-1.0,-1.0,-1.0,-1.0,-1.0,-1.0,0.0,332201984.0,-1.0,-1.0,-1.0,0.0,61.0,1
0.0,35.0,35.208,-1.0,-1.0,-1.0,-1.0,-1.0,-1.0,0.0,332201984.0,-1.0,-1.0,-1.0,0.0,55.5,1
0.0,36.0,36.5,-1.0,-1.0,-1.0,-1.0,-1.0,-1.0,0.0,332201984.0,-1.0,-1.0,-1.0,0.0,59.0,1
0.0,19.0,19.542,-1.0,-1.0,-1.0,-1.0,-1.0,-1.0,0.0,332201984.0,-1.0,-1.0,-1.0,0.0,48.5,1
0.0,31.0,30.541,-1.0,-1.0,-1.0,-1.0,-1.0,-1.0,0.0,332201984.0,-1.0,-1.0,-1.0,0.0,43.5,1
0.0,40.0,39.709,-1.0,-1.0,-1.0,-1.0,-1.0,-1.0,0.0,332201984.0,-1.0,-1.0,-1.0,0.0,67.0,1
0.0,25.0,24.417,-1.0,-1.0,-1.0,-1.0,-1.0,-1.0,0.0,332201984.0,-1.0,-1.0,-1.0,0.0,27.0,1
0.0,37.0,36.708,-1.0,-1.0,-1.0,-1.0,-1.0,-1.0,0.0,332201984.0,-1.0,-1.0,-1.0,0.0,59.0,1
0.0,24.0,24.0,-1.0,-1.0,-1.0,-1.0,-1.0,-1.0,0.0,332201984.0,-1.0,-1.0,-1.0,0.0,26.0,1
0.0,43.0,42.0,-1.0,-1.0,-1.0,-1.0,-1.0,-1.0,0.0,332201984.0,-1.0,-1.0,-1.0,0.0,64.0,1
0.0,42.0,41.625,-1.0,-1.0,-1.0,-1.0,-1.0,-1.0,0.0,332201984.0,-1.0,-1.0,-1.0,0.0,72.0,1
0.0,18.0,17.542,-1.0,-1.0,-1.0,-1.0,-1.0,-1.0,0.0,332201984.0,-1.0,-1.0,-1.0,0.0,30.5,1
0.0,36.0,35.458,-1.0,-1.0,-1.0,-1.0,-1.0,-1.0,0.0,332201984.0,-1.0,-1.0,-1.0,0.0,56.0,1
0.0,31.0,30.542,-1.0,-1.0,-1.0,-1.0,-1.0,-1.0,0.0,332201984.0,-1.0,-1.0,-1.0,0.0,42.5,1
0.0,24.0,24.0,-1.0,-1.0,-1.0,-1.0,-1.0,-1.0,0.0,332201984.0,-1.0,-1.0,-1.0,0.0,26.0,1
0.0,39.0,38.208,-1.0,-1.0,-1.0,-1.0,-1.0,-1.0,0.0,332201984.0,-1.0,-1.0,-1.0,0.0,63.0,1
0.0,26.0,26.083,-1.0,-1.0,-1.0,-1.0,-1.0,-1.0,0.0,332201984.0,-1.0,-1.0,-1.0,0.0,31.5,1
0.0,18.0,18.084,-1.0,-1.0,-1.0,-1.0,-1.0,-1.0,0.0,332201984.0,-1.0,-1.0,-1.0,0.0,35.0,1
0.0,37.0,36.375,-1.0,-1.0,-1.0,-1.0,-1.0,-1.0,0.0,332201984.0,-1.0,-1.0,-1.0,0.0,58.5,1
0.0,46.0,45.208,-1.0,-1.0,-1.0,-1.0,-1.0,-1.0,0.0,332201984.0,-1.0,-1.0,-1.0,0.0,68.0,1
0.0,29.0,29.208,-1.0,-1.0,-1.0,-1.0,-1.0,-1.0,0.0,332201984.0,-1.0,-1.0,-1.0,0.0,38.5,1
0.0,18.0,18.5,-1.0,-1.0,-1.0,-1.0,-1.0,-1.0,0.0,332201984.0,-1.0,-1.0,-1.0,0.0,27.0,1
0.0,25.0,25.333,-1.0,-1.0,-1.0,-1.0,-1.0,-1.0,0.0,332201984.0,-1.0,-1.0,-1.0,0.0,29.5,1
0.0,17.0,17.209,-1.0,-1.0,-1.0,-1.0,-1.0,-1.0,0.0,332201984.0,-1.0,-1.0,-1.0,0.0,27.5,1
0.0,37.0,37.292,-1.0,-1.0,-1.0,-1.0,-1.0,-1.0,0.0,332201984.0,-1.0,-1.0,-1.0,0.0,61.5,1
0.0,21.0,21.084,-1.0,-1.0,-1.0,-1.0,-1.0,-1.0,0.0,332201984.0,-1.0,-1.0,-1.0,0.0,62.5,1
0.0,22.0,21.666,-1.0,-1.0,-1.0,-1.0,-1.0,-1.0,0.0,332201984.0,-1.0,-1.0,-1.0,0.0,68.5,1
0.0,34.0,34.292,-1.0,-1.0,-1.0,-1.0,-1.0,-1.0,0.0,332201984.0,-1.0,-1.0,-1.0,0.0,53.5,1
0.0,20.0,20.25,-1.0,-1.0,-1.0,-1.0,-1.0,-1.0,0.0,332201984.0,-1.0,-1.0,-1.0,0.0,55.0,1
0.0,41.0,40.458,-1.0,-1.0,-1.0,-1.0,-1.0,-1.0,0.0,332201984.0,-1.0,-1.0,-1.0,0.0,69.5,1
0.0,28.0,27.875,-1.0,-1.0,-1.0,-1.0,-1.0,-1.0,0.0,332201984.0,-1.0,-1.0,-1.0,0.0,35.5,1
0.0,29.0,29.167,-1.0,-1.0,-1.0,-1.0,-1.0,-1.0,0.0,332201984.0,-1.0,-1.0,-1.0,0.0,28.5,1
0.0,32.0,32.125,-1.0,-1.0,-1.0,-1.0,-1.0,-1.0,0.0,332201984.0,-1.0,-1.0,-1.0,0.0,47.5,1
0.0,24.0,23.583,-1.0,-1.0,-1.0,-1.0,-1.0,-1.0,0.0,332201984.0,-1.0,-1.0,-1.0,0.0,74.0,1
0.0,21.0,21.292,-1.0,-1.0,-1.0,-1.0,-1.0,-1.0,0.0,332201984.0,-1.0,-1.0,-1.0,0.0,64.0,1
0.0,18.0,17.792,-1.0,-1.0,-1.0,-1.0,-1.0,-1.0,0.0,332201984.0,-1.0,-1.0,-1.0,0.0,32.5,1
0.0,17.0,17.125,-1.0,-1.0,-1.0,-1.0,-1.0,-1.0,0.0,332201984.0,-1.0,-1.0,-1.0,0.0,26.5,1
0.0,18.0,18.292,-1.0,-1.0,-1.0,-1.0,-1.0,-1.0,0.0,332201984.0,-1.0,-1.0,-1.0,0.0,37.5,1
0.0,42.0,41.875,-1.0,-1.0,-1.0,-1.0,-1.0,-1.0,0.0,332201984.0,-1.0,-1.0,-1.0,0.0,73.5,1
0.0,20.0,19.0,-1.0,-1.0,-1.0,-1.0,-1.0,-1.0,0.0,332201984.0,-1.0,-1.0,-1.0,0.0,44.0,1
0.0,35.0,34.291,-1.0,-1.0,-1.0,-1.0,-1.0,-1.0,0.0,332201984.0,-1.0,-1.0,-1.0,0.0,53.0,1
0.0,43.0,42.417,-1.0,-1.0,-1.0,-1.0,-1.0,-1.0,0.0,332201984.0,-1.0,-1.0,-1.0,0.0,74.0,1
0.0,28.0,27.5,-1.0,-1.0,-1.0,-1.0,-1.0,-1.0,0.0,332201984.0,-1.0,-1.0,-1.0,0.0,32.0,1
0.0,19.0,17.791,-1.0,-1.0,-1.0,-1.0,-1.0,-1.0,0.0,332201984.0,-1.0,-1.0,-1.0,0.0,31.5,1
0.0,29.0,29.5,-1.0,-1.0,-1.0,-1.0,-1.0,-1.0,0.0,332201984.0,-1.0,-1.0,-1.0,0.0,40.5,1
0.0,21.0,20.416,-1.0,-1.0,-1.0,-1.0,-1.0,-1.0,0.0,332201984.0,-1.0,-1.0,-1.0,0.0,56.0,1
0.0,20.0,19.334,-1.0,-1.0,-1.0,-1.0,-1.0,-1.0,0.0,332201984.0,-1.0,-1.0,-1.0,0.0,46.5,1
0.0,39.0,39.583,-1.0,-1.0,-1.0,-1.0,-1.0,-1.0,0.0,332201984.0,-1.0,-1.0,-1.0,0.0,57.5,1
0.0,35.0,35.042,-1.0,-1.0,-1.0,-1.0,-1.0,-1.0,0.0,332201984.0,-1.0,-1.0,-1.0,0.0,53.5,1
0.0,39.0,38.875,-1.0,-1.0,-1.0,-1.0,-1.0,-1.0,0.0,332201984.0,-1.0,-1.0,-1.0,0.0,65.5,1
0.0,41.0,41.375,-1.0,-1.0,-1.0,-1.0,-1.0,-1.0,0.0,332201984.0,-1.0,-1.0,-1.0,0.0,72.0,1
0.0,31.0,31.0,-1.0,-1.0,-1.0,-1.0,-1.0,-1.0,0.0,332201984.0,-1.0,-1.0,-1.0,0.0,44.5,1
0.0,31.0,30.541,-1.0,-1.0,-1.0,-1.0,-1.0,-1.0,0.0,332201984.0,-1.0,-1.0,-1.0,0.0,43.0,1
0.0,35.0,34.833,-1.0,-1.0,-1.0,-1.0,-1.0,-1.0,0.0,332201984.0,-1.0,-1.0,-1.0,0.0,55.0,1
0.0,18.0,18.083,-1.0,-1.0,-1.0,-1.0,-1.0,-1.0,0.0,332201984.0,-1.0,-1.0,-1.0,0.0,35.0,1
0.0,39.0,39.542,-1.0,-1.0,-1.0,-1.0,-1.0,-1.0,0.0,332201984.0,-1.0,-1.0,-1.0,0.0,63.0,1
0.0,26.0,25.25,-1.0,-1.0,-1.0,-1.0,-1.0,-1.0,0.0,332201984.0,-1.0,-1.0,-1.0,0.0,26.0,1
0.0,39.0,39.417,-1.0,-1.0,-1.0,-1.0,-1.0,-1.0,0.0,332201984.0,-1.0,-1.0,-1.0,0.0,66.5,1
0.0,29.0,29.459,-1.0,-1.0,-1.0,-1.0,-1.0,-1.0,0.0,332201984.0,-1.0,-1.0,-1.0,0.0,29.5,1
0.0,39.0,38.375,-1.0,-1.0,-1.0,-1.0,-1.0,-1.0,0.0,332201984.0,-1.0,-1.0,-1.0,0.0,64.0,1
0.0,35.0,34.708,-1.0,-1.0,-1.0,-1.0,-1.0,-1.0,0.0,332201984.0,-1.0,-1.0,-1.0,0.0,43.0,1
0.0,40.0,40.375,-1.0,-1.0,-1.0,-1.0,-1.0,-1.0,0.0,332201984.0,-1.0,-1.0,-1.0,0.0,64.0,1
0.0,26.0,25.625,-1.0,-1.0,-1.0,-1.0,-1.0,-1.0,0.0,332201984.0,-1.0,-1.0,-1.0,0.0,30.5,1
0.0,40.0,40.167,-1.0,-1.0,-1.0,-1.0,-1.0,-1.0,0.0,332201984.0,-1.0,-1.0,-1.0,0.0,68.5,1
0.0,26.0,25.792,-1.0,-1.0,-1.0,-1.0,-1.0,-1.0,0.0,332201984.0,-1.0,-1.0,-1.0,0.0,31.0,1
0.0,39.0,37.958,-1.0,-1.0,-1.0,-1.0,-1.0,-1.0,0.0,332201984.0,-1.0,-1.0,-1.0,0.0,62.5,1
0.0,42.0,41.959,-1.0,-1.0,-1.0,-1.0,-1.0,-1.0,0.0,332201984.0,-1.0,-1.0,-1.0,0.0,73.5,1
0.0,35.0,35.333,-1.0,-1.0,-1.0,-1.0,-1.0,-1.0,0.0,332201984.0,-1.0,-1.0,-1.0,0.0,55.5,1
0.0,25.0,24.917,-1.0,-1.0,-1.0,-1.0,-1.0,-1.0,0.0,332201984.0,-1.0,-1.0,-1.0,0.0,28.0,1
0.0,34.0,33.416,-1.0,-1.0,-1.0,-1.0,-1.0,-1.0,0.0,332201984.0,-1.0,-1.0,-1.0,0.0,51.0,1
0.0,30.0,30.75,-1.0,-1.0,-1.0,-1.0,-1.0,-1.0,0.0,332201984.0,-1.0,-1.0,-1.0,0.0,44.0,1
0.0,32.0,30.875,-1.0,-1.0,-1.0,-1.0,-1.0,-1.0,0.0,332201984.0,-1.0,-1.0,-1.0,0.0,44.0,1
0.0,42.0,42.459,-1.0,-1.0,-1.0,-1.0,-1.0,-1.0,0.0,332201984.0,-1.0,-1.0,-1.0,0.0,75.0,1
0.0,33.0,32.166,-1.0,-1.0,-1.0,-1.0,-1.0,-1.0,0.0,332201984.0,-1.0,-1.0,-1.0,0.0,47.5,1
0.0,29.0,27.916,-1.0,-1.0,-1.0,-1.0,-1.0,-1.0,0.0,332201984.0,-1.0,-1.0,-1.0,0.0,36.5,1
0.0,30.0,29.792,-1.0,-1.0,-1.0,-1.0,-1.0,-1.0,0.0,332201984.0,-1.0,-1.0,-1.0,0.0,41.0,1
0.0,22.0,22.292,-1.0,-1.0,-1.0,-1.0,-1.0,-1.0,0.0,332201984.0,-1.0,-1.0,-1.0,0.0,73.0,1
0.0,25.0,24.333,-1.0,-1.0,-1.0,-1.0,-1.0,-1.0,0.0,332201984.0,-1.0,-1.0,-1.0,0.0,27.0,1
0.0,20.0,20.208,-1.0,-1.0,-1.0,-1.0,-1.0,-1.0,0.0,332201984.0,-1.0,-1.0,-1.0,0.0,44.5,1
0.0,41.0,41.083,-1.0,-1.0,-1.0,-1.0,-1.0,-1.0,0.0,332201984.0,-1.0,-1.0,-1.0,0.0,71.0,1
0.0,26.0,25.167,-1.0,-1.0,-1.0,-1.0,-1.0,-1.0,0.0,332201984.0,-1.0,-1.0,-1.0,0.0,29.5,1
0.0,40.0,40.458,-1.0,-1.0,-1.0,-1.0,-1.0,-1.0,0.0,332201984.0,-1.0,-1.0,-1.0,0.0,69.0,1
0.0,42.0,42.5,-1.0,-1.0,-1.0,-1.0,-1.0,-1.0,0.0,332201984.0,-1.0,-1.0,-1.0,0.0,75.0,1
0.0,40.0,39.917,-1.0,-1.0,-1.0,-1.0,-1.0,-1.0,0.0,332201984.0,-1.0,-1.0,-1.0,0.0,68.0,1
0.0,24.0,24.125,-1.0,-1.0,-1.0,-1.0,-1.0,-1.0,0.0,332201984.0,-1.0,-1.0,-1.0,0.0,26.0,1
0.0,40.0,39.125,-1.0,-1.0,-1.0,-1.0,-1.0,-1.0,0.0,332201984.0,-1.0,-1.0,-1.0,0.0,65.5,1
0.0,18.0,18.208,-1.0,-1.0,-1.0,-1.0,-1.0,-1.0,0.0,332201984.0,-1.0,-1.0,-1.0,0.0,36.5,1
0.0,34.0,34.084,-1.0,-1.0,-1.0,-1.0,-1.0,-1.0,0.0,332201984.0,-1.0,-1.0,-1.0,0.0,52.5,1
0.0,20.0,19.584,-1.0,-1.0,-1.0,-1.0,-1.0,-1.0,0.0,332201984.0,-1.0,-1.0,-1.0,0.0,49.5,1
0.0,18.0,17.042,-1.0,-1.0,-1.0,-1.0,-1.0,-1.0,0.0,332201984.0,-1.0,-1.0,-1.0,0.0,27.0,1
0.0,23.0,22.416,-1.0,-1.0,-1.0,-1.0,-1.0,-1.0,0.0,332201984.0,-1.0,-1.0,-1.0,0.0,74.0,1
0.0,28.0,27.542,-1.0,-1.0,-1.0,-1.0,-1.0,-1.0,0.0,332201984.0,-1.0,-1.0,-1.0,0.0,35.0,1
0.0,21.0,21.166,-1.0,-1.0,-1.0,-1.0,-1.0,-1.0,0.0,332201984.0,-1.0,-1.0,-1.0,0.0,62.5,1
0.0,40.0,40.167,-1.0,-1.0,-1.0,-1.0,-1.0,-1.0,0.0,332201984.0,-1.0,-1.0,-1.0,0.0,68.0,1
0.0,26.0,27.167,-1.0,-1.0,-1.0,-1.0,-1.0,-1.0,0.0,332201984.0,-1.0,-1.0,-1.0,0.0,29.5,1
0.0,40.0,39.459,-1.0,-1.0,-1.0,-1.0,-1.0,-1.0,0.0,332201984.0,-1.0,-1.0,-1.0,0.0,67.0,1
0.0,18.0,17.75,-1.0,-1.0,-1.0,-1.0,-1.0,-1.0,0.0,332201984.0,-1.0,-1.0,-1.0,0.0,26.5,1
0.0,18.0,18.709,-1.0,-1.0,-1.0,-1.0,-1.0,-1.0,0.0,332201984.0,-1.0,-1.0,-1.0,0.0,41.5,1
0.0,22.0,21.375,-1.0,-1.0,-1.0,-1.0,-1.0,-1.0,0.0,332201984.0,-1.0,-1.0,-1.0,0.0,64.5,1
0.0,31.0,30.333,-1.0,-1.0,-1.0,-1.0,-1.0,-1.0,0.0,332201984.0,-1.0,-1.0,-1.0,0.0,43.0,1
0.0,39.0,39.542,-1.0,-1.0,-1.0,-1.0,-1.0,-1.0,0.0,332201984.0,-1.0,-1.0,-1.0,0.0,66.0,1
0.0,41.0,40.209,-1.0,-1.0,-1.0,-1.0,-1.0,-1.0,0.0,332201984.0,-1.0,-1.0,-1.0,0.0,69.0,1
0.0,21.0,21.083,-1.0,-1.0,-1.0,-1.0,-1.0,-1.0,0.0,332201984.0,-1.0,-1.0,-1.0,0.0,61.0,1
0.0,25.0,23.875,-1.0,-1.0,-1.0,-1.0,-1.0,-1.0,0.0,332201984.0,-1.0,-1.0,-1.0,0.0,40.5,1
0.0,17.0,17.542,-1.0,-1.0,-1.0,-1.0,-1.0,-1.0,0.0,332201984.0,-1.0,-1.0,-1.0,0.0,30.5,1
0.0,27.0,26.708,-1.0,-1.0,-1.0,-1.0,-1.0,-1.0,0.0,332201984.0,-1.0,-1.0,-1.0,0.0,33.0,1
0.0,23.0,23.667,-1.0,-1.0,-1.0,-1.0,-1.0,-1.0,0.0,332201984.0,-1.0,-1.0,-1.0,0.0,25.0,1
0.0,42.0,42.541,-1.0,-1.0,-1.0,-1.0,-1.0,-1.0,0.0,332201984.0,-1.0,-1.0,-1.0,0.0,74.5,1
0.0,18.0,18.708,-1.0,-1.0,-1.0,-1.0,-1.0,-1.0,0.0,332201984.0,-1.0,-1.0,-1.0,0.0,41.0,1
0.0,31.0,29.458,-1.0,-1.0,-1.0,-1.0,-1.0,-1.0,0.0,332201984.0,-1.0,-1.0,-1.0,0.0,40.5,1
0.0,26.0,25.792,-1.0,-1.0,-1.0,-1.0,-1.0,-1.0,0.0,332201984.0,-1.0,-1.0,-1.0,0.0,30.5,1
0.0,43.0,41.708,-1.0,-1.0,-1.0,-1.0,-1.0,-1.0,0.0,332201984.0,-1.0,-1.0,-1.0,0.0,72.0,1
0.0,31.0,30.709,-1.0,-1.0,-1.0,-1.0,-1.0,-1.0,0.0,332201984.0,-1.0,-1.0,-1.0,0.0,44.0,1
0.0,32.0,31.75,-1.0,-1.0,-1.0,-1.0,-1.0,-1.0,0.0,332201984.0,-1.0,-1.0,-1.0,0.0,46.5,1
0.0,38.0,37.583,-1.0,-1.0,-1.0,-1.0,-1.0,-1.0,0.0,332201984.0,-1.0,-1.0,-1.0,0.0,61.5,1
0.0,38.0,37.833,-1.0,-1.0,-1.0,-1.0,-1.0,-1.0,0.0,332201984.0,-1.0,-1.0,-1.0,0.0,62.0,1
0.0,21.0,21.042,-1.0,-1.0,-1.0,-1.0,-1.0,-1.0,0.0,332201984.0,-1.0,-1.0,-1.0,0.0,50.5,1
0.0,41.0,40.0,-1.0,-1.0,-1.0,-1.0,-1.0,-1.0,0.0,332201984.0,-1.0,-1.0,-1.0,0.0,68.5,1
0.0,22.0,21.75,-1.0,-1.0,-1.0,-1.0,-1.0,-1.0,0.0,332201984.0,-1.0,-1.0,-1.0,0.0,68.5,1
0.0,17.0,17.083,-1.0,-1.0,-1.0,-1.0,-1.0,-1.0,0.0,332201984.0,-1.0,-1.0,-1.0,0.0,25.0,1
0.0,34.0,32.958,-1.0,-1.0,-1.0,-1.0,-1.0,-1.0,0.0,332201984.0,-1.0,-1.0,-1.0,0.0,39.0,1
0.0,29.0,29.167,-1.0,-1.0,-1.0,-1.0,-1.0,-1.0,0.0,332201984.0,-1.0,-1.0,-1.0,0.0,41.0,1
0.0,26.0,25.459,-1.0,-1.0,-1.0,-1.0,-1.0,-1.0,0.0,332218368.0,-1.0,-1.0,-1.0,0.0,29.5,1
0.0,21.0,20.583,-1.0,-1.0,-1.0,-1.0,-1.0,-1.0,0.0,332251136.0,-1.0,-1.0,-1.0,0.0,57.0,1
0.0,31.0,31.25,-1.0,-1.0,-1.0,-1.0,-1.0,-1.0,0.0,332267520.0,-1.0,-1.0,-1.0,0.0,41.5,1
0.0,22.0,21.583,-1.0,-1.0,-1.0,-1.0,-1.0,-1.0,0.0,332267520.0,-1.0,-1.0,-1.0,0.0,67.5,1
0.0,78.0,77.25,-1.0,-1.0,-1.0,-1.0,-1.0,-1.0,0.0,332267520.0,-1.0,-1.0,-1.0,0.0,5232.0,1
0.0,84.0,82.625,-1.0,-1.0,-1.0,-1.0,-1.0,-1.0,0.0,332267520.0,-1.0,-1.0,-1.0,0.0,5988.0,1
0.0,84.0,84.333,-1.0,-1.0,-1.0,-1.0,-1.0,-1.0,0.0,332267520.0,-1.0,-1.0,-1.0,0.0,5220.0,1
0.0,76.0,75.334,-1.0,-1.0,-1.0,-1.0,-1.0,-1.0,0.0,332267520.0,-1.0,-1.0,-1.0,0.0,5592.0,1
0.0,80.0,80.042,-1.0,-1.0,-1.0,-1.0,-1.0,-1.0,0.0,332267520.0,-1.0,-1.0,-1.0,0.0,2520.0,1
0.0,84.0,83.375,-1.0,-1.0,-1.0,-1.0,-1.0,-1.0,0.0,332267520.0,-1.0,-1.0,-1.0,0.0,4512.0,1
0.0,83.0,81.708,-1.0,-1.0,-1.0,-1.0,-1.0,-1.0,0.0,332267520.0,-1.0,-1.0,-1.0,0.0,5448.0,1
0.0,81.0,81.083,-1.0,-1.0,-1.0,-1.0,-1.0,-1.0,0.0,332267520.0,-1.0,-1.0,-1.0,0.0,4692.0,1
0.0,81.0,81.0,-1.0,-1.0,-1.0,-1.0,-1.0,-1.0,0.0,332267520.0,-1.0,-1.0,-1.0,0.0,3048.0,1
0.0,83.0,83.209,-1.0,-1.0,-1.0,-1.0,-1.0,-1.0,0.0,332267520.0,-1.0,-1.0,-1.0,0.0,4488.0,1
0.0,88.0,86.5,-1.0,-1.0,-1.0,-1.0,-1.0,-1.0,0.0,332267520.0,-1.0,-1.0,-1.0,0.0,5568.0,1
0.0,83.0,83.416,-1.0,-1.0,-1.0,-1.0,-1.0,-1.0,0.0,332267520.0,-1.0,-1.0,-1.0,0.0,4440.0,1
0.0,74.0,72.25,-1.0,-1.0,-1.0,-1.0,-1.0,-1.0,0.0,332267520.0,-1.0,-1.0,-1.0,0.0,4860.0,1
0.0,77.0,76.833,-1.0,-1.0,-1.0,-1.0,-1.0,-1.0,0.0,332267520.0,-1.0,-1.0,-1.0,0.0,6000.0,1
0.0,83.0,82.458,-1.0,-1.0,-1.0,-1.0,-1.0,-1.0,0.0,332267520.0,-1.0,-1.0,-1.0,0.0,3948.0,1
0.0,84.0,83.0,-1.0,-1.0,-1.0,-1.0,-1.0,-1.0,0.0,332267520.0,-1.0,-1.0,-1.0,0.0,4224.0,1
0.0,71.0,71.166,-1.0,-1.0,-1.0,-1.0,-1.0,-1.0,0.0,332267520.0,-1.0,-1.0,-1.0,0.0,2532.0,1
0.0,82.0,81.833,-1.0,-1.0,-1.0,-1.0,-1.0,-1.0,0.0,332283904.0,-1.0,-1.0,-1.0,0.0,5340.0,1
0.0,83.0,81.166,-1.0,-1.0,-1.0,-1.0,-1.0,-1.0,0.0,332283904.0,-1.0,-1.0,-1.0,0.0,4680.0,1
0.0,82.0,81.875,-1.0,-1.0,-1.0,-1.0,-1.0,-1.0,0.0,332283904.0,-1.0,-1.0,-1.0,0.0,5316.0,1
0.0,90.0,89.5,-1.0,-1.0,-1.0,-1.0,-1.0,-1.0,0.0,332283904.0,-1.0,-1.0,-1.0,0.0,5640.0,1
0.0,80.0,79.375,-1.0,-1.0,-1.0,-1.0,-1.0,-1.0,0.0,332283904.0,-1.0,-1.0,-1.0,0.0,2952.0,1
0.0,71.0,70.792,-1.0,-1.0,-1.0,-1.0,-1.0,-1.0,0.0,332283904.0,-1.0,-1.0,-1.0,0.0,3504.0,1
0.0,86.0,85.834,-1.0,-1.0,-1.0,-1.0,-1.0,-1.0,0.0,332283904.0,-1.0,-1.0,-1.0,0.0,5808.0,1
0.0,84.0,83.583,-1.0,-1.0,-1.0,-1.0,-1.0,-1.0,0.0,332283904.0,-1.0,-1.0,-1.0,0.0,4668.0,1
0.0,83.0,81.875,-1.0,-1.0,-1.0,-1.0,-1.0,-1.0,0.0,332283904.0,-1.0,-1.0,-1.0,0.0,3516.0,1
0.0,81.0,81.125,-1.0,-1.0,-1.0,-1.0,-1.0,-1.0,0.0,332283904.0,-1.0,-1.0,-1.0,0.0,4632.0,1
0.0,83.0,83.333,-1.0,-1.0,-1.0,-1.0,-1.0,-1.0,0.0,332283904.0,-1.0,-1.0,-1.0,0.0,4440.0,1
0.0,82.0,81.625,-1.0,-1.0,-1.0,-1.0,-1.0,-1.0,0.0,332283904.0,-1.0,-1.0,-1.0,0.0,3480.0,1
0.0,79.0,79.0,-1.0,-1.0,-1.0,-1.0,-1.0,-1.0,0.0,332283904.0,-1.0,-1.0,-1.0,0.0,2772.0,1
0.0,86.0,85.25,-1.0,-1.0,-1.0,-1.0,-1.0,-1.0,0.0,332300288.0,-1.0,-1.0,-1.0,0.0,5652.0,1
0.0,85.0,84.5,-1.0,-1.0,-1.0,-1.0,-1.0,-1.0,0.0,332300288.0,-1.0,-1.0,-1.0,0.0,3432.0,1
0.0,85.0,83.5,-1.0,-1.0,-1.0,-1.0,-1.0,-1.0,0.0,332300288.0,-1.0,-1.0,-1.0,0.0,4308.0,1
0.0,84.0,82.5,-1.0,-1.0,-1.0,-1.0,-1.0,-1.0,0.0,332316672.0,-1.0,-1.0,-1.0,0.0,5772.0,1
0.0,79.0,78.958,-1.0,-1.0,-1.0,-1.0,-1.0,-1.0,0.0,332316672.0,-1.0,-1.0,-1.0,0.0,2688.0,1
0.0,81.0,81.166,-1.0,-1.0,-1.0,-1.0,-1.0,-1.0,0.0,332316672.0,-1.0,-1.0,-1.0,0.0,4548.0,1
0.0,81.0,79.75,-1.0,-1.0,-1.0,-1.0,-1.0,-1.0,0.0,332333056.0,-1.0,-1.0,-1.0,0.0,3504.0,1
0.0,91.0,90.792,-1.0,-1.0,-1.0,-1.0,-1.0,-1.0,0.0,332333056.0,-1.0,-1.0,-1.0,0.0,3012.0,1
0.0,82.0,81.875,-1.0,-1.0,-1.0,-1.0,-1.0,-1.0,0.0,332349440.0,-1.0,-1.0,-1.0,0.0,3672.0,1
0.0,72.0,72.25,-1.0,-1.0,-1.0,-1.0,-1.0,-1.0,0.0,332349440.0,-1.0,-1.0,-1.0,0.0,4680.0,1
0.0,84.0,83.25,-1.0,-1.0,-1.0,-1.0,-1.0,-1.0,0.0,332349440.0,-1.0,-1.0,-1.0,0.0,3264.0,1
0.0,73.0,73.084,-1.0,-1.0,-1.0,-1.0,-1.0,-1.0,0.0,332349440.0,-1.0,-1.0,-1.0,0.0,5556.0,1
0.0,83.0,81.959,-1.0,-1.0,-1.0,-1.0,-1.0,-1.0,0.0,332349440.0,-1.0,-1.0,-1.0,0.0,5556.0,1
0.0,75.0,75.417,-1.0,-1.0,-1.0,-1.0,-1.0,-1.0,0.0,332349440.0,-1.0,-1.0,-1.0,0.0,4056.0,1
0.0,85.0,84.417,-1.0,-1.0,-1.0,-1.0,-1.0,-1.0,0.0,332349440.0,-1.0,-1.0,-1.0,0.0,2424.0,1
0.0,88.0,88.125,-1.0,-1.0,-1.0,-1.0,-1.0,-1.0,0.0,332349440.0,-1.0,-1.0,-1.0,0.0,2916.0,1
0.0,81.0,80.667,-1.0,-1.0,-1.0,-1.0,-1.0,-1.0,0.0,332349440.0,-1.0,-1.0,-1.0,0.0,3696.0,1
0.0,79.0,78.709,-1.0,-1.0,-1.0,-1.0,-1.0,-1.0,0.0,332349440.0,-1.0,-1.0,-1.0,0.0,2508.0,1
0.0,89.0,88.125,-1.0,-1.0,-1.0,-1.0,-1.0,-1.0,0.0,332349440.0,-1.0,-1.0,-1.0,0.0,3708.0,1
0.0,82.0,82.292,-1.0,-1.0,-1.0,-1.0,-1.0,-1.0,0.0,332349440.0,-1.0,-1.0,-1.0,0.0,5700.0,1
0.0,84.0,83.625,-1.0,-1.0,-1.0,-1.0,-1.0,-1.0,0.0,332349440.0,-1.0,-1.0,-1.0,0.0,4824.0,1
0.0,72.0,72.291,-1.0,-1.0,-1.0,-1.0,-1.0,-1.0,0.0,332349440.0,-1.0,-1.0,-1.0,0.0,4380.0,1
0.0,84.0,84.708,-1.0,-1.0,-1.0,-1.0,-1.0,-1.0,0.0,332349440.0,-1.0,-1.0,-1.0,0.0,5196.0,1
0.0,85.0,84.791,-1.0,-1.0,-1.0,-1.0,-1.0,-1.0,0.0,332349440.0,-1.0,-1.0,-1.0,0.0,5040.0,1
0.0,84.0,83.583,-1.0,-1.0,-1.0,-1.0,-1.0,-1.0,0.0,332349440.0,-1.0,-1.0,-1.0,0.0,4164.0,1
0.0,75.0,74.375,-1.0,-1.0,-1.0,-1.0,-1.0,-1.0,0.0,332349440.0,-1.0,-1.0,-1.0,0.0,2736.0,1
0.0,87.0,86.666,-1.0,-1.0,-1.0,-1.0,-1.0,-1.0,0.0,332349440.0,-1.0,-1.0,-1.0,0.0,5136.0,1
0.0,75.0,74.917,-1.0,-1.0,-1.0,-1.0,-1.0,-1.0,0.0,332349440.0,-1.0,-1.0,-1.0,0.0,4452.0,1
0.0,71.0,71.125,-1.0,-1.0,-1.0,-1.0,-1.0,-1.0,0.0,332365824.0,-1.0,-1.0,-1.0,0.0,3672.0,1
0.0,86.0,85.292,-1.0,-1.0,-1.0,-1.0,-1.0,-1.0,0.0,332365824.0,-1.0,-1.0,-1.0,0.0,3816.0,1
0.0,75.0,73.791,-1.0,-1.0,-1.0,-1.0,-1.0,-1.0,0.0,332365824.0,-1.0,-1.0,-1.0,0.0,4176.0,1
0.0,76.0,75.834,-1.0,-1.0,-1.0,-1.0,-1.0,-1.0,0.0,332365824.0,-1.0,-1.0,-1.0,0.0,5472.0,1
0.0,88.0,87.333,-1.0,-1.0,-1.0,-1.0,-1.0,-1.0,0.0,332382208.0,-1.0,-1.0,-1.0,0.0,4452.0,1
0.0,82.0,81.375,-1.0,-1.0,-1.0,-1.0,-1.0,-1.0,0.0,332382208.0,-1.0,-1.0,-1.0,0.0,5064.0,1
0.0,83.0,83.167,-1.0,-1.0,-1.0,-1.0,-1.0,-1.0,0.0,332382208.0,-1.0,-1.0,-1.0,0.0,2892.0,1
0.0,85.0,84.167,-1.0,-1.0,-1.0,-1.0,-1.0,-1.0,0.0,332382208.0,-1.0,-1.0,-1.0,0.0,5352.0,1
0.0,82.0,81.5,-1.0,-1.0,-1.0,-1.0,-1.0,-1.0,0.0,332382208.0,-1.0,-1.0,-1.0,0.0,3072.0,1
0.0,77.0,76.791,-1.0,-1.0,-1.0,-1.0,-1.0,-1.0,0.0,332382208.0,-1.0,-1.0,-1.0,0.0,5232.0,1
0.0,82.0,81.958,-1.0,-1.0,-1.0,-1.0,-1.0,-1.0,0.0,332382208.0,-1.0,-1.0,-1.0,0.0,5556.0,1
0.0,73.0,72.958,-1.0,-1.0,-1.0,-1.0,-1.0,-1.0,0.0,332398592.0,-1.0,-1.0,-1.0,0.0,3672.0,1
0.0,80.0,79.917,-1.0,-1.0,-1.0,-1.0,-1.0,-1.0,0.0,332398592.0,-1.0,-1.0,-1.0,0.0,3552.0,1
0.0,79.0,78.792,-1.0,-1.0,-1.0,-1.0,-1.0,-1.0,0.0,332398592.0,-1.0,-1.0,-1.0,0.0,2544.0,1
0.0,80.0,79.167,-1.0,-1.0,-1.0,-1.0,-1.0,-1.0,0.0,332398592.0,-1.0,-1.0,-1.0,0.0,2892.0,1
0.0,85.0,84.75,-1.0,-1.0,-1.0,-1.0,-1.0,-1.0,0.0,332398592.0,-1.0,-1.0,-1.0,0.0,5436.0,1
0.0,81.0,81.459,-1.0,-1.0,-1.0,-1.0,-1.0,-1.0,0.0,332398592.0,-1.0,-1.0,-1.0,0.0,3336.0,1
0.0,81.0,81.667,-1.0,-1.0,-1.0,-1.0,-1.0,-1.0,0.0,332398592.0,-1.0,-1.0,-1.0,0.0,3492.0,1
0.0,83.0,82.958,-1.0,-1.0,-1.0,-1.0,-1.0,-1.0,0.0,332414976.0,-1.0,-1.0,-1.0,0.0,3504.0,1
0.0,82.0,82.125,-1.0,-1.0,-1.0,-1.0,-1.0,-1.0,0.0,332414976.0,-1.0,-1.0,-1.0,0.0,3768.0,1
0.0,82.0,82.5,-1.0,-1.0,-1.0,-1.0,-1.0,-1.0,0.0,332431360.0,-1.0,-1.0,-1.0,0.0,5964.0,1
0.0,82.0,82.125,-1.0,-1.0,-1.0,-1.0,-1.0,-1.0,0.0,332431360.0,-1.0,-1.0,-1.0,0.0,5568.0,1
0.0,80.0,80.125,-1.0,-1.0,-1.0,-1.0,-1.0,-1.0,0.0,332431360.0,-1.0,-1.0,-1.0,0.0,2460.0,1
0.0,82.0,82.333,-1.0,-1.0,-1.0,-1.0,-1.0,-1.0,0.0,332431360.0,-1.0,-1.0,-1.0,0.0,5904.0,1
0.0,82.0,81.458,-1.0,-1.0,-1.0,-1.0,-1.0,-1.0,0.0,332431360.0,-1.0,-1.0,-1.0,0.0,5064.0,1
0.0,75.0,73.833,-1.0,-1.0,-1.0,-1.0,-1.0,-1.0,0.0,332431360.0,-1.0,-1.0,-1.0,0.0,4164.0,1
0.0,84.0,84.833,-1.0,-1.0,-1.0,-1.0,-1.0,-1.0,0.0,332431360.0,-1.0,-1.0,-1.0,0.0,5448.0,1
0.0,81.0,81.042,-1.0,-1.0,-1.0,-1.0,-1.0,-1.0,0.0,332431360.0,-1.0,-1.0,-1.0,0.0,4752.0,1
0.0,82.0,81.417,-1.0,-1.0,-1.0,-1.0,-1.0,-1.0,0.0,332431360.0,-1.0,-1.0,-1.0,0.0,5064.0,1
0.0,82.0,80.542,-1.0,-1.0,-1.0,-1.0,-1.0,-1.0,0.0,332431360.0,-1.0,-1.0,-1.0,0.0,4236.0,1
0.0,70.0,70.375,-1.0,-1.0,-1.0,-1.0,-1.0,-1.0,0.0,332431360.0,-1.0,-1.0,-1.0,0.0,3192.0,1
0.0,79.0,79.542,-1.0,-1.0,-1.0,-1.0,-1.0,-1.0,0.0,332431360.0,-1.0,-1.0,-1.0,0.0,3372.0,1
0.0,74.0,74.042,-1.0,-1.0,-1.0,-1.0,-1.0,-1.0,0.0,332431360.0,-1.0,-1.0,-1.0,0.0,4272.0,1
0.0,83.0,82.042,-1.0,-1.0,-1.0,-1.0,-1.0,-1.0,0.0,332431360.0,-1.0,-1.0,-1.0,0.0,5796.0,1
0.0,82.0,82.167,-1.0,-1.0,-1.0,-1.0,-1.0,-1.0,0.0,332431360.0,-1.0,-1.0,-1.0,0.0,3804.0,1
0.0,76.0,75.5,-1.0,-1.0,-1.0,-1.0,-1.0,-1.0,0.0,332431360.0,-1.0,-1.0,-1.0,0.0,5208.0,1
0.0,80.0,79.709,-1.0,-1.0,-1.0,-1.0,-1.0,-1.0,0.0,332447744.0,-1.0,-1.0,-1.0,0.0,3108.0,1
0.0,85.0,84.541,-1.0,-1.0,-1.0,-1.0,-1.0,-1.0,0.0,332447744.0,-1.0,-1.0,-1.0,0.0,3864.0,1
0.0,81.0,79.75,-1.0,-1.0,-1.0,-1.0,-1.0,-1.0,0.0,332447744.0,-1.0,-1.0,-1.0,0.0,3288.0,1
0.0,76.0,75.667,-1.0,-1.0,-1.0,-1.0,-1.0,-1.0,0.0,332447744.0,-1.0,-1.0,-1.0,0.0,2832.0,1
0.0,86.0,84.417,-1.0,-1.0,-1.0,-1.0,-1.0,-1.0,0.0,332447744.0,-1.0,-1.0,-1.0,0.0,4344.0,1
0.0,88.0,87.834,-1.0,-1.0,-1.0,-1.0,-1.0,-1.0,0.0,332464128.0,-1.0,-1.0,-1.0,0.0,4752.0,1
0.0,82.0,81.75,-1.0,-1.0,-1.0,-1.0,-1.0,-1.0,0.0,332464128.0,-1.0,-1.0,-1.0,0.0,3456.0,1
0.0,82.0,81.917,-1.0,-1.0,-1.0,-1.0,-1.0,-1.0,0.0,332464128.0,-1.0,-1.0,-1.0,0.0,5556.0,1
0.0,90.0,88.25,-1.0,-1.0,-1.0,-1.0,-1.0,-1.0,0.0,332464128.0,-1.0,-1.0,-1.0,0.0,5148.0,1
0.0,71.0,70.75,-1.0,-1.0,-1.0,-1.0,-1.0,-1.0,0.0,332464128.0,-1.0,-1.0,-1.0,0.0,3336.0,1
0.0,86.0,86.459,-1.0,-1.0,-1.0,-1.0,-1.0,-1.0,0.0,332464128.0,-1.0,-1.0,-1.0,0.0,3936.0,1
0.0,90.0,90.25,-1.0,-1.0,-1.0,-1.0,-1.0,-1.0,0.0,332464128.0,-1.0,-1.0,-1.0,0.0,3864.0,1
0.0,80.0,79.083,-1.0,-1.0,-1.0,-1.0,-1.0,-1.0,0.0,332480512.0,-1.0,-1.0,-1.0,0.0,2460.0,1
0.0,82.0,82.0,-1.0,-1.0,-1.0,-1.0,-1.0,-1.0,0.0,332480512.0,-1.0,-1.0,-1.0,0.0,3804.0,1
0.0,83.0,82.792,-1.0,-1.0,-1.0,-1.0,-1.0,-1.0,0.0,332480512.0,-1.0,-1.0,-1.0,0.0,4560.0,1
0.0,80.0,78.833,-1.0,-1.0,-1.0,-1.0,-1.0,-1.0,0.0,332480512.0,-1.0,-1.0,-1.0,0.0,2616.0,1
0.0,84.0,83.417,-1.0,-1.0,-1.0,-1.0,-1.0,-1.0,0.0,332480512.0,-1.0,-1.0,-1.0,0.0,5760.0,1
0.0,84.0,83.458,-1.0,-1.0,-1.0,-1.0,-1.0,-1.0,0.0,332480512.0,-1.0,-1.0,-1.0,0.0,2916.0,1
0.0,83.0,82.125,-1.0,-1.0,-1.0,-1.0,-1.0,-1.0,0.0,332480512.0,-1.0,-1.0,-1.0,0.0,3732.0,1
0.0,79.0,78.958,-1.0,-1.0,-1.0,-1.0,-1.0,-1.0,0.0,332480512.0,-1.0,-1.0,-1.0,0.0,2772.0,1
0.0,87.0,87.625,-1.0,-1.0,-1.0,-1.0,-1.0,-1.0,0.0,332480512.0,-1.0,-1.0,-1.0,0.0,2748.0,1
0.0,84.0,83.875,-1.0,-1.0,-1.0,-1.0,-1.0,-1.0,0.0,332480512.0,-1.0,-1.0,-1.0,0.0,2832.0,1
0.0,86.0,85.792,-1.0,-1.0,-1.0,-1.0,-1.0,-1.0,0.0,332496896.0,-1.0,-1.0,-1.0,0.0,5184.0,1
0.0,88.0,87.666,-1.0,-1.0,-1.0,-1.0,-1.0,-1.0,0.0,332496896.0,-1.0,-1.0,-1.0,0.0,4704.0,1
0.0,84.0,82.875,-1.0,-1.0,-1.0,-1.0,-1.0,-1.0,0.0,332496896.0,-1.0,-1.0,-1.0,0.0,2556.0,1
1.0,93.0,94.625,-1.0,-1.0,-1.0,-1.0,-1.0,-1.0,0.0,332513280.0,-1.0,-1.0,-1.0,0.0,2652.0,1
0.0,99.0,97.875,-1.0,-1.0,-1.0,-1.0,-1.0,-1.0,0.0,332513280.0,-1.0,-1.0,-1.0,0.0,2556.0,1
0.0,97.0,96.209,-1.0,-1.0,-1.0,-1.0,-1.0,-1.0,0.0,332513280.0,-1.0,-1.0,-1.0,0.0,3276.0,1
0.0,98.0,97.417,-1.0,-1.0,-1.0,-1.0,-1.0,-1.0,0.0,332513280.0,-1.0,-1.0,-1.0,0.0,4632.0,1
0.0,98.0,97.125,-1.0,-1.0,-1.0,-1.0,-1.0,-1.0,0.0,332513280.0,-1.0,-1.0,-1.0,0.0,5784.0,1
0.0,91.0,90.5,-1.0,-1.0,-1.0,-1.0,-1.0,-1.0,0.0,332513280.0,-1.0,-1.0,-1.0,0.0,4056.0,1
0.0,81.0,81.041,-1.0,-1.0,-1.0,-1.0,-1.0,-1.0,0.0,332529664.0,-1.0,-1.0,-1.0,0.0,4200.0,1
0.0,82.0,81.875,-1.0,-1.0,-1.0,-1.0,-1.0,-1.0,0.0,332529664.0,-1.0,-1.0,-1.0,0.0,3468.0,1
0.0,82.0,81.0,-1.0,-1.0,-1.0,-1.0,-1.0,-1.0,0.0,332529664.0,-1.0,-1.0,-1.0,0.0,3000.0,1
0.0,83.0,82.125,-1.0,-1.0,-1.0,-1.0,-1.0,-1.0,0.0,332529664.0,-1.0,-1.0,-1.0,0.0,3732.0,1
0.0,82.0,81.583,-1.0,-1.0,-1.0,-1.0,-1.0,-1.0,0.0,332529664.0,-1.0,-1.0,-1.0,0.0,5172.0,1
0.0,80.0,80.334,-1.0,-1.0,-1.0,-1.0,-1.0,-1.0,0.0,332529664.0,-1.0,-1.0,-1.0,0.0,3924.0,1
0.0,77.0,76.417,-1.0,-1.0,-1.0,-1.0,-1.0,-1.0,0.0,332529664.0,-1.0,-1.0,-1.0,0.0,5736.0,1
0.0,84.0,82.417,-1.0,-1.0,-1.0,-1.0,-1.0,-1.0,0.0,332529664.0,-1.0,-1.0,-1.0,0.0,6000.0,1
0.0,82.0,81.75,-1.0,-1.0,-1.0,-1.0,-1.0,-1.0,0.0,332529664.0,-1.0,-1.0,-1.0,0.0,2628.0,1
0.0,84.0,83.792,-1.0,-1.0,-1.0,-1.0,-1.0,-1.0,0.0,332529664.0,-1.0,-1.0,-1.0,0.0,4752.0,1
0.0,81.0,81.375,-1.0,-1.0,-1.0,-1.0,-1.0,-1.0,0.0,332529664.0,-1.0,-1.0,-1.0,0.0,3276.0,1
0.0,83.0,82.0,-1.0,-1.0,-1.0,-1.0,-1.0,-1.0,0.0,332529664.0,-1.0,-1.0,-1.0,0.0,5484.0,1
0.0,84.0,84.042,-1.0,-1.0,-1.0,-1.0,-1.0,-1.0,0.0,332529664.0,-1.0,-1.0,-1.0,0.0,4836.0,1
0.0,70.0,70.833,-1.0,-1.0,-1.0,-1.0,-1.0,-1.0,0.0,332529664.0,-1.0,-1.0,-1.0,0.0,3528.0,1
0.0,81.0,81.083,-1.0,-1.0,-1.0,-1.0,-1.0,-1.0,0.0,332529664.0,-1.0,-1.0,-1.0,0.0,4812.0,1
0.0,85.0,84.333,-1.0,-1.0,-1.0,-1.0,-1.0,-1.0,0.0,332546048.0,-1.0,-1.0,-1.0,0.0,5040.0,1
0.0,81.0,80.791,-1.0,-1.0,-1.0,-1.0,-1.0,-1.0,0.0,332546048.0,-1.0,-1.0,-1.0,0.0,4332.0,1
0.0,81.0,80.833,-1.0,-1.0,-1.0,-1.0,-1.0,-1.0,0.0,332562432.0,-1.0,-1.0,-1.0,0.0,2784.0,1
0.0,72.0,71.375,-1.0,-1.0,-1.0,-1.0,-1.0,-1.0,0.0,332562432.0,-1.0,-1.0,-1.0,0.0,3984.0,1
0.0,80.0,78.958,-1.0,-1.0,-1.0,-1.0,-1.0,-1.0,0.0,332562432.0,-1.0,-1.0,-1.0,0.0,2580.0,1
0.0,81.0,81.542,-1.0,-1.0,-1.0,-1.0,-1.0,-1.0,0.0,332562432.0,-1.0,-1.0,-1.0,0.0,5052.0,1
0.0,82.0,82.375,-1.0,-1.0,-1.0,-1.0,-1.0,-1.0,0.0,332562432.0,-1.0,-1.0,-1.0,0.0,5856.0,1
0.0,72.0,70.208,-1.0,-1.0,-1.0,-1.0,-1.0,-1.0,0.0,332562432.0,-1.0,-1.0,-1.0,0.0,2856.0,1
0.0,80.0,79.5,-1.0,-1.0,-1.0,-1.0,-1.0,-1.0,0.0,332562432.0,-1.0,-1.0,-1.0,0.0,3168.0,1
0.0,71.0,71.333,-1.0,-1.0,-1.0,-1.0,-1.0,-1.0,0.0,332562432.0,-1.0,-1.0,-1.0,0.0,2688.0,1
0.0,82.0,82.208,-1.0,-1.0,-1.0,-1.0,-1.0,-1.0,0.0,332562432.0,-1.0,-1.0,-1.0,0.0,3828.0,1
0.0,71.0,71.041,-1.0,-1.0,-1.0,-1.0,-1.0,-1.0,0.0,332562432.0,-1.0,-1.0,-1.0,0.0,2460.0,1
0.0,84.0,83.709,-1.0,-1.0,-1.0,-1.0,-1.0,-1.0,0.0,332562432.0,-1.0,-1.0,-1.0,0.0,3876.0,1
0.0,80.0,79.458,-1.0,-1.0,-1.0,-1.0,-1.0,-1.0,0.0,332562432.0,-1.0,-1.0,-1.0,0.0,3084.0,1
0.0,80.0,79.833,-1.0,-1.0,-1.0,-1.0,-1.0,-1.0,0.0,332562432.0,-1.0,-1.0,-1.0,0.0,3420.0,1
0.0,89.0,88.958,-1.0,-1.0,-1.0,-1.0,-1.0,-1.0,0.0,332562432.0,-1.0,-1.0,-1.0,0.0,4992.0,1
0.0,82.0,81.834,-1.0,-1.0,-1.0,-1.0,-1.0,-1.0,0.0,332578816.0,-1.0,-1.0,-1.0,0.0,5220.0,1
0.0,88.0,87.5,-1.0,-1.0,-1.0,-1.0,-1.0,-1.0,0.0,332595200.0,-1.0,-1.0,-1.0,0.0,4476.0,1
0.0,80.0,80.041,-1.0,-1.0,-1.0,-1.0,-1.0,-1.0,0.0,332595200.0,-1.0,-1.0,-1.0,0.0,3768.0,1
0.0,79.0,79.291,-1.0,-1.0,-1.0,-1.0,-1.0,-1.0,0.0,332595200.0,-1.0,-1.0,-1.0,0.0,2976.0,1
0.0,88.0,87.167,-1.0,-1.0,-1.0,-1.0,-1.0,-1.0,0.0,332611584.0,-1.0,-1.0,-1.0,0.0,5628.0,1
0.0,80.0,79.625,-1.0,-1.0,-1.0,-1.0,-1.0,-1.0,0.0,332611584.0,-1.0,-1.0,-1.0,0.0,3072.0,1
0.0,72.0,71.208,-1.0,-1.0,-1.0,-1.0,-1.0,-1.0,0.0,332611584.0,-1.0,-1.0,-1.0,0.0,2556.0,1
0.0,84.0,84.5,-1.0,-1.0,-1.0,-1.0,-1.0,-1.0,0.0,332611584.0,-1.0,-1.0,-1.0,0.0,4104.0,1
0.0,82.0,82.0,-1.0,-1.0,-1.0,-1.0,-1.0,-1.0,0.0,332611584.0,-1.0,-1.0,-1.0,0.0,5640.0,1
0.0,79.0,79.042,-1.0,-1.0,-1.0,-1.0,-1.0,-1.0,0.0,332611584.0,-1.0,-1.0,-1.0,0.0,2796.0,1
0.0,89.0,89.625,-1.0,-1.0,-1.0,-1.0,-1.0,-1.0,0.0,332611584.0,-1.0,-1.0,-1.0,0.0,5976.0,1
0.0,89.0,88.5,-1.0,-1.0,-1.0,-1.0,-1.0,-1.0,0.0,332611584.0,-1.0,-1.0,-1.0,0.0,4188.0,1
0.0,87.0,87.083,-1.0,-1.0,-1.0,-1.0,-1.0,-1.0,0.0,332611584.0,-1.0,-1.0,-1.0,0.0,4152.0,1
0.0,75.0,75.167,-1.0,-1.0,-1.0,-1.0,-1.0,-1.0,0.0,332611584.0,-1.0,-1.0,-1.0,0.0,4356.0,1
0.0,84.0,84.083,-1.0,-1.0,-1.0,-1.0,-1.0,-1.0,0.0,332611584.0,-1.0,-1.0,-1.0,0.0,2796.0,1
0.0,74.0,72.875,-1.0,-1.0,-1.0,-1.0,-1.0,-1.0,0.0,332611584.0,-1.0,-1.0,-1.0,0.0,3540.0,1
0.0,84.0,83.167,-1.0,-1.0,-1.0,-1.0,-1.0,-1.0,0.0,332611584.0,-1.0,-1.0,-1.0,0.0,4872.0,1
0.0,76.0,75.541,-1.0,-1.0,-1.0,-1.0,-1.0,-1.0,0.0,332611584.0,-1.0,-1.0,-1.0,0.0,4008.0,1
0.0,82.0,82.375,-1.0,-1.0,-1.0,-1.0,-1.0,-1.0,0.0,332611584.0,-1.0,-1.0,-1.0,0.0,3840.0,1
0.0,90.0,89.75,-1.0,-1.0,-1.0,-1.0,-1.0,-1.0,0.0,332611584.0,-1.0,-1.0,-1.0,0.0,5880.0,1
0.0,81.0,81.0,-1.0,-1.0,-1.0,-1.0,-1.0,-1.0,0.0,332611584.0,-1.0,-1.0,-1.0,0.0,4668.0,1
0.0,84.0,83.833,-1.0,-1.0,-1.0,-1.0,-1.0,-1.0,0.0,332611584.0,-1.0,-1.0,-1.0,0.0,4776.0,1
0.0,83.0,83.125,-1.0,-1.0,-1.0,-1.0,-1.0,-1.0,0.0,332611584.0,-1.0,-1.0,-1.0,0.0,5520.0,1
0.0,87.0,86.708,-1.0,-1.0,-1.0,-1.0,-1.0,-1.0,0.0,332627968.0,-1.0,-1.0,-1.0,0.0,3000.0,1
0.0,86.0,85.834,-1.0,-1.0,-1.0,-1.0,-1.0,-1.0,0.0,332644352.0,-1.0,-1.0,-1.0,0.0,5916.0,1
0.0,84.0,83.458,-1.0,-1.0,-1.0,-1.0,-1.0,-1.0,0.0,332644352.0,-1.0,-1.0,-1.0,0.0,4392.0,1
0.0,82.0,80.5,-1.0,-1.0,-1.0,-1.0,-1.0,-1.0,0.0,332644352.0,-1.0,-1.0,-1.0,0.0,4128.0,1
0.0,83.0,82.542,-1.0,-1.0,-1.0,-1.0,-1.0,-1.0,0.0,332644352.0,-1.0,-1.0,-1.0,0.0,4044.0,1
0.0,82.0,81.875,-1.0,-1.0,-1.0,-1.0,-1.0,-1.0,0.0,332644352.0,-1.0,-1.0,-1.0,0.0,3576.0,1
0.0,86.0,86.166,-1.0,-1.0,-1.0,-1.0,-1.0,-1.0,0.0,332644352.0,-1.0,-1.0,-1.0,0.0,5676.0,1
0.0,75.0,74.416,-1.0,-1.0,-1.0,-1.0,-1.0,-1.0,0.0,332644352.0,-1.0,-1.0,-1.0,0.0,2760.0,1
0.0,85.0,84.5,-1.0,-1.0,-1.0,-1.0,-1.0,-1.0,0.0,332644352.0,-1.0,-1.0,-1.0,0.0,3948.0,1
0.0,87.0,86.458,-1.0,-1.0,-1.0,-1.0,-1.0,-1.0,0.0,332644352.0,-1.0,-1.0,-1.0,0.0,5868.0,1
0.0,84.0,83.25,-1.0,-1.0,-1.0,-1.0,-1.0,-1.0,0.0,332660736.0,-1.0,-1.0,-1.0,0.0,4212.0,1
0.0,83.0,83.042,-1.0,-1.0,-1.0,-1.0,-1.0,-1.0,0.0,332660736.0,-1.0,-1.0,-1.0,0.0,2760.0,1
0.0,85.0,84.083,-1.0,-1.0,-1.0,-1.0,-1.0,-1.0,0.0,332660736.0,-1.0,-1.0,-1.0,0.0,3840.0,1
0.0,84.0,83.583,-1.0,-1.0,-1.0,-1.0,-1.0,-1.0,0.0,332660736.0,-1.0,-1.0,-1.0,0.0,4476.0,1
0.0,83.0,82.584,-1.0,-1.0,-1.0,-1.0,-1.0,-1.0,0.0,332660736.0,-1.0,-1.0,-1.0,0.0,3996.0,1
0.0,87.0,86.292,-1.0,-1.0,-1.0,-1.0,-1.0,-1.0,0.0,332660736.0,-1.0,-1.0,-1.0,0.0,3504.0,1
0.0,86.0,85.958,-1.0,-1.0,-1.0,-1.0,-1.0,-1.0,0.0,332660736.0,-1.0,-1.0,-1.0,0.0,5460.0,1
0.0,87.0,86.0,-1.0,-1.0,-1.0,-1.0,-1.0,-1.0,0.0,332677120.0,-1.0,-1.0,-1.0,0.0,5520.0,1
0.0,92.0,92.458,-1.0,-1.0,-1.0,-1.0,-1.0,-1.0,0.0,332677120.0,-1.0,-1.0,-1.0,0.0,5184.0,1
0.0,84.0,83.625,-1.0,-1.0,-1.0,-1.0,-1.0,-1.0,0.0,332677120.0,-1.0,-1.0,-1.0,0.0,4824.0,1
0.0,89.0,88.958,-1.0,-1.0,-1.0,-1.0,-1.0,-1.0,0.0,332677120.0,-1.0,-1.0,-1.0,0.0,5388.0,1
0.0,83.0,81.708,-1.0,-1.0,-1.0,-1.0,-1.0,-1.0,0.0,332677120.0,-1.0,-1.0,-1.0,0.0,3228.0,1
0.0,83.0,82.167,-1.0,-1.0,-1.0,-1.0,-1.0,-1.0,0.0,332693504.0,-1.0,-1.0,-1.0,0.0,3816.0,1
0.0,91.0,89.708,-1.0,-1.0,-1.0,-1.0,-1.0,-1.0,0.0,332693504.0,-1.0,-1.0,-1.0,0.0,5796.0,1
0.0,84.0,82.583,-1.0,-1.0,-1.0,-1.0,-1.0,-1.0,0.0,332693504.0,-1.0,-1.0,-1.0,0.0,3948.0,1
0.0,84.0,83.0,-1.0,-1.0,-1.0,-1.0,-1.0,-1.0,0.0,332693504.0,-1.0,-1.0,-1.0,0.0,5064.0,1
0.0,75.0,74.75,-1.0,-1.0,-1.0,-1.0,-1.0,-1.0,0.0,332693504.0,-1.0,-1.0,-1.0,0.0,5448.0,1
0.0,87.0,87.042,-1.0,-1.0,-1.0,-1.0,-1.0,-1.0,0.0,332693504.0,-1.0,-1.0,-1.0,0.0,5592.0,1
0.0,81.0,81.5,-1.0,-1.0,-1.0,-1.0,-1.0,-1.0,0.0,332693504.0,-1.0,-1.0,-1.0,0.0,3912.0,1
0.0,85.0,85.875,-1.0,-1.0,-1.0,-1.0,-1.0,-1.0,0.0,332693504.0,-1.0,-1.0,-1.0,0.0,4764.0,1
0.0,70.0,70.291,-1.0,-1.0,-1.0,-1.0,-1.0,-1.0,0.0,332693504.0,-1.0,-1.0,-1.0,0.0,3000.0,1
0.0,72.0,72.167,-1.0,-1.0,-1.0,-1.0,-1.0,-1.0,0.0,332693504.0,-1.0,-1.0,-1.0,0.0,4716.0,1
0.0,83.0,83.458,-1.0,-1.0,-1.0,-1.0,-1.0,-1.0,0.0,332693504.0,-1.0,-1.0,-1.0,0.0,5064.0,1
0.0,82.0,81.25,-1.0,-1.0,-1.0,-1.0,-1.0,-1.0,0.0,332693504.0,-1.0,-1.0,-1.0,0.0,4908.0,1
0.0,82.0,81.542,-1.0,-1.0,-1.0,-1.0,-1.0,-1.0,0.0,332693504.0,-1.0,-1.0,-1.0,0.0,3408.0,1
0.0,83.0,82.666,-1.0,-1.0,-1.0,-1.0,-1.0,-1.0,0.0,332693504.0,-1.0,-1.0,-1.0,0.0,2832.0,1
0.0,72.0,71.834,-1.0,-1.0,-1.0,-1.0,-1.0,-1.0,0.0,332709888.0,-1.0,-1.0,-1.0,0.0,2436.0,1
0.0,73.0,72.833,-1.0,-1.0,-1.0,-1.0,-1.0,-1.0,0.0,332709888.0,-1.0,-1.0,-1.0,0.0,3648.0,1
0.0,74.0,74.667,-1.0,-1.0,-1.0,-1.0,-1.0,-1.0,0.0,332709888.0,-1.0,-1.0,-1.0,0.0,5292.0,1
0.0,81.0,81.166,-1.0,-1.0,-1.0,-1.0,-1.0,-1.0,0.0,332709888.0,-1.0,-1.0,-1.0,0.0,5796.0,1
0.0,100.0,99.708,-1.0,-1.0,-1.0,-1.0,-1.0,-1.0,0.0,332709888.0,-1.0,-1.0,-1.0,0.0,5892.0,1
0.0,88.0,88.375,-1.0,-1.0,-1.0,-1.0,-1.0,-1.0,0.0,332709888.0,-1.0,-1.0,-1.0,0.0,6000.0,1
0.0,83.0,82.542,-1.0,-1.0,-1.0,-1.0,-1.0,-1.0,0.0,332742656.0,-1.0,-1.0,-1.0,0.0,3252.0,1
0.0,87.0,86.291,-1.0,-1.0,-1.0,-1.0,-1.0,-1.0,0.0,332742656.0,-1.0,-1.0,-1.0,0.0,4308.0,1
0.0,83.0,82.958,-1.0,-1.0,-1.0,-1.0,-1.0,-1.0,0.0,332742656.0,-1.0,-1.0,-1.0,0.0,2832.0,1
0.0,74.0,74.25,-1.0,-1.0,-1.0,-1.0,-1.0,-1.0,0.0,332742656.0,-1.0,-1.0,-1.0,0.0,2544.0,1
0.0,85.0,84.875,-1.0,-1.0,-1.0,-1.0,-1.0,-1.0,0.0,332742656.0,-1.0,-1.0,-1.0,0.0,4092.0,1
0.0,86.0,86.042,-1.0,-1.0,-1.0,-1.0,-1.0,-1.0,0.0,332742656.0,-1.0,-1.0,-1.0,0.0,2604.0,1
0.0,89.0,89.25,-1.0,-1.0,-1.0,-1.0,-1.0,-1.0,0.0,332742656.0,-1.0,-1.0,-1.0,0.0,4188.0,1
0.0,83.0,82.584,-1.0,-1.0,-1.0,-1.0,-1.0,-1.0,0.0,332742656.0,-1.0,-1.0,-1.0,0.0,5844.0,1
0.0,81.0,80.417,-1.0,-1.0,-1.0,-1.0,-1.0,-1.0,0.0,332742656.0,-1.0,-1.0,-1.0,0.0,2508.0,1
0.0,81.0,81.041,-1.0,-1.0,-1.0,-1.0,-1.0,-1.0,0.0,332742656.0,-1.0,-1.0,-1.0,0.0,3648.0,1
0.0,80.0,80.791,-1.0,-1.0,-1.0,-1.0,-1.0,-1.0,0.0,332742656.0,-1.0,-1.0,-1.0,0.0,2916.0,1
0.0,83.0,81.958,-1.0,-1.0,-1.0,-1.0,-1.0,-1.0,0.0,332742656.0,-1.0,-1.0,-1.0,0.0,5544.0,1
0.0,82.0,82.25,-1.0,-1.0,-1.0,-1.0,-1.0,-1.0,0.0,332742656.0,-1.0,-1.0,-1.0,0.0,3828.0,1
0.0,81.0,81.792,-1.0,-1.0,-1.0,-1.0,-1.0,-1.0,0.0,332742656.0,-1.0,-1.0,-1.0,0.0,5340.0,1
0.0,79.0,79.083,-1.0,-1.0,-1.0,-1.0,-1.0,-1.0,0.0,332742656.0,-1.0,-1.0,-1.0,0.0,2832.0,1
0.0,82.0,81.625,-1.0,-1.0,-1.0,-1.0,-1.0,-1.0,0.0,332759040.0,-1.0,-1.0,-1.0,0.0,5196.0,1
0.0,82.0,81.792,-1.0,-1.0,-1.0,-1.0,-1.0,-1.0,0.0,332759040.0,-1.0,-1.0,-1.0,0.0,5388.0,1
0.0,83.0,82.083,-1.0,-1.0,-1.0,-1.0,-1.0,-1.0,0.0,332759040.0,-1.0,-1.0,-1.0,0.0,5544.0,1
0.0,81.0,81.083,-1.0,-1.0,-1.0,-1.0,-1.0,-1.0,0.0,332759040.0,-1.0,-1.0,-1.0,0.0,4728.0,1
0.0,82.0,82.209,-1.0,-1.0,-1.0,-1.0,-1.0,-1.0,0.0,332759040.0,-1.0,-1.0,-1.0,0.0,3816.0,1
0.0,81.0,80.125,-1.0,-1.0,-1.0,-1.0,-1.0,-1.0,0.0,332759040.0,-1.0,-1.0,-1.0,0.0,3744.0,1
0.0,85.0,85.084,-1.0,-1.0,-1.0,-1.0,-1.0,-1.0,0.0,332775424.0,-1.0,-1.0,-1.0,0.0,5544.0,1
0.0,80.0,80.0,-1.0,-1.0,-1.0,-1.0,-1.0,-1.0,0.0,332775424.0,-1.0,-1.0,-1.0,0.0,3732.0,1
0.0,81.0,80.542,-1.0,-1.0,-1.0,-1.0,-1.0,-1.0,0.0,332775424.0,-1.0,-1.0,-1.0,0.0,2772.0,1
0.0,81.0,81.125,-1.0,-1.0,-1.0,-1.0,-1.0,-1.0,0.0,332775424.0,-1.0,-1.0,-1.0,0.0,4608.0,1
0.0,71.0,71.5,-1.0,-1.0,-1.0,-1.0,-1.0,-1.0,0.0,332775424.0,-1.0,-1.0,-1.0,0.0,2724.0,1
0.0,81.0,81.917,-1.0,-1.0,-1.0,-1.0,-1.0,-1.0,0.0,332775424.0,-1.0,-1.0,-1.0,0.0,5508.0,1
0.0,78.0,78.792,-1.0,-1.0,-1.0,-1.0,-1.0,-1.0,0.0,332775424.0,-1.0,-1.0,-1.0,0.0,2592.0,1
0.0,80.0,80.0,-1.0,-1.0,-1.0,-1.0,-1.0,-1.0,0.0,332775424.0,-1.0,-1.0,-1.0,0.0,3696.0,1
0.0,132.0,132.292,-1.0,-1.0,-1.0,-1.0,-1.0,-1.0,0.0,332775424.0,-1.0,-1.0,-1.0,1330.0,0.0,1
0.0,92.0,91.875,-1.0,-1.0,-1.0,-1.0,-1.0,-1.0,0.0,332775424.0,-1.0,-1.0,-1.0,875.0,0.0,1
0.0,94.0,93.25,-1.0,-1.0,-1.0,-1.0,-1.0,-1.0,0.0,332791808.0,-1.0,-1.0,-1.0,890.0,0.0,1
0.0,91.0,91.5,-1.0,-1.0,-1.0,-1.0,-1.0,-1.0,0.0,332808192.0,-1.0,-1.0,-1.0,870.0,0.0,1
0.0,61.0,60.291,-1.0,-1.0,-1.0,-1.0,-1.0,-1.0,0.0,332808192.0,-1.0,-1.0,-1.0,520.0,0.0,1
0.0,93.0,92.417,-1.0,-1.0,-1.0,-1.0,-1.0,-1.0,0.0,332808192.0,-1.0,-1.0,-1.0,880.0,0.0,1
0.0,125.0,124.75,-1.0,-1.0,-1.0,-1.0,-1.0,-1.0,0.0,332808192.0,-1.0,-1.0,-1.0,1245.0,0.0,1
0.0,75.0,74.584,-1.0,-1.0,-1.0,-1.0,-1.0,-1.0,0.0,332808192.0,-1.0,-1.0,-1.0,680.0,0.0,1
0.0,63.0,62.583,-1.0,-1.0,-1.0,-1.0,-1.0,-1.0,0.0,332808192.0,-1.0,-1.0,-1.0,545.0,0.0,1
0.0,84.0,83.5,-1.0,-1.0,-1.0,-1.0,-1.0,-1.0,0.0,332808192.0,-1.0,-1.0,-1.0,780.0,0.0,1
0.0,99.0,98.458,-1.0,-1.0,-1.0,-1.0,-1.0,-1.0,0.0,332808192.0,-1.0,-1.0,-1.0,950.0,0.0,1
0.0,110.0,109.667,-1.0,-1.0,-1.0,-1.0,-1.0,-1.0,0.0,332808192.0,-1.0,-1.0,-1.0,1075.0,0.0,1
0.0,67.0,66.958,-1.0,-1.0,-1.0,-1.0,-1.0,-1.0,0.0,332824576.0,-1.0,-1.0,-1.0,595.0,0.0,1
0.0,69.0,68.791,-1.0,-1.0,-1.0,-1.0,-1.0,-1.0,0.0,332824576.0,-1.0,-1.0,-1.0,615.0,0.0,1
0.0,87.0,86.834,-1.0,-1.0,-1.0,-1.0,-1.0,-1.0,0.0,332824576.0,-1.0,-1.0,-1.0,820.0,0.0,1
0.0,104.0,103.792,-1.0,-1.0,-1.0,-1.0,-1.0,-1.0,0.0,332824576.0,-1.0,-1.0,-1.0,1010.0,0.0,1
0.0,69.0,68.709,-1.0,-1.0,-1.0,-1.0,-1.0,-1.0,0.0,332824576.0,-1.0,-1.0,-1.0,615.0,0.0,1
0.0,124.0,123.417,-1.0,-1.0,-1.0,-1.0,-1.0,-1.0,0.0,332824576.0,-1.0,-1.0,-1.0,1230.0,0.0,1
0.0,67.0,66.916,-1.0,-1.0,-1.0,-1.0,-1.0,-1.0,0.0,332824576.0,-1.0,-1.0,-1.0,595.0,0.0,1
0.0,138.0,137.667,-1.0,-1.0,-1.0,-1.0,-1.0,-1.0,0.0,332824576.0,-1.0,-1.0,-1.0,1390.0,0.0,1
0.0,90.0,88.375,-1.0,-1.0,-1.0,-1.0,-1.0,-1.0,0.0,332824576.0,-1.0,-1.0,-1.0,835.0,0.0,1
0.0,62.0,61.791,-1.0,-1.0,-1.0,-1.0,-1.0,-1.0,0.0,332824576.0,-1.0,-1.0,-1.0,535.0,0.0,1
0.0,60.0,60.708,-1.0,-1.0,-1.0,-1.0,-1.0,-1.0,0.0,332824576.0,-1.0,-1.0,-1.0,525.0,0.0,1
0.0,130.0,128.292,-1.0,-1.0,-1.0,-1.0,-1.0,-1.0,0.0,332824576.0,-1.0,-1.0,-1.0,1285.0,0.0,1
0.0,81.0,80.792,-1.0,-1.0,-1.0,-1.0,-1.0,-1.0,0.0,332824576.0,-1.0,-1.0,-1.0,750.0,0.0,1
0.0,100.0,99.708,-1.0,-1.0,-1.0,-1.0,-1.0,-1.0,0.0,332824576.0,-1.0,-1.0,-1.0,965.0,0.0,1
0.0,125.0,125.083,-1.0,-1.0,-1.0,-1.0,-1.0,-1.0,0.0,332840960.0,-1.0,-1.0,-1.0,1250.0,0.0,1
0.0,90.0,89.166,-1.0,-1.0,-1.0,-1.0,-1.0,-1.0,0.0,332840960.0,-1.0,-1.0,-1.0,845.0,0.0,1
0.0,117.0,117.083,-1.0,-1.0,-1.0,-1.0,-1.0,-1.0,0.0,332840960.0,-1.0,-1.0,-1.0,1160.0,0.0,1
0.0,117.0,117.542,-1.0,-1.0,-1.0,-1.0,-1.0,-1.0,0.0,332840960.0,-1.0,-1.0,-1.0,1165.0,0.0,1
0.0,106.0,106.0,-1.0,-1.0,-1.0,-1.0,-1.0,-1.0,0.0,332840960.0,-1.0,-1.0,-1.0,1035.0,0.0,1
0.0,113.0,111.334,-1.0,-1.0,-1.0,-1.0,-1.0,-1.0,0.0,332840960.0,-1.0,-1.0,-1.0,1095.0,0.0,1
0.0,137.0,137.083,-1.0,-1.0,-1.0,-1.0,-1.0,-1.0,0.0,332857344.0,-1.0,-1.0,-1.0,1385.0,0.0,1
0.0,60.0,60.042,-1.0,-1.0,-1.0,-1.0,-1.0,-1.0,0.0,332857344.0,-1.0,-1.0,-1.0,515.0,0.0,1
0.0,98.0,97.083,-1.0,-1.0,-1.0,-1.0,-1.0,-1.0,0.0,332857344.0,-1.0,-1.0,-1.0,935.0,0.0,1
0.0,117.0,117.167,-1.0,-1.0,-1.0,-1.0,-1.0,-1.0,0.0,332873728.0,-1.0,-1.0,-1.0,1160.0,0.0,1
0.0,141.0,141.417,-1.0,-1.0,-1.0,-1.0,-1.0,-1.0,0.0,332873728.0,-1.0,-1.0,-1.0,1420.0,0.0,1
0.0,76.0,75.458,-1.0,-1.0,-1.0,-1.0,-1.0,-1.0,0.0,332873728.0,-1.0,-1.0,-1.0,690.0,0.0,1
0.0,112.0,111.542,-1.0,-1.0,-1.0,-1.0,-1.0,-1.0,0.0,332890112.0,-1.0,-1.0,-1.0,1095.0,0.0,1
0.0,133.0,132.667,-1.0,-1.0,-1.0,-1.0,-1.0,-1.0,0.0,332890112.0,-1.0,-1.0,-1.0,1335.0,0.0,1
0.0,91.0,91.0,-1.0,-1.0,-1.0,-1.0,-1.0,-1.0,0.0,332890112.0,-1.0,-1.0,-1.0,865.0,0.0,1
0.0,64.0,63.125,-1.0,-1.0,-1.0,-1.0,-1.0,-1.0,0.0,332890112.0,-1.0,-1.0,-1.0,550.0,0.0,1
0.0,136.0,136.208,-1.0,-1.0,-1.0,-1.0,-1.0,-1.0,0.0,332890112.0,-1.0,-1.0,-1.0,1375.0,0.0,1
0.0,155.0,154.875,-1.0,-1.0,-1.0,-1.0,-1.0,-1.0,0.0,332890112.0,-1.0,-1.0,-1.0,1370.0,0.0,1
1.0,142.0,143.292,-1.0,-1.0,-1.0,-1.0,-1.0,-1.0,0.0,332890112.0,-1.0,-1.0,-1.0,1250.0,0.0,1
0.0,71.0,70.5,-1.0,-1.0,-1.0,-1.0,-1.0,-1.0,0.0,332890112.0,-1.0,-1.0,-1.0,560.0,0.0,1
0.0,64.0,63.5,-1.0,-1.0,-1.0,-1.0,-1.0,-1.0,0.0,332890112.0,-1.0,-1.0,-1.0,535.0,0.0,1
0.0,84.0,83.625,-1.0,-1.0,-1.0,-1.0,-1.0,-1.0,0.0,332890112.0,-1.0,-1.0,-1.0,760.0,0.0,1
0.0,132.0,131.583,-1.0,-1.0,-1.0,-1.0,-1.0,-1.0,0.0,332890112.0,-1.0,-1.0,-1.0,1195.0,0.0,1
0.0,70.0,70.541,-1.0,-1.0,-1.0,-1.0,-1.0,-1.0,0.0,332890112.0,-1.0,-1.0,-1.0,635.0,0.0,1
0.0,129.0,129.334,-1.0,-1.0,-1.0,-1.0,-1.0,-1.0,0.0,332890112.0,-1.0,-1.0,-1.0,1250.0,0.0,1
0.0,77.0,77.0,-1.0,-1.0,-1.0,-1.0,-1.0,-1.0,0.0,332890112.0,-1.0,-1.0,-1.0,665.0,0.0,1
0.0,116.0,115.834,-1.0,-1.0,-1.0,-1.0,-1.0,-1.0,0.0,332890112.0,-1.0,-1.0,-1.0,1055.0,0.0,1
0.0,103.0,102.083,-1.0,-1.0,-1.0,-1.0,-1.0,-1.0,0.0,332906496.0,-1.0,-1.0,-1.0,895.0,0.0,1
0.0,143.0,142.083,-1.0,-1.0,-1.0,-1.0,-1.0,-1.0,0.0,332906496.0,-1.0,-1.0,-1.0,1350.0,0.0,1
0.0,101.0,99.583,-1.0,-1.0,-1.0,-1.0,-1.0,-1.0,0.0,332906496.0,-1.0,-1.0,-1.0,875.0,0.0,1
0.0,135.0,133.917,-1.0,-1.0,-1.0,-1.0,-1.0,-1.0,0.0,332906496.0,-1.0,-1.0,-1.0,1265.0,0.0,1
0.0,95.0,95.167,-1.0,-1.0,-1.0,-1.0,-1.0,-1.0,0.0,332906496.0,-1.0,-1.0,-1.0,865.0,0.0,1
0.0,69.0,68.916,-1.0,-1.0,-1.0,-1.0,-1.0,-1.0,0.0,332906496.0,-1.0,-1.0,-1.0,570.0,0.0,1
0.0,84.0,83.167,-1.0,-1.0,-1.0,-1.0,-1.0,-1.0,0.0,332906496.0,-1.0,-1.0,-1.0,730.0,0.0,1
0.0,100.0,99.208,-1.0,-1.0,-1.0,-1.0,-1.0,-1.0,0.0,332906496.0,-1.0,-1.0,-1.0,875.0,0.0,1
0.0,119.0,119.375,-1.0,-1.0,-1.0,-1.0,-1.0,-1.0,0.0,332906496.0,-1.0,-1.0,-1.0,1185.0,0.0,1
0.0,151.0,150.792,-1.0,-1.0,-1.0,-1.0,-1.0,-1.0,0.0,332906496.0,-1.0,-1.0,-1.0,1495.0,0.0,1
0.0,126.0,126.416,-1.0,-1.0,-1.0,-1.0,-1.0,-1.0,0.0,332906496.0,-1.0,-1.0,-1.0,1265.0,0.0,1
0.0,136.0,135.208,-1.0,-1.0,-1.0,-1.0,-1.0,-1.0,0.0,332906496.0,-1.0,-1.0,-1.0,1270.0,0.0,1
0.0,140.0,140.5,-1.0,-1.0,-1.0,-1.0,-1.0,-1.0,0.0,332906496.0,-1.0,-1.0,-1.0,1340.0,0.0,1
0.0,109.0,107.333,-1.0,-1.0,-1.0,-1.0,-1.0,-1.0,0.0,332922880.0,-1.0,-1.0,-1.0,1005.0,0.0,1
0.0,124.0,122.792,-1.0,-1.0,-1.0,-1.0,-1.0,-1.0,0.0,332939264.0,-1.0,-1.0,-1.0,1135.0,0.0,1
0.0,117.0,116.583,-1.0,-1.0,-1.0,-1.0,-1.0,-1.0,0.0,332939264.0,-1.0,-1.0,-1.0,1065.0,0.0,1
0.0,120.0,120.291,-1.0,-1.0,-1.0,-1.0,-1.0,-1.0,0.0,332939264.0,-1.0,-1.0,-1.0,1170.0,0.0,1
0.0,123.0,123.458,-1.0,-1.0,-1.0,-1.0,-1.0,-1.0,0.0,332939264.0,-1.0,-1.0,-1.0,1205.0,0.0,1
0.0,88.0,88.5,-1.0,-1.0,-1.0,-1.0,-1.0,-1.0,0.0,332939264.0,-1.0,-1.0,-1.0,815.0,0.0,1
0.0,83.0,83.5,-1.0,-1.0,-1.0,-1.0,-1.0,-1.0,0.0,332939264.0,-1.0,-1.0,-1.0,780.0,0.0,1
0.0,99.0,98.291,-1.0,-1.0,-1.0,-1.0,-1.0,-1.0,0.0,332955648.0,-1.0,-1.0,-1.0,920.0,0.0,1
0.0,86.0,85.625,-1.0,-1.0,-1.0,-1.0,-1.0,-1.0,0.0,332972032.0,-1.0,-1.0,-1.0,755.0,0.0,1
0.0,73.0,72.709,-1.0,-1.0,-1.0,-1.0,-1.0,-1.0,0.0,332972032.0,-1.0,-1.0,-1.0,660.0,0.0,1
0.0,146.0,146.084,-1.0,-1.0,-1.0,-1.0,-1.0,-1.0,0.0,332972032.0,-1.0,-1.0,-1.0,1455.0,0.0,1
0.0,129.0,129.541,-1.0,-1.0,-1.0,-1.0,-1.0,-1.0,0.0,332972032.0,-1.0,-1.0,-1.0,1300.0,0.0,1
0.0,147.0,146.417,-1.0,-1.0,-1.0,-1.0,-1.0,-1.0,0.0,332972032.0,-1.0,-1.0,-1.0,1470.0,0.0,1
0.0,131.0,130.416,-1.0,-1.0,-1.0,-1.0,-1.0,-1.0,0.0,332972032.0,-1.0,-1.0,-1.0,1310.0,0.0,1
0.0,98.0,97.666,-1.0,-1.0,-1.0,-1.0,-1.0,-1.0,0.0,332972032.0,-1.0,-1.0,-1.0,940.0,0.0,1
0.0,67.0,66.167,-1.0,-1.0,-1.0,-1.0,-1.0,-1.0,0.0,332972032.0,-1.0,-1.0,-1.0,585.0,0.0,1
0.0,80.0,79.666,-1.0,-1.0,-1.0,-1.0,-1.0,-1.0,0.0,332972032.0,-1.0,-1.0,-1.0,720.0,0.0,1
0.0,94.0,94.541,-1.0,-1.0,-1.0,-1.0,-1.0,-1.0,0.0,332972032.0,-1.0,-1.0,-1.0,885.0,0.0,1
0.0,127.0,125.084,-1.0,-1.0,-1.0,-1.0,-1.0,-1.0,0.0,332972032.0,-1.0,-1.0,-1.0,1250.0,0.0,1
0.0,92.0,91.375,-1.0,-1.0,-1.0,-1.0,-1.0,-1.0,0.0,332972032.0,-1.0,-1.0,-1.0,870.0,0.0,1
0.0,127.0,127.292,-1.0,-1.0,-1.0,-1.0,-1.0,-1.0,0.0,332972032.0,-1.0,-1.0,-1.0,1250.0,0.0,1
0.0,84.0,83.75,-1.0,-1.0,-1.0,-1.0,-1.0,-1.0,0.0,332972032.0,-1.0,-1.0,-1.0,770.0,0.0,1
0.0,97.0,96.625,-1.0,-1.0,-1.0,-1.0,-1.0,-1.0,0.0,332972032.0,-1.0,-1.0,-1.0,930.0,0.0,1
0.0,134.0,133.417,-1.0,-1.0,-1.0,-1.0,-1.0,-1.0,0.0,332972032.0,-1.0,-1.0,-1.0,1345.0,0.0,1
0.0,90.0,90.25,-1.0,-1.0,-1.0,-1.0,-1.0,-1.0,0.0,332972032.0,-1.0,-1.0,-1.0,855.0,0.0,1
0.0,152.0,150.958,-1.0,-1.0,-1.0,-1.0,-1.0,-1.0,0.0,332972032.0,-1.0,-1.0,-1.0,1455.0,0.0,1
0.0,75.0,75.166,-1.0,-1.0,-1.0,-1.0,-1.0,-1.0,0.0,332972032.0,-1.0,-1.0,-1.0,670.0,0.0,1
0.0,84.0,83.166,-1.0,-1.0,-1.0,-1.0,-1.0,-1.0,0.0,332972032.0,-1.0,-1.0,-1.0,740.0,0.0,1
0.0,62.0,62.75,-1.0,-1.0,-1.0,-1.0,-1.0,-1.0,0.0,332988416.0,-1.0,-1.0,-1.0,520.0,0.0,1
0.0,139.0,138.208,-1.0,-1.0,-1.0,-1.0,-1.0,-1.0,0.0,332988416.0,-1.0,-1.0,-1.0,1375.0,0.0,1
0.0,102.0,101.542,-1.0,-1.0,-1.0,-1.0,-1.0,-1.0,0.0,332988416.0,-1.0,-1.0,-1.0,985.0,0.0,1
0.0,104.0,103.334,-1.0,-1.0,-1.0,-1.0,-1.0,-1.0,0.0,332988416.0,-1.0,-1.0,-1.0,1005.0,0.0,1
0.0,78.0,78.0,-1.0,-1.0,-1.0,-1.0,-1.0,-1.0,0.0,332988416.0,-1.0,-1.0,-1.0,720.0,0.0,1
0.0,89.0,87.375,-1.0,-1.0,-1.0,-1.0,-1.0,-1.0,0.0,333004800.0,-1.0,-1.0,-1.0,825.0,0.0,1
0.0,121.0,120.292,-1.0,-1.0,-1.0,-1.0,-1.0,-1.0,0.0,333004800.0,-1.0,-1.0,-1.0,1195.0,0.0,1
0.0,73.0,72.792,-1.0,-1.0,-1.0,-1.0,-1.0,-1.0,0.0,333004800.0,-1.0,-1.0,-1.0,660.0,0.0,1
0.0,140.0,140.083,-1.0,-1.0,-1.0,-1.0,-1.0,-1.0,0.0,333004800.0,-1.0,-1.0,-1.0,1415.0,0.0,1
0.0,79.0,78.875,-1.0,-1.0,-1.0,-1.0,-1.0,-1.0,0.0,333004800.0,-1.0,-1.0,-1.0,730.0,0.0,1
0.0,142.0,142.417,-1.0,-1.0,-1.0,-1.0,-1.0,-1.0,0.0,333004800.0,-1.0,-1.0,-1.0,1445.0,0.0,1
0.0,84.0,83.292,-1.0,-1.0,-1.0,-1.0,-1.0,-1.0,0.0,333004800.0,-1.0,-1.0,-1.0,780.0,0.0,1
0.0,140.0,140.167,-1.0,-1.0,-1.0,-1.0,-1.0,-1.0,0.0,333021184.0,-1.0,-1.0,-1.0,1385.0,0.0,1
0.0,140.0,139.291,-1.0,-1.0,-1.0,-1.0,-1.0,-1.0,0.0,333021184.0,-1.0,-1.0,-1.0,1410.0,0.0,1
0.0,130.0,129.625,-1.0,-1.0,-1.0,-1.0,-1.0,-1.0,0.0,333021184.0,-1.0,-1.0,-1.0,1300.0,0.0,1
0.0,128.0,125.958,-1.0,-1.0,-1.0,-1.0,-1.0,-1.0,0.0,333021184.0,-1.0,-1.0,-1.0,1260.0,0.0,1
0.0,89.0,89.334,-1.0,-1.0,-1.0,-1.0,-1.0,-1.0,0.0,333021184.0,-1.0,-1.0,-1.0,845.0,0.0,1
0.0,144.0,144.166,-1.0,-1.0,-1.0,-1.0,-1.0,-1.0,0.0,333037568.0,-1.0,-1.0,-1.0,1465.0,0.0,1
0.0,130.0,129.542,-1.0,-1.0,-1.0,-1.0,-1.0,-1.0,0.0,333037568.0,-1.0,-1.0,-1.0,1300.0,0.0,1
0.0,82.0,81.625,-1.0,-1.0,-1.0,-1.0,-1.0,-1.0,0.0,333037568.0,-1.0,-1.0,-1.0,760.0,0.0,1
0.0,119.0,118.041,-1.0,-1.0,-1.0,-1.0,-1.0,-1.0,0.0,333053952.0,-1.0,-1.0,-1.0,1170.0,0.0,1
0.0,89.0,88.709,-1.0,-1.0,-1.0,-1.0,-1.0,-1.0,0.0,333053952.0,-1.0,-1.0,-1.0,840.0,0.0,1
0.0,148.0,147.333,-1.0,-1.0,-1.0,-1.0,-1.0,-1.0,0.0,333053952.0,-1.0,-1.0,-1.0,1500.0,0.0,1
0.0,77.0,76.833,-1.0,-1.0,-1.0,-1.0,-1.0,-1.0,0.0,333053952.0,-1.0,-1.0,-1.0,705.0,0.0,1
0.0,117.0,117.083,-1.0,-1.0,-1.0,-1.0,-1.0,-1.0,0.0,333053952.0,-1.0,-1.0,-1.0,1160.0,0.0,1
0.0,104.0,102.5,-1.0,-1.0,-1.0,-1.0,-1.0,-1.0,0.0,333053952.0,-1.0,-1.0,-1.0,995.0,0.0,1
0.0,103.0,102.875,-1.0,-1.0,-1.0,-1.0,-1.0,-1.0,0.0,333053952.0,-1.0,-1.0,-1.0,1000.0,0.0,1
0.0,132.0,132.666,-1.0,-1.0,-1.0,-1.0,-1.0,-1.0,0.0,333053952.0,-1.0,-1.0,-1.0,1335.0,0.0,1
0.0,120.0,119.792,-1.0,-1.0,-1.0,-1.0,-1.0,-1.0,0.0,333053952.0,-1.0,-1.0,-1.0,1190.0,0.0,1
0.0,100.0,100.042,-1.0,-1.0,-1.0,-1.0,-1.0,-1.0,0.0,333053952.0,-1.0,-1.0,-1.0,965.0,0.0,1
0.0,71.0,70.625,-1.0,-1.0,-1.0,-1.0,-1.0,-1.0,0.0,333053952.0,-1.0,-1.0,-1.0,635.0,0.0,1
0.0,97.0,96.708,-1.0,-1.0,-1.0,-1.0,-1.0,-1.0,0.0,333053952.0,-1.0,-1.0,-1.0,930.0,0.0,1
0.0,89.0,87.041,-1.0,-1.0,-1.0,-1.0,-1.0,-1.0,0.0,333053952.0,-1.0,-1.0,-1.0,820.0,0.0,1
0.0,129.0,128.625,-1.0,-1.0,-1.0,-1.0,-1.0,-1.0,0.0,333053952.0,-1.0,-1.0,-1.0,1290.0,0.0,1
0.0,101.0,100.375,-1.0,-1.0,-1.0,-1.0,-1.0,-1.0,0.0,333053952.0,-1.0,-1.0,-1.0,970.0,0.0,1
0.0,114.0,113.042,-1.0,-1.0,-1.0,-1.0,-1.0,-1.0,0.0,333053952.0,-1.0,-1.0,-1.0,1115.0,0.0,1
1.0,107.0,109.125,-1.0,-1.0,-1.0,-1.0,-1.0,-1.0,0.0,333070336.0,-1.0,-1.0,-1.0,1075.0,0.0,1
0.0,133.0,133.125,-1.0,-1.0,-1.0,-1.0,-1.0,-1.0,0.0,333070336.0,-1.0,-1.0,-1.0,1450.0,0.0,1
0.0,110.0,109.209,-1.0,-1.0,-1.0,-1.0,-1.0,-1.0,0.0,333070336.0,-1.0,-1.0,-1.0,1185.0,0.0,1
0.0,91.0,90.917,-1.0,-1.0,-1.0,-1.0,-1.0,-1.0,0.0,333070336.0,-1.0,-1.0,-1.0,920.0,0.0,1
0.0,65.0,63.625,-1.0,-1.0,-1.0,-1.0,-1.0,-1.0,0.0,333086720.0,-1.0,-1.0,-1.0,630.0,0.0,1
0.0,138.0,137.667,-1.0,-1.0,-1.0,-1.0,-1.0,-1.0,0.0,333086720.0,-1.0,-1.0,-1.0,1410.0,0.0,1
0.0,86.0,85.083,-1.0,-1.0,-1.0,-1.0,-1.0,-1.0,0.0,333086720.0,-1.0,-1.0,-1.0,900.0,0.0,1
0.0,93.0,93.084,-1.0,-1.0,-1.0,-1.0,-1.0,-1.0,0.0,333086720.0,-1.0,-1.0,-1.0,1005.0,0.0,1
0.0,74.0,74.833,-1.0,-1.0,-1.0,-1.0,-1.0,-1.0,0.0,333086720.0,-1.0,-1.0,-1.0,720.0,0.0,1
0.0,92.0,92.042,-1.0,-1.0,-1.0,-1.0,-1.0,-1.0,0.0,333086720.0,-1.0,-1.0,-1.0,955.0,0.0,1
0.0,39.0,38.75,-1.0,-1.0,-1.0,-1.0,-1.0,-1.0,0.0,333086720.0,-1.0,-1.0,-1.0,865.0,0.0,1
0.0,64.0,63.25,-1.0,-1.0,-1.0,-1.0,-1.0,-1.0,0.0,333086720.0,-1.0,-1.0,-1.0,530.0,0.0,1
0.0,58.0,58.167,-1.0,-1.0,-1.0,-1.0,-1.0,-1.0,0.0,333086720.0,-1.0,-1.0,-1.0,560.0,0.0,1
0.0,74.0,74.458,-1.0,-1.0,-1.0,-1.0,-1.0,-1.0,0.0,333086720.0,-1.0,-1.0,-1.0,740.0,0.0,1
0.0,102.0,101.042,-1.0,-1.0,-1.0,-1.0,-1.0,-1.0,0.0,333086720.0,-1.0,-1.0,-1.0,1050.0,0.0,1
0.0,71.0,70.375,-1.0,-1.0,-1.0,-1.0,-1.0,-1.0,0.0,333086720.0,-1.0,-1.0,-1.0,715.0,0.0,1
0.0,56.0,54.875,-1.0,-1.0,-1.0,-1.0,-1.0,-1.0,0.0,333103104.0,-1.0,-1.0,-1.0,1455.0,0.0,1
0.0,131.0,131.417,-1.0,-1.0,-1.0,-1.0,-1.0,-1.0,0.0,333119488.0,-1.0,-1.0,-1.0,1385.0,0.0,1
0.0,106.0,105.834,-1.0,-1.0,-1.0,-1.0,-1.0,-1.0,0.0,333119488.0,-1.0,-1.0,-1.0,1170.0,0.0,1
0.0,36.0,36.667,-1.0,-1.0,-1.0,-1.0,-1.0,-1.0,0.0,333119488.0,-1.0,-1.0,-1.0,805.0,0.0,1
0.0,128.0,127.5,-1.0,-1.0,-1.0,-1.0,-1.0,-1.0,0.0,333119488.0,-1.0,-1.0,-1.0,1390.0,0.0,1
0.0,99.0,99.042,-1.0,-1.0,-1.0,-1.0,-1.0,-1.0,0.0,333119488.0,-1.0,-1.0,-1.0,1030.0,0.0,1
0.0,54.0,54.709,-1.0,-1.0,-1.0,-1.0,-1.0,-1.0,0.0,333119488.0,-1.0,-1.0,-1.0,1245.0,0.0,1
0.0,30.0,29.25,-1.0,-1.0,-1.0,-1.0,-1.0,-1.0,0.0,333119488.0,-1.0,-1.0,-1.0,540.0,0.0,1
0.0,69.0,68.5,-1.0,-1.0,-1.0,-1.0,-1.0,-1.0,0.0,333119488.0,-1.0,-1.0,-1.0,640.0,0.0,1
0.0,102.0,101.292,-1.0,-1.0,-1.0,-1.0,-1.0,-1.0,0.0,333135872.0,-1.0,-1.0,-1.0,1055.0,0.0,1
0.0,104.0,104.167,-1.0,-1.0,-1.0,-1.0,-1.0,-1.0,0.0,333135872.0,-1.0,-1.0,-1.0,1140.0,0.0,1
0.0,49.0,47.584,-1.0,-1.0,-1.0,-1.0,-1.0,-1.0,0.0,333135872.0,-1.0,-1.0,-1.0,1060.0,0.0,1
0.0,43.0,42.166,-1.0,-1.0,-1.0,-1.0,-1.0,-1.0,0.0,333135872.0,-1.0,-1.0,-1.0,935.0,0.0,1
0.0,61.0,61.375,-1.0,-1.0,-1.0,-1.0,-1.0,-1.0,0.0,333135872.0,-1.0,-1.0,-1.0,600.0,0.0,1
0.0,66.0,65.0,-1.0,-1.0,-1.0,-1.0,-1.0,-1.0,0.0,333135872.0,-1.0,-1.0,-1.0,645.0,0.0,1
0.0,112.0,111.792,-1.0,-1.0,-1.0,-1.0,-1.0,-1.0,0.0,333135872.0,-1.0,-1.0,-1.0,1240.0,0.0,1
0.0,103.0,102.666,-1.0,-1.0,-1.0,-1.0,-1.0,-1.0,0.0,333152256.0,-1.0,-1.0,-1.0,1070.0,0.0,1
0.0,75.0,74.875,-1.0,-1.0,-1.0,-1.0,-1.0,-1.0,0.0,333152256.0,-1.0,-1.0,-1.0,710.0,0.0,1
0.0,72.0,72.375,-1.0,-1.0,-1.0,-1.0,-1.0,-1.0,0.0,333152256.0,-1.0,-1.0,-1.0,670.0,0.0,1
0.0,125.0,124.375,-1.0,-1.0,-1.0,-1.0,-1.0,-1.0,0.0,333152256.0,-1.0,-1.0,-1.0,1350.0,0.0,1
0.0,106.0,104.333,-1.0,-1.0,-1.0,-1.0,-1.0,-1.0,0.0,333152256.0,-1.0,-1.0,-1.0,1090.0,0.0,1
0.0,110.0,110.166,-1.0,-1.0,-1.0,-1.0,-1.0,-1.0,0.0,333152256.0,-1.0,-1.0,-1.0,1225.0,0.0,1
0.0,84.0,84.125,-1.0,-1.0,-1.0,-1.0,-1.0,-1.0,0.0,333152256.0,-1.0,-1.0,-1.0,840.0,0.0,1
0.0,80.0,80.208,-1.0,-1.0,-1.0,-1.0,-1.0,-1.0,0.0,333152256.0,-1.0,-1.0,-1.0,840.0,0.0,1
0.0,91.0,90.542,-1.0,-1.0,-1.0,-1.0,-1.0,-1.0,0.0,333152256.0,-1.0,-1.0,-1.0,970.0,0.0,1
0.0,45.0,45.208,-1.0,-1.0,-1.0,-1.0,-1.0,-1.0,0.0,333152256.0,-1.0,-1.0,-1.0,1115.0,0.0,1
0.0,48.0,47.958,-1.0,-1.0,-1.0,-1.0,-1.0,-1.0,0.0,333152256.0,-1.0,-1.0,-1.0,955.0,0.0,1
0.0,58.0,57.208,-1.0,-1.0,-1.0,-1.0,-1.0,-1.0,0.0,333152256.0,-1.0,-1.0,-1.0,550.0,0.0,1
0.0,78.0,77.708,-1.0,-1.0,-1.0,-1.0,-1.0,-1.0,0.0,333152256.0,-1.0,-1.0,-1.0,760.0,0.0,1
0.0,83.0,82.458,-1.0,-1.0,-1.0,-1.0,-1.0,-1.0,0.0,333168640.0,-1.0,-1.0,-1.0,790.0,0.0,1
0.0,85.0,85.084,-1.0,-1.0,-1.0,-1.0,-1.0,-1.0,0.0,333168640.0,-1.0,-1.0,-1.0,850.0,0.0,1
0.0,119.0,118.875,-1.0,-1.0,-1.0,-1.0,-1.0,-1.0,0.0,333168640.0,-1.0,-1.0,-1.0,1280.0,0.0,1
0.0,63.0,63.291,-1.0,-1.0,-1.0,-1.0,-1.0,-1.0,0.0,333168640.0,-1.0,-1.0,-1.0,625.0,0.0,1
0.0,37.0,35.583,-1.0,-1.0,-1.0,-1.0,-1.0,-1.0,0.0,333168640.0,-1.0,-1.0,-1.0,765.0,0.0,1
0.0,37.0,36.334,-1.0,-1.0,-1.0,-1.0,-1.0,-1.0,0.0,333168640.0,-1.0,-1.0,-1.0,790.0,0.0,1
0.0,30.0,30.334,-1.0,-1.0,-1.0,-1.0,-1.0,-1.0,0.0,333168640.0,-1.0,-1.0,-1.0,575.0,0.0,1
0.0,40.0,39.333,-1.0,-1.0,-1.0,-1.0,-1.0,-1.0,0.0,333168640.0,-1.0,-1.0,-1.0,830.0,0.0,1
0.0,31.0,30.917,-1.0,-1.0,-1.0,-1.0,-1.0,-1.0,0.0,333168640.0,-1.0,-1.0,-1.0,600.0,0.0,1
0.0,105.0,104.209,-1.0,-1.0,-1.0,-1.0,-1.0,-1.0,0.0,333185024.0,-1.0,-1.0,-1.0,1135.0,0.0,1
0.0,97.0,97.459,-1.0,-1.0,-1.0,-1.0,-1.0,-1.0,0.0,333185024.0,-1.0,-1.0,-1.0,1010.0,0.0,1
0.0,94.0,94.667,-1.0,-1.0,-1.0,-1.0,-1.0,-1.0,0.0,333201408.0,-1.0,-1.0,-1.0,1025.0,0.0,1
0.0,102.0,102.75,-1.0,-1.0,-1.0,-1.0,-1.0,-1.0,0.0,333201408.0,-1.0,-1.0,-1.0,1080.0,0.0,1
0.0,67.0,66.708,-1.0,-1.0,-1.0,-1.0,-1.0,-1.0,0.0,333201408.0,-1.0,-1.0,-1.0,585.0,0.0,1
0.0,39.0,38.583,-1.0,-1.0,-1.0,-1.0,-1.0,-1.0,0.0,333201408.0,-1.0,-1.0,-1.0,875.0,0.0,1
0.0,117.0,117.041,-1.0,-1.0,-1.0,-1.0,-1.0,-1.0,0.0,333201408.0,-1.0,-1.0,-1.0,1235.0,0.0,1
0.0,49.0,48.791,-1.0,-1.0,-1.0,-1.0,-1.0,-1.0,0.0,333201408.0,-1.0,-1.0,-1.0,1240.0,0.0,1
0.0,103.0,103.25,-1.0,-1.0,-1.0,-1.0,-1.0,-1.0,0.0,333201408.0,-1.0,-1.0,-1.0,1135.0,0.0,1
0.0,123.0,123.166,-1.0,-1.0,-1.0,-1.0,-1.0,-1.0,0.0,333201408.0,-1.0,-1.0,-1.0,1340.0,0.0,1
0.0,89.0,88.375,-1.0,-1.0,-1.0,-1.0,-1.0,-1.0,0.0,333217792.0,-1.0,-1.0,-1.0,940.0,0.0,1
0.0,55.0,54.959,-1.0,-1.0,-1.0,-1.0,-1.0,-1.0,0.0,333217792.0,-1.0,-1.0,-1.0,1460.0,0.0,1
0.0,113.0,112.875,-1.0,-1.0,-1.0,-1.0,-1.0,-1.0,0.0,333234176.0,-1.0,-1.0,-1.0,1210.0,0.0,1
0.0,102.0,102.416,-1.0,-1.0,-1.0,-1.0,-1.0,-1.0,0.0,333234176.0,-1.0,-1.0,-1.0,1075.0,0.0,1
0.0,87.0,87.542,-1.0,-1.0,-1.0,-1.0,-1.0,-1.0,0.0,333234176.0,-1.0,-1.0,-1.0,825.0,0.0,1
0.0,58.0,57.541,-1.0,-1.0,-1.0,-1.0,-1.0,-1.0,0.0,333234176.0,-1.0,-1.0,-1.0,500.0,0.0,1
0.0,45.0,44.875,-1.0,-1.0,-1.0,-1.0,-1.0,-1.0,0.0,333234176.0,-1.0,-1.0,-1.0,1100.0,0.0,1
0.0,44.0,44.083,-1.0,-1.0,-1.0,-1.0,-1.0,-1.0,0.0,333234176.0,-1.0,-1.0,-1.0,1075.0,0.0,1
0.0,49.0,49.417,-1.0,-1.0,-1.0,-1.0,-1.0,-1.0,0.0,333234176.0,-1.0,-1.0,-1.0,1120.0,0.0,1
0.0,104.0,103.333,-1.0,-1.0,-1.0,-1.0,-1.0,-1.0,0.0,333234176.0,-1.0,-1.0,-1.0,1135.0,0.0,1
1.0,129.0,131.916,-1.0,-1.0,-1.0,-1.0,-1.0,-1.0,0.0,333234176.0,-1.0,-1.0,-1.0,1140.0,0.0,1
1.0,71.0,72.542,-1.0,-1.0,-1.0,-1.0,-1.0,-1.0,0.0,333234176.0,-1.0,-1.0,-1.0,535.0,0.0,1
0.0,93.0,91.875,-1.0,-1.0,-1.0,-1.0,-1.0,-1.0,0.0,333234176.0,-1.0,-1.0,-1.0,830.0,0.0,1
0.0,103.0,103.25,-1.0,-1.0,-1.0,-1.0,-1.0,-1.0,0.0,333234176.0,-1.0,-1.0,-1.0,830.0,0.0,1
0.0,104.0,103.833,-1.0,-1.0,-1.0,-1.0,-1.0,-1.0,0.0,333234176.0,-1.0,-1.0,-1.0,900.0,0.0,1
0.0,154.0,153.708,-1.0,-1.0,-1.0,-1.0,-1.0,-1.0,0.0,333234176.0,-1.0,-1.0,-1.0,1445.0,0.0,1
0.0,82.0,81.75,-1.0,-1.0,-1.0,-1.0,-1.0,-1.0,0.0,333234176.0,-1.0,-1.0,-1.0,730.0,0.0,1
0.0,60.0,59.958,-1.0,-1.0,-1.0,-1.0,-1.0,-1.0,0.0,333234176.0,-1.0,-1.0,-1.0,515.0,0.0,1
0.0,103.0,103.291,-1.0,-1.0,-1.0,-1.0,-1.0,-1.0,0.0,333234176.0,-1.0,-1.0,-1.0,1005.0,0.0,1
0.0,130.0,130.625,-1.0,-1.0,-1.0,-1.0,-1.0,-1.0,0.0,333234176.0,-1.0,-1.0,-1.0,1265.0,0.0,1
0.0,84.0,83.375,-1.0,-1.0,-1.0,-1.0,-1.0,-1.0,0.0,333234176.0,-1.0,-1.0,-1.0,780.0,0.0,1
0.0,95.0,93.833,-1.0,-1.0,-1.0,-1.0,-1.0,-1.0,0.0,333234176.0,-1.0,-1.0,-1.0,865.0,0.0,1
0.0,143.0,142.291,-1.0,-1.0,-1.0,-1.0,-1.0,-1.0,0.0,333250560.0,-1.0,-1.0,-1.0,1410.0,0.0,1
0.0,71.0,70.333,-1.0,-1.0,-1.0,-1.0,-1.0,-1.0,0.0,333250560.0,-1.0,-1.0,-1.0,600.0,0.0,1
0.0,126.0,125.958,-1.0,-1.0,-1.0,-1.0,-1.0,-1.0,0.0,333250560.0,-1.0,-1.0,-1.0,1195.0,0.0,1
0.0,128.0,128.084,-1.0,-1.0,-1.0,-1.0,-1.0,-1.0,0.0,333250560.0,-1.0,-1.0,-1.0,1215.0,0.0,1
0.0,76.0,75.75,-1.0,-1.0,-1.0,-1.0,-1.0,-1.0,0.0,333266944.0,-1.0,-1.0,-1.0,660.0,0.0,1
0.0,102.0,102.083,-1.0,-1.0,-1.0,-1.0,-1.0,-1.0,0.0,333266944.0,-1.0,-1.0,-1.0,920.0,0.0,1
0.0,150.0,149.625,-1.0,-1.0,-1.0,-1.0,-1.0,-1.0,0.0,333266944.0,-1.0,-1.0,-1.0,1460.0,0.0,1
0.0,77.0,76.5,-1.0,-1.0,-1.0,-1.0,-1.0,-1.0,0.0,333266944.0,-1.0,-1.0,-1.0,670.0,0.0,1
0.0,75.0,75.458,-1.0,-1.0,-1.0,-1.0,-1.0,-1.0,0.0,333266944.0,-1.0,-1.0,-1.0,690.0,0.0,1
0.0,106.0,104.584,-1.0,-1.0,-1.0,-1.0,-1.0,-1.0,0.0,333266944.0,-1.0,-1.0,-1.0,970.0,0.0,1
0.0,75.0,73.709,-1.0,-1.0,-1.0,-1.0,-1.0,-1.0,0.0,333299712.0,-1.0,-1.0,-1.0,670.0,0.0,1
0.0,105.0,105.125,-1.0,-1.0,-1.0,-1.0,-1.0,-1.0,0.0,333299712.0,-1.0,-1.0,-1.0,1025.0,0.0,1
0.0,118.0,116.75,-1.0,-1.0,-1.0,-1.0,-1.0,-1.0,0.0,333299712.0,-1.0,-1.0,-1.0,1115.0,0.0,1
0.0,121.0,120.875,-1.0,-1.0,-1.0,-1.0,-1.0,-1.0,0.0,333299712.0,-1.0,-1.0,-1.0,1170.0,0.0,1
0.0,124.0,123.583,-1.0,-1.0,-1.0,-1.0,-1.0,-1.0,0.0,333299712.0,-1.0,-1.0,-1.0,1165.0,0.0,1
0.0,69.0,68.167,-1.0,-1.0,-1.0,-1.0,-1.0,-1.0,0.0,333299712.0,-1.0,-1.0,-1.0,575.0,0.0,1
0.0,74.0,74.083,-1.0,-1.0,-1.0,-1.0,-1.0,-1.0,0.0,333299712.0,-1.0,-1.0,-1.0,675.0,0.0,1
0.0,119.0,117.583,-1.0,-1.0,-1.0,-1.0,-1.0,-1.0,0.0,333299712.0,-1.0,-1.0,-1.0,1165.0,0.0,1
0.0,73.0,72.25,-1.0,-1.0,-1.0,-1.0,-1.0,-1.0,0.0,333299712.0,-1.0,-1.0,-1.0,655.0,0.0,1
0.0,91.0,91.584,-1.0,-1.0,-1.0,-1.0,-1.0,-1.0,0.0,333299712.0,-1.0,-1.0,-1.0,855.0,0.0,1
0.0,98.0,98.0,-1.0,-1.0,-1.0,-1.0,-1.0,-1.0,0.0,333316096.0,-1.0,-1.0,-1.0,930.0,0.0,1
0.0,125.0,124.625,-1.0,-1.0,-1.0,-1.0,-1.0,-1.0,0.0,333316096.0,-1.0,-1.0,-1.0,1245.0,0.0,1
0.0,142.0,141.5,-1.0,-1.0,-1.0,-1.0,-1.0,-1.0,0.0,333316096.0,-1.0,-1.0,-1.0,1435.0,0.0,1
0.0,119.0,117.959,-1.0,-1.0,-1.0,-1.0,-1.0,-1.0,0.0,333316096.0,-1.0,-1.0,-1.0,1170.0,0.0,1
0.0,69.0,68.875,-1.0,-1.0,-1.0,-1.0,-1.0,-1.0,0.0,333316096.0,-1.0,-1.0,-1.0,615.0,0.0,1
0.0,141.0,141.083,-1.0,-1.0,-1.0,-1.0,-1.0,-1.0,0.0,333316096.0,-1.0,-1.0,-1.0,1430.0,0.0,1
0.0,97.0,96.667,-1.0,-1.0,-1.0,-1.0,-1.0,-1.0,0.0,333316096.0,-1.0,-1.0,-1.0,930.0,0.0,1
0.0,62.0,61.208,-1.0,-1.0,-1.0,-1.0,-1.0,-1.0,0.0,333316096.0,-1.0,-1.0,-1.0,530.0,0.0,1
0.0,86.0,85.583,-1.0,-1.0,-1.0,-1.0,-1.0,-1.0,0.0,333316096.0,-1.0,-1.0,-1.0,805.0,0.0,1
0.0,67.0,66.5,-1.0,-1.0,-1.0,-1.0,-1.0,-1.0,0.0,333316096.0,-1.0,-1.0,-1.0,590.0,0.0,1
0.0,84.0,84.292,-1.0,-1.0,-1.0,-1.0,-1.0,-1.0,0.0,333316096.0,-1.0,-1.0,-1.0,790.0,0.0,1
0.0,84.0,82.542,-1.0,-1.0,-1.0,-1.0,-1.0,-1.0,0.0,333316096.0,-1.0,-1.0,-1.0,770.0,0.0,1
0.0,139.0,139.708,-1.0,-1.0,-1.0,-1.0,-1.0,-1.0,0.0,333316096.0,-1.0,-1.0,-1.0,1415.0,0.0,1
0.0,106.0,106.875,-1.0,-1.0,-1.0,-1.0,-1.0,-1.0,0.0,333316096.0,-1.0,-1.0,-1.0,1045.0,0.0,1
0.0,54.0,53.833,-1.0,-1.0,-1.0,-1.0,-1.0,-1.0,0.0,333316096.0,-1.0,-1.0,-1.0,0.0,0.0,1
0.0,55.0,53.458,-1.0,-1.0,-1.0,-1.0,-1.0,-1.0,0.0,333316096.0,-1.0,-1.0,-1.0,0.0,0.0,1
0.0,24.0,23.875,-1.0,-1.0,-1.0,-1.0,-1.0,-1.0,0.0,333316096.0,-1.0,-1.0,-1.0,0.0,0.0,1
0.0,29.0,28.958,-1.0,-1.0,-1.0,-1.0,-1.0,-1.0,0.0,333316096.0,-1.0,-1.0,-1.0,0.0,0.0,1
0.0,31.0,31.0,-1.0,-1.0,-1.0,-1.0,-1.0,-1.0,0.0,333316096.0,-1.0,-1.0,-1.0,0.0,0.0,1
0.0,87.0,86.667,-1.0,-1.0,-1.0,-1.0,-1.0,-1.0,0.0,333316096.0,-1.0,-1.0,-1.0,0.0,0.0,1
0.0,52.0,52.041,-1.0,-1.0,-1.0,-1.0,-1.0,-1.0,0.0,333316096.0,-1.0,-1.0,-1.0,0.0,0.0,1
0.0,30.0,30.083,-1.0,-1.0,-1.0,-1.0,-1.0,-1.0,0.0,333348864.0,-1.0,-1.0,-1.0,0.0,0.0,1
0.0,24.0,24.667,-1.0,-1.0,-1.0,-1.0,-1.0,-1.0,0.0,333365248.0,-1.0,-1.0,-1.0,0.0,0.0,1
0.0,80.0,79.375,-1.0,-1.0,-1.0,-1.0,-1.0,-1.0,0.0,333365248.0,-1.0,-1.0,-1.0,0.0,0.0,1
0.0,48.0,48.333,-1.0,-1.0,-1.0,-1.0,-1.0,-1.0,0.0,333365248.0,-1.0,-1.0,-1.0,0.0,0.0,1
0.0,88.0,87.542,-1.0,-1.0,-1.0,-1.0,-1.0,-1.0,0.0,333365248.0,-1.0,-1.0,-1.0,0.0,0.0,1
0.0,53.0,52.875,-1.0,-1.0,-1.0,-1.0,-1.0,-1.0,0.0,333365248.0,-1.0,-1.0,-1.0,0.0,0.0,1
0.0,56.0,55.5,-1.0,-1.0,-1.0,-1.0,-1.0,-1.0,0.0,333365248.0,-1.0,-1.0,-1.0,0.0,0.0,1
0.0,68.0,67.333,-1.0,-1.0,-1.0,-1.0,-1.0,-1.0,0.0,333365248.0,-1.0,-1.0,-1.0,0.0,0.0,1
0.0,30.0,30.042,-1.0,-1.0,-1.0,-1.0,-1.0,-1.0,0.0,333365248.0,-1.0,-1.0,-1.0,0.0,0.0,1
0.0,45.0,43.833,-1.0,-1.0,-1.0,-1.0,-1.0,-1.0,0.0,333381632.0,-1.0,-1.0,-1.0,0.0,0.0,1
0.0,34.0,34.167,-1.0,-1.0,-1.0,-1.0,-1.0,-1.0,0.0,333381632.0,-1.0,-1.0,-1.0,0.0,0.0,1
0.0,51.0,51.583,-1.0,-1.0,-1.0,-1.0,-1.0,-1.0,0.0,333381632.0,-1.0,-1.0,-1.0,0.0,0.0,1
0.0,25.0,25.5,-1.0,-1.0,-1.0,-1.0,-1.0,-1.0,0.0,333381632.0,-1.0,-1.0,-1.0,0.0,0.0,1
0.0,83.0,82.0,-1.0,-1.0,-1.0,-1.0,-1.0,-1.0,0.0,333381632.0,-1.0,-1.0,-1.0,0.0,0.0,1
0.0,28.0,28.25,-1.0,-1.0,-1.0,-1.0,-1.0,-1.0,0.0,333381632.0,-1.0,-1.0,-1.0,0.0,0.0,1
0.0,90.0,90.334,-1.0,-1.0,-1.0,-1.0,-1.0,-1.0,0.0,333381632.0,-1.0,-1.0,-1.0,0.0,0.0,1
0.0,57.0,57.75,-1.0,-1.0,-1.0,-1.0,-1.0,-1.0,0.0,333381632.0,-1.0,-1.0,-1.0,0.0,0.0,1
0.0,68.0,68.458,-1.0,-1.0,-1.0,-1.0,-1.0,-1.0,0.0,333381632.0,-1.0,-1.0,-1.0,0.0,0.0,1
0.0,86.0,85.834,-1.0,-1.0,-1.0,-1.0,-1.0,-1.0,0.0,333381632.0,-1.0,-1.0,-1.0,0.0,0.0,1
0.0,22.0,22.708,-1.0,-1.0,-1.0,-1.0,-1.0,-1.0,0.0,333381632.0,-1.0,-1.0,-1.0,0.0,0.0,1
0.0,71.0,70.625,-1.0,-1.0,-1.0,-1.0,-1.0,-1.0,0.0,333398016.0,-1.0,-1.0,-1.0,0.0,0.0,1
0.0,43.0,43.541,-1.0,-1.0,-1.0,-1.0,-1.0,-1.0,0.0,333398016.0,-1.0,-1.0,-1.0,0.0,0.0,1
0.0,88.0,87.833,-1.0,-1.0,-1.0,-1.0,-1.0,-1.0,0.0,333398016.0,-1.0,-1.0,-1.0,0.0,0.0,1
0.0,61.0,60.833,-1.0,-1.0,-1.0,-1.0,-1.0,-1.0,0.0,333398016.0,-1.0,-1.0,-1.0,0.0,0.0,1
0.0,90.0,89.041,-1.0,-1.0,-1.0,-1.0,-1.0,-1.0,0.0,333398016.0,-1.0,-1.0,-1.0,0.0,0.0,1
0.0,66.0,66.209,-1.0,-1.0,-1.0,-1.0,-1.0,-1.0,0.0,333398016.0,-1.0,-1.0,-1.0,0.0,0.0,1
0.0,48.0,47.5,-1.0,-1.0,-1.0,-1.0,-1.0,-1.0,0.0,333398016.0,-1.0,-1.0,-1.0,0.0,0.0,1
0.0,72.0,71.25,-1.0,-1.0,-1.0,-1.0,-1.0,-1.0,0.0,333398016.0,-1.0,-1.0,-1.0,0.0,0.0,1
0.0,58.0,56.542,-1.0,-1.0,-1.0,-1.0,-1.0,-1.0,0.0,333398016.0,-1.0,-1.0,-1.0,0.0,0.0,1
0.0,90.0,90.333,-1.0,-1.0,-1.0,-1.0,-1.0,-1.0,0.0,333398016.0,-1.0,-1.0,-1.0,0.0,0.0,1
0.0,52.0,52.167,-1.0,-1.0,-1.0,-1.0,-1.0,-1.0,0.0,333398016.0,-1.0,-1.0,-1.0,0.0,0.0,1
0.0,62.0,61.334,-1.0,-1.0,-1.0,-1.0,-1.0,-1.0,0.0,333398016.0,-1.0,-1.0,-1.0,0.0,0.0,1
0.0,33.0,32.291,-1.0,-1.0,-1.0,-1.0,-1.0,-1.0,0.0,333398016.0,-1.0,-1.0,-1.0,0.0,0.0,1
0.0,58.0,57.417,-1.0,-1.0,-1.0,-1.0,-1.0,-1.0,0.0,333414400.0,-1.0,-1.0,-1.0,0.0,0.0,1
0.0,57.0,57.041,-1.0,-1.0,-1.0,-1.0,-1.0,-1.0,0.0,333414400.0,-1.0,-1.0,-1.0,0.0,0.0,1
0.0,25.0,25.459,-1.0,-1.0,-1.0,-1.0,-1.0,-1.0,0.0,333414400.0,-1.0,-1.0,-1.0,0.0,0.0,1
0.0,45.0,45.459,-1.0,-1.0,-1.0,-1.0,-1.0,-1.0,0.0,333430784.0,-1.0,-1.0,-1.0,0.0,0.0,1
0.0,36.0,34.958,-1.0,-1.0,-1.0,-1.0,-1.0,-1.0,0.0,333430784.0,-1.0,-1.0,-1.0,0.0,0.0,1
0.0,33.0,31.916,-1.0,-1.0,-1.0,-1.0,-1.0,-1.0,0.0,333430784.0,-1.0,-1.0,-1.0,0.0,0.0,1
0.0,48.0,48.167,-1.0,-1.0,-1.0,-1.0,-1.0,-1.0,0.0,333430784.0,-1.0,-1.0,-1.0,0.0,0.0,1
0.0,75.0,74.75,-1.0,-1.0,-1.0,-1.0,-1.0,-1.0,0.0,333430784.0,-1.0,-1.0,-1.0,0.0,0.0,1
0.0,34.0,34.458,-1.0,-1.0,-1.0,-1.0,-1.0,-1.0,0.0,333447168.0,-1.0,-1.0,-1.0,0.0,0.0,1
0.0,53.0,52.875,-1.0,-1.0,-1.0,-1.0,-1.0,-1.0,0.0,333447168.0,-1.0,-1.0,-1.0,0.0,0.0,1
0.0,25.0,24.917,-1.0,-1.0,-1.0,-1.0,-1.0,-1.0,0.0,333447168.0,-1.0,-1.0,-1.0,0.0,0.0,1
0.0,70.0,69.417,-1.0,-1.0,-1.0,-1.0,-1.0,-1.0,0.0,333447168.0,-1.0,-1.0,-1.0,0.0,0.0,1
0.0,55.0,54.416,-1.0,-1.0,-1.0,-1.0,-1.0,-1.0,0.0,333447168.0,-1.0,-1.0,-1.0,0.0,0.0,1
0.0,58.0,58.125,-1.0,-1.0,-1.0,-1.0,-1.0,-1.0,0.0,333447168.0,-1.0,-1.0,-1.0,0.0,0.0,1
0.0,35.0,34.834,-1.0,-1.0,-1.0,-1.0,-1.0,-1.0,0.0,333447168.0,-1.0,-1.0,-1.0,0.0,0.0,1
0.0,75.0,74.375,-1.0,-1.0,-1.0,-1.0,-1.0,-1.0,0.0,333447168.0,-1.0,-1.0,-1.0,0.0,0.0,1
0.0,43.0,42.625,-1.0,-1.0,-1.0,-1.0,-1.0,-1.0,0.0,333463552.0,-1.0,-1.0,-1.0,0.0,0.0,1
0.0,72.0,72.125,-1.0,-1.0,-1.0,-1.0,-1.0,-1.0,0.0,333463552.0,-1.0,-1.0,-1.0,0.0,0.0,1
0.0,72.0,72.583,-1.0,-1.0,-1.0,-1.0,-1.0,-1.0,0.0,333463552.0,-1.0,-1.0,-1.0,0.0,0.0,1
0.0,32.0,32.375,-1.0,-1.0,-1.0,-1.0,-1.0,-1.0,0.0,333463552.0,-1.0,-1.0,-1.0,0.0,0.0,1
0.0,80.0,79.584,-1.0,-1.0,-1.0,-1.0,-1.0,-1.0,0.0,333463552.0,-1.0,-1.0,-1.0,0.0,0.0,1
0.0,27.0,26.875,-1.0,-1.0,-1.0,-1.0,-1.0,-1.0,0.0,333463552.0,-1.0,-1.0,-1.0,0.0,0.0,1
0.0,59.0,58.583,-1.0,-1.0,-1.0,-1.0,-1.0,-1.0,0.0,333463552.0,-1.0,-1.0,-1.0,0.0,0.0,1
0.0,35.0,35.25,-1.0,-1.0,-1.0,-1.0,-1.0,-1.0,0.0,333463552.0,-1.0,-1.0,-1.0,0.0,0.0,1
0.0,37.0,36.166,-1.0,-1.0,-1.0,-1.0,-1.0,-1.0,0.0,333463552.0,-1.0,-1.0,-1.0,0.0,0.0,1
0.0,29.0,28.708,-1.0,-1.0,-1.0,-1.0,-1.0,-1.0,0.0,333463552.0,-1.0,-1.0,-1.0,0.0,0.0,1
0.0,83.0,83.125,-1.0,-1.0,-1.0,-1.0,-1.0,-1.0,0.0,333463552.0,-1.0,-1.0,-1.0,0.0,0.0,1
0.0,68.0,68.458,-1.0,-1.0,-1.0,-1.0,-1.0,-1.0,0.0,333463552.0,-1.0,-1.0,-1.0,0.0,0.0,1
0.0,60.0,60.334,-1.0,-1.0,-1.0,-1.0,-1.0,-1.0,0.0,333479936.0,-1.0,-1.0,-1.0,0.0,0.0,1
0.0,25.0,25.292,-1.0,-1.0,-1.0,-1.0,-1.0,-1.0,0.0,333479936.0,-1.0,-1.0,-1.0,0.0,0.0,1
0.0,32.0,30.459,-1.0,-1.0,-1.0,-1.0,-1.0,-1.0,0.0,333479936.0,-1.0,-1.0,-1.0,0.0,0.0,1
0.0,85.0,84.459,-1.0,-1.0,-1.0,-1.0,-1.0,-1.0,0.0,333479936.0,-1.0,-1.0,-1.0,0.0,0.0,1
0.0,68.0,67.667,-1.0,-1.0,-1.0,-1.0,-1.0,-1.0,0.0,333496320.0,-1.0,-1.0,-1.0,0.0,0.0,1
0.0,70.0,69.75,-1.0,-1.0,-1.0,-1.0,-1.0,-1.0,0.0,333496320.0,-1.0,-1.0,-1.0,0.0,0.0,1
0.0,86.0,84.75,-1.0,-1.0,-1.0,-1.0,-1.0,-1.0,0.0,333496320.0,-1.0,-1.0,-1.0,0.0,0.0,1
0.0,25.0,25.292,-1.0,-1.0,-1.0,-1.0,-1.0,-1.0,0.0,333496320.0,-1.0,-1.0,-1.0,0.0,0.0,1
0.0,67.0,67.375,-1.0,-1.0,-1.0,-1.0,-1.0,-1.0,0.0,333496320.0,-1.0,-1.0,-1.0,0.0,0.0,1
0.0,87.0,87.459,-1.0,-1.0,-1.0,-1.0,-1.0,-1.0,0.0,333496320.0,-1.0,-1.0,-1.0,0.0,0.0,1
0.0,29.0,28.875,-1.0,-1.0,-1.0,-1.0,-1.0,-1.0,0.0,333496320.0,-1.0,-1.0,-1.0,0.0,0.0,1
0.0,84.0,84.5,-1.0,-1.0,-1.0,-1.0,-1.0,-1.0,0.0,333496320.0,-1.0,-1.0,-1.0,0.0,0.0,1
0.0,82.0,81.125,-1.0,-1.0,-1.0,-1.0,-1.0,-1.0,0.0,333512704.0,-1.0,-1.0,-1.0,0.0,0.0,1
0.0,62.0,61.542,-1.0,-1.0,-1.0,-1.0,-1.0,-1.0,0.0,333512704.0,-1.0,-1.0,-1.0,0.0,0.0,1
0.0,64.0,63.833,-1.0,-1.0,-1.0,-1.0,-1.0,-1.0,0.0,333512704.0,-1.0,-1.0,-1.0,0.0,0.0,1
0.0,62.0,61.334,-1.0,-1.0,-1.0,-1.0,-1.0,-1.0,0.0,333512704.0,-1.0,-1.0,-1.0,0.0,0.0,1
0.0,28.0,27.333,-1.0,-1.0,-1.0,-1.0,-1.0,-1.0,0.0,333512704.0,-1.0,-1.0,-1.0,0.0,0.0,1
0.0,70.0,69.583,-1.0,-1.0,-1.0,-1.0,-1.0,-1.0,0.0,333512704.0,-1.0,-1.0,-1.0,0.0,0.0,1
0.0,65.0,65.0,-1.0,-1.0,-1.0,-1.0,-1.0,-1.0,0.0,333512704.0,-1.0,-1.0,-1.0,0.0,0.0,1
0.0,26.0,25.708,-1.0,-1.0,-1.0,-1.0,-1.0,-1.0,0.0,333512704.0,-1.0,-1.0,-1.0,0.0,0.0,1
0.0,44.0,44.208,-1.0,-1.0,-1.0,-1.0,-1.0,-1.0,0.0,333529088.0,-1.0,-1.0,-1.0,0.0,0.0,1
0.0,55.0,54.667,-1.0,-1.0,-1.0,-1.0,-1.0,-1.0,0.0,333529088.0,-1.0,-1.0,-1.0,0.0,0.0,1
0.0,55.0,55.5,-1.0,-1.0,-1.0,-1.0,-1.0,-1.0,0.0,333529088.0,-1.0,-1.0,-1.0,0.0,0.0,1
0.0,78.0,78.25,-1.0,-1.0,-1.0,-1.0,-1.0,-1.0,0.0,333529088.0,-1.0,-1.0,-1.0,0.0,0.0,1
0.0,26.0,25.708,-1.0,-1.0,-1.0,-1.0,-1.0,-1.0,0.0,333529088.0,-1.0,-1.0,-1.0,0.0,0.0,1
0.0,69.0,68.417,-1.0,-1.0,-1.0,-1.0,-1.0,-1.0,0.0,333529088.0,-1.0,-1.0,-1.0,0.0,0.0,1
0.0,50.0,49.958,-1.0,-1.0,-1.0,-1.0,-1.0,-1.0,0.0,333529088.0,-1.0,-1.0,-1.0,0.0,0.0,1
0.0,85.0,85.083,-1.0,-1.0,-1.0,-1.0,-1.0,-1.0,0.0,333529088.0,-1.0,-1.0,-1.0,0.0,0.0,1
0.0,56.0,55.792,-1.0,-1.0,-1.0,-1.0,-1.0,-1.0,0.0,333545472.0,-1.0,-1.0,-1.0,0.0,0.0,1
0.0,74.0,74.208,-1.0,-1.0,-1.0,-1.0,-1.0,-1.0,0.0,333545472.0,-1.0,-1.0,-1.0,0.0,0.0,1
0.0,61.0,61.292,-1.0,-1.0,-1.0,-1.0,-1.0,-1.0,0.0,333545472.0,-1.0,-1.0,-1.0,0.0,0.0,1
0.0,58.0,58.625,-1.0,-1.0,-1.0,-1.0,-1.0,-1.0,0.0,333545472.0,-1.0,-1.0,-1.0,0.0,0.0,1
0.0,29.0,29.583,-1.0,-1.0,-1.0,-1.0,-1.0,-1.0,0.0,333545472.0,-1.0,-1.0,-1.0,0.0,0.0,1
0.0,68.0,67.125,-1.0,-1.0,-1.0,-1.0,-1.0,-1.0,0.0,333545472.0,-1.0,-1.0,-1.0,0.0,0.0,1
0.0,34.0,32.792,-1.0,-1.0,-1.0,-1.0,-1.0,-1.0,0.0,333545472.0,-1.0,-1.0,-1.0,0.0,0.0,1
0.0,61.0,61.0,-1.0,-1.0,-1.0,-1.0,-1.0,-1.0,0.0,333545472.0,-1.0,-1.0,-1.0,0.0,0.0,1
0.0,68.0,67.584,-1.0,-1.0,-1.0,-1.0,-1.0,-1.0,0.0,333561856.0,-1.0,-1.0,-1.0,0.0,0.0,1
0.0,58.0,57.208,-1.0,-1.0,-1.0,-1.0,-1.0,-1.0,0.0,333561856.0,-1.0,-1.0,-1.0,0.0,0.0,1
0.0,58.0,58.458,-1.0,-1.0,-1.0,-1.0,-1.0,-1.0,0.0,333561856.0,-1.0,-1.0,-1.0,0.0,0.0,1
0.0,66.0,66.083,-1.0,-1.0,-1.0,-1.0,-1.0,-1.0,0.0,333561856.0,-1.0,-1.0,-1.0,0.0,0.0,1
0.0,73.0,72.25,-1.0,-1.0,-1.0,-1.0,-1.0,-1.0,0.0,333561856.0,-1.0,-1.0,-1.0,0.0,0.0,1
0.0,34.0,33.25,-1.0,-1.0,-1.0,-1.0,-1.0,-1.0,0.0,333578240.0,-1.0,-1.0,-1.0,0.0,0.0,1
0.0,81.0,80.875,-1.0,-1.0,-1.0,-1.0,-1.0,-1.0,0.0,333578240.0,-1.0,-1.0,-1.0,0.0,0.0,1
0.0,75.0,74.75,-1.0,-1.0,-1.0,-1.0,-1.0,-1.0,0.0,333578240.0,-1.0,-1.0,-1.0,0.0,0.0,1
0.0,89.0,88.25,-1.0,-1.0,-1.0,-1.0,-1.0,-1.0,0.0,333578240.0,-1.0,-1.0,-1.0,0.0,0.0,1
0.0,35.0,34.833,-1.0,-1.0,-1.0,-1.0,-1.0,-1.0,0.0,333578240.0,-1.0,-1.0,-1.0,0.0,0.0,1
0.0,72.0,72.333,-1.0,-1.0,-1.0,-1.0,-1.0,-1.0,0.0,333578240.0,-1.0,-1.0,-1.0,0.0,0.0,1
0.0,67.0,65.625,-1.0,-1.0,-1.0,-1.0,-1.0,-1.0,0.0,333578240.0,-1.0,-1.0,-1.0,0.0,0.0,1
0.0,73.0,72.792,-1.0,-1.0,-1.0,-1.0,-1.0,-1.0,0.0,333594624.0,-1.0,-1.0,-1.0,0.0,0.0,1
0.0,64.0,63.959,-1.0,-1.0,-1.0,-1.0,-1.0,-1.0,0.0,333594624.0,-1.0,-1.0,-1.0,0.0,0.0,1
0.0,56.0,54.583,-1.0,-1.0,-1.0,-1.0,-1.0,-1.0,0.0,333594624.0,-1.0,-1.0,-1.0,0.0,0.0,1
0.0,71.0,70.833,-1.0,-1.0,-1.0,-1.0,-1.0,-1.0,0.0,333594624.0,-1.0,-1.0,-1.0,0.0,0.0,1
0.0,76.0,75.666,-1.0,-1.0,-1.0,-1.0,-1.0,-1.0,0.0,333594624.0,-1.0,-1.0,-1.0,0.0,0.0,1
0.0,60.0,59.875,-1.0,-1.0,-1.0,-1.0,-1.0,-1.0,0.0,333594624.0,-1.0,-1.0,-1.0,0.0,0.0,1
0.0,32.0,30.834,-1.0,-1.0,-1.0,-1.0,-1.0,-1.0,0.0,333594624.0,-1.0,-1.0,-1.0,0.0,0.0,1
0.0,70.0,69.458,-1.0,-1.0,-1.0,-1.0,-1.0,-1.0,0.0,333594624.0,-1.0,-1.0,-1.0,0.0,0.0,1
0.0,51.0,51.208,-1.0,-1.0,-1.0,-1.0,-1.0,-1.0,0.0,333594624.0,-1.0,-1.0,-1.0,0.0,0.0,1
0.0,24.0,23.333,-1.0,-1.0,-1.0,-1.0,-1.0,-1.0,0.0,333594624.0,-1.0,-1.0,-1.0,0.0,0.0,1
0.0,56.0,55.25,-1.0,-1.0,-1.0,-1.0,-1.0,-1.0,0.0,333594624.0,-1.0,-1.0,-1.0,0.0,0.0,1
0.0,70.0,69.875,-1.0,-1.0,-1.0,-1.0,-1.0,-1.0,0.0,333594624.0,-1.0,-1.0,-1.0,0.0,0.0,1
0.0,70.0,69.792,-1.0,-1.0,-1.0,-1.0,-1.0,-1.0,0.0,333594624.0,-1.0,-1.0,-1.0,0.0,0.0,1
0.0,65.0,63.834,-1.0,-1.0,-1.0,-1.0,-1.0,-1.0,0.0,333611008.0,-1.0,-1.0,-1.0,0.0,0.0,1
0.0,81.0,80.042,-1.0,-1.0,-1.0,-1.0,-1.0,-1.0,0.0,333611008.0,-1.0,-1.0,-1.0,0.0,0.0,1
0.0,27.0,26.417,-1.0,-1.0,-1.0,-1.0,-1.0,-1.0,0.0,333611008.0,-1.0,-1.0,-1.0,0.0,0.0,1
0.0,62.0,61.667,-1.0,-1.0,-1.0,-1.0,-1.0,-1.0,0.0,333611008.0,-1.0,-1.0,-1.0,0.0,0.0,1
0.0,45.0,44.75,-1.0,-1.0,-1.0,-1.0,-1.0,-1.0,0.0,333611008.0,-1.0,-1.0,-1.0,0.0,0.0,1
0.0,26.0,26.625,-1.0,-1.0,-1.0,-1.0,-1.0,-1.0,0.0,333611008.0,-1.0,-1.0,-1.0,0.0,0.0,1
0.0,65.0,65.083,-1.0,-1.0,-1.0,-1.0,-1.0,-1.0,0.0,333627392.0,-1.0,-1.0,-1.0,0.0,0.0,1
0.0,53.0,51.792,-1.0,-1.0,-1.0,-1.0,-1.0,-1.0,0.0,333643776.0,-1.0,-1.0,-1.0,0.0,0.0,1
0.0,83.0,82.333,-1.0,-1.0,-1.0,-1.0,-1.0,-1.0,0.0,333643776.0,-1.0,-1.0,-1.0,0.0,0.0,1
0.0,35.0,34.875,-1.0,-1.0,-1.0,-1.0,-1.0,-1.0,0.0,333643776.0,-1.0,-1.0,-1.0,0.0,0.0,1
0.0,36.0,35.25,-1.0,-1.0,-1.0,-1.0,-1.0,-1.0,0.0,333643776.0,-1.0,-1.0,-1.0,0.0,0.0,1
0.0,84.0,83.875,-1.0,-1.0,-1.0,-1.0,-1.0,-1.0,0.0,333643776.0,-1.0,-1.0,-1.0,0.0,0.0,1
0.0,94.0,94.166,-1.0,-1.0,-1.0,-1.0,-1.0,-1.0,0.0,333643776.0,-1.0,-1.0,-1.0,0.0,0.0,1
0.0,44.0,43.667,-1.0,-1.0,-1.0,-1.0,-1.0,-1.0,0.0,333643776.0,-1.0,-1.0,-1.0,0.0,0.0,1
0.0,63.0,62.625,-1.0,-1.0,-1.0,-1.0,-1.0,-1.0,0.0,333643776.0,-1.0,-1.0,-1.0,0.0,0.0,1
0.0,67.0,66.333,-1.0,-1.0,-1.0,-1.0,-1.0,-1.0,0.0,333643776.0,-1.0,-1.0,-1.0,0.0,0.0,1
0.0,39.0,38.666,-1.0,-1.0,-1.0,-1.0,-1.0,-1.0,0.0,333643776.0,-1.0,-1.0,-1.0,0.0,0.0,1
0.0,71.0,71.042,-1.0,-1.0,-1.0,-1.0,-1.0,-1.0,0.0,333643776.0,-1.0,-1.0,-1.0,0.0,0.0,1
0.0,50.0,50.333,-1.0,-1.0,-1.0,-1.0,-1.0,-1.0,0.0,333643776.0,-1.0,-1.0,-1.0,0.0,0.0,1
0.0,79.0,78.959,-1.0,-1.0,-1.0,-1.0,-1.0,-1.0,0.0,333643776.0,-1.0,-1.0,-1.0,0.0,0.0,1
0.0,63.0,61.25,-1.0,-1.0,-1.0,-1.0,-1.0,-1.0,0.0,333643776.0,-1.0,-1.0,-1.0,0.0,0.0,1
0.0,89.0,87.209,-1.0,-1.0,-1.0,-1.0,-1.0,-1.0,0.0,333660160.0,-1.0,-1.0,-1.0,0.0,0.0,1
0.0,66.0,65.75,-1.0,-1.0,-1.0,-1.0,-1.0,-1.0,0.0,333660160.0,-1.0,-1.0,-1.0,0.0,0.0,1
0.0,61.0,61.25,-1.0,-1.0,-1.0,-1.0,-1.0,-1.0,0.0,333676544.0,-1.0,-1.0,-1.0,0.0,0.0,1
0.0,46.0,45.875,-1.0,-1.0,-1.0,-1.0,-1.0,-1.0,0.0,333676544.0,-1.0,-1.0,-1.0,0.0,0.0,1
0.0,79.0,79.292,-1.0,-1.0,-1.0,-1.0,-1.0,-1.0,0.0,333676544.0,-1.0,-1.0,-1.0,0.0,0.0,1
0.0,26.0,25.375,-1.0,-1.0,-1.0,-1.0,-1.0,-1.0,0.0,333676544.0,-1.0,-1.0,-1.0,0.0,0.0,1
0.0,53.0,53.291,-1.0,-1.0,-1.0,-1.0,-1.0,-1.0,0.0,333676544.0,-1.0,-1.0,-1.0,0.0,0.0,1
0.0,55.0,54.208,-1.0,-1.0,-1.0,-1.0,-1.0,-1.0,0.0,333676544.0,-1.0,-1.0,-1.0,0.0,0.0,1
0.0,28.0,28.459,-1.0,-1.0,-1.0,-1.0,-1.0,-1.0,0.0,333676544.0,-1.0,-1.0,-1.0,0.0,0.0,1
0.0,71.0,70.083,-1.0,-1.0,-1.0,-1.0,-1.0,-1.0,0.0,333676544.0,-1.0,-1.0,-1.0,0.0,0.0,1
0.0,28.0,27.709,-1.0,-1.0,-1.0,-1.0,-1.0,-1.0,0.0,333676544.0,-1.0,-1.0,-1.0,0.0,0.0,1
0.0,31.0,30.458,-1.0,-1.0,-1.0,-1.0,-1.0,-1.0,0.0,333676544.0,-1.0,-1.0,-1.0,0.0,0.0,1
0.0,31.0,30.625,-1.0,-1.0,-1.0,-1.0,-1.0,-1.0,0.0,333676544.0,-1.0,-1.0,-1.0,0.0,0.0,1
0.0,81.0,80.75,-1.0,-1.0,-1.0,-1.0,-1.0,-1.0,0.0,333676544.0,-1.0,-1.0,-1.0,0.0,0.0,1
0.0,53.0,52.917,-1.0,-1.0,-1.0,-1.0,-1.0,-1.0,0.0,333676544.0,-1.0,-1.0,-1.0,0.0,0.0,1
0.0,48.0,47.75,-1.0,-1.0,-1.0,-1.0,-1.0,-1.0,0.0,333676544.0,-1.0,-1.0,-1.0,0.0,0.0,1
0.0,84.0,84.166,-1.0,-1.0,-1.0,-1.0,-1.0,-1.0,0.0,333676544.0,-1.0,-1.0,-1.0,0.0,0.0,1
0.0,77.0,76.709,-1.0,-1.0,-1.0,-1.0,-1.0,-1.0,0.0,333692928.0,-1.0,-1.0,-1.0,0.0,0.0,1
0.0,77.0,76.5,-1.0,-1.0,-1.0,-1.0,-1.0,-1.0,0.0,333692928.0,-1.0,-1.0,-1.0,0.0,0.0,1
0.0,56.0,55.166,-1.0,-1.0,-1.0,-1.0,-1.0,-1.0,0.0,333692928.0,-1.0,-1.0,-1.0,0.0,0.0,1
0.0,60.0,59.708,-1.0,-1.0,-1.0,-1.0,-1.0,-1.0,0.0,333709312.0,-1.0,-1.0,-1.0,0.0,0.0,1
0.0,59.0,57.75,-1.0,-1.0,-1.0,-1.0,-1.0,-1.0,0.0,333709312.0,-1.0,-1.0,-1.0,0.0,0.0,1
0.0,25.0,24.875,-1.0,-1.0,-1.0,-1.0,-1.0,-1.0,0.0,333709312.0,-1.0,-1.0,-1.0,0.0,0.0,1
0.0,60.0,59.875,-1.0,-1.0,-1.0,-1.0,-1.0,-1.0,0.0,333709312.0,-1.0,-1.0,-1.0,0.0,0.0,1
0.0,49.0,48.875,-1.0,-1.0,-1.0,-1.0,-1.0,-1.0,0.0,333709312.0,-1.0,-1.0,-1.0,0.0,0.0,1
0.0,59.0,58.5,-1.0,-1.0,-1.0,-1.0,-1.0,-1.0,0.0,333709312.0,-1.0,-1.0,-1.0,0.0,0.0,1
0.0,65.0,63.75,-1.0,-1.0,-1.0,-1.0,-1.0,-1.0,0.0,333725696.0,-1.0,-1.0,-1.0,0.0,0.0,1
0.0,31.0,30.542,-1.0,-1.0,-1.0,-1.0,-1.0,-1.0,0.0,333725696.0,-1.0,-1.0,-1.0,0.0,0.0,1
0.0,40.0,39.875,-1.0,-1.0,-1.0,-1.0,-1.0,-1.0,0.0,333725696.0,-1.0,-1.0,-1.0,0.0,0.0,1
1.0,42.0,45.0,-1.0,-1.0,-1.0,-1.0,-1.0,-1.0,0.0,333725696.0,-1.0,-1.0,-1.0,0.0,0.0,1
0.0,36.0,36.416,-1.0,-1.0,-1.0,-1.0,-1.0,-1.0,0.0,333725696.0,-1.0,-1.0,-1.0,0.0,0.0,1
1.0,74.0,75.125,-1.0,-1.0,-1.0,-1.0,-1.0,-1.0,0.0,333725696.0,-1.0,-1.0,-1.0,0.0,0.0,1
0.0,33.0,32.875,-1.0,-1.0,-1.0,-1.0,-1.0,-1.0,0.0,333725696.0,-1.0,-1.0,-1.0,0.0,0.0,1
0.0,73.0,71.625,-1.0,-1.0,-1.0,-1.0,-1.0,-1.0,0.0,333725696.0,-1.0,-1.0,-1.0,0.0,0.0,1
0.0,62.0,61.375,-1.0,-1.0,-1.0,-1.0,-1.0,-1.0,0.0,333725696.0,-1.0,-1.0,-1.0,0.0,0.0,1
0.0,70.0,70.125,-1.0,-1.0,-1.0,-1.0,-1.0,-1.0,0.0,333725696.0,-1.0,-1.0,-1.0,0.0,0.0,1
0.0,79.0,79.542,-1.0,-1.0,-1.0,-1.0,-1.0,-1.0,0.0,333725696.0,-1.0,-1.0,-1.0,0.0,0.0,1
0.0,29.0,29.541,-1.0,-1.0,-1.0,-1.0,-1.0,-1.0,0.0,333725696.0,-1.0,-1.0,-1.0,0.0,0.0,1
0.0,74.0,74.166,-1.0,-1.0,-1.0,-1.0,-1.0,-1.0,0.0,333725696.0,-1.0,-1.0,-1.0,0.0,0.0,1
0.0,59.0,57.792,-1.0,-1.0,-1.0,-1.0,-1.0,-1.0,0.0,333742080.0,-1.0,-1.0,-1.0,0.0,0.0,1
0.0,48.0,47.0,-1.0,-1.0,-1.0,-1.0,-1.0,-1.0,0.0,333758464.0,-1.0,-1.0,-1.0,0.0,0.0,1
0.0,77.0,76.458,-1.0,-1.0,-1.0,-1.0,-1.0,-1.0,0.0,333758464.0,-1.0,-1.0,-1.0,0.0,0.0,1
0.0,31.0,30.583,-1.0,-1.0,-1.0,-1.0,-1.0,-1.0,0.0,333758464.0,-1.0,-1.0,-1.0,0.0,0.0,1
0.0,30.0,29.584,-1.0,-1.0,-1.0,-1.0,-1.0,-1.0,0.0,333758464.0,-1.0,-1.0,-1.0,0.0,0.0,1
0.0,52.0,52.083,-1.0,-1.0,-1.0,-1.0,-1.0,-1.0,0.0,333758464.0,-1.0,-1.0,-1.0,0.0,0.0,1
0.0,62.0,61.958,-1.0,-1.0,-1.0,-1.0,-1.0,-1.0,0.0,333758464.0,-1.0,-1.0,-1.0,0.0,0.0,1
0.0,91.0,91.542,-1.0,-1.0,-1.0,-1.0,-1.0,-1.0,0.0,333758464.0,-1.0,-1.0,-1.0,0.0,0.0,1
0.0,46.0,45.541,-1.0,-1.0,-1.0,-1.0,-1.0,-1.0,0.0,333758464.0,-1.0,-1.0,-1.0,0.0,0.0,1
0.0,60.0,59.583,-1.0,-1.0,-1.0,-1.0,-1.0,-1.0,0.0,333758464.0,-1.0,-1.0,-1.0,0.0,0.0,1
0.0,48.0,47.042,-1.0,-1.0,-1.0,-1.0,-1.0,-1.0,0.0,333774848.0,-1.0,-1.0,-1.0,0.0,0.0,1
0.0,89.0,88.834,-1.0,-1.0,-1.0,-1.0,-1.0,-1.0,0.0,333774848.0,-1.0,-1.0,-1.0,0.0,0.0,1
0.0,82.0,81.667,-1.0,-1.0,-1.0,-1.0,-1.0,-1.0,0.0,333774848.0,-1.0,-1.0,-1.0,0.0,0.0,1
0.0,76.0,75.459,-1.0,-1.0,-1.0,-1.0,-1.0,-1.0,0.0,333774848.0,-1.0,-1.0,-1.0,0.0,0.0,1
0.0,92.0,91.541,-1.0,-1.0,-1.0,-1.0,-1.0,-1.0,0.0,333774848.0,-1.0,-1.0,-1.0,0.0,0.0,1
0.0,57.0,57.125,-1.0,-1.0,-1.0,-1.0,-1.0,-1.0,0.0,333774848.0,-1.0,-1.0,-1.0,0.0,0.0,1
0.0,49.0,48.833,-1.0,-1.0,-1.0,-1.0,-1.0,-1.0,0.0,333774848.0,-1.0,-1.0,-1.0,0.0,0.0,1
0.0,35.0,35.125,-1.0,-1.0,-1.0,-1.0,-1.0,-1.0,0.0,333774848.0,-1.0,-1.0,-1.0,0.0,0.0,1
0.0,83.0,82.666,-1.0,-1.0,-1.0,-1.0,-1.0,-1.0,0.0,333774848.0,-1.0,-1.0,-1.0,0.0,0.0,1
0.0,36.0,35.75,-1.0,-1.0,-1.0,-1.0,-1.0,-1.0,0.0,333774848.0,-1.0,-1.0,-1.0,0.0,0.0,1
0.0,48.0,47.5,-1.0,-1.0,-1.0,-1.0,-1.0,-1.0,0.0,333774848.0,-1.0,-1.0,-1.0,0.0,0.0,1
0.0,63.0,62.416,-1.0,-1.0,-1.0,-1.0,-1.0,-1.0,0.0,333774848.0,-1.0,-1.0,-1.0,0.0,0.0,1
0.0,70.0,70.333,-1.0,-1.0,-1.0,-1.0,-1.0,-1.0,0.0,333791232.0,-1.0,-1.0,-1.0,0.0,0.0,1
0.0,86.0,86.25,-1.0,-1.0,-1.0,-1.0,-1.0,-1.0,0.0,333791232.0,-1.0,-1.0,-1.0,0.0,0.0,1
0.0,32.0,32.167,-1.0,-1.0,-1.0,-1.0,-1.0,-1.0,0.0,333791232.0,-1.0,-1.0,-1.0,0.0,0.0,1
0.0,38.0,37.709,-1.0,-1.0,-1.0,-1.0,-1.0,-1.0,0.0,333791232.0,-1.0,-1.0,-1.0,0.0,0.0,1
0.0,88.0,87.541,-1.0,-1.0,-1.0,-1.0,-1.0,-1.0,0.0,333791232.0,-1.0,-1.0,-1.0,0.0,0.0,1
0.0,63.0,62.833,-1.0,-1.0,-1.0,-1.0,-1.0,-1.0,0.0,333807616.0,-1.0,-1.0,-1.0,0.0,0.0,1
0.0,83.0,82.875,-1.0,-1.0,-1.0,-1.0,-1.0,-1.0,0.0,333807616.0,-1.0,-1.0,-1.0,0.0,0.0,1
0.0,28.0,24.334,-1.0,-1.0,-1.0,-1.0,-1.0,-1.0,0.0,333807616.0,-1.0,-1.0,-1.0,0.0,0.0,1
0.0,75.0,73.625,-1.0,-1.0,-1.0,-1.0,-1.0,-1.0,0.0,333807616.0,-1.0,-1.0,-1.0,0.0,0.0,1
0.0,31.0,31.167,-1.0,-1.0,-1.0,-1.0,-1.0,-1.0,0.0,333807616.0,-1.0,-1.0,-1.0,0.0,0.0,1
0.0,81.0,81.167,-1.0,-1.0,-1.0,-1.0,-1.0,-1.0,0.0,333807616.0,-1.0,-1.0,-1.0,0.0,0.0,1
0.0,61.0,59.625,-1.0,-1.0,-1.0,-1.0,-1.0,-1.0,0.0,333807616.0,-1.0,-1.0,-1.0,0.0,0.0,1
0.0,66.0,66.667,-1.0,-1.0,-1.0,-1.0,-1.0,-1.0,0.0,333807616.0,-1.0,-1.0,-1.0,0.0,0.0,1
0.0,51.0,50.833,-1.0,-1.0,-1.0,-1.0,-1.0,-1.0,0.0,333807616.0,-1.0,-1.0,-1.0,0.0,0.0,1
0.0,26.0,24.916,-1.0,-1.0,-1.0,-1.0,-1.0,-1.0,0.0,333824000.0,-1.0,-1.0,-1.0,0.0,0.0,1
0.0,29.0,27.25,-1.0,-1.0,-1.0,-1.0,-1.0,-1.0,0.0,333824000.0,-1.0,-1.0,-1.0,0.0,0.0,1
0.0,67.0,66.916,-1.0,-1.0,-1.0,-1.0,-1.0,-1.0,0.0,333824000.0,-1.0,-1.0,-1.0,0.0,0.0,1
0.0,75.0,75.125,-1.0,-1.0,-1.0,-1.0,-1.0,-1.0,0.0,333824000.0,-1.0,-1.0,-1.0,0.0,0.0,1
0.0,26.0,26.0,-1.0,-1.0,-1.0,-1.0,-1.0,-1.0,0.0,333824000.0,-1.0,-1.0,-1.0,0.0,0.0,1
0.0,56.0,54.5,-1.0,-1.0,-1.0,-1.0,-1.0,-1.0,0.0,333824000.0,-1.0,-1.0,-1.0,0.0,0.0,1
0.0,85.0,84.709,-1.0,-1.0,-1.0,-1.0,-1.0,-1.0,0.0,333856768.0,-1.0,-1.0,-1.0,0.0,0.0,1
0.0,75.0,74.75,-1.0,-1.0,-1.0,-1.0,-1.0,-1.0,0.0,333856768.0,-1.0,-1.0,-1.0,0.0,0.0,1
0.0,67.0,67.542,-1.0,-1.0,-1.0,-1.0,-1.0,-1.0,0.0,333856768.0,-1.0,-1.0,-1.0,0.0,0.0,1
0.0,83.0,82.0,-1.0,-1.0,-1.0,-1.0,-1.0,-1.0,0.0,333856768.0,-1.0,-1.0,-1.0,0.0,0.0,1
0.0,79.0,79.708,-1.0,-1.0,-1.0,-1.0,-1.0,-1.0,0.0,333856768.0,-1.0,-1.0,-1.0,0.0,0.0,1
0.0,55.0,54.917,-1.0,-1.0,-1.0,-1.0,-1.0,-1.0,0.0,333856768.0,-1.0,-1.0,-1.0,0.0,0.0,1
0.0,32.0,32.209,-1.0,-1.0,-1.0,-1.0,-1.0,-1.0,0.0,333856768.0,-1.0,-1.0,-1.0,0.0,0.0,1
0.0,23.0,22.75,-1.0,-1.0,-1.0,-1.0,-1.0,-1.0,0.0,333856768.0,-1.0,-1.0,-1.0,0.0,0.0,1
0.0,31.0,31.708,-1.0,-1.0,-1.0,-1.0,-1.0,-1.0,0.0,333856768.0,-1.0,-1.0,-1.0,0.0,0.0,1
0.0,72.0,72.875,-1.0,-1.0,-1.0,-1.0,-1.0,-1.0,0.0,333856768.0,-1.0,-1.0,-1.0,0.0,0.0,1
0.0,49.0,48.209,-1.0,-1.0,-1.0,-1.0,-1.0,-1.0,0.0,333856768.0,-1.0,-1.0,-1.0,0.0,0.0,1
0.0,35.0,34.083,-1.0,-1.0,-1.0,-1.0,-1.0,-1.0,0.0,333856768.0,-1.0,-1.0,-1.0,0.0,0.0,1
0.0,22.0,22.542,-1.0,-1.0,-1.0,-1.0,-1.0,-1.0,0.0,333856768.0,-1.0,-1.0,-1.0,0.0,0.0,1
0.0,83.0,83.458,-1.0,-1.0,-1.0,-1.0,-1.0,-1.0,0.0,333856768.0,-1.0,-1.0,-1.0,0.0,0.0,1
0.0,76.0,74.708,-1.0,-1.0,-1.0,-1.0,-1.0,-1.0,0.0,333856768.0,-1.0,-1.0,-1.0,0.0,0.0,1
0.0,26.0,26.0,-1.0,-1.0,-1.0,-1.0,-1.0,-1.0,0.0,333856768.0,-1.0,-1.0,-1.0,0.0,0.0,1
0.0,37.0,36.0,-1.0,-1.0,-1.0,-1.0,-1.0,-1.0,0.0,333856768.0,-1.0,-1.0,-1.0,0.0,0.0,1
0.0,81.0,80.583,-1.0,-1.0,-1.0,-1.0,-1.0,-1.0,0.0,333856768.0,-1.0,-1.0,-1.0,0.0,0.0,1
0.0,56.0,55.667,-1.0,-1.0,-1.0,-1.0,-1.0,-1.0,0.0,333856768.0,-1.0,-1.0,-1.0,0.0,0.0,1
