context_switches,cpu_usage,execution_time_us,hw_branch_instructions,hw_branch_misses,hw_cache_misses,hw_cache_references,hw_cpu_cycles,hw_instructions,hw_telemetry_available,max_rss_kb,mitigation_action,mitigation_delay_us,sw_context_switches,sw_cpu_migrations,sw_page_faults,synthetic_branch_proxy,synthetic_cache_proxy,is_anomaly
4.0,139.0,615.167,-1.0,-1.0,-1.0,-1.0,-1.0,-1.0,0.0,39403520.0,0.0,0.0,-1.0,-1.0,-1.0,0.0,0.0,0
0.0,62.0,60.209,-1.0,-1.0,-1.0,-1.0,-1.0,-1.0,0.0,39550976.0,0.0,0.0,-1.0,-1.0,-1.0,0.0,0.0,0
0.0,63.0,59.792,-1.0,-1.0,-1.0,-1.0,-1.0,-1.0,0.0,39550976.0,0.0,0.0,-1.0,-1.0,-1.0,0.0,0.0,0
0.0,61.0,59.292,-1.0,-1.0,-1.0,-1.0,-1.0,-1.0,0.0,39550976.0,0.0,0.0,-1.0,-1.0,-1.0,0.0,0.0,0
0.0,62.0,59.25,-1.0,-1.0,-1.0,-1.0,-1.0,-1.0,0.0,39550976.0,0.0,0.0,-1.0,-1.0,-1.0,0.0,0.0,0
0.0,61.0,58.708,-1.0,-1.0,-1.0,-1.0,-1.0,-1.0,0.0,39550976.0,0.0,0.0,-1.0,-1.0,-1.0,0.0,0.0,0
0.0,61.0,59.083,-1.0,-1.0,-1.0,-1.0,-1.0,-1.0,0.0,39550976.0,0.0,0.0,-1.0,-1.0,-1.0,0.0,0.0,0
0.0,62.0,58.458,-1.0,-1.0,-1.0,-1.0,-1.0,-1.0,0.0,39550976.0,0.0,0.0,-1.0,-1.0,-1.0,0.0,0.0,0
0.0,61.0,59.25,-1.0,-1.0,-1.0,-1.0,-1.0,-1.0,0.0,39550976.0,0.0,0.0,-1.0,-1.0,-1.0,0.0,0.0,0
0.0,13.0,12.583,-1.0,-1.0,-1.0,-1.0,-1.0,-1.0,0.0,39550976.0,0.0,0.0,-1.0,-1.0,-1.0,0.0,0.0,0
0.0,65.0,61.25,-1.0,-1.0,-1.0,-1.0,-1.0,-1.0,0.0,39550976.0,0.0,0.0,-1.0,-1.0,-1.0,0.0,0.0,0
0.0,15.0,14.125,-1.0,-1.0,-1.0,-1.0,-1.0,-1.0,0.0,39567360.0,0.0,0.0,-1.0,-1.0,-1.0,0.0,0.0,0
0.0,64.0,60.875,-1.0,-1.0,-1.0,-1.0,-1.0,-1.0,0.0,39567360.0,0.0,0.0,-1.0,-1.0,-1.0,0.0,0.0,0
0.0,62.0,59.5,-1.0,-1.0,-1.0,-1.0,-1.0,-1.0,0.0,39567360.0,0.0,0.0,-1.0,-1.0,-1.0,0.0,0.0,0
0.0,13.0,12.875,-1.0,-1.0,-1.0,-1.0,-1.0,-1.0,0.0,39567360.0,0.0,0.0,-1.0,-1.0,-1.0,0.0,0.0,0
0.0,60.0,58.583,-1.0,-1.0,-1.0,-1.0,-1.0,-1.0,0.0,39567360.0,0.0,0.0,-1.0,-1.0,-1.0,0.0,0.0,0
0.0,62.0,59.25,-1.0,-1.0,-1.0,-1.0,-1.0,-1.0,0.0,39567360.0,0.0,0.0,-1.0,-1.0,-1.0,0.0,0.0,0
0.0,61.0,58.625,-1.0,-1.0,-1.0,-1.0,-1.0,-1.0,0.0,39567360.0,0.0,0.0,-1.0,-1.0,-1.0,0.0,0.0,0
0.0,61.0,59.042,-1.0,-1.0,-1.0,-1.0,-1.0,-1.0,0.0,39567360.0,0.0,0.0,-1.0,-1.0,-1.0,0.0,0.0,0
0.0,60.0,58.333,-1.0,-1.0,-1.0,-1.0,-1.0,-1.0,0.0,39567360.0,0.0,0.0,-1.0,-1.0,-1.0,0.0,0.0,0
0.0,60.0,58.958,-1.0,-1.0,-1.0,-1.0,-1.0,-1.0,0.0,39567360.0,0.0,0.0,-1.0,-1.0,-1.0,0.0,0.0,0
0.0,60.0,58.083,-1.0,-1.0,-1.0,-1.0,-1.0,-1.0,0.0,39567360.0,0.0,0.0,-1.0,-1.0,-1.0,0.0,0.0,0
0.0,61.0,58.875,-1.0,-1.0,-1.0,-1.0,-1.0,-1.0,0.0,39567360.0,0.0,0.0,-1.0,-1.0,-1.0,0.0,0.0,0
0.0,14.0,13.375,-1.0,-1.0,-1.0,-1.0,-1.0,-1.0,0.0,39567360.0,0.0,0.0,-1.0,-1.0,-1.0,0.0,0.0,0
0.0,16.0,15.208,-1.0,-1.0,-1.0,-1.0,-1.0,-1.0,0.0,39567360.0,0.0,0.0,-1.0,-1.0,-1.0,0.0,0.0,0
0.0,60.0,58.292,-1.0,-1.0,-1.0,-1.0,-1.0,-1.0,0.0,39583744.0,0.0,0.0,-1.0,-1.0,-1.0,0.0,0.0,0
0.0,61.0,59.166,-1.0,-1.0,-1.0,-1.0,-1.0,-1.0,0.0,39583744.0,0.0,0.0,-1.0,-1.0,-1.0,0.0,0.0,0
0.0,60.0,58.083,-1.0,-1.0,-1.0,-1.0,-1.0,-1.0,0.0,39583744.0,0.0,0.0,-1.0,-1.0,-1.0,0.0,0.0,0
0.0,60.0,58.875,-1.0,-1.0,-1.0,-1.0,-1.0,-1.0,0.0,39600128.0,0.0,0.0,-1.0,-1.0,-1.0,0.0,0.0,0
0.0,60.0,57.833,-1.0,-1.0,-1.0,-1.0,-1.0,-1.0,0.0,39600128.0,0.0,0.0,-1.0,-1.0,-1.0,0.0,0.0,0
0.0,60.0,58.75,-1.0,-1.0,-1.0,-1.0,-1.0,-1.0,0.0,39600128.0,0.0,0.0,-1.0,-1.0,-1.0,0.0,0.0,0
0.0,61.0,57.958,-1.0,-1.0,-1.0,-1.0,-1.0,-1.0,0.0,39600128.0,0.0,0.0,-1.0,-1.0,-1.0,0.0,0.0,0
0.0,60.0,58.5,-1.0,-1.0,-1.0,-1.0,-1.0,-1.0,0.0,39600128.0,0.0,0.0,-1.0,-1.0,-1.0,0.0,0.0,0
0.0,61.0,58.0,-1.0,-1.0,-1.0,-1.0,-1.0,-1.0,0.0,39616512.0,0.0,0.0,-1.0,-1.0,-1.0,0.0,0.0,0
0.0,61.0,58.666,-1.0,-1.0,-1.0,-1.0,-1.0,-1.0,0.0,39616512.0,0.0,0.0,-1.0,-1.0,-1.0,0.0,0.0,0
0.0,60.0,57.875,-1.0,-1.0,-1.0,-1.0,-1.0,-1.0,0.0,39616512.0,0.0,0.0,-1.0,-1.0,-1.0,0.0,0.0,0
0.0,15.0,15.416,-1.0,-1.0,-1.0,-1.0,-1.0,-1.0,0.0,39616512.0,0.0,0.0,-1.0,-1.0,-1.0,0.0,0.0,0
0.0,61.0,58.959,-1.0,-1.0,-1.0,-1.0,-1.0,-1.0,0.0,39616512.0,0.0,0.0,-1.0,-1.0,-1.0,0.0,0.0,0
0.0,61.0,59.584,-1.0,-1.0,-1.0,-1.0,-1.0,-1.0,0.0,39616512.0,0.0,0.0,-1.0,-1.0,-1.0,0.0,0.0,0
0.0,61.0,58.375,-1.0,-1.0,-1.0,-1.0,-1.0,-1.0,0.0,39616512.0,0.0,0.0,-1.0,-1.0,-1.0,0.0,0.0,0
0.0,61.0,58.958,-1.0,-1.0,-1.0,-1.0,-1.0,-1.0,0.0,39616512.0,0.0,0.0,-1.0,-1.0,-1.0,0.0,0.0,0
0.0,60.0,58.125,-1.0,-1.0,-1.0,-1.0,-1.0,-1.0,0.0,39616512.0,0.0,0.0,-1.0,-1.0,-1.0,0.0,0.0,0
0.0,61.0,58.625,-1.0,-1.0,-1.0,-1.0,-1.0,-1.0,0.0,39616512.0,0.0,0.0,-1.0,-1.0,-1.0,0.0,0.0,0
0.0,60.0,58.292,-1.0,-1.0,-1.0,-1.0,-1.0,-1.0,0.0,39616512.0,0.0,0.0,-1.0,-1.0,-1.0,0.0,0.0,0
0.0,60.0,58.875,-1.0,-1.0,-1.0,-1.0,-1.0,-1.0,0.0,39616512.0,0.0,0.0,-1.0,-1.0,-1.0,0.0,0.0,0
0.0,60.0,58.416,-1.0,-1.0,-1.0,-1.0,-1.0,-1.0,0.0,39632896.0,0.0,0.0,-1.0,-1.0,-1.0,0.0,0.0,0
0.0,60.0,58.583,-1.0,-1.0,-1.0,-1.0,-1.0,-1.0,0.0,39649280.0,0.0,0.0,-1.0,-1.0,-1.0,0.0,0.0,0
0.0,62.0,58.791,-1.0,-1.0,-1.0,-1.0,-1.0,-1.0,0.0,39649280.0,0.0,0.0,-1.0,-1.0,-1.0,0.0,0.0,0
0.0,17.0,16.5,-1.0,-1.0,-1.0,-1.0,-1.0,-1.0,0.0,39649280.0,0.0,0.0,-1.0,-1.0,-1.0,0.0,0.0,0
0.0,20.0,19.834,-1.0,-1.0,-1.0,-1.0,-1.0,-1.0,0.0,39649280.0,0.0,0.0,-1.0,-1.0,-1.0,0.0,0.0,0
0.0,62.0,59.375,-1.0,-1.0,-1.0,-1.0,-1.0,-1.0,0.0,39649280.0,0.0,0.0,-1.0,-1.0,-1.0,0.0,0.0,0
0.0,63.0,60.875,-1.0,-1.0,-1.0,-1.0,-1.0,-1.0,0.0,39649280.0,0.0,0.0,-1.0,-1.0,-1.0,0.0,0.0,0
0.0,62.0,61.084,-1.0,-1.0,-1.0,-1.0,-1.0,-1.0,0.0,39649280.0,0.0,0.0,-1.0,-1.0,-1.0,0.0,0.0,0
0.0,62.0,59.417,-1.0,-1.0,-1.0,-1.0,-1.0,-1.0,0.0,39649280.0,0.0,0.0,-1.0,-1.0,-1.0,0.0,0.0,0
0.0,62.0,60.417,-1.0,-1.0,-1.0,-1.0,-1.0,-1.0,0.0,39649280.0,0.0,0.0,-1.0,-1.0,-1.0,0.0,0.0,0
0.0,58.0,56.5,-1.0,-1.0,-1.0,-1.0,-1.0,-1.0,0.0,39649280.0,0.0,0.0,-1.0,-1.0,-1.0,0.0,0.0,0
0.0,60.0,58.25,-1.0,-1.0,-1.0,-1.0,-1.0,-1.0,0.0,39649280.0,0.0,0.0,-1.0,-1.0,-1.0,0.0,0.0,0
0.0,63.0,61.5,-1.0,-1.0,-1.0,-1.0,-1.0,-1.0,0.0,39649280.0,0.0,0.0,-1.0,-1.0,-1.0,0.0,0.0,0
0.0,60.0,59.083,-1.0,-1.0,-1.0,-1.0,-1.0,-1.0,0.0,39649280.0,0.0,0.0,-1.0,-1.0,-1.0,0.0,0.0,0
0.0,60.0,57.541,-1.0,-1.0,-1.0,-1.0,-1.0,-1.0,0.0,39649280.0,0.0,0.0,-1.0,-1.0,-1.0,0.0,0.0,0
0.0,59.0,57.916,-1.0,-1.0,-1.0,-1.0,-1.0,-1.0,0.0,39649280.0,0.0,0.0,-1.0,-1.0,-1.0,0.0,0.0,0
0.0,18.0,16.417,-1.0,-1.0,-1.0,-1.0,-1.0,-1.0,0.0,39665664.0,0.0,0.0,-1.0,-1.0,-1.0,0.0,0.0,0
0.0,58.0,56.584,-1.0,-1.0,-1.0,-1.0,-1.0,-1.0,0.0,39698432.0,0.0,0.0,-1.0,-1.0,-1.0,0.0,0.0,0
0.0,59.0,58.042,-1.0,-1.0,-1.0,-1.0,-1.0,-1.0,0.0,39698432.0,0.0,0.0,-1.0,-1.0,-1.0,0.0,0.0,0
0.0,58.0,56.833,-1.0,-1.0,-1.0,-1.0,-1.0,-1.0,0.0,39698432.0,0.0,0.0,-1.0,-1.0,-1.0,0.0,0.0,0
0.0,57.0,55.958,-1.0,-1.0,-1.0,-1.0,-1.0,-1.0,0.0,39698432.0,0.0,0.0,-1.0,-1.0,-1.0,0.0,0.0,0
0.0,56.0,55.083,-1.0,-1.0,-1.0,-1.0,-1.0,-1.0,0.0,39698432.0,0.0,0.0,-1.0,-1.0,-1.0,0.0,0.0,0
0.0,60.0,56.833,-1.0,-1.0,-1.0,-1.0,-1.0,-1.0,0.0,39698432.0,0.0,0.0,-1.0,-1.0,-1.0,0.0,0.0,0
0.0,61.0,59.375,-1.0,-1.0,-1.0,-1.0,-1.0,-1.0,0.0,39698432.0,0.0,0.0,-1.0,-1.0,-1.0,0.0,0.0,0
0.0,60.0,59.042,-1.0,-1.0,-1.0,-1.0,-1.0,-1.0,0.0,39698432.0,0.0,0.0,-1.0,-1.0,-1.0,0.0,0.0,0
0.0,61.0,58.334,-1.0,-1.0,-1.0,-1.0,-1.0,-1.0,0.0,39698432.0,0.0,0.0,-1.0,-1.0,-1.0,0.0,0.0,0
0.0,61.0,59.041,-1.0,-1.0,-1.0,-1.0,-1.0,-1.0,0.0,39698432.0,0.0,0.0,-1.0,-1.0,-1.0,0.0,0.0,0
0.0,60.0,57.583,-1.0,-1.0,-1.0,-1.0,-1.0,-1.0,0.0,39698432.0,0.0,0.0,-1.0,-1.0,-1.0,0.0,0.0,0
0.0,19.0,17.125,-1.0,-1.0,-1.0,-1.0,-1.0,-1.0,0.0,39698432.0,0.0,0.0,-1.0,-1.0,-1.0,0.0,0.0,0
0.0,61.0,59.584,-1.0,-1.0,-1.0,-1.0,-1.0,-1.0,0.0,39698432.0,0.0,0.0,-1.0,-1.0,-1.0,0.0,0.0,0
0.0,59.0,56.167,-1.0,-1.0,-1.0,-1.0,-1.0,-1.0,0.0,39698432.0,0.0,0.0,-1.0,-1.0,-1.0,0.0,0.0,0
0.0,59.0,57.541,-1.0,-1.0,-1.0,-1.0,-1.0,-1.0,0.0,39698432.0,0.0,0.0,-1.0,-1.0,-1.0,0.0,0.0,0
0.0,59.0,56.708,-1.0,-1.0,-1.0,-1.0,-1.0,-1.0,0.0,39698432.0,0.0,0.0,-1.0,-1.0,-1.0,0.0,0.0,0
0.0,55.0,53.75,-1.0,-1.0,-1.0,-1.0,-1.0,-1.0,0.0,39698432.0,0.0,0.0,-1.0,-1.0,-1.0,0.0,0.0,0
0.0,55.0,52.792,-1.0,-1.0,-1.0,-1.0,-1.0,-1.0,0.0,39714816.0,0.0,0.0,-1.0,-1.0,-1.0,0.0,0.0,0
0.0,61.0,58.708,-1.0,-1.0,-1.0,-1.0,-1.0,-1.0,0.0,39714816.0,0.0,0.0,-1.0,-1.0,-1.0,0.0,0.0,0
0.0,58.0,55.375,-1.0,-1.0,-1.0,-1.0,-1.0,-1.0,0.0,39714816.0,0.0,0.0,-1.0,-1.0,-1.0,0.0,0.0,0
0.0,55.0,54.083,-1.0,-1.0,-1.0,-1.0,-1.0,-1.0,0.0,39714816.0,0.0,0.0,-1.0,-1.0,-1.0,0.0,0.0,0
0.0,48.0,46.459,-1.0,-1.0,-1.0,-1.0,-1.0,-1.0,0.0,39714816.0,0.0,0.0,-1.0,-1.0,-1.0,0.0,0.0,0
0.0,49.0,48.25,-1.0,-1.0,-1.0,-1.0,-1.0,-1.0,0.0,39714816.0,0.0,0.0,-1.0,-1.0,-1.0,0.0,0.0,0
0.0,22.0,19.834,-1.0,-1.0,-1.0,-1.0,-1.0,-1.0,0.0,39714816.0,0.0,0.0,-1.0,-1.0,-1.0,0.0,0.0,0
0.0,20.0,19.959,-1.0,-1.0,-1.0,-1.0,-1.0,-1.0,0.0,39731200.0,0.0,0.0,-1.0,-1.0,-1.0,0.0,0.0,0
0.0,57.0,55.834,-1.0,-1.0,-1.0,-1.0,-1.0,-1.0,0.0,39731200.0,0.0,0.0,-1.0,-1.0,-1.0,0.0,0.0,0
0.0,61.0,59.292,-1.0,-1.0,-1.0,-1.0,-1.0,-1.0,0.0,39731200.0,0.0,0.0,-1.0,-1.0,-1.0,0.0,0.0,0
0.0,55.0,53.458,-1.0,-1.0,-1.0,-1.0,-1.0,-1.0,0.0,39731200.0,0.0,0.0,-1.0,-1.0,-1.0,0.0,0.0,0
0.0,55.0,52.667,-1.0,-1.0,-1.0,-1.0,-1.0,-1.0,0.0,39747584.0,0.0,0.0,-1.0,-1.0,-1.0,0.0,0.0,0
0.0,61.0,58.875,-1.0,-1.0,-1.0,-1.0,-1.0,-1.0,0.0,39747584.0,0.0,0.0,-1.0,-1.0,-1.0,0.0,0.0,0
0.0,49.0,45.959,-1.0,-1.0,-1.0,-1.0,-1.0,-1.0,0.0,39747584.0,0.0,0.0,-1.0,-1.0,-1.0,0.0,0.0,0
0.0,61.0,59.291,-1.0,-1.0,-1.0,-1.0,-1.0,-1.0,0.0,39747584.0,0.0,0.0,-1.0,-1.0,-1.0,0.0,0.0,0
0.0,49.0,48.292,-1.0,-1.0,-1.0,-1.0,-1.0,-1.0,0.0,39747584.0,0.0,0.0,-1.0,-1.0,-1.0,0.0,0.0,0
0.0,60.0,59.042,-1.0,-1.0,-1.0,-1.0,-1.0,-1.0,0.0,39747584.0,0.0,0.0,-1.0,-1.0,-1.0,0.0,0.0,0
0.0,49.0,48.0,-1.0,-1.0,-1.0,-1.0,-1.0,-1.0,0.0,39763968.0,0.0,0.0,-1.0,-1.0,-1.0,0.0,0.0,0
0.0,50.0,47.042,-1.0,-1.0,-1.0,-1.0,-1.0,-1.0,0.0,39763968.0,0.0,0.0,-1.0,-1.0,-1.0,0.0,0.0,0
0.0,25.0,22.833,-1.0,-1.0,-1.0,-1.0,-1.0,-1.0,0.0,39780352.0,0.0,0.0,-1.0,-1.0,-1.0,0.0,0.0,0
0.0,48.0,45.75,-1.0,-1.0,-1.0,-1.0,-1.0,-1.0,0.0,39780352.0,0.0,0.0,-1.0,-1.0,-1.0,0.0,0.0,0
0.0,48.0,45.834,-1.0,-1.0,-1.0,-1.0,-1.0,-1.0,0.0,39780352.0,0.0,0.0,-1.0,-1.0,-1.0,0.0,0.0,0
0.0,46.0,43.458,-1.0,-1.0,-1.0,-1.0,-1.0,-1.0,0.0,39780352.0,0.0,0.0,-1.0,-1.0,-1.0,0.0,0.0,0
0.0,44.0,42.208,-1.0,-1.0,-1.0,-1.0,-1.0,-1.0,0.0,39780352.0,0.0,0.0,-1.0,-1.0,-1.0,0.0,0.0,0
0.0,49.0,46.083,-1.0,-1.0,-1.0,-1.0,-1.0,-1.0,0.0,39780352.0,0.0,0.0,-1.0,-1.0,-1.0,0.0,0.0,0
0.0,53.0,49.709,-1.0,-1.0,-1.0,-1.0,-1.0,-1.0,0.0,39780352.0,0.0,0.0,-1.0,-1.0,-1.0,0.0,0.0,0
0.0,55.0,53.833,-1.0,-1.0,-1.0,-1.0,-1.0,-1.0,0.0,39780352.0,0.0,0.0,-1.0,-1.0,-1.0,0.0,0.0,0
0.0,54.0,52.083,-1.0,-1.0,-1.0,-1.0,-1.0,-1.0,0.0,39780352.0,0.0,0.0,-1.0,-1.0,-1.0,0.0,0.0,0
0.0,60.0,57.833,-1.0,-1.0,-1.0,-1.0,-1.0,-1.0,0.0,39780352.0,0.0,0.0,-1.0,-1.0,-1.0,0.0,0.0,0
0.0,59.0,57.166,-1.0,-1.0,-1.0,-1.0,-1.0,-1.0,0.0,39780352.0,0.0,0.0,-1.0,-1.0,-1.0,0.0,0.0,0
0.0,51.0,48.541,-1.0,-1.0,-1.0,-1.0,-1.0,-1.0,0.0,39780352.0,0.0,0.0,-1.0,-1.0,-1.0,0.0,0.0,0
0.0,23.0,22.708,-1.0,-1.0,-1.0,-1.0,-1.0,-1.0,0.0,39780352.0,0.0,0.0,-1.0,-1.0,-1.0,0.0,0.0,0
0.0,51.0,48.5,-1.0,-1.0,-1.0,-1.0,-1.0,-1.0,0.0,39780352.0,0.0,0.0,-1.0,-1.0,-1.0,0.0,0.0,0
0.0,53.0,49.792,-1.0,-1.0,-1.0,-1.0,-1.0,-1.0,0.0,39780352.0,0.0,0.0,-1.0,-1.0,-1.0,0.0,0.0,0
0.0,50.0,47.959,-1.0,-1.0,-1.0,-1.0,-1.0,-1.0,0.0,39796736.0,0.0,0.0,-1.0,-1.0,-1.0,0.0,0.0,0
0.0,45.0,43.417,-1.0,-1.0,-1.0,-1.0,-1.0,-1.0,0.0,39796736.0,0.0,0.0,-1.0,-1.0,-1.0,0.0,0.0,0
0.0,49.0,45.916,-1.0,-1.0,-1.0,-1.0,-1.0,-1.0,0.0,39796736.0,0.0,0.0,-1.0,-1.0,-1.0,0.0,0.0,0
0.0,49.0,47.292,-1.0,-1.0,-1.0,-1.0,-1.0,-1.0,0.0,39796736.0,0.0,0.0,-1.0,-1.0,-1.0,0.0,0.0,0
0.0,60.0,58.583,-1.0,-1.0,-1.0,-1.0,-1.0,-1.0,0.0,39796736.0,0.0,0.0,-1.0,-1.0,-1.0,0.0,0.0,0
0.0,47.0,44.375,-1.0,-1.0,-1.0,-1.0,-1.0,-1.0,0.0,39813120.0,0.0,0.0,-1.0,-1.0,-1.0,0.0,0.0,0
0.0,51.0,49.916,-1.0,-1.0,-1.0,-1.0,-1.0,-1.0,0.0,39813120.0,0.0,0.0,-1.0,-1.0,-1.0,0.0,0.0,0
0.0,61.0,59.75,-1.0,-1.0,-1.0,-1.0,-1.0,-1.0,0.0,39813120.0,0.0,0.0,-1.0,-1.0,-1.0,0.0,0.0,0
0.0,60.0,58.417,-1.0,-1.0,-1.0,-1.0,-1.0,-1.0,0.0,39813120.0,0.0,0.0,-1.0,-1.0,-1.0,0.0,0.0,0
0.0,27.0,26.042,-1.0,-1.0,-1.0,-1.0,-1.0,-1.0,0.0,39813120.0,0.0,0.0,-1.0,-1.0,-1.0,0.0,0.0,0
0.0,55.0,53.375,-1.0,-1.0,-1.0,-1.0,-1.0,-1.0,0.0,39813120.0,0.0,0.0,-1.0,-1.0,-1.0,0.0,0.0,0
0.0,54.0,53.208,-1.0,-1.0,-1.0,-1.0,-1.0,-1.0,0.0,39813120.0,0.0,0.0,-1.0,-1.0,-1.0,0.0,0.0,0
0.0,61.0,58.667,-1.0,-1.0,-1.0,-1.0,-1.0,-1.0,0.0,39813120.0,0.0,0.0,-1.0,-1.0,-1.0,0.0,0.0,0
0.0,49.0,46.792,-1.0,-1.0,-1.0,-1.0,-1.0,-1.0,0.0,39829504.0,0.0,0.0,-1.0,-1.0,-1.0,0.0,0.0,0
0.0,51.0,49.0,-1.0,-1.0,-1.0,-1.0,-1.0,-1.0,0.0,39829504.0,0.0,0.0,-1.0,-1.0,-1.0,0.0,0.0,0
0.0,48.0,46.542,-1.0,-1.0,-1.0,-1.0,-1.0,-1.0,0.0,39829504.0,0.0,0.0,-1.0,-1.0,-1.0,0.0,0.0,0
0.0,46.0,44.416,-1.0,-1.0,-1.0,-1.0,-1.0,-1.0,0.0,39829504.0,0.0,0.0,-1.0,-1.0,-1.0,0.0,0.0,0
0.0,45.0,44.125,-1.0,-1.0,-1.0,-1.0,-1.0,-1.0,0.0,39845888.0,0.0,0.0,-1.0,-1.0,-1.0,0.0,0.0,0
0.0,49.0,47.208,-1.0,-1.0,-1.0,-1.0,-1.0,-1.0,0.0,39845888.0,0.0,0.0,-1.0,-1.0,-1.0,0.0,0.0,0
0.0,51.0,48.208,-1.0,-1.0,-1.0,-1.0,-1.0,-1.0,0.0,39845888.0,0.0,0.0,-1.0,-1.0,-1.0,0.0,0.0,0
0.0,62.0,58.75,-1.0,-1.0,-1.0,-1.0,-1.0,-1.0,0.0,39845888.0,0.0,0.0,-1.0,-1.0,-1.0,0.0,0.0,0
0.0,61.0,59.25,-1.0,-1.0,-1.0,-1.0,-1.0,-1.0,0.0,39862272.0,0.0,0.0,-1.0,-1.0,-1.0,0.0,0.0,0
0.0,33.0,31.5,-1.0,-1.0,-1.0,-1.0,-1.0,-1.0,0.0,39862272.0,0.0,0.0,-1.0,-1.0,-1.0,0.0,0.0,0
0.0,54.0,50.833,-1.0,-1.0,-1.0,-1.0,-1.0,-1.0,0.0,39862272.0,0.0,0.0,-1.0,-1.0,-1.0,0.0,0.0,0
0.0,31.0,29.958,-1.0,-1.0,-1.0,-1.0,-1.0,-1.0,0.0,39862272.0,0.0,0.0,-1.0,-1.0,-1.0,0.0,0.0,0
0.0,52.0,50.375,-1.0,-1.0,-1.0,-1.0,-1.0,-1.0,0.0,39862272.0,0.0,0.0,-1.0,-1.0,-1.0,0.0,0.0,0
0.0,48.0,46.416,-1.0,-1.0,-1.0,-1.0,-1.0,-1.0,0.0,39862272.0,0.0,0.0,-1.0,-1.0,-1.0,0.0,0.0,0
0.0,47.0,44.916,-1.0,-1.0,-1.0,-1.0,-1.0,-1.0,0.0,39862272.0,0.0,0.0,-1.0,-1.0,-1.0,0.0,0.0,0
0.0,52.0,49.75,-1.0,-1.0,-1.0,-1.0,-1.0,-1.0,0.0,39862272.0,0.0,0.0,-1.0,-1.0,-1.0,0.0,0.0,0
0.0,60.0,57.417,-1.0,-1.0,-1.0,-1.0,-1.0,-1.0,0.0,39862272.0,0.0,0.0,-1.0,-1.0,-1.0,0.0,0.0,0
0.0,30.0,29.875,-1.0,-1.0,-1.0,-1.0,-1.0,-1.0,0.0,39862272.0,0.0,0.0,-1.0,-1.0,-1.0,0.0,0.0,0
0.0,47.0,44.583,-1.0,-1.0,-1.0,-1.0,-1.0,-1.0,0.0,39862272.0,0.0,0.0,-1.0,-1.0,-1.0,0.0,0.0,0
0.0,50.0,47.75,-1.0,-1.0,-1.0,-1.0,-1.0,-1.0,0.0,39862272.0,0.0,0.0,-1.0,-1.0,-1.0,0.0,0.0,0
0.0,49.0,46.917,-1.0,-1.0,-1.0,-1.0,-1.0,-1.0,0.0,39878656.0,0.0,0.0,-1.0,-1.0,-1.0,0.0,0.0,0
0.0,37.0,35.5,-1.0,-1.0,-1.0,-1.0,-1.0,-1.0,0.0,39895040.0,0.0,0.0,-1.0,-1.0,-1.0,0.0,0.0,0
0.0,50.0,49.208,-1.0,-1.0,-1.0,-1.0,-1.0,-1.0,0.0,39895040.0,0.0,0.0,-1.0,-1.0,-1.0,0.0,0.0,0
0.0,49.0,46.166,-1.0,-1.0,-1.0,-1.0,-1.0,-1.0,0.0,39895040.0,0.0,0.0,-1.0,-1.0,-1.0,0.0,0.0,0
0.0,51.0,48.0,-1.0,-1.0,-1.0,-1.0,-1.0,-1.0,0.0,39895040.0,0.0,0.0,-1.0,-1.0,-1.0,0.0,0.0,0
0.0,52.0,48.875,-1.0,-1.0,-1.0,-1.0,-1.0,-1.0,0.0,39895040.0,0.0,0.0,-1.0,-1.0,-1.0,0.0,0.0,0
0.0,50.0,48.292,-1.0,-1.0,-1.0,-1.0,-1.0,-1.0,0.0,39895040.0,0.0,0.0,-1.0,-1.0,-1.0,0.0,0.0,0
0.0,55.0,53.25,-1.0,-1.0,-1.0,-1.0,-1.0,-1.0,0.0,39895040.0,0.0,0.0,-1.0,-1.0,-1.0,0.0,0.0,0
0.0,57.0,55.041,-1.0,-1.0,-1.0,-1.0,-1.0,-1.0,0.0,39895040.0,0.0,0.0,-1.0,-1.0,-1.0,0.0,0.0,0
0.0,125.0,116.416,-1.0,-1.0,-1.0,-1.0,-1.0,-1.0,0.0,39927808.0,0.0,0.0,-1.0,-1.0,-1.0,0.0,0.0,0
0.0,72.0,64.458,-1.0,-1.0,-1.0,-1.0,-1.0,-1.0,0.0,39960576.0,0.0,0.0,-1.0,-1.0,-1.0,0.0,0.0,0
0.0,78.0,69.583,-1.0,-1.0,-1.0,-1.0,-1.0,-1.0,0.0,39960576.0,0.0,0.0,-1.0,-1.0,-1.0,0.0,0.0,0
0.0,76.0,67.667,-1.0,-1.0,-1.0,-1.0,-1.0,-1.0,0.0,39960576.0,0.0,0.0,-1.0,-1.0,-1.0,0.0,0.0,0
0.0,58.0,50.583,-1.0,-1.0,-1.0,-1.0,-1.0,-1.0,0.0,39960576.0,0.0,0.0,-1.0,-1.0,-1.0,0.0,0.0,0
0.0,66.0,55.583,-1.0,-1.0,-1.0,-1.0,-1.0,-1.0,0.0,39960576.0,0.0,0.0,-1.0,-1.0,-1.0,0.0,0.0,0
0.0,66.0,60.75,-1.0,-1.0,-1.0,-1.0,-1.0,-1.0,0.0,39960576.0,0.0,0.0,-1.0,-1.0,-1.0,0.0,0.0,0
0.0,80.0,68.875,-1.0,-1.0,-1.0,-1.0,-1.0,-1.0,0.0,39960576.0,0.0,0.0,-1.0,-1.0,-1.0,0.0,0.0,0
0.0,78.0,69.584,-1.0,-1.0,-1.0,-1.0,-1.0,-1.0,0.0,39960576.0,0.0,0.0,-1.0,-1.0,-1.0,0.0,0.0,0
0.0,62.0,54.584,-1.0,-1.0,-1.0,-1.0,-1.0,-1.0,0.0,39976960.0,0.0,0.0,-1.0,-1.0,-1.0,0.0,0.0,0
2.0,89.0,105.459,-1.0,-1.0,-1.0,-1.0,-1.0,-1.0,0.0,39976960.0,0.0,0.0,-1.0,-1.0,-1.0,0.0,0.0,0
0.0,77.0,69.708,-1.0,-1.0,-1.0,-1.0,-1.0,-1.0,0.0,39993344.0,0.0,0.0,-1.0,-1.0,-1.0,0.0,0.0,0
0.0,71.0,64.334,-1.0,-1.0,-1.0,-1.0,-1.0,-1.0,0.0,39993344.0,0.0,0.0,-1.0,-1.0,-1.0,0.0,0.0,0
0.0,72.0,65.958,-1.0,-1.0,-1.0,-1.0,-1.0,-1.0,0.0,39993344.0,0.0,0.0,-1.0,-1.0,-1.0,0.0,0.0,0
0.0,73.0,65.0,-1.0,-1.0,-1.0,-1.0,-1.0,-1.0,0.0,39993344.0,0.0,0.0,-1.0,-1.0,-1.0,0.0,0.0,0
1.0,57.0,63.584,-1.0,-1.0,-1.0,-1.0,-1.0,-1.0,0.0,39993344.0,0.0,0.0,-1.0,-1.0,-1.0,0.0,0.0,0
0.0,49.0,45.125,-1.0,-1.0,-1.0,-1.0,-1.0,-1.0,0.0,40009728.0,0.0,0.0,-1.0,-1.0,-1.0,0.0,0.0,0
0.0,49.0,44.208,-1.0,-1.0,-1.0,-1.0,-1.0,-1.0,0.0,40009728.0,0.0,0.0,-1.0,-1.0,-1.0,0.0,0.0,0
0.0,76.0,63.5,-1.0,-1.0,-1.0,-1.0,-1.0,-1.0,0.0,40009728.0,0.0,0.0,-1.0,-1.0,-1.0,0.0,0.0,0
0.0,74.0,67.708,-1.0,-1.0,-1.0,-1.0,-1.0,-1.0,0.0,40009728.0,0.0,0.0,-1.0,-1.0,-1.0,0.0,0.0,0
0.0,87.0,79.417,-1.0,-1.0,-1.0,-1.0,-1.0,-1.0,0.0,40026112.0,0.0,0.0,-1.0,-1.0,-1.0,0.0,0.0,0
0.0,74.0,67.792,-1.0,-1.0,-1.0,-1.0,-1.0,-1.0,0.0,40026112.0,0.0,0.0,-1.0,-1.0,-1.0,0.0,0.0,0
0.0,75.0,69.708,-1.0,-1.0,-1.0,-1.0,-1.0,-1.0,0.0,40026112.0,0.0,0.0,-1.0,-1.0,-1.0,0.0,0.0,0
0.0,76.0,69.333,-1.0,-1.0,-1.0,-1.0,-1.0,-1.0,0.0,40026112.0,0.0,0.0,-1.0,-1.0,-1.0,0.0,0.0,0
0.0,76.0,68.416,-1.0,-1.0,-1.0,-1.0,-1.0,-1.0,0.0,40026112.0,0.0,0.0,-1.0,-1.0,-1.0,0.0,0.0,0
0.0,78.0,69.833,-1.0,-1.0,-1.0,-1.0,-1.0,-1.0,0.0,40026112.0,0.0,0.0,-1.0,-1.0,-1.0,0.0,0.0,0
1.0,66.0,90.167,-1.0,-1.0,-1.0,-1.0,-1.0,-1.0,0.0,40042496.0,0.0,0.0,-1.0,-1.0,-1.0,0.0,0.0,0
0.0,74.0,66.875,-1.0,-1.0,-1.0,-1.0,-1.0,-1.0,0.0,40042496.0,0.0,0.0,-1.0,-1.0,-1.0,0.0,0.0,0
0.0,67.0,58.958,-1.0,-1.0,-1.0,-1.0,-1.0,-1.0,0.0,40042496.0,0.0,0.0,-1.0,-1.0,-1.0,0.0,0.0,0
0.0,59.0,53.0,-1.0,-1.0,-1.0,-1.0,-1.0,-1.0,0.0,40042496.0,0.0,0.0,-1.0,-1.0,-1.0,0.0,0.0,0
0.0,73.0,65.75,-1.0,-1.0,-1.0,-1.0,-1.0,-1.0,0.0,40042496.0,0.0,0.0,-1.0,-1.0,-1.0,0.0,0.0,0
0.0,72.0,66.875,-1.0,-1.0,-1.0,-1.0,-1.0,-1.0,0.0,40042496.0,0.0,0.0,-1.0,-1.0,-1.0,0.0,0.0,0
0.0,68.0,62.292,-1.0,-1.0,-1.0,-1.0,-1.0,-1.0,0.0,40042496.0,0.0,0.0,-1.0,-1.0,-1.0,0.0,0.0,0
0.0,71.0,64.083,-1.0,-1.0,-1.0,-1.0,-1.0,-1.0,0.0,40042496.0,0.0,0.0,-1.0,-1.0,-1.0,0.0,0.0,0
0.0,69.0,63.041,-1.0,-1.0,-1.0,-1.0,-1.0,-1.0,0.0,40042496.0,0.0,0.0,-1.0,-1.0,-1.0,0.0,0.0,0
0.0,73.0,65.75,-1.0,-1.0,-1.0,-1.0,-1.0,-1.0,0.0,40042496.0,0.0,0.0,-1.0,-1.0,-1.0,0.0,0.0,0
0.0,68.0,62.0,-1.0,-1.0,-1.0,-1.0,-1.0,-1.0,0.0,40042496.0,0.0,0.0,-1.0,-1.0,-1.0,0.0,0.0,0
0.0,64.0,59.541,-1.0,-1.0,-1.0,-1.0,-1.0,-1.0,0.0,40042496.0,0.0,0.0,-1.0,-1.0,-1.0,0.0,0.0,0
0.0,58.0,52.75,-1.0,-1.0,-1.0,-1.0,-1.0,-1.0,0.0,40042496.0,0.0,0.0,-1.0,-1.0,-1.0,0.0,0.0,0
0.0,66.0,58.667,-1.0,-1.0,-1.0,-1.0,-1.0,-1.0,0.0,40042496.0,0.0,0.0,-1.0,-1.0,-1.0,0.0,0.0,0
0.0,64.0,57.208,-1.0,-1.0,-1.0,-1.0,-1.0,-1.0,0.0,40042496.0,0.0,0.0,-1.0,-1.0,-1.0,0.0,0.0,0
0.0,73.0,65.0,-1.0,-1.0,-1.0,-1.0,-1.0,-1.0,0.0,40042496.0,0.0,0.0,-1.0,-1.0,-1.0,0.0,0.0,0
0.0,67.0,56.791,-1.0,-1.0,-1.0,-1.0,-1.0,-1.0,0.0,40042496.0,0.0,0.0,-1.0,-1.0,-1.0,0.0,0.0,0
0.0,72.0,64.083,-1.0,-1.0,-1.0,-1.0,-1.0,-1.0,0.0,40058880.0,0.0,0.0,-1.0,-1.0,-1.0,0.0,0.0,0
0.0,86.0,79.167,-1.0,-1.0,-1.0,-1.0,-1.0,-1.0,0.0,40058880.0,0.0,0.0,-1.0,-1.0,-1.0,0.0,0.0,0
0.0,68.0,63.125,-1.0,-1.0,-1.0,-1.0,-1.0,-1.0,0.0,40058880.0,0.0,0.0,-1.0,-1.0,-1.0,0.0,0.0,0
0.0,76.0,68.625,-1.0,-1.0,-1.0,-1.0,-1.0,-1.0,0.0,40058880.0,0.0,0.0,-1.0,-1.0,-1.0,0.0,0.0,0
0.0,75.0,68.0,-1.0,-1.0,-1.0,-1.0,-1.0,-1.0,0.0,40058880.0,0.0,0.0,-1.0,-1.0,-1.0,0.0,0.0,0
0.0,87.0,80.209,-1.0,-1.0,-1.0,-1.0,-1.0,-1.0,0.0,40075264.0,0.0,0.0,-1.0,-1.0,-1.0,0.0,0.0,0
0.0,80.0,72.583,-1.0,-1.0,-1.0,-1.0,-1.0,-1.0,0.0,40075264.0,0.0,0.0,-1.0,-1.0,-1.0,0.0,0.0,0
0.0,73.0,68.083,-1.0,-1.0,-1.0,-1.0,-1.0,-1.0,0.0,40075264.0,0.0,0.0,-1.0,-1.0,-1.0,0.0,0.0,0
0.0,74.0,68.334,-1.0,-1.0,-1.0,-1.0,-1.0,-1.0,0.0,40091648.0,0.0,0.0,-1.0,-1.0,-1.0,0.0,0.0,0
0.0,73.0,66.166,-1.0,-1.0,-1.0,-1.0,-1.0,-1.0,0.0,40108032.0,0.0,0.0,-1.0,-1.0,-1.0,0.0,0.0,0
0.0,74.0,68.791,-1.0,-1.0,-1.0,-1.0,-1.0,-1.0,0.0,40108032.0,0.0,0.0,-1.0,-1.0,-1.0,0.0,0.0,0
0.0,64.0,58.917,-1.0,-1.0,-1.0,-1.0,-1.0,-1.0,0.0,40108032.0,0.0,0.0,-1.0,-1.0,-1.0,0.0,0.0,0
0.0,70.0,63.334,-1.0,-1.0,-1.0,-1.0,-1.0,-1.0,0.0,40108032.0,0.0,0.0,-1.0,-1.0,-1.0,0.0,0.0,0
0.0,90.0,83.875,-1.0,-1.0,-1.0,-1.0,-1.0,-1.0,0.0,40108032.0,0.0,0.0,-1.0,-1.0,-1.0,0.0,0.0,0
0.0,81.0,77.875,-1.0,-1.0,-1.0,-1.0,-1.0,-1.0,0.0,40108032.0,0.0,0.0,-1.0,-1.0,-1.0,0.0,0.0,0
0.0,82.0,77.708,-1.0,-1.0,-1.0,-1.0,-1.0,-1.0,0.0,40108032.0,0.0,0.0,-1.0,-1.0,-1.0,0.0,0.0,0
0.0,86.0,80.959,-1.0,-1.0,-1.0,-1.0,-1.0,-1.0,0.0,40108032.0,0.0,0.0,-1.0,-1.0,-1.0,0.0,0.0,0
0.0,49.0,44.0,-1.0,-1.0,-1.0,-1.0,-1.0,-1.0,0.0,40124416.0,0.0,0.0,-1.0,-1.0,-1.0,0.0,0.0,0
0.0,54.0,47.666,-1.0,-1.0,-1.0,-1.0,-1.0,-1.0,0.0,40124416.0,0.0,0.0,-1.0,-1.0,-1.0,0.0,0.0,0
0.0,50.0,45.625,-1.0,-1.0,-1.0,-1.0,-1.0,-1.0,0.0,40124416.0,0.0,0.0,-1.0,-1.0,-1.0,0.0,0.0,0
0.0,78.0,71.5,-1.0,-1.0,-1.0,-1.0,-1.0,-1.0,0.0,40124416.0,0.0,0.0,-1.0,-1.0,-1.0,0.0,0.0,0
0.0,79.0,68.291,-1.0,-1.0,-1.0,-1.0,-1.0,-1.0,0.0,40124416.0,0.0,0.0,-1.0,-1.0,-1.0,0.0,0.0,0
0.0,96.0,88.125,-1.0,-1.0,-1.0,-1.0,-1.0,-1.0,0.0,40124416.0,0.0,0.0,-1.0,-1.0,-1.0,0.0,0.0,0
0.0,94.0,88.083,-1.0,-1.0,-1.0,-1.0,-1.0,-1.0,0.0,40124416.0,0.0,0.0,-1.0,-1.0,-1.0,0.0,0.0,0
0.0,94.0,87.375,-1.0,-1.0,-1.0,-1.0,-1.0,-1.0,0.0,40124416.0,0.0,0.0,-1.0,-1.0,-1.0,0.0,0.0,0
0.0,104.0,95.917,-1.0,-1.0,-1.0,-1.0,-1.0,-1.0,0.0,40124416.0,0.0,0.0,-1.0,-1.0,-1.0,0.0,0.0,0
0.0,112.0,101.625,-1.0,-1.0,-1.0,-1.0,-1.0,-1.0,0.0,40124416.0,0.0,0.0,-1.0,-1.0,-1.0,0.0,0.0,0
0.0,104.0,93.583,-1.0,-1.0,-1.0,-1.0,-1.0,-1.0,0.0,40124416.0,0.0,0.0,-1.0,-1.0,-1.0,0.0,0.0,0
0.0,100.0,92.125,-1.0,-1.0,-1.0,-1.0,-1.0,-1.0,0.0,40124416.0,0.0,0.0,-1.0,-1.0,-1.0,0.0,0.0,0
0.0,95.0,90.958,-1.0,-1.0,-1.0,-1.0,-1.0,-1.0,0.0,40124416.0,0.0,0.0,-1.0,-1.0,-1.0,0.0,0.0,0
0.0,64.0,55.667,-1.0,-1.0,-1.0,-1.0,-1.0,-1.0,0.0,40124416.0,0.0,0.0,-1.0,-1.0,-1.0,0.0,0.0,0
0.0,64.0,55.042,-1.0,-1.0,-1.0,-1.0,-1.0,-1.0,0.0,40124416.0,0.0,0.0,-1.0,-1.0,-1.0,0.0,0.0,0
0.0,85.0,72.459,-1.0,-1.0,-1.0,-1.0,-1.0,-1.0,0.0,40124416.0,0.0,0.0,-1.0,-1.0,-1.0,0.0,0.0,0
0.0,78.0,72.291,-1.0,-1.0,-1.0,-1.0,-1.0,-1.0,0.0,40140800.0,0.0,0.0,-1.0,-1.0,-1.0,0.0,0.0,0
0.0,82.0,74.666,-1.0,-1.0,-1.0,-1.0,-1.0,-1.0,0.0,40157184.0,0.0,0.0,-1.0,-1.0,-1.0,0.0,0.0,0
0.0,78.0,69.917,-1.0,-1.0,-1.0,-1.0,-1.0,-1.0,0.0,40157184.0,0.0,0.0,-1.0,-1.0,-1.0,0.0,0.0,0
0.0,82.0,77.583,-1.0,-1.0,-1.0,-1.0,-1.0,-1.0,0.0,40157184.0,0.0,0.0,-1.0,-1.0,-1.0,0.0,0.0,0
0.0,85.0,79.125,-1.0,-1.0,-1.0,-1.0,-1.0,-1.0,0.0,40157184.0,0.0,0.0,-1.0,-1.0,-1.0,0.0,0.0,0
0.0,82.0,77.25,-1.0,-1.0,-1.0,-1.0,-1.0,-1.0,0.0,40157184.0,0.0,0.0,-1.0,-1.0,-1.0,0.0,0.0,0
0.0,85.0,79.75,-1.0,-1.0,-1.0,-1.0,-1.0,-1.0,0.0,40157184.0,0.0,0.0,-1.0,-1.0,-1.0,0.0,0.0,0
0.0,87.0,81.541,-1.0,-1.0,-1.0,-1.0,-1.0,-1.0,0.0,40157184.0,0.0,0.0,-1.0,-1.0,-1.0,0.0,0.0,0
0.0,93.0,87.708,-1.0,-1.0,-1.0,-1.0,-1.0,-1.0,0.0,40157184.0,0.0,0.0,-1.0,-1.0,-1.0,0.0,0.0,0
0.0,51.0,44.917,-1.0,-1.0,-1.0,-1.0,-1.0,-1.0,0.0,40157184.0,0.0,0.0,-1.0,-1.0,-1.0,0.0,0.0,0
0.0,74.0,67.166,-1.0,-1.0,-1.0,-1.0,-1.0,-1.0,0.0,40157184.0,0.0,0.0,-1.0,-1.0,-1.0,0.0,0.0,0
0.0,84.0,75.0,-1.0,-1.0,-1.0,-1.0,-1.0,-1.0,0.0,40157184.0,0.0,0.0,-1.0,-1.0,-1.0,0.0,0.0,0
0.0,100.0,91.958,-1.0,-1.0,-1.0,-1.0,-1.0,-1.0,0.0,40157184.0,0.0,0.0,-1.0,-1.0,-1.0,0.0,0.0,0
0.0,99.0,89.417,-1.0,-1.0,-1.0,-1.0,-1.0,-1.0,0.0,40173568.0,0.0,0.0,-1.0,-1.0,-1.0,0.0,0.0,0
0.0,99.0,92.458,-1.0,-1.0,-1.0,-1.0,-1.0,-1.0,0.0,40173568.0,0.0,0.0,-1.0,-1.0,-1.0,0.0,0.0,0
0.0,103.0,92.666,-1.0,-1.0,-1.0,-1.0,-1.0,-1.0,0.0,40189952.0,0.0,0.0,-1.0,-1.0,-1.0,0.0,0.0,0
0.0,106.0,96.208,-1.0,-1.0,-1.0,-1.0,-1.0,-1.0,0.0,40189952.0,0.0,0.0,-1.0,-1.0,-1.0,0.0,0.0,0
0.0,107.0,96.5,-1.0,-1.0,-1.0,-1.0,-1.0,-1.0,0.0,40189952.0,0.0,0.0,-1.0,-1.0,-1.0,0.0,0.0,0
0.0,121.0,106.333,-1.0,-1.0,-1.0,-1.0,-1.0,-1.0,0.0,40206336.0,0.0,0.0,-1.0,-1.0,-1.0,0.0,0.0,0
0.0,72.0,65.167,-1.0,-1.0,-1.0,-1.0,-1.0,-1.0,0.0,40206336.0,0.0,0.0,-1.0,-1.0,-1.0,0.0,0.0,0
0.0,64.0,56.916,-1.0,-1.0,-1.0,-1.0,-1.0,-1.0,0.0,40206336.0,0.0,0.0,-1.0,-1.0,-1.0,0.0,0.0,0
0.0,80.0,72.709,-1.0,-1.0,-1.0,-1.0,-1.0,-1.0,0.0,40206336.0,0.0,0.0,-1.0,-1.0,-1.0,0.0,0.0,0
0.0,81.0,73.166,-1.0,-1.0,-1.0,-1.0,-1.0,-1.0,0.0,40206336.0,0.0,0.0,-1.0,-1.0,-1.0,0.0,0.0,0
0.0,73.0,67.958,-1.0,-1.0,-1.0,-1.0,-1.0,-1.0,0.0,40206336.0,0.0,0.0,-1.0,-1.0,-1.0,0.0,0.0,0
0.0,93.0,87.75,-1.0,-1.0,-1.0,-1.0,-1.0,-1.0,0.0,40206336.0,0.0,0.0,-1.0,-1.0,-1.0,0.0,0.0,0
0.0,80.0,76.084,-1.0,-1.0,-1.0,-1.0,-1.0,-1.0,0.0,40206336.0,0.0,0.0,-1.0,-1.0,-1.0,0.0,0.0,0
0.0,82.0,79.375,-1.0,-1.0,-1.0,-1.0,-1.0,-1.0,0.0,40206336.0,0.0,0.0,-1.0,-1.0,-1.0,0.0,0.0,0
0.0,81.0,78.208,-1.0,-1.0,-1.0,-1.0,-1.0,-1.0,0.0,40206336.0,0.0,0.0,-1.0,-1.0,-1.0,0.0,0.0,0
0.0,81.0,78.084,-1.0,-1.0,-1.0,-1.0,-1.0,-1.0,0.0,40222720.0,0.0,0.0,-1.0,-1.0,-1.0,0.0,0.0,0
0.0,85.0,80.667,-1.0,-1.0,-1.0,-1.0,-1.0,-1.0,0.0,40222720.0,0.0,0.0,-1.0,-1.0,-1.0,0.0,0.0,0
0.0,97.0,91.583,-1.0,-1.0,-1.0,-1.0,-1.0,-1.0,0.0,40222720.0,0.0,0.0,-1.0,-1.0,-1.0,0.0,0.0,0
0.0,48.0,44.875,-1.0,-1.0,-1.0,-1.0,-1.0,-1.0,0.0,40222720.0,0.0,0.0,-1.0,-1.0,-1.0,0.0,0.0,0
0.0,46.0,43.917,-1.0,-1.0,-1.0,-1.0,-1.0,-1.0,0.0,40222720.0,0.0,0.0,-1.0,-1.0,-1.0,0.0,0.0,0
0.0,63.0,59.917,-1.0,-1.0,-1.0,-1.0,-1.0,-1.0,0.0,40222720.0,0.0,0.0,-1.0,-1.0,-1.0,0.0,0.0,0
0.0,65.0,61.75,-1.0,-1.0,-1.0,-1.0,-1.0,-1.0,0.0,40222720.0,0.0,0.0,-1.0,-1.0,-1.0,0.0,0.0,0
0.0,86.0,81.542,-1.0,-1.0,-1.0,-1.0,-1.0,-1.0,0.0,40239104.0,0.0,0.0,-1.0,-1.0,-1.0,0.0,0.0,0
0.0,82.0,78.583,-1.0,-1.0,-1.0,-1.0,-1.0,-1.0,0.0,40239104.0,0.0,0.0,-1.0,-1.0,-1.0,0.0,0.0,0
0.0,83.0,79.0,-1.0,-1.0,-1.0,-1.0,-1.0,-1.0,0.0,40239104.0,0.0,0.0,-1.0,-1.0,-1.0,0.0,0.0,0
0.0,81.0,77.5,-1.0,-1.0,-1.0,-1.0,-1.0,-1.0,0.0,40239104.0,0.0,0.0,-1.0,-1.0,-1.0,0.0,0.0,0
0.0,81.0,78.625,-1.0,-1.0,-1.0,-1.0,-1.0,-1.0,0.0,40239104.0,0.0,0.0,-1.0,-1.0,-1.0,0.0,0.0,0
0.0,84.0,80.625,-1.0,-1.0,-1.0,-1.0,-1.0,-1.0,0.0,40239104.0,0.0,0.0,-1.0,-1.0,-1.0,0.0,0.0,0
1.0,99.0,132.875,-1.0,-1.0,-1.0,-1.0,-1.0,-1.0,0.0,40239104.0,0.0,0.0,-1.0,-1.0,-1.0,0.0,0.0,0
0.0,50.0,44.958,-1.0,-1.0,-1.0,-1.0,-1.0,-1.0,0.0,40239104.0,0.0,0.0,-1.0,-1.0,-1.0,0.0,0.0,0
0.0,47.0,44.167,-1.0,-1.0,-1.0,-1.0,-1.0,-1.0,0.0,40239104.0,0.0,0.0,-1.0,-1.0,-1.0,0.0,0.0,0
0.0,68.0,64.416,-1.0,-1.0,-1.0,-1.0,-1.0,-1.0,0.0,40239104.0,0.0,0.0,-1.0,-1.0,-1.0,0.0,0.0,0
0.0,71.0,66.875,-1.0,-1.0,-1.0,-1.0,-1.0,-1.0,0.0,40239104.0,0.0,0.0,-1.0,-1.0,-1.0,0.0,0.0,0
0.0,89.0,83.208,-1.0,-1.0,-1.0,-1.0,-1.0,-1.0,0.0,40239104.0,0.0,0.0,-1.0,-1.0,-1.0,0.0,0.0,0
0.0,85.0,80.5,-1.0,-1.0,-1.0,-1.0,-1.0,-1.0,0.0,40239104.0,0.0,0.0,-1.0,-1.0,-1.0,0.0,0.0,0
0.0,90.0,86.042,-1.0,-1.0,-1.0,-1.0,-1.0,-1.0,0.0,40239104.0,0.0,0.0,-1.0,-1.0,-1.0,0.0,0.0,0
0.0,82.0,77.583,-1.0,-1.0,-1.0,-1.0,-1.0,-1.0,0.0,40255488.0,0.0,0.0,-1.0,-1.0,-1.0,0.0,0.0,0
0.0,82.0,78.25,-1.0,-1.0,-1.0,-1.0,-1.0,-1.0,0.0,40255488.0,0.0,0.0,-1.0,-1.0,-1.0,0.0,0.0,0
0.0,82.0,77.792,-1.0,-1.0,-1.0,-1.0,-1.0,-1.0,0.0,40255488.0,0.0,0.0,-1.0,-1.0,-1.0,0.0,0.0,0
0.0,88.0,81.542,-1.0,-1.0,-1.0,-1.0,-1.0,-1.0,0.0,40271872.0,0.0,0.0,-1.0,-1.0,-1.0,0.0,0.0,0
0.0,86.0,80.125,-1.0,-1.0,-1.0,-1.0,-1.0,-1.0,0.0,40271872.0,0.0,0.0,-1.0,-1.0,-1.0,0.0,0.0,0
0.0,47.0,42.833,-1.0,-1.0,-1.0,-1.0,-1.0,-1.0,0.0,40271872.0,0.0,0.0,-1.0,-1.0,-1.0,0.0,0.0,0
0.0,71.0,66.917,-1.0,-1.0,-1.0,-1.0,-1.0,-1.0,0.0,40288256.0,0.0,0.0,-1.0,-1.0,-1.0,0.0,0.0,0
0.0,71.0,65.292,-1.0,-1.0,-1.0,-1.0,-1.0,-1.0,0.0,40288256.0,0.0,0.0,-1.0,-1.0,-1.0,0.0,0.0,0
0.0,61.0,56.291,-1.0,-1.0,-1.0,-1.0,-1.0,-1.0,0.0,40304640.0,0.0,0.0,-1.0,-1.0,-1.0,0.0,0.0,0
0.0,86.0,79.583,-1.0,-1.0,-1.0,-1.0,-1.0,-1.0,0.0,40304640.0,0.0,0.0,-1.0,-1.0,-1.0,0.0,0.0,0
0.0,97.0,90.792,-1.0,-1.0,-1.0,-1.0,-1.0,-1.0,0.0,40304640.0,0.0,0.0,-1.0,-1.0,-1.0,0.0,0.0,0
0.0,85.0,80.375,-1.0,-1.0,-1.0,-1.0,-1.0,-1.0,0.0,40304640.0,0.0,0.0,-1.0,-1.0,-1.0,0.0,0.0,0
0.0,96.0,88.25,-1.0,-1.0,-1.0,-1.0,-1.0,-1.0,0.0,40304640.0,0.0,0.0,-1.0,-1.0,-1.0,0.0,0.0,0
0.0,84.0,79.416,-1.0,-1.0,-1.0,-1.0,-1.0,-1.0,0.0,40304640.0,0.0,0.0,-1.0,-1.0,-1.0,0.0,0.0,0
0.0,82.0,77.25,-1.0,-1.0,-1.0,-1.0,-1.0,-1.0,0.0,40304640.0,0.0,0.0,-1.0,-1.0,-1.0,0.0,0.0,0
2.0,122.0,235.375,-1.0,-1.0,-1.0,-1.0,-1.0,-1.0,0.0,40304640.0,0.0,0.0,-1.0,-1.0,-1.0,0.0,0.0,0
0.0,49.0,44.292,-1.0,-1.0,-1.0,-1.0,-1.0,-1.0,0.0,40304640.0,0.0,0.0,-1.0,-1.0,-1.0,0.0,0.0,0
0.0,71.0,66.5,-1.0,-1.0,-1.0,-1.0,-1.0,-1.0,0.0,40304640.0,0.0,0.0,-1.0,-1.0,-1.0,0.0,0.0,0
0.0,76.0,70.291,-1.0,-1.0,-1.0,-1.0,-1.0,-1.0,0.0,40304640.0,0.0,0.0,-1.0,-1.0,-1.0,0.0,0.0,0
0.0,73.0,67.625,-1.0,-1.0,-1.0,-1.0,-1.0,-1.0,0.0,40304640.0,0.0,0.0,-1.0,-1.0,-1.0,0.0,0.0,0
0.0,98.0,92.333,-1.0,-1.0,-1.0,-1.0,-1.0,-1.0,0.0,40321024.0,0.0,0.0,-1.0,-1.0,-1.0,0.0,0.0,0
0.0,93.0,86.917,-1.0,-1.0,-1.0,-1.0,-1.0,-1.0,0.0,40321024.0,0.0,0.0,-1.0,-1.0,-1.0,0.0,0.0,0
0.0,95.0,88.209,-1.0,-1.0,-1.0,-1.0,-1.0,-1.0,0.0,40321024.0,0.0,0.0,-1.0,-1.0,-1.0,0.0,0.0,0
0.0,89.0,84.75,-1.0,-1.0,-1.0,-1.0,-1.0,-1.0,0.0,40321024.0,0.0,0.0,-1.0,-1.0,-1.0,0.0,0.0,0
0.0,101.0,94.709,-1.0,-1.0,-1.0,-1.0,-1.0,-1.0,0.0,40321024.0,0.0,0.0,-1.0,-1.0,-1.0,0.0,0.0,0
0.0,87.0,81.542,-1.0,-1.0,-1.0,-1.0,-1.0,-1.0,0.0,40321024.0,0.0,0.0,-1.0,-1.0,-1.0,0.0,0.0,0
0.0,89.0,82.167,-1.0,-1.0,-1.0,-1.0,-1.0,-1.0,0.0,40321024.0,0.0,0.0,-1.0,-1.0,-1.0,0.0,0.0,0
0.0,56.0,50.167,-1.0,-1.0,-1.0,-1.0,-1.0,-1.0,0.0,40321024.0,0.0,0.0,-1.0,-1.0,-1.0,0.0,0.0,0
0.0,51.0,46.708,-1.0,-1.0,-1.0,-1.0,-1.0,-1.0,0.0,40321024.0,0.0,0.0,-1.0,-1.0,-1.0,0.0,0.0,0
0.0,71.0,64.125,-1.0,-1.0,-1.0,-1.0,-1.0,-1.0,0.0,40353792.0,0.0,0.0,-1.0,-1.0,-1.0,0.0,0.0,0
0.0,80.0,73.0,-1.0,-1.0,-1.0,-1.0,-1.0,-1.0,0.0,40353792.0,0.0,0.0,-1.0,-1.0,-1.0,0.0,0.0,0
0.0,98.0,90.667,-1.0,-1.0,-1.0,-1.0,-1.0,-1.0,0.0,40353792.0,0.0,0.0,-1.0,-1.0,-1.0,0.0,0.0,0
0.0,120.0,112.917,-1.0,-1.0,-1.0,-1.0,-1.0,-1.0,0.0,40353792.0,0.0,0.0,-1.0,-1.0,-1.0,0.0,0.0,0
0.0,94.0,88.416,-1.0,-1.0,-1.0,-1.0,-1.0,-1.0,0.0,40353792.0,0.0,0.0,-1.0,-1.0,-1.0,0.0,0.0,0
0.0,102.0,94.375,-1.0,-1.0,-1.0,-1.0,-1.0,-1.0,0.0,40353792.0,0.0,0.0,-1.0,-1.0,-1.0,0.0,0.0,0
0.0,98.0,93.0,-1.0,-1.0,-1.0,-1.0,-1.0,-1.0,0.0,40353792.0,0.0,0.0,-1.0,-1.0,-1.0,0.0,0.0,0
0.0,110.0,98.834,-1.0,-1.0,-1.0,-1.0,-1.0,-1.0,0.0,40370176.0,0.0,0.0,-1.0,-1.0,-1.0,0.0,0.0,0
1.0,111.0,132.834,-1.0,-1.0,-1.0,-1.0,-1.0,-1.0,0.0,40402944.0,0.0,0.0,-1.0,-1.0,-1.0,0.0,0.0,0
0.0,64.0,57.834,-1.0,-1.0,-1.0,-1.0,-1.0,-1.0,0.0,40402944.0,0.0,0.0,-1.0,-1.0,-1.0,0.0,0.0,0
0.0,81.0,73.875,-1.0,-1.0,-1.0,-1.0,-1.0,-1.0,0.0,40402944.0,0.0,0.0,-1.0,-1.0,-1.0,0.0,0.0,0
0.0,78.0,71.167,-1.0,-1.0,-1.0,-1.0,-1.0,-1.0,0.0,40402944.0,0.0,0.0,-1.0,-1.0,-1.0,0.0,0.0,0
0.0,82.0,71.917,-1.0,-1.0,-1.0,-1.0,-1.0,-1.0,0.0,40402944.0,0.0,0.0,-1.0,-1.0,-1.0,0.0,0.0,0
0.0,98.0,92.375,-1.0,-1.0,-1.0,-1.0,-1.0,-1.0,0.0,40402944.0,0.0,0.0,-1.0,-1.0,-1.0,0.0,0.0,0
0.0,102.0,96.458,-1.0,-1.0,-1.0,-1.0,-1.0,-1.0,0.0,40402944.0,0.0,0.0,-1.0,-1.0,-1.0,0.0,0.0,0
0.0,94.0,88.541,-1.0,-1.0,-1.0,-1.0,-1.0,-1.0,0.0,40402944.0,0.0,0.0,-1.0,-1.0,-1.0,0.0,0.0,0
0.0,81.0,77.417,-1.0,-1.0,-1.0,-1.0,-1.0,-1.0,0.0,40402944.0,0.0,0.0,-1.0,-1.0,-1.0,0.0,0.0,0
0.0,88.0,83.416,-1.0,-1.0,-1.0,-1.0,-1.0,-1.0,0.0,40419328.0,0.0,0.0,-1.0,-1.0,-1.0,0.0,0.0,0
0.0,91.0,86.042,-1.0,-1.0,-1.0,-1.0,-1.0,-1.0,0.0,40419328.0,0.0,0.0,-1.0,-1.0,-1.0,0.0,0.0,0
0.0,86.0,80.458,-1.0,-1.0,-1.0,-1.0,-1.0,-1.0,0.0,40419328.0,0.0,0.0,-1.0,-1.0,-1.0,0.0,0.0,0
0.0,94.0,88.833,-1.0,-1.0,-1.0,-1.0,-1.0,-1.0,0.0,40419328.0,0.0,0.0,-1.0,-1.0,-1.0,0.0,0.0,0
1.0,53.0,45.792,-1.0,-1.0,-1.0,-1.0,-1.0,-1.0,0.0,40419328.0,0.0,0.0,-1.0,-1.0,-1.0,0.0,0.0,0
0.0,65.0,60.916,-1.0,-1.0,-1.0,-1.0,-1.0,-1.0,0.0,40419328.0,0.0,0.0,-1.0,-1.0,-1.0,0.0,0.0,0
0.0,73.0,67.709,-1.0,-1.0,-1.0,-1.0,-1.0,-1.0,0.0,40419328.0,0.0,0.0,-1.0,-1.0,-1.0,0.0,0.0,0
0.0,81.0,77.292,-1.0,-1.0,-1.0,-1.0,-1.0,-1.0,0.0,40419328.0,0.0,0.0,-1.0,-1.0,-1.0,0.0,0.0,0
0.0,98.0,91.333,-1.0,-1.0,-1.0,-1.0,-1.0,-1.0,0.0,40435712.0,0.0,0.0,-1.0,-1.0,-1.0,0.0,0.0,0
0.0,95.0,89.458,-1.0,-1.0,-1.0,-1.0,-1.0,-1.0,0.0,40435712.0,0.0,0.0,-1.0,-1.0,-1.0,0.0,0.0,0
0.0,96.0,89.167,-1.0,-1.0,-1.0,-1.0,-1.0,-1.0,0.0,40435712.0,0.0,0.0,-1.0,-1.0,-1.0,0.0,0.0,0
0.0,97.0,90.834,-1.0,-1.0,-1.0,-1.0,-1.0,-1.0,0.0,40435712.0,0.0,0.0,-1.0,-1.0,-1.0,0.0,0.0,0
0.0,103.0,96.209,-1.0,-1.0,-1.0,-1.0,-1.0,-1.0,0.0,40435712.0,0.0,0.0,-1.0,-1.0,-1.0,0.0,0.0,0
0.0,99.0,91.958,-1.0,-1.0,-1.0,-1.0,-1.0,-1.0,0.0,40435712.0,0.0,0.0,-1.0,-1.0,-1.0,0.0,0.0,0
0.0,63.0,57.292,-1.0,-1.0,-1.0,-1.0,-1.0,-1.0,0.0,40435712.0,0.0,0.0,-1.0,-1.0,-1.0,0.0,0.0,0
0.0,67.0,60.0,-1.0,-1.0,-1.0,-1.0,-1.0,-1.0,0.0,40435712.0,0.0,0.0,-1.0,-1.0,-1.0,0.0,0.0,0
0.0,72.0,65.292,-1.0,-1.0,-1.0,-1.0,-1.0,-1.0,0.0,40435712.0,0.0,0.0,-1.0,-1.0,-1.0,0.0,0.0,0
0.0,80.0,75.334,-1.0,-1.0,-1.0,-1.0,-1.0,-1.0,0.0,40435712.0,0.0,0.0,-1.0,-1.0,-1.0,0.0,0.0,0
0.0,93.0,87.709,-1.0,-1.0,-1.0,-1.0,-1.0,-1.0,0.0,40452096.0,0.0,0.0,-1.0,-1.0,-1.0,0.0,0.0,0
0.0,103.0,96.167,-1.0,-1.0,-1.0,-1.0,-1.0,-1.0,0.0,40452096.0,0.0,0.0,-1.0,-1.0,-1.0,0.0,0.0,0
0.0,104.0,95.625,-1.0,-1.0,-1.0,-1.0,-1.0,-1.0,0.0,40452096.0,0.0,0.0,-1.0,-1.0,-1.0,0.0,0.0,0
0.0,100.0,92.375,-1.0,-1.0,-1.0,-1.0,-1.0,-1.0,0.0,40452096.0,0.0,0.0,-1.0,-1.0,-1.0,0.0,0.0,0
1.0,108.0,128.0,-1.0,-1.0,-1.0,-1.0,-1.0,-1.0,0.0,40452096.0,0.0,0.0,-1.0,-1.0,-1.0,0.0,0.0,0
1.0,106.0,112.042,-1.0,-1.0,-1.0,-1.0,-1.0,-1.0,0.0,40452096.0,0.0,0.0,-1.0,-1.0,-1.0,0.0,0.0,0
0.0,61.0,55.667,-1.0,-1.0,-1.0,-1.0,-1.0,-1.0,0.0,40452096.0,0.0,0.0,-1.0,-1.0,-1.0,0.0,0.0,0
0.0,74.0,68.083,-1.0,-1.0,-1.0,-1.0,-1.0,-1.0,0.0,40468480.0,0.0,0.0,-1.0,-1.0,-1.0,0.0,0.0,0
0.0,70.0,63.875,-1.0,-1.0,-1.0,-1.0,-1.0,-1.0,0.0,40468480.0,0.0,0.0,-1.0,-1.0,-1.0,0.0,0.0,0
0.0,68.0,63.375,-1.0,-1.0,-1.0,-1.0,-1.0,-1.0,0.0,40484864.0,0.0,0.0,-1.0,-1.0,-1.0,0.0,0.0,0
0.0,98.0,91.208,-1.0,-1.0,-1.0,-1.0,-1.0,-1.0,0.0,40484864.0,0.0,0.0,-1.0,-1.0,-1.0,0.0,0.0,0
0.0,98.0,91.625,-1.0,-1.0,-1.0,-1.0,-1.0,-1.0,0.0,40484864.0,0.0,0.0,-1.0,-1.0,-1.0,0.0,0.0,0
0.0,97.0,89.208,-1.0,-1.0,-1.0,-1.0,-1.0,-1.0,0.0,40484864.0,0.0,0.0,-1.0,-1.0,-1.0,0.0,0.0,0
0.0,94.0,89.5,-1.0,-1.0,-1.0,-1.0,-1.0,-1.0,0.0,40484864.0,0.0,0.0,-1.0,-1.0,-1.0,0.0,0.0,0
0.0,83.0,79.792,-1.0,-1.0,-1.0,-1.0,-1.0,-1.0,0.0,40484864.0,0.0,0.0,-1.0,-1.0,-1.0,0.0,0.0,0
0.0,86.0,81.375,-1.0,-1.0,-1.0,-1.0,-1.0,-1.0,0.0,40484864.0,0.0,0.0,-1.0,-1.0,-1.0,0.0,0.0,0
0.0,87.0,82.291,-1.0,-1.0,-1.0,-1.0,-1.0,-1.0,0.0,40484864.0,0.0,0.0,-1.0,-1.0,-1.0,0.0,0.0,0
0.0,95.0,88.458,-1.0,-1.0,-1.0,-1.0,-1.0,-1.0,0.0,40484864.0,0.0,0.0,-1.0,-1.0,-1.0,0.0,0.0,0
0.0,55.0,50.625,-1.0,-1.0,-1.0,-1.0,-1.0,-1.0,0.0,40484864.0,0.0,0.0,-1.0,-1.0,-1.0,0.0,0.0,0
0.0,74.0,66.625,-1.0,-1.0,-1.0,-1.0,-1.0,-1.0,0.0,40484864.0,0.0,0.0,-1.0,-1.0,-1.0,0.0,0.0,0
0.0,77.0,68.125,-1.0,-1.0,-1.0,-1.0,-1.0,-1.0,0.0,40484864.0,0.0,0.0,-1.0,-1.0,-1.0,0.0,0.0,0
0.0,74.0,66.958,-1.0,-1.0,-1.0,-1.0,-1.0,-1.0,0.0,40484864.0,0.0,0.0,-1.0,-1.0,-1.0,0.0,0.0,0
0.0,73.0,66.5,-1.0,-1.0,-1.0,-1.0,-1.0,-1.0,0.0,40501248.0,0.0,0.0,-1.0,-1.0,-1.0,0.0,0.0,0
0.0,90.0,79.25,-1.0,-1.0,-1.0,-1.0,-1.0,-1.0,0.0,40501248.0,0.0,0.0,-1.0,-1.0,-1.0,0.0,0.0,0
0.0,73.0,66.167,-1.0,-1.0,-1.0,-1.0,-1.0,-1.0,0.0,40517632.0,0.0,0.0,-1.0,-1.0,-1.0,0.0,0.0,0
0.0,76.0,68.667,-1.0,-1.0,-1.0,-1.0,-1.0,-1.0,0.0,40517632.0,0.0,0.0,-1.0,-1.0,-1.0,0.0,0.0,0
0.0,79.0,71.667,-1.0,-1.0,-1.0,-1.0,-1.0,-1.0,0.0,40517632.0,0.0,0.0,-1.0,-1.0,-1.0,0.0,0.0,0
0.0,59.0,53.833,-1.0,-1.0,-1.0,-1.0,-1.0,-1.0,0.0,40517632.0,0.0,0.0,-1.0,-1.0,-1.0,0.0,0.0,0
0.0,64.0,55.792,-1.0,-1.0,-1.0,-1.0,-1.0,-1.0,0.0,40517632.0,0.0,0.0,-1.0,-1.0,-1.0,0.0,0.0,0
0.0,73.0,66.25,-1.0,-1.0,-1.0,-1.0,-1.0,-1.0,0.0,40534016.0,0.0,0.0,-1.0,-1.0,-1.0,0.0,0.0,0
0.0,78.0,72.458,-1.0,-1.0,-1.0,-1.0,-1.0,-1.0,0.0,40534016.0,0.0,0.0,-1.0,-1.0,-1.0,0.0,0.0,0
0.0,80.0,72.0,-1.0,-1.0,-1.0,-1.0,-1.0,-1.0,0.0,40534016.0,0.0,0.0,-1.0,-1.0,-1.0,0.0,0.0,0
0.0,78.0,71.417,-1.0,-1.0,-1.0,-1.0,-1.0,-1.0,0.0,40534016.0,0.0,0.0,-1.0,-1.0,-1.0,0.0,0.0,0
0.0,69.0,63.375,-1.0,-1.0,-1.0,-1.0,-1.0,-1.0,0.0,40534016.0,0.0,0.0,-1.0,-1.0,-1.0,0.0,0.0,0
0.0,71.0,65.625,-1.0,-1.0,-1.0,-1.0,-1.0,-1.0,0.0,40534016.0,0.0,0.0,-1.0,-1.0,-1.0,0.0,0.0,0
0.0,70.0,64.791,-1.0,-1.0,-1.0,-1.0,-1.0,-1.0,0.0,40534016.0,0.0,0.0,-1.0,-1.0,-1.0,0.0,0.0,0
0.0,72.0,66.125,-1.0,-1.0,-1.0,-1.0,-1.0,-1.0,0.0,40534016.0,0.0,0.0,-1.0,-1.0,-1.0,0.0,0.0,0
0.0,69.0,64.875,-1.0,-1.0,-1.0,-1.0,-1.0,-1.0,0.0,40534016.0,0.0,0.0,-1.0,-1.0,-1.0,0.0,0.0,0
0.0,65.0,60.292,-1.0,-1.0,-1.0,-1.0,-1.0,-1.0,0.0,40534016.0,0.0,0.0,-1.0,-1.0,-1.0,0.0,0.0,0
0.0,74.0,67.458,-1.0,-1.0,-1.0,-1.0,-1.0,-1.0,0.0,40534016.0,0.0,0.0,-1.0,-1.0,-1.0,0.0,0.0,0
0.0,55.0,50.125,-1.0,-1.0,-1.0,-1.0,-1.0,-1.0,0.0,40534016.0,0.0,0.0,-1.0,-1.0,-1.0,0.0,0.0,0
0.0,64.0,58.25,-1.0,-1.0,-1.0,-1.0,-1.0,-1.0,0.0,40550400.0,0.0,0.0,-1.0,-1.0,-1.0,0.0,0.0,0
0.0,71.0,65.791,-1.0,-1.0,-1.0,-1.0,-1.0,-1.0,0.0,40550400.0,0.0,0.0,-1.0,-1.0,-1.0,0.0,0.0,0
0.0,79.0,71.417,-1.0,-1.0,-1.0,-1.0,-1.0,-1.0,0.0,40550400.0,0.0,0.0,-1.0,-1.0,-1.0,0.0,0.0,0
0.0,80.0,73.625,-1.0,-1.0,-1.0,-1.0,-1.0,-1.0,0.0,40550400.0,0.0,0.0,-1.0,-1.0,-1.0,0.0,0.0,0
0.0,81.0,73.042,-1.0,-1.0,-1.0,-1.0,-1.0,-1.0,0.0,40566784.0,0.0,0.0,-1.0,-1.0,-1.0,0.0,0.0,0
0.0,96.0,90.75,-1.0,-1.0,-1.0,-1.0,-1.0,-1.0,0.0,40566784.0,0.0,0.0,-1.0,-1.0,-1.0,0.0,0.0,0
0.0,101.0,91.667,-1.0,-1.0,-1.0,-1.0,-1.0,-1.0,0.0,40566784.0,0.0,0.0,-1.0,-1.0,-1.0,0.0,0.0,0
0.0,100.0,92.875,-1.0,-1.0,-1.0,-1.0,-1.0,-1.0,0.0,40566784.0,0.0,0.0,-1.0,-1.0,-1.0,0.0,0.0,0
1.0,108.0,113.417,-1.0,-1.0,-1.0,-1.0,-1.0,-1.0,0.0,40566784.0,0.0,0.0,-1.0,-1.0,-1.0,0.0,0.0,0
0.0,100.0,93.5,-1.0,-1.0,-1.0,-1.0,-1.0,-1.0,0.0,40566784.0,0.0,0.0,-1.0,-1.0,-1.0,0.0,0.0,0
0.0,60.0,54.583,-1.0,-1.0,-1.0,-1.0,-1.0,-1.0,0.0,40566784.0,0.0,0.0,-1.0,-1.0,-1.0,0.0,0.0,0
0.0,63.0,56.833,-1.0,-1.0,-1.0,-1.0,-1.0,-1.0,0.0,40566784.0,0.0,0.0,-1.0,-1.0,-1.0,0.0,0.0,0
0.0,72.0,66.209,-1.0,-1.0,-1.0,-1.0,-1.0,-1.0,0.0,40566784.0,0.0,0.0,-1.0,-1.0,-1.0,0.0,0.0,0
0.0,57.0,51.75,-1.0,-1.0,-1.0,-1.0,-1.0,-1.0,0.0,40566784.0,0.0,0.0,-1.0,-1.0,-1.0,0.0,0.0,0
0.0,64.0,60.333,-1.0,-1.0,-1.0,-1.0,-1.0,-1.0,0.0,40566784.0,0.0,0.0,-1.0,-1.0,-1.0,0.0,0.0,0
0.0,61.0,56.75,-1.0,-1.0,-1.0,-1.0,-1.0,-1.0,0.0,40566784.0,0.0,0.0,-1.0,-1.0,-1.0,0.0,0.0,0
0.0,71.0,66.167,-1.0,-1.0,-1.0,-1.0,-1.0,-1.0,0.0,40583168.0,0.0,0.0,-1.0,-1.0,-1.0,0.0,0.0,0
0.0,82.0,77.333,-1.0,-1.0,-1.0,-1.0,-1.0,-1.0,0.0,40599552.0,0.0,0.0,-1.0,-1.0,-1.0,0.0,0.0,0
0.0,82.0,77.583,-1.0,-1.0,-1.0,-1.0,-1.0,-1.0,0.0,40599552.0,0.0,0.0,-1.0,-1.0,-1.0,0.0,0.0,0
0.0,90.0,84.666,-1.0,-1.0,-1.0,-1.0,-1.0,-1.0,0.0,40599552.0,0.0,0.0,-1.0,-1.0,-1.0,0.0,0.0,0
1.0,99.0,157.833,-1.0,-1.0,-1.0,-1.0,-1.0,-1.0,0.0,40599552.0,0.0,0.0,-1.0,-1.0,-1.0,0.0,0.0,0
0.0,62.0,55.708,-1.0,-1.0,-1.0,-1.0,-1.0,-1.0,0.0,40615936.0,0.0,0.0,-1.0,-1.0,-1.0,0.0,0.0,0
0.0,65.0,56.708,-1.0,-1.0,-1.0,-1.0,-1.0,-1.0,0.0,40615936.0,0.0,0.0,-1.0,-1.0,-1.0,0.0,0.0,0
0.0,89.0,81.0,-1.0,-1.0,-1.0,-1.0,-1.0,-1.0,0.0,40615936.0,0.0,0.0,-1.0,-1.0,-1.0,0.0,0.0,0
0.0,75.0,68.833,-1.0,-1.0,-1.0,-1.0,-1.0,-1.0,0.0,40615936.0,0.0,0.0,-1.0,-1.0,-1.0,0.0,0.0,0
0.0,79.0,73.625,-1.0,-1.0,-1.0,-1.0,-1.0,-1.0,0.0,40615936.0,0.0,0.0,-1.0,-1.0,-1.0,0.0,0.0,0
0.0,83.0,77.209,-1.0,-1.0,-1.0,-1.0,-1.0,-1.0,0.0,40615936.0,0.0,0.0,-1.0,-1.0,-1.0,0.0,0.0,0
0.0,93.0,89.25,-1.0,-1.0,-1.0,-1.0,-1.0,-1.0,0.0,40615936.0,0.0,0.0,-1.0,-1.0,-1.0,0.0,0.0,0
0.0,97.0,90.333,-1.0,-1.0,-1.0,-1.0,-1.0,-1.0,0.0,40615936.0,0.0,0.0,-1.0,-1.0,-1.0,0.0,0.0,0
0.0,100.0,93.333,-1.0,-1.0,-1.0,-1.0,-1.0,-1.0,0.0,40615936.0,0.0,0.0,-1.0,-1.0,-1.0,0.0,0.0,0
0.0,106.0,97.167,-1.0,-1.0,-1.0,-1.0,-1.0,-1.0,0.0,40615936.0,0.0,0.0,-1.0,-1.0,-1.0,0.0,0.0,0
0.0,100.0,91.916,-1.0,-1.0,-1.0,-1.0,-1.0,-1.0,0.0,40615936.0,0.0,0.0,-1.0,-1.0,-1.0,0.0,0.0,0
0.0,65.0,57.709,-1.0,-1.0,-1.0,-1.0,-1.0,-1.0,0.0,40615936.0,0.0,0.0,-1.0,-1.0,-1.0,0.0,0.0,0
0.0,60.0,53.75,-1.0,-1.0,-1.0,-1.0,-1.0,-1.0,0.0,40615936.0,0.0,0.0,-1.0,-1.0,-1.0,0.0,0.0,0
0.0,75.0,69.125,-1.0,-1.0,-1.0,-1.0,-1.0,-1.0,0.0,40632320.0,0.0,0.0,-1.0,-1.0,-1.0,0.0,0.0,0
0.0,70.0,65.25,-1.0,-1.0,-1.0,-1.0,-1.0,-1.0,0.0,40632320.0,0.0,0.0,-1.0,-1.0,-1.0,0.0,0.0,0
0.0,80.0,77.125,-1.0,-1.0,-1.0,-1.0,-1.0,-1.0,0.0,40632320.0,0.0,0.0,-1.0,-1.0,-1.0,0.0,0.0,0
0.0,101.0,93.542,-1.0,-1.0,-1.0,-1.0,-1.0,-1.0,0.0,40632320.0,0.0,0.0,-1.0,-1.0,-1.0,0.0,0.0,0
0.0,82.0,77.792,-1.0,-1.0,-1.0,-1.0,-1.0,-1.0,0.0,40632320.0,0.0,0.0,-1.0,-1.0,-1.0,0.0,0.0,0
0.0,89.0,82.083,-1.0,-1.0,-1.0,-1.0,-1.0,-1.0,0.0,40632320.0,0.0,0.0,-1.0,-1.0,-1.0,0.0,0.0,0
0.0,82.0,77.666,-1.0,-1.0,-1.0,-1.0,-1.0,-1.0,0.0,40632320.0,0.0,0.0,-1.0,-1.0,-1.0,0.0,0.0,0
0.0,81.0,77.125,-1.0,-1.0,-1.0,-1.0,-1.0,-1.0,0.0,40648704.0,0.0,0.0,-1.0,-1.0,-1.0,0.0,0.0,0
0.0,84.0,78.5,-1.0,-1.0,-1.0,-1.0,-1.0,-1.0,0.0,40648704.0,0.0,0.0,-1.0,-1.0,-1.0,0.0,0.0,0
0.0,55.0,49.875,-1.0,-1.0,-1.0,-1.0,-1.0,-1.0,0.0,40648704.0,0.0,0.0,-1.0,-1.0,-1.0,0.0,0.0,0
0.0,83.0,78.625,-1.0,-1.0,-1.0,-1.0,-1.0,-1.0,0.0,40665088.0,0.0,0.0,-1.0,-1.0,-1.0,0.0,0.0,0
0.0,85.0,74.708,-1.0,-1.0,-1.0,-1.0,-1.0,-1.0,0.0,40665088.0,0.0,0.0,-1.0,-1.0,-1.0,0.0,0.0,0
0.0,80.0,70.875,-1.0,-1.0,-1.0,-1.0,-1.0,-1.0,0.0,40665088.0,0.0,0.0,-1.0,-1.0,-1.0,0.0,0.0,0
0.0,73.0,67.791,-1.0,-1.0,-1.0,-1.0,-1.0,-1.0,0.0,40665088.0,0.0,0.0,-1.0,-1.0,-1.0,0.0,0.0,0
0.0,101.0,90.25,-1.0,-1.0,-1.0,-1.0,-1.0,-1.0,0.0,40665088.0,0.0,0.0,-1.0,-1.0,-1.0,0.0,0.0,0
0.0,101.0,94.5,-1.0,-1.0,-1.0,-1.0,-1.0,-1.0,0.0,40665088.0,0.0,0.0,-1.0,-1.0,-1.0,0.0,0.0,0
0.0,96.0,88.333,-1.0,-1.0,-1.0,-1.0,-1.0,-1.0,0.0,40665088.0,0.0,0.0,-1.0,-1.0,-1.0,0.0,0.0,0
0.0,103.0,97.0,-1.0,-1.0,-1.0,-1.0,-1.0,-1.0,0.0,40681472.0,0.0,0.0,-1.0,-1.0,-1.0,0.0,0.0,0
1.0,113.0,168.166,-1.0,-1.0,-1.0,-1.0,-1.0,-1.0,0.0,40681472.0,0.0,0.0,-1.0,-1.0,-1.0,0.0,0.0,0
1.0,114.0,147.5,-1.0,-1.0,-1.0,-1.0,-1.0,-1.0,0.0,40681472.0,0.0,0.0,-1.0,-1.0,-1.0,0.0,0.0,0
0.0,66.0,58.167,-1.0,-1.0,-1.0,-1.0,-1.0,-1.0,0.0,40681472.0,0.0,0.0,-1.0,-1.0,-1.0,0.0,0.0,0
0.0,67.0,57.917,-1.0,-1.0,-1.0,-1.0,-1.0,-1.0,0.0,40681472.0,0.0,0.0,-1.0,-1.0,-1.0,0.0,0.0,0
0.0,76.0,67.5,-1.0,-1.0,-1.0,-1.0,-1.0,-1.0,0.0,40681472.0,0.0,0.0,-1.0,-1.0,-1.0,0.0,0.0,0
0.0,81.0,74.542,-1.0,-1.0,-1.0,-1.0,-1.0,-1.0,0.0,40681472.0,0.0,0.0,-1.0,-1.0,-1.0,0.0,0.0,0
0.0,93.0,87.875,-1.0,-1.0,-1.0,-1.0,-1.0,-1.0,0.0,40681472.0,0.0,0.0,-1.0,-1.0,-1.0,0.0,0.0,0
0.0,100.0,93.75,-1.0,-1.0,-1.0,-1.0,-1.0,-1.0,0.0,40681472.0,0.0,0.0,-1.0,-1.0,-1.0,0.0,0.0,0
0.0,88.0,83.25,-1.0,-1.0,-1.0,-1.0,-1.0,-1.0,0.0,40681472.0,0.0,0.0,-1.0,-1.0,-1.0,0.0,0.0,0
0.0,92.0,86.25,-1.0,-1.0,-1.0,-1.0,-1.0,-1.0,0.0,40697856.0,0.0,0.0,-1.0,-1.0,-1.0,0.0,0.0,0
0.0,83.0,78.625,-1.0,-1.0,-1.0,-1.0,-1.0,-1.0,0.0,40697856.0,0.0,0.0,-1.0,-1.0,-1.0,0.0,0.0,0
0.0,87.0,82.125,-1.0,-1.0,-1.0,-1.0,-1.0,-1.0,0.0,40697856.0,0.0,0.0,-1.0,-1.0,-1.0,0.0,0.0,0
0.0,99.0,91.917,-1.0,-1.0,-1.0,-1.0,-1.0,-1.0,0.0,40697856.0,0.0,0.0,-1.0,-1.0,-1.0,0.0,0.0,0
3.0,121.0,266.166,-1.0,-1.0,-1.0,-1.0,-1.0,-1.0,0.0,40697856.0,0.0,0.0,-1.0,-1.0,-1.0,0.0,0.0,0
0.0,53.0,49.25,-1.0,-1.0,-1.0,-1.0,-1.0,-1.0,0.0,40697856.0,0.0,0.0,-1.0,-1.0,-1.0,0.0,0.0,0
0.0,76.0,68.917,-1.0,-1.0,-1.0,-1.0,-1.0,-1.0,0.0,40697856.0,0.0,0.0,-1.0,-1.0,-1.0,0.0,0.0,0
0.0,68.0,61.833,-1.0,-1.0,-1.0,-1.0,-1.0,-1.0,0.0,40714240.0,0.0,0.0,-1.0,-1.0,-1.0,0.0,0.0,0
0.0,74.0,69.0,-1.0,-1.0,-1.0,-1.0,-1.0,-1.0,0.0,40714240.0,0.0,0.0,-1.0,-1.0,-1.0,0.0,0.0,0
0.0,96.0,89.416,-1.0,-1.0,-1.0,-1.0,-1.0,-1.0,0.0,40714240.0,0.0,0.0,-1.0,-1.0,-1.0,0.0,0.0,0
0.0,86.0,81.792,-1.0,-1.0,-1.0,-1.0,-1.0,-1.0,0.0,40714240.0,0.0,0.0,-1.0,-1.0,-1.0,0.0,0.0,0
0.0,109.0,97.0,-1.0,-1.0,-1.0,-1.0,-1.0,-1.0,0.0,40714240.0,0.0,0.0,-1.0,-1.0,-1.0,0.0,0.0,0
0.0,100.0,91.416,-1.0,-1.0,-1.0,-1.0,-1.0,-1.0,0.0,40730624.0,0.0,0.0,-1.0,-1.0,-1.0,0.0,0.0,0
0.0,99.0,91.542,-1.0,-1.0,-1.0,-1.0,-1.0,-1.0,0.0,40730624.0,0.0,0.0,-1.0,-1.0,-1.0,0.0,0.0,0
0.0,105.0,98.792,-1.0,-1.0,-1.0,-1.0,-1.0,-1.0,0.0,40730624.0,0.0,0.0,-1.0,-1.0,-1.0,0.0,0.0,0
0.0,98.0,90.5,-1.0,-1.0,-1.0,-1.0,-1.0,-1.0,0.0,40730624.0,0.0,0.0,-1.0,-1.0,-1.0,0.0,0.0,0
0.0,63.0,56.0,-1.0,-1.0,-1.0,-1.0,-1.0,-1.0,0.0,40747008.0,0.0,0.0,-1.0,-1.0,-1.0,0.0,0.0,0
0.0,74.0,65.875,-1.0,-1.0,-1.0,-1.0,-1.0,-1.0,0.0,40747008.0,0.0,0.0,-1.0,-1.0,-1.0,0.0,0.0,0
0.0,73.0,66.417,-1.0,-1.0,-1.0,-1.0,-1.0,-1.0,0.0,40747008.0,0.0,0.0,-1.0,-1.0,-1.0,0.0,0.0,0
0.0,78.0,67.208,-1.0,-1.0,-1.0,-1.0,-1.0,-1.0,0.0,40747008.0,0.0,0.0,-1.0,-1.0,-1.0,0.0,0.0,0
0.0,81.0,73.291,-1.0,-1.0,-1.0,-1.0,-1.0,-1.0,0.0,40747008.0,0.0,0.0,-1.0,-1.0,-1.0,0.0,0.0,0
0.0,76.0,68.791,-1.0,-1.0,-1.0,-1.0,-1.0,-1.0,0.0,40747008.0,0.0,0.0,-1.0,-1.0,-1.0,0.0,0.0,0
0.0,80.0,70.125,-1.0,-1.0,-1.0,-1.0,-1.0,-1.0,0.0,40747008.0,0.0,0.0,-1.0,-1.0,-1.0,0.0,0.0,0
0.0,96.0,90.292,-1.0,-1.0,-1.0,-1.0,-1.0,-1.0,0.0,40747008.0,0.0,0.0,-1.0,-1.0,-1.0,0.0,0.0,0
0.0,87.0,82.5,-1.0,-1.0,-1.0,-1.0,-1.0,-1.0,0.0,40763392.0,0.0,0.0,-1.0,-1.0,-1.0,0.0,0.0,0
0.0,92.0,86.333,-1.0,-1.0,-1.0,-1.0,-1.0,-1.0,0.0,40763392.0,0.0,0.0,-1.0,-1.0,-1.0,0.0,0.0,0
0.0,100.0,93.625,-1.0,-1.0,-1.0,-1.0,-1.0,-1.0,0.0,40763392.0,0.0,0.0,-1.0,-1.0,-1.0,0.0,0.0,0
0.0,58.0,53.167,-1.0,-1.0,-1.0,-1.0,-1.0,-1.0,0.0,40763392.0,0.0,0.0,-1.0,-1.0,-1.0,0.0,0.0,0
0.0,76.0,69.166,-1.0,-1.0,-1.0,-1.0,-1.0,-1.0,0.0,40763392.0,0.0,0.0,-1.0,-1.0,-1.0,0.0,0.0,0
0.0,69.0,63.458,-1.0,-1.0,-1.0,-1.0,-1.0,-1.0,0.0,40763392.0,0.0,0.0,-1.0,-1.0,-1.0,0.0,0.0,0
0.0,66.0,60.708,-1.0,-1.0,-1.0,-1.0,-1.0,-1.0,0.0,40763392.0,0.0,0.0,-1.0,-1.0,-1.0,0.0,0.0,0
0.0,53.0,48.25,-1.0,-1.0,-1.0,-1.0,-1.0,-1.0,0.0,40763392.0,0.0,0.0,-1.0,-1.0,-1.0,0.0,0.0,0
0.0,58.0,53.625,-1.0,-1.0,-1.0,-1.0,-1.0,-1.0,0.0,40763392.0,0.0,0.0,-1.0,-1.0,-1.0,0.0,0.0,0
0.0,66.0,59.25,-1.0,-1.0,-1.0,-1.0,-1.0,-1.0,0.0,40763392.0,0.0,0.0,-1.0,-1.0,-1.0,0.0,0.0,0
0.0,74.0,66.167,-1.0,-1.0,-1.0,-1.0,-1.0,-1.0,0.0,40763392.0,0.0,0.0,-1.0,-1.0,-1.0,0.0,0.0,0
0.0,76.0,69.417,-1.0,-1.0,-1.0,-1.0,-1.0,-1.0,0.0,40763392.0,0.0,0.0,-1.0,-1.0,-1.0,0.0,0.0,0
0.0,64.0,57.125,-1.0,-1.0,-1.0,-1.0,-1.0,-1.0,0.0,40763392.0,0.0,0.0,-1.0,-1.0,-1.0,0.0,0.0,0
0.0,62.0,55.542,-1.0,-1.0,-1.0,-1.0,-1.0,-1.0,0.0,40763392.0,0.0,0.0,-1.0,-1.0,-1.0,0.0,0.0,0
0.0,65.0,58.208,-1.0,-1.0,-1.0,-1.0,-1.0,-1.0,0.0,40763392.0,0.0,0.0,-1.0,-1.0,-1.0,0.0,0.0,0
0.0,79.0,70.584,-1.0,-1.0,-1.0,-1.0,-1.0,-1.0,0.0,40763392.0,0.0,0.0,-1.0,-1.0,-1.0,0.0,0.0,0
0.0,80.0,72.875,-1.0,-1.0,-1.0,-1.0,-1.0,-1.0,0.0,40796160.0,0.0,0.0,-1.0,-1.0,-1.0,0.0,0.0,0
0.0,71.0,64.875,-1.0,-1.0,-1.0,-1.0,-1.0,-1.0,0.0,40812544.0,0.0,0.0,-1.0,-1.0,-1.0,0.0,0.0,0
0.0,70.0,59.792,-1.0,-1.0,-1.0,-1.0,-1.0,-1.0,0.0,40812544.0,0.0,0.0,-1.0,-1.0,-1.0,0.0,0.0,0
0.0,87.0,76.041,-1.0,-1.0,-1.0,-1.0,-1.0,-1.0,0.0,40812544.0,0.0,0.0,-1.0,-1.0,-1.0,0.0,0.0,0
0.0,87.0,82.083,-1.0,-1.0,-1.0,-1.0,-1.0,-1.0,0.0,40812544.0,0.0,0.0,-1.0,-1.0,-1.0,0.0,0.0,0
0.0,65.0,62.333,-1.0,-1.0,-1.0,-1.0,-1.0,-1.0,0.0,40812544.0,0.0,0.0,-1.0,-1.0,-1.0,0.0,0.0,0
0.0,78.0,70.75,-1.0,-1.0,-1.0,-1.0,-1.0,-1.0,0.0,40812544.0,0.0,0.0,-1.0,-1.0,-1.0,0.0,0.0,0
0.0,71.0,64.625,-1.0,-1.0,-1.0,-1.0,-1.0,-1.0,0.0,40812544.0,0.0,0.0,-1.0,-1.0,-1.0,0.0,0.0,0
1.0,58.0,117.083,-1.0,-1.0,-1.0,-1.0,-1.0,-1.0,0.0,40812544.0,0.0,0.0,-1.0,-1.0,-1.0,0.0,0.0,0
0.0,56.0,52.042,-1.0,-1.0,-1.0,-1.0,-1.0,-1.0,0.0,40812544.0,0.0,0.0,-1.0,-1.0,-1.0,0.0,0.0,0
0.0,76.0,71.25,-1.0,-1.0,-1.0,-1.0,-1.0,-1.0,0.0,40812544.0,0.0,0.0,-1.0,-1.0,-1.0,0.0,0.0,0
0.0,67.0,62.417,-1.0,-1.0,-1.0,-1.0,-1.0,-1.0,0.0,40812544.0,0.0,0.0,-1.0,-1.0,-1.0,0.0,0.0,0
0.0,70.0,63.833,-1.0,-1.0,-1.0,-1.0,-1.0,-1.0,0.0,40812544.0,0.0,0.0,-1.0,-1.0,-1.0,0.0,0.0,0
0.0,75.0,68.042,-1.0,-1.0,-1.0,-1.0,-1.0,-1.0,0.0,40828928.0,0.0,0.0,-1.0,-1.0,-1.0,0.0,0.0,0
0.0,75.0,67.75,-1.0,-1.0,-1.0,-1.0,-1.0,-1.0,0.0,40828928.0,0.0,0.0,-1.0,-1.0,-1.0,0.0,0.0,0
0.0,83.0,73.583,-1.0,-1.0,-1.0,-1.0,-1.0,-1.0,0.0,40828928.0,0.0,0.0,-1.0,-1.0,-1.0,0.0,0.0,0
0.0,99.0,89.708,-1.0,-1.0,-1.0,-1.0,-1.0,-1.0,0.0,40828928.0,0.0,0.0,-1.0,-1.0,-1.0,0.0,0.0,0
0.0,105.0,95.583,-1.0,-1.0,-1.0,-1.0,-1.0,-1.0,0.0,40828928.0,0.0,0.0,-1.0,-1.0,-1.0,0.0,0.0,0
0.0,105.0,97.292,-1.0,-1.0,-1.0,-1.0,-1.0,-1.0,0.0,40845312.0,0.0,0.0,-1.0,-1.0,-1.0,0.0,0.0,0
2.0,120.0,157.875,-1.0,-1.0,-1.0,-1.0,-1.0,-1.0,0.0,40845312.0,0.0,0.0,-1.0,-1.0,-1.0,0.0,0.0,0
0.0,56.0,52.416,-1.0,-1.0,-1.0,-1.0,-1.0,-1.0,0.0,40845312.0,0.0,0.0,-1.0,-1.0,-1.0,0.0,0.0,0
0.0,86.0,81.834,-1.0,-1.0,-1.0,-1.0,-1.0,-1.0,0.0,40845312.0,0.0,0.0,-1.0,-1.0,-1.0,0.0,0.0,0
0.0,85.0,78.333,-1.0,-1.0,-1.0,-1.0,-1.0,-1.0,0.0,40845312.0,0.0,0.0,-1.0,-1.0,-1.0,0.0,0.0,0
0.0,82.0,74.583,-1.0,-1.0,-1.0,-1.0,-1.0,-1.0,0.0,40845312.0,0.0,0.0,-1.0,-1.0,-1.0,0.0,0.0,0
0.0,101.0,93.667,-1.0,-1.0,-1.0,-1.0,-1.0,-1.0,0.0,40845312.0,0.0,0.0,-1.0,-1.0,-1.0,0.0,0.0,0
0.0,103.0,93.958,-1.0,-1.0,-1.0,-1.0,-1.0,-1.0,0.0,40845312.0,0.0,0.0,-1.0,-1.0,-1.0,0.0,0.0,0
0.0,103.0,95.583,-1.0,-1.0,-1.0,-1.0,-1.0,-1.0,0.0,40845312.0,0.0,0.0,-1.0,-1.0,-1.0,0.0,0.0,0
0.0,104.0,97.667,-1.0,-1.0,-1.0,-1.0,-1.0,-1.0,0.0,40845312.0,0.0,0.0,-1.0,-1.0,-1.0,0.0,0.0,0
0.0,97.0,90.916,-1.0,-1.0,-1.0,-1.0,-1.0,-1.0,0.0,40861696.0,0.0,0.0,-1.0,-1.0,-1.0,0.0,0.0,0
0.0,89.0,84.708,-1.0,-1.0,-1.0,-1.0,-1.0,-1.0,0.0,40861696.0,0.0,0.0,-1.0,-1.0,-1.0,0.0,0.0,0
0.0,57.0,51.584,-1.0,-1.0,-1.0,-1.0,-1.0,-1.0,0.0,40861696.0,0.0,0.0,-1.0,-1.0,-1.0,0.0,0.0,0
0.0,59.0,54.0,-1.0,-1.0,-1.0,-1.0,-1.0,-1.0,0.0,40861696.0,0.0,0.0,-1.0,-1.0,-1.0,0.0,0.0,0
0.0,65.0,60.583,-1.0,-1.0,-1.0,-1.0,-1.0,-1.0,0.0,40861696.0,0.0,0.0,-1.0,-1.0,-1.0,0.0,0.0,0
0.0,72.0,65.625,-1.0,-1.0,-1.0,-1.0,-1.0,-1.0,0.0,40861696.0,0.0,0.0,-1.0,-1.0,-1.0,0.0,0.0,0
0.0,66.0,61.208,-1.0,-1.0,-1.0,-1.0,-1.0,-1.0,0.0,40861696.0,0.0,0.0,-1.0,-1.0,-1.0,0.0,0.0,0
0.0,85.0,80.0,-1.0,-1.0,-1.0,-1.0,-1.0,-1.0,0.0,40878080.0,0.0,0.0,-1.0,-1.0,-1.0,0.0,0.0,0
0.0,90.0,85.084,-1.0,-1.0,-1.0,-1.0,-1.0,-1.0,0.0,40878080.0,0.0,0.0,-1.0,-1.0,-1.0,0.0,0.0,0
0.0,93.0,87.666,-1.0,-1.0,-1.0,-1.0,-1.0,-1.0,0.0,40878080.0,0.0,0.0,-1.0,-1.0,-1.0,0.0,0.0,0
0.0,98.0,91.583,-1.0,-1.0,-1.0,-1.0,-1.0,-1.0,0.0,40878080.0,0.0,0.0,-1.0,-1.0,-1.0,0.0,0.0,0
0.0,97.0,90.0,-1.0,-1.0,-1.0,-1.0,-1.0,-1.0,0.0,40878080.0,0.0,0.0,-1.0,-1.0,-1.0,0.0,0.0,0
0.0,104.0,97.542,-1.0,-1.0,-1.0,-1.0,-1.0,-1.0,0.0,40894464.0,0.0,0.0,-1.0,-1.0,-1.0,0.0,0.0,0
1.0,91.0,382.833,-1.0,-1.0,-1.0,-1.0,-1.0,-1.0,0.0,40894464.0,0.0,0.0,-1.0,-1.0,-1.0,0.0,0.0,0
0.0,62.0,56.625,-1.0,-1.0,-1.0,-1.0,-1.0,-1.0,0.0,40894464.0,0.0,0.0,-1.0,-1.0,-1.0,0.0,0.0,0
0.0,98.0,87.042,-1.0,-1.0,-1.0,-1.0,-1.0,-1.0,0.0,40894464.0,0.0,0.0,-1.0,-1.0,-1.0,0.0,0.0,0
0.0,76.0,69.833,-1.0,-1.0,-1.0,-1.0,-1.0,-1.0,0.0,40894464.0,0.0,0.0,-1.0,-1.0,-1.0,0.0,0.0,0
0.0,78.0,70.625,-1.0,-1.0,-1.0,-1.0,-1.0,-1.0,0.0,40894464.0,0.0,0.0,-1.0,-1.0,-1.0,0.0,0.0,0
0.0,96.0,90.167,-1.0,-1.0,-1.0,-1.0,-1.0,-1.0,0.0,40894464.0,0.0,0.0,-1.0,-1.0,-1.0,0.0,0.0,0
0.0,99.0,91.25,-1.0,-1.0,-1.0,-1.0,-1.0,-1.0,0.0,40894464.0,0.0,0.0,-1.0,-1.0,-1.0,0.0,0.0,0
0.0,109.0,97.625,-1.0,-1.0,-1.0,-1.0,-1.0,-1.0,0.0,40894464.0,0.0,0.0,-1.0,-1.0,-1.0,0.0,0.0,0
0.0,104.0,94.417,-1.0,-1.0,-1.0,-1.0,-1.0,-1.0,0.0,40910848.0,0.0,0.0,-1.0,-1.0,-1.0,0.0,0.0,0
0.0,101.0,92.75,-1.0,-1.0,-1.0,-1.0,-1.0,-1.0,0.0,40910848.0,0.0,0.0,-1.0,-1.0,-1.0,0.0,0.0,0
2.0,124.0,138.167,-1.0,-1.0,-1.0,-1.0,-1.0,-1.0,0.0,40910848.0,0.0,0.0,-1.0,-1.0,-1.0,0.0,0.0,0
0.0,93.0,87.417,-1.0,-1.0,-1.0,-1.0,-1.0,-1.0,0.0,40927232.0,0.0,0.0,-1.0,-1.0,-1.0,0.0,0.0,0
0.0,58.0,53.25,-1.0,-1.0,-1.0,-1.0,-1.0,-1.0,0.0,40927232.0,0.0,0.0,-1.0,-1.0,-1.0,0.0,0.0,0
0.0,79.0,72.291,-1.0,-1.0,-1.0,-1.0,-1.0,-1.0,0.0,40927232.0,0.0,0.0,-1.0,-1.0,-1.0,0.0,0.0,0
0.0,67.0,62.417,-1.0,-1.0,-1.0,-1.0,-1.0,-1.0,0.0,40927232.0,0.0,0.0,-1.0,-1.0,-1.0,0.0,0.0,0
0.0,68.0,62.666,-1.0,-1.0,-1.0,-1.0,-1.0,-1.0,0.0,40927232.0,0.0,0.0,-1.0,-1.0,-1.0,0.0,0.0,0
1.0,100.0,85.792,-1.0,-1.0,-1.0,-1.0,-1.0,-1.0,0.0,40943616.0,0.0,0.0,-1.0,-1.0,-1.0,0.0,0.0,0
0.0,85.0,80.916,-1.0,-1.0,-1.0,-1.0,-1.0,-1.0,0.0,40943616.0,0.0,0.0,-1.0,-1.0,-1.0,0.0,0.0,0
0.0,91.0,84.125,-1.0,-1.0,-1.0,-1.0,-1.0,-1.0,0.0,40943616.0,0.0,0.0,-1.0,-1.0,-1.0,0.0,0.0,0
0.0,80.0,76.917,-1.0,-1.0,-1.0,-1.0,-1.0,-1.0,0.0,40943616.0,0.0,0.0,-1.0,-1.0,-1.0,0.0,0.0,0
0.0,89.0,84.834,-1.0,-1.0,-1.0,-1.0,-1.0,-1.0,0.0,40943616.0,0.0,0.0,-1.0,-1.0,-1.0,0.0,0.0,0
1.0,111.0,111.417,-1.0,-1.0,-1.0,-1.0,-1.0,-1.0,0.0,40943616.0,0.0,0.0,-1.0,-1.0,-1.0,0.0,0.0,0
0.0,107.0,95.917,-1.0,-1.0,-1.0,-1.0,-1.0,-1.0,0.0,40943616.0,0.0,0.0,-1.0,-1.0,-1.0,0.0,0.0,0
0.0,65.0,59.958,-1.0,-1.0,-1.0,-1.0,-1.0,-1.0,0.0,40943616.0,0.0,0.0,-1.0,-1.0,-1.0,0.0,0.0,0
0.0,86.0,73.458,-1.0,-1.0,-1.0,-1.0,-1.0,-1.0,0.0,40943616.0,0.0,0.0,-1.0,-1.0,-1.0,0.0,0.0,0
0.0,79.0,68.792,-1.0,-1.0,-1.0,-1.0,-1.0,-1.0,0.0,40943616.0,0.0,0.0,-1.0,-1.0,-1.0,0.0,0.0,0
0.0,83.0,75.542,-1.0,-1.0,-1.0,-1.0,-1.0,-1.0,0.0,40943616.0,0.0,0.0,-1.0,-1.0,-1.0,0.0,0.0,0
0.0,104.0,93.084,-1.0,-1.0,-1.0,-1.0,-1.0,-1.0,0.0,40943616.0,0.0,0.0,-1.0,-1.0,-1.0,0.0,0.0,0
0.0,99.0,91.25,-1.0,-1.0,-1.0,-1.0,-1.0,-1.0,0.0,40960000.0,0.0,0.0,-1.0,-1.0,-1.0,0.0,0.0,0
0.0,95.0,89.083,-1.0,-1.0,-1.0,-1.0,-1.0,-1.0,0.0,40960000.0,0.0,0.0,-1.0,-1.0,-1.0,0.0,0.0,0
0.0,97.0,90.666,-1.0,-1.0,-1.0,-1.0,-1.0,-1.0,0.0,40960000.0,0.0,0.0,-1.0,-1.0,-1.0,0.0,0.0,0
0.0,99.0,89.458,-1.0,-1.0,-1.0,-1.0,-1.0,-1.0,0.0,40960000.0,0.0,0.0,-1.0,-1.0,-1.0,0.0,0.0,0
2.0,118.0,202.292,-1.0,-1.0,-1.0,-1.0,-1.0,-1.0,0.0,40960000.0,0.0,0.0,-1.0,-1.0,-1.0,0.0,0.0,0
2.0,122.0,159.958,-1.0,-1.0,-1.0,-1.0,-1.0,-1.0,0.0,40960000.0,0.0,0.0,-1.0,-1.0,-1.0,0.0,0.0,0
0.0,59.0,53.833,-1.0,-1.0,-1.0,-1.0,-1.0,-1.0,0.0,40960000.0,0.0,0.0,-1.0,-1.0,-1.0,0.0,0.0,0
0.0,74.0,67.959,-1.0,-1.0,-1.0,-1.0,-1.0,-1.0,0.0,40960000.0,0.0,0.0,-1.0,-1.0,-1.0,0.0,0.0,0
0.0,68.0,64.041,-1.0,-1.0,-1.0,-1.0,-1.0,-1.0,0.0,40960000.0,0.0,0.0,-1.0,-1.0,-1.0,0.0,0.0,0
0.0,74.0,68.583,-1.0,-1.0,-1.0,-1.0,-1.0,-1.0,0.0,40960000.0,0.0,0.0,-1.0,-1.0,-1.0,0.0,0.0,0
0.0,88.0,82.25,-1.0,-1.0,-1.0,-1.0,-1.0,-1.0,0.0,40960000.0,0.0,0.0,-1.0,-1.0,-1.0,0.0,0.0,0
0.0,92.0,86.709,-1.0,-1.0,-1.0,-1.0,-1.0,-1.0,0.0,40976384.0,0.0,0.0,-1.0,-1.0,-1.0,0.0,0.0,0
0.0,82.0,78.0,-1.0,-1.0,-1.0,-1.0,-1.0,-1.0,0.0,40976384.0,0.0,0.0,-1.0,-1.0,-1.0,0.0,0.0,0
0.0,84.0,79.708,-1.0,-1.0,-1.0,-1.0,-1.0,-1.0,0.0,40976384.0,0.0,0.0,-1.0,-1.0,-1.0,0.0,0.0,0
0.0,80.0,76.458,-1.0,-1.0,-1.0,-1.0,-1.0,-1.0,0.0,40976384.0,0.0,0.0,-1.0,-1.0,-1.0,0.0,0.0,0
0.0,93.0,87.417,-1.0,-1.0,-1.0,-1.0,-1.0,-1.0,0.0,40976384.0,0.0,0.0,-1.0,-1.0,-1.0,0.0,0.0,0
0.0,55.0,48.375,-1.0,-1.0,-1.0,-1.0,-1.0,-1.0,0.0,40992768.0,0.0,0.0,-1.0,-1.0,-1.0,0.0,0.0,0
0.0,62.0,55.25,-1.0,-1.0,-1.0,-1.0,-1.0,-1.0,0.0,41025536.0,0.0,0.0,-1.0,-1.0,-1.0,0.0,0.0,0
0.0,81.0,73.292,-1.0,-1.0,-1.0,-1.0,-1.0,-1.0,0.0,41025536.0,0.0,0.0,-1.0,-1.0,-1.0,0.0,0.0,0
0.0,77.0,70.791,-1.0,-1.0,-1.0,-1.0,-1.0,-1.0,0.0,41025536.0,0.0,0.0,-1.0,-1.0,-1.0,0.0,0.0,0
0.0,78.0,71.459,-1.0,-1.0,-1.0,-1.0,-1.0,-1.0,0.0,41025536.0,0.0,0.0,-1.0,-1.0,-1.0,0.0,0.0,0
0.0,105.0,93.75,-1.0,-1.0,-1.0,-1.0,-1.0,-1.0,0.0,41025536.0,0.0,0.0,-1.0,-1.0,-1.0,0.0,0.0,0
0.0,97.0,90.417,-1.0,-1.0,-1.0,-1.0,-1.0,-1.0,0.0,41025536.0,0.0,0.0,-1.0,-1.0,-1.0,0.0,0.0,0
0.0,96.0,89.542,-1.0,-1.0,-1.0,-1.0,-1.0,-1.0,0.0,41025536.0,0.0,0.0,-1.0,-1.0,-1.0,0.0,0.0,0
0.0,98.0,91.875,-1.0,-1.0,-1.0,-1.0,-1.0,-1.0,0.0,41025536.0,0.0,0.0,-1.0,-1.0,-1.0,0.0,0.0,0
0.0,100.0,93.416,-1.0,-1.0,-1.0,-1.0,-1.0,-1.0,0.0,41025536.0,0.0,0.0,-1.0,-1.0,-1.0,0.0,0.0,0
0.0,104.0,94.792,-1.0,-1.0,-1.0,-1.0,-1.0,-1.0,0.0,41025536.0,0.0,0.0,-1.0,-1.0,-1.0,0.0,0.0,0
0.0,99.0,92.417,-1.0,-1.0,-1.0,-1.0,-1.0,-1.0,0.0,41025536.0,0.0,0.0,-1.0,-1.0,-1.0,0.0,0.0,0
0.0,101.0,93.167,-1.0,-1.0,-1.0,-1.0,-1.0,-1.0,0.0,41025536.0,0.0,0.0,-1.0,-1.0,-1.0,0.0,0.0,0
0.0,95.0,89.25,-1.0,-1.0,-1.0,-1.0,-1.0,-1.0,0.0,41025536.0,0.0,0.0,-1.0,-1.0,-1.0,0.0,0.0,0
0.0,95.0,88.042,-1.0,-1.0,-1.0,-1.0,-1.0,-1.0,0.0,41025536.0,0.0,0.0,-1.0,-1.0,-1.0,0.0,0.0,0
0.0,96.0,88.083,-1.0,-1.0,-1.0,-1.0,-1.0,-1.0,0.0,41025536.0,0.0,0.0,-1.0,-1.0,-1.0,0.0,0.0,0
0.0,79.0,75.875,-1.0,-1.0,-1.0,-1.0,-1.0,-1.0,0.0,41025536.0,0.0,0.0,-1.0,-1.0,-1.0,0.0,0.0,0
0.0,79.0,76.291,-1.0,-1.0,-1.0,-1.0,-1.0,-1.0,0.0,41025536.0,0.0,0.0,-1.0,-1.0,-1.0,0.0,0.0,0
0.0,80.0,77.208,-1.0,-1.0,-1.0,-1.0,-1.0,-1.0,0.0,41041920.0,0.0,0.0,-1.0,-1.0,-1.0,0.0,0.0,0
0.0,79.0,76.375,-1.0,-1.0,-1.0,-1.0,-1.0,-1.0,0.0,41041920.0,0.0,0.0,-1.0,-1.0,-1.0,0.0,0.0,0
0.0,82.0,78.084,-1.0,-1.0,-1.0,-1.0,-1.0,-1.0,0.0,41041920.0,0.0,0.0,-1.0,-1.0,-1.0,0.0,0.0,0
0.0,46.0,42.917,-1.0,-1.0,-1.0,-1.0,-1.0,-1.0,0.0,41041920.0,0.0,0.0,-1.0,-1.0,-1.0,0.0,0.0,0
0.0,50.0,44.958,-1.0,-1.0,-1.0,-1.0,-1.0,-1.0,0.0,41041920.0,0.0,0.0,-1.0,-1.0,-1.0,0.0,0.0,0
0.0,49.0,44.709,-1.0,-1.0,-1.0,-1.0,-1.0,-1.0,0.0,41041920.0,0.0,0.0,-1.0,-1.0,-1.0,0.0,0.0,0
0.0,48.0,43.292,-1.0,-1.0,-1.0,-1.0,-1.0,-1.0,0.0,41041920.0,0.0,0.0,-1.0,-1.0,-1.0,0.0,0.0,0
0.0,49.0,42.667,-1.0,-1.0,-1.0,-1.0,-1.0,-1.0,0.0,41041920.0,0.0,0.0,-1.0,-1.0,-1.0,0.0,0.0,0
0.0,52.0,47.833,-1.0,-1.0,-1.0,-1.0,-1.0,-1.0,0.0,41041920.0,0.0,0.0,-1.0,-1.0,-1.0,0.0,0.0,0
0.0,54.0,47.625,-1.0,-1.0,-1.0,-1.0,-1.0,-1.0,0.0,41041920.0,0.0,0.0,-1.0,-1.0,-1.0,0.0,0.0,0
0.0,55.0,50.125,-1.0,-1.0,-1.0,-1.0,-1.0,-1.0,0.0,41058304.0,0.0,0.0,-1.0,-1.0,-1.0,0.0,0.0,0
0.0,53.0,47.75,-1.0,-1.0,-1.0,-1.0,-1.0,-1.0,0.0,41058304.0,0.0,0.0,-1.0,-1.0,-1.0,0.0,0.0,0
0.0,71.0,64.75,-1.0,-1.0,-1.0,-1.0,-1.0,-1.0,0.0,41058304.0,0.0,0.0,-1.0,-1.0,-1.0,0.0,0.0,0
0.0,72.0,65.375,-1.0,-1.0,-1.0,-1.0,-1.0,-1.0,0.0,41058304.0,0.0,0.0,-1.0,-1.0,-1.0,0.0,0.0,0
0.0,71.0,64.958,-1.0,-1.0,-1.0,-1.0,-1.0,-1.0,0.0,41058304.0,0.0,0.0,-1.0,-1.0,-1.0,0.0,0.0,0
1.0,54.0,94.375,-1.0,-1.0,-1.0,-1.0,-1.0,-1.0,0.0,41058304.0,0.0,0.0,-1.0,-1.0,-1.0,0.0,0.0,0
2.0,60.0,406.75,-1.0,-1.0,-1.0,-1.0,-1.0,-1.0,0.0,41058304.0,0.0,0.0,-1.0,-1.0,-1.0,0.0,0.0,0
0.0,47.0,42.5,-1.0,-1.0,-1.0,-1.0,-1.0,-1.0,0.0,41091072.0,0.0,0.0,-1.0,-1.0,-1.0,0.0,0.0,0
0.0,73.0,64.875,-1.0,-1.0,-1.0,-1.0,-1.0,-1.0,0.0,41091072.0,0.0,0.0,-1.0,-1.0,-1.0,0.0,0.0,0
0.0,60.0,50.667,-1.0,-1.0,-1.0,-1.0,-1.0,-1.0,0.0,41107456.0,0.0,0.0,-1.0,-1.0,-1.0,0.0,0.0,0
0.0,86.0,77.333,-1.0,-1.0,-1.0,-1.0,-1.0,-1.0,0.0,41107456.0,0.0,0.0,-1.0,-1.0,-1.0,0.0,0.0,0
0.0,77.0,69.5,-1.0,-1.0,-1.0,-1.0,-1.0,-1.0,0.0,41107456.0,0.0,0.0,-1.0,-1.0,-1.0,0.0,0.0,0
0.0,72.0,65.208,-1.0,-1.0,-1.0,-1.0,-1.0,-1.0,0.0,41107456.0,0.0,0.0,-1.0,-1.0,-1.0,0.0,0.0,0
0.0,77.0,70.084,-1.0,-1.0,-1.0,-1.0,-1.0,-1.0,0.0,41107456.0,0.0,0.0,-1.0,-1.0,-1.0,0.0,0.0,0
0.0,77.0,67.958,-1.0,-1.0,-1.0,-1.0,-1.0,-1.0,0.0,41107456.0,0.0,0.0,-1.0,-1.0,-1.0,0.0,0.0,0
0.0,64.0,57.125,-1.0,-1.0,-1.0,-1.0,-1.0,-1.0,0.0,41107456.0,0.0,0.0,-1.0,-1.0,-1.0,0.0,0.0,0
1.0,72.0,83.208,-1.0,-1.0,-1.0,-1.0,-1.0,-1.0,0.0,41107456.0,0.0,0.0,-1.0,-1.0,-1.0,0.0,0.0,0
0.0,59.0,52.0,-1.0,-1.0,-1.0,-1.0,-1.0,-1.0,0.0,41107456.0,0.0,0.0,-1.0,-1.0,-1.0,0.0,0.0,0
0.0,60.0,51.042,-1.0,-1.0,-1.0,-1.0,-1.0,-1.0,0.0,41107456.0,0.0,0.0,-1.0,-1.0,-1.0,0.0,0.0,0
0.0,73.0,66.083,-1.0,-1.0,-1.0,-1.0,-1.0,-1.0,0.0,41107456.0,0.0,0.0,-1.0,-1.0,-1.0,0.0,0.0,0
0.0,72.0,65.5,-1.0,-1.0,-1.0,-1.0,-1.0,-1.0,0.0,41107456.0,0.0,0.0,-1.0,-1.0,-1.0,0.0,0.0,0
0.0,69.0,63.833,-1.0,-1.0,-1.0,-1.0,-1.0,-1.0,0.0,41107456.0,0.0,0.0,-1.0,-1.0,-1.0,0.0,0.0,0
0.0,70.0,63.042,-1.0,-1.0,-1.0,-1.0,-1.0,-1.0,0.0,41107456.0,0.0,0.0,-1.0,-1.0,-1.0,0.0,0.0,0
0.0,48.0,44.041,-1.0,-1.0,-1.0,-1.0,-1.0,-1.0,0.0,41107456.0,0.0,0.0,-1.0,-1.0,-1.0,0.0,0.0,0
0.0,65.0,60.125,-1.0,-1.0,-1.0,-1.0,-1.0,-1.0,0.0,41123840.0,0.0,0.0,-1.0,-1.0,-1.0,0.0,0.0,0
0.0,65.0,59.917,-1.0,-1.0,-1.0,-1.0,-1.0,-1.0,0.0,41123840.0,0.0,0.0,-1.0,-1.0,-1.0,0.0,0.0,0
0.0,68.0,60.542,-1.0,-1.0,-1.0,-1.0,-1.0,-1.0,0.0,41123840.0,0.0,0.0,-1.0,-1.0,-1.0,0.0,0.0,0
0.0,75.0,67.291,-1.0,-1.0,-1.0,-1.0,-1.0,-1.0,0.0,41123840.0,0.0,0.0,-1.0,-1.0,-1.0,0.0,0.0,0
0.0,60.0,55.375,-1.0,-1.0,-1.0,-1.0,-1.0,-1.0,0.0,41123840.0,0.0,0.0,-1.0,-1.0,-1.0,0.0,0.0,0
0.0,59.0,52.875,-1.0,-1.0,-1.0,-1.0,-1.0,-1.0,0.0,41140224.0,0.0,0.0,-1.0,-1.0,-1.0,0.0,0.0,0
0.0,61.0,51.291,-1.0,-1.0,-1.0,-1.0,-1.0,-1.0,0.0,41140224.0,0.0,0.0,-1.0,-1.0,-1.0,0.0,0.0,0
0.0,72.0,64.292,-1.0,-1.0,-1.0,-1.0,-1.0,-1.0,0.0,41140224.0,0.0,0.0,-1.0,-1.0,-1.0,0.0,0.0,0
0.0,71.0,65.417,-1.0,-1.0,-1.0,-1.0,-1.0,-1.0,0.0,41140224.0,0.0,0.0,-1.0,-1.0,-1.0,0.0,0.0,0
0.0,76.0,68.833,-1.0,-1.0,-1.0,-1.0,-1.0,-1.0,0.0,41140224.0,0.0,0.0,-1.0,-1.0,-1.0,0.0,0.0,0
0.0,74.0,67.333,-1.0,-1.0,-1.0,-1.0,-1.0,-1.0,0.0,41140224.0,0.0,0.0,-1.0,-1.0,-1.0,0.0,0.0,0
0.0,76.0,70.333,-1.0,-1.0,-1.0,-1.0,-1.0,-1.0,0.0,41140224.0,0.0,0.0,-1.0,-1.0,-1.0,0.0,0.0,0
0.0,72.0,66.083,-1.0,-1.0,-1.0,-1.0,-1.0,-1.0,0.0,41140224.0,0.0,0.0,-1.0,-1.0,-1.0,0.0,0.0,0
0.0,74.0,66.708,-1.0,-1.0,-1.0,-1.0,-1.0,-1.0,0.0,41140224.0,0.0,0.0,-1.0,-1.0,-1.0,0.0,0.0,0
0.0,71.0,64.166,-1.0,-1.0,-1.0,-1.0,-1.0,-1.0,0.0,41140224.0,0.0,0.0,-1.0,-1.0,-1.0,0.0,0.0,0
0.0,59.0,52.542,-1.0,-1.0,-1.0,-1.0,-1.0,-1.0,0.0,41140224.0,0.0,0.0,-1.0,-1.0,-1.0,0.0,0.0,0
0.0,70.0,54.25,-1.0,-1.0,-1.0,-1.0,-1.0,-1.0,0.0,41140224.0,0.0,0.0,-1.0,-1.0,-1.0,0.0,0.0,0
0.0,61.0,52.25,-1.0,-1.0,-1.0,-1.0,-1.0,-1.0,0.0,41156608.0,0.0,0.0,-1.0,-1.0,-1.0,0.0,0.0,0
0.0,67.0,61.667,-1.0,-1.0,-1.0,-1.0,-1.0,-1.0,0.0,41156608.0,0.0,0.0,-1.0,-1.0,-1.0,0.0,0.0,0
0.0,67.0,62.167,-1.0,-1.0,-1.0,-1.0,-1.0,-1.0,0.0,41156608.0,0.0,0.0,-1.0,-1.0,-1.0,0.0,0.0,0
0.0,73.0,65.75,-1.0,-1.0,-1.0,-1.0,-1.0,-1.0,0.0,41156608.0,0.0,0.0,-1.0,-1.0,-1.0,0.0,0.0,0
0.0,57.0,51.792,-1.0,-1.0,-1.0,-1.0,-1.0,-1.0,0.0,41172992.0,0.0,0.0,-1.0,-1.0,-1.0,0.0,0.0,0
0.0,72.0,66.458,-1.0,-1.0,-1.0,-1.0,-1.0,-1.0,0.0,41172992.0,0.0,0.0,-1.0,-1.0,-1.0,0.0,0.0,0
0.0,85.0,76.125,-1.0,-1.0,-1.0,-1.0,-1.0,-1.0,0.0,41189376.0,0.0,0.0,-1.0,-1.0,-1.0,0.0,0.0,0
0.0,104.0,97.125,-1.0,-1.0,-1.0,-1.0,-1.0,-1.0,0.0,41189376.0,0.0,0.0,-1.0,-1.0,-1.0,0.0,0.0,0
0.0,97.0,88.833,-1.0,-1.0,-1.0,-1.0,-1.0,-1.0,0.0,41189376.0,0.0,0.0,-1.0,-1.0,-1.0,0.0,0.0,0
0.0,97.0,90.333,-1.0,-1.0,-1.0,-1.0,-1.0,-1.0,0.0,41189376.0,0.0,0.0,-1.0,-1.0,-1.0,0.0,0.0,0
0.0,97.0,92.084,-1.0,-1.0,-1.0,-1.0,-1.0,-1.0,0.0,41189376.0,0.0,0.0,-1.0,-1.0,-1.0,0.0,0.0,0
0.0,91.0,83.625,-1.0,-1.0,-1.0,-1.0,-1.0,-1.0,0.0,41189376.0,0.0,0.0,-1.0,-1.0,-1.0,0.0,0.0,0
0.0,63.0,56.292,-1.0,-1.0,-1.0,-1.0,-1.0,-1.0,0.0,41189376.0,0.0,0.0,-1.0,-1.0,-1.0,0.0,0.0,0
0.0,79.0,72.542,-1.0,-1.0,-1.0,-1.0,-1.0,-1.0,0.0,41189376.0,0.0,0.0,-1.0,-1.0,-1.0,0.0,0.0,0
0.0,82.0,73.542,-1.0,-1.0,-1.0,-1.0,-1.0,-1.0,0.0,41189376.0,0.0,0.0,-1.0,-1.0,-1.0,0.0,0.0,0
0.0,86.0,80.125,-1.0,-1.0,-1.0,-1.0,-1.0,-1.0,0.0,41189376.0,0.0,0.0,-1.0,-1.0,-1.0,0.0,0.0,0
0.0,85.0,74.5,-1.0,-1.0,-1.0,-1.0,-1.0,-1.0,0.0,41205760.0,0.0,0.0,-1.0,-1.0,-1.0,0.0,0.0,0
0.0,98.0,92.125,-1.0,-1.0,-1.0,-1.0,-1.0,-1.0,0.0,41222144.0,0.0,0.0,-1.0,-1.0,-1.0,0.0,0.0,0
0.0,83.0,79.417,-1.0,-1.0,-1.0,-1.0,-1.0,-1.0,0.0,41222144.0,0.0,0.0,-1.0,-1.0,-1.0,0.0,0.0,0
0.0,85.0,79.583,-1.0,-1.0,-1.0,-1.0,-1.0,-1.0,0.0,41222144.0,0.0,0.0,-1.0,-1.0,-1.0,0.0,0.0,0
0.0,82.0,78.833,-1.0,-1.0,-1.0,-1.0,-1.0,-1.0,0.0,41222144.0,0.0,0.0,-1.0,-1.0,-1.0,0.0,0.0,0
1.0,103.0,88.791,-1.0,-1.0,-1.0,-1.0,-1.0,-1.0,0.0,41222144.0,0.0,0.0,-1.0,-1.0,-1.0,0.0,0.0,0
0.0,53.0,47.542,-1.0,-1.0,-1.0,-1.0,-1.0,-1.0,0.0,41222144.0,0.0,0.0,-1.0,-1.0,-1.0,0.0,0.0,0
0.0,56.0,50.917,-1.0,-1.0,-1.0,-1.0,-1.0,-1.0,0.0,41222144.0,0.0,0.0,-1.0,-1.0,-1.0,0.0,0.0,0
0.0,73.0,69.167,-1.0,-1.0,-1.0,-1.0,-1.0,-1.0,0.0,41222144.0,0.0,0.0,-1.0,-1.0,-1.0,0.0,0.0,0
0.0,69.0,64.5,-1.0,-1.0,-1.0,-1.0,-1.0,-1.0,0.0,41222144.0,0.0,0.0,-1.0,-1.0,-1.0,0.0,0.0,0
0.0,92.0,86.875,-1.0,-1.0,-1.0,-1.0,-1.0,-1.0,0.0,41222144.0,0.0,0.0,-1.0,-1.0,-1.0,0.0,0.0,0
0.0,93.0,87.708,-1.0,-1.0,-1.0,-1.0,-1.0,-1.0,0.0,41222144.0,0.0,0.0,-1.0,-1.0,-1.0,0.0,0.0,0
0.0,101.0,90.334,-1.0,-1.0,-1.0,-1.0,-1.0,-1.0,0.0,41222144.0,0.0,0.0,-1.0,-1.0,-1.0,0.0,0.0,0
0.0,109.0,97.917,-1.0,-1.0,-1.0,-1.0,-1.0,-1.0,0.0,41222144.0,0.0,0.0,-1.0,-1.0,-1.0,0.0,0.0,0
0.0,98.0,92.75,-1.0,-1.0,-1.0,-1.0,-1.0,-1.0,0.0,41222144.0,0.0,0.0,-1.0,-1.0,-1.0,0.0,0.0,0
0.0,98.0,92.375,-1.0,-1.0,-1.0,-1.0,-1.0,-1.0,0.0,41222144.0,0.0,0.0,-1.0,-1.0,-1.0,0.0,0.0,0
1.0,132.0,476.625,-1.0,-1.0,-1.0,-1.0,-1.0,-1.0,0.0,41222144.0,0.0,0.0,-1.0,-1.0,-1.0,0.0,0.0,0
0.0,62.0,54.458,-1.0,-1.0,-1.0,-1.0,-1.0,-1.0,0.0,41222144.0,0.0,0.0,-1.0,-1.0,-1.0,0.0,0.0,0
0.0,59.0,53.5,-1.0,-1.0,-1.0,-1.0,-1.0,-1.0,0.0,41238528.0,0.0,0.0,-1.0,-1.0,-1.0,0.0,0.0,0
0.0,88.0,78.708,-1.0,-1.0,-1.0,-1.0,-1.0,-1.0,0.0,41238528.0,0.0,0.0,-1.0,-1.0,-1.0,0.0,0.0,0
0.0,83.0,74.041,-1.0,-1.0,-1.0,-1.0,-1.0,-1.0,0.0,41238528.0,0.0,0.0,-1.0,-1.0,-1.0,0.0,0.0,0
0.0,81.0,71.0,-1.0,-1.0,-1.0,-1.0,-1.0,-1.0,0.0,41238528.0,0.0,0.0,-1.0,-1.0,-1.0,0.0,0.0,0
0.0,106.0,99.25,-1.0,-1.0,-1.0,-1.0,-1.0,-1.0,0.0,41238528.0,0.0,0.0,-1.0,-1.0,-1.0,0.0,0.0,0
0.0,96.0,88.834,-1.0,-1.0,-1.0,-1.0,-1.0,-1.0,0.0,41238528.0,0.0,0.0,-1.0,-1.0,-1.0,0.0,0.0,0
0.0,97.0,90.292,-1.0,-1.0,-1.0,-1.0,-1.0,-1.0,0.0,41238528.0,0.0,0.0,-1.0,-1.0,-1.0,0.0,0.0,0
0.0,102.0,92.334,-1.0,-1.0,-1.0,-1.0,-1.0,-1.0,0.0,41254912.0,0.0,0.0,-1.0,-1.0,-1.0,0.0,0.0,0
0.0,98.0,89.416,-1.0,-1.0,-1.0,-1.0,-1.0,-1.0,0.0,41254912.0,0.0,0.0,-1.0,-1.0,-1.0,0.0,0.0,0
1.0,111.0,122.041,-1.0,-1.0,-1.0,-1.0,-1.0,-1.0,0.0,41254912.0,0.0,0.0,-1.0,-1.0,-1.0,0.0,0.0,0
0.0,53.0,49.208,-1.0,-1.0,-1.0,-1.0,-1.0,-1.0,0.0,41271296.0,0.0,0.0,-1.0,-1.0,-1.0,0.0,0.0,0
0.0,53.0,48.834,-1.0,-1.0,-1.0,-1.0,-1.0,-1.0,0.0,41271296.0,0.0,0.0,-1.0,-1.0,-1.0,0.0,0.0,0
0.0,68.0,62.833,-1.0,-1.0,-1.0,-1.0,-1.0,-1.0,0.0,41287680.0,0.0,0.0,-1.0,-1.0,-1.0,0.0,0.0,0
0.0,73.0,67.208,-1.0,-1.0,-1.0,-1.0,-1.0,-1.0,0.0,41287680.0,0.0,0.0,-1.0,-1.0,-1.0,0.0,0.0,0
0.0,86.0,79.666,-1.0,-1.0,-1.0,-1.0,-1.0,-1.0,0.0,41287680.0,0.0,0.0,-1.0,-1.0,-1.0,0.0,0.0,0
0.0,91.0,84.958,-1.0,-1.0,-1.0,-1.0,-1.0,-1.0,0.0,41287680.0,0.0,0.0,-1.0,-1.0,-1.0,0.0,0.0,0
0.0,91.0,84.875,-1.0,-1.0,-1.0,-1.0,-1.0,-1.0,0.0,41287680.0,0.0,0.0,-1.0,-1.0,-1.0,0.0,0.0,0
0.0,96.0,88.209,-1.0,-1.0,-1.0,-1.0,-1.0,-1.0,0.0,41304064.0,0.0,0.0,-1.0,-1.0,-1.0,0.0,0.0,0
0.0,90.0,84.208,-1.0,-1.0,-1.0,-1.0,-1.0,-1.0,0.0,41304064.0,0.0,0.0,-1.0,-1.0,-1.0,0.0,0.0,0
1.0,110.0,116.25,-1.0,-1.0,-1.0,-1.0,-1.0,-1.0,0.0,41304064.0,0.0,0.0,-1.0,-1.0,-1.0,0.0,0.0,0
0.0,99.0,91.208,-1.0,-1.0,-1.0,-1.0,-1.0,-1.0,0.0,41304064.0,0.0,0.0,-1.0,-1.0,-1.0,0.0,0.0,0
0.0,65.0,56.833,-1.0,-1.0,-1.0,-1.0,-1.0,-1.0,0.0,41304064.0,0.0,0.0,-1.0,-1.0,-1.0,0.0,0.0,0
0.0,57.0,52.333,-1.0,-1.0,-1.0,-1.0,-1.0,-1.0,0.0,41304064.0,0.0,0.0,-1.0,-1.0,-1.0,0.0,0.0,0
0.0,88.0,80.875,-1.0,-1.0,-1.0,-1.0,-1.0,-1.0,0.0,41304064.0,0.0,0.0,-1.0,-1.0,-1.0,0.0,0.0,0
0.0,80.0,69.75,-1.0,-1.0,-1.0,-1.0,-1.0,-1.0,0.0,41304064.0,0.0,0.0,-1.0,-1.0,-1.0,0.0,0.0,0
0.0,98.0,91.291,-1.0,-1.0,-1.0,-1.0,-1.0,-1.0,0.0,41304064.0,0.0,0.0,-1.0,-1.0,-1.0,0.0,0.0,0
0.0,94.0,88.708,-1.0,-1.0,-1.0,-1.0,-1.0,-1.0,0.0,41304064.0,0.0,0.0,-1.0,-1.0,-1.0,0.0,0.0,0
0.0,112.0,102.083,-1.0,-1.0,-1.0,-1.0,-1.0,-1.0,0.0,41304064.0,0.0,0.0,-1.0,-1.0,-1.0,0.0,0.0,0
0.0,111.0,99.5,-1.0,-1.0,-1.0,-1.0,-1.0,-1.0,0.0,41304064.0,0.0,0.0,-1.0,-1.0,-1.0,0.0,0.0,0
0.0,98.0,89.292,-1.0,-1.0,-1.0,-1.0,-1.0,-1.0,0.0,41304064.0,0.0,0.0,-1.0,-1.0,-1.0,0.0,0.0,0
1.0,107.0,159.584,-1.0,-1.0,-1.0,-1.0,-1.0,-1.0,0.0,41304064.0,0.0,0.0,-1.0,-1.0,-1.0,0.0,0.0,0
0.0,106.0,100.416,-1.0,-1.0,-1.0,-1.0,-1.0,-1.0,0.0,41304064.0,0.0,0.0,-1.0,-1.0,-1.0,0.0,0.0,0
0.0,108.0,96.958,-1.0,-1.0,-1.0,-1.0,-1.0,-1.0,0.0,41304064.0,0.0,0.0,-1.0,-1.0,-1.0,0.0,0.0,0
0.0,64.0,55.292,-1.0,-1.0,-1.0,-1.0,-1.0,-1.0,0.0,41304064.0,0.0,0.0,-1.0,-1.0,-1.0,0.0,0.0,0
0.0,73.0,67.708,-1.0,-1.0,-1.0,-1.0,-1.0,-1.0,0.0,41320448.0,0.0,0.0,-1.0,-1.0,-1.0,0.0,0.0,0
0.0,68.0,62.958,-1.0,-1.0,-1.0,-1.0,-1.0,-1.0,0.0,41320448.0,0.0,0.0,-1.0,-1.0,-1.0,0.0,0.0,0
0.0,101.0,93.209,-1.0,-1.0,-1.0,-1.0,-1.0,-1.0,0.0,41320448.0,0.0,0.0,-1.0,-1.0,-1.0,0.0,0.0,0
0.0,66.0,60.75,-1.0,-1.0,-1.0,-1.0,-1.0,-1.0,0.0,41320448.0,0.0,0.0,-1.0,-1.0,-1.0,0.0,0.0,0
0.0,95.0,88.709,-1.0,-1.0,-1.0,-1.0,-1.0,-1.0,0.0,41320448.0,0.0,0.0,-1.0,-1.0,-1.0,0.0,0.0,0
0.0,97.0,91.583,-1.0,-1.0,-1.0,-1.0,-1.0,-1.0,0.0,41336832.0,0.0,0.0,-1.0,-1.0,-1.0,0.0,0.0,0
0.0,80.0,77.834,-1.0,-1.0,-1.0,-1.0,-1.0,-1.0,0.0,41336832.0,0.0,0.0,-1.0,-1.0,-1.0,0.0,0.0,0
0.0,83.0,78.667,-1.0,-1.0,-1.0,-1.0,-1.0,-1.0,0.0,41336832.0,0.0,0.0,-1.0,-1.0,-1.0,0.0,0.0,0
0.0,95.0,87.958,-1.0,-1.0,-1.0,-1.0,-1.0,-1.0,0.0,41336832.0,0.0,0.0,-1.0,-1.0,-1.0,0.0,0.0,0
0.0,106.0,96.083,-1.0,-1.0,-1.0,-1.0,-1.0,-1.0,0.0,41353216.0,0.0,0.0,-1.0,-1.0,-1.0,0.0,0.0,0
0.0,62.0,55.5,-1.0,-1.0,-1.0,-1.0,-1.0,-1.0,0.0,41353216.0,0.0,0.0,-1.0,-1.0,-1.0,0.0,0.0,0
0.0,74.0,64.292,-1.0,-1.0,-1.0,-1.0,-1.0,-1.0,0.0,41353216.0,0.0,0.0,-1.0,-1.0,-1.0,0.0,0.0,0
0.0,78.0,69.417,-1.0,-1.0,-1.0,-1.0,-1.0,-1.0,0.0,41353216.0,0.0,0.0,-1.0,-1.0,-1.0,0.0,0.0,0
0.0,80.0,72.958,-1.0,-1.0,-1.0,-1.0,-1.0,-1.0,0.0,41353216.0,0.0,0.0,-1.0,-1.0,-1.0,0.0,0.0,0
0.0,78.0,71.083,-1.0,-1.0,-1.0,-1.0,-1.0,-1.0,0.0,41353216.0,0.0,0.0,-1.0,-1.0,-1.0,0.0,0.0,0
0.0,97.0,91.792,-1.0,-1.0,-1.0,-1.0,-1.0,-1.0,0.0,41353216.0,0.0,0.0,-1.0,-1.0,-1.0,0.0,0.0,0
0.0,102.0,90.083,-1.0,-1.0,-1.0,-1.0,-1.0,-1.0,0.0,41353216.0,0.0,0.0,-1.0,-1.0,-1.0,0.0,0.0,0
0.0,101.0,92.041,-1.0,-1.0,-1.0,-1.0,-1.0,-1.0,0.0,41369600.0,0.0,0.0,-1.0,-1.0,-1.0,0.0,0.0,0
0.0,110.0,104.875,-1.0,-1.0,-1.0,-1.0,-1.0,-1.0,0.0,41385984.0,0.0,0.0,-1.0,-1.0,-1.0,0.0,0.0,0
0.0,102.0,94.208,-1.0,-1.0,-1.0,-1.0,-1.0,-1.0,0.0,41385984.0,0.0,0.0,-1.0,-1.0,-1.0,0.0,0.0,0
0.0,67.0,57.375,-1.0,-1.0,-1.0,-1.0,-1.0,-1.0,0.0,41385984.0,0.0,0.0,-1.0,-1.0,-1.0,0.0,0.0,0
0.0,85.0,76.083,-1.0,-1.0,-1.0,-1.0,-1.0,-1.0,0.0,41385984.0,0.0,0.0,-1.0,-1.0,-1.0,0.0,0.0,0
0.0,72.0,67.5,-1.0,-1.0,-1.0,-1.0,-1.0,-1.0,0.0,41385984.0,0.0,0.0,-1.0,-1.0,-1.0,0.0,0.0,0
0.0,65.0,61.042,-1.0,-1.0,-1.0,-1.0,-1.0,-1.0,0.0,41385984.0,0.0,0.0,-1.0,-1.0,-1.0,0.0,0.0,0
0.0,111.0,105.791,-1.0,-1.0,-1.0,-1.0,-1.0,-1.0,0.0,41385984.0,0.0,0.0,-1.0,-1.0,-1.0,0.0,0.0,0
0.0,91.0,85.875,-1.0,-1.0,-1.0,-1.0,-1.0,-1.0,0.0,41385984.0,0.0,0.0,-1.0,-1.0,-1.0,0.0,0.0,0
0.0,93.0,86.5,-1.0,-1.0,-1.0,-1.0,-1.0,-1.0,0.0,41385984.0,0.0,0.0,-1.0,-1.0,-1.0,0.0,0.0,0
0.0,88.0,83.208,-1.0,-1.0,-1.0,-1.0,-1.0,-1.0,0.0,41385984.0,0.0,0.0,-1.0,-1.0,-1.0,0.0,0.0,0
0.0,86.0,81.667,-1.0,-1.0,-1.0,-1.0,-1.0,-1.0,0.0,41385984.0,0.0,0.0,-1.0,-1.0,-1.0,0.0,0.0,0
0.0,88.0,82.75,-1.0,-1.0,-1.0,-1.0,-1.0,-1.0,0.0,41385984.0,0.0,0.0,-1.0,-1.0,-1.0,0.0,0.0,0
1.0,108.0,157.167,-1.0,-1.0,-1.0,-1.0,-1.0,-1.0,0.0,41385984.0,0.0,0.0,-1.0,-1.0,-1.0,0.0,0.0,0
2.0,115.0,206.667,-1.0,-1.0,-1.0,-1.0,-1.0,-1.0,0.0,41385984.0,0.0,0.0,-1.0,-1.0,-1.0,0.0,0.0,0
0.0,56.0,51.917,-1.0,-1.0,-1.0,-1.0,-1.0,-1.0,0.0,41385984.0,0.0,0.0,-1.0,-1.0,-1.0,0.0,0.0,0
0.0,76.0,69.333,-1.0,-1.0,-1.0,-1.0,-1.0,-1.0,0.0,41402368.0,0.0,0.0,-1.0,-1.0,-1.0,0.0,0.0,0
0.0,72.0,64.875,-1.0,-1.0,-1.0,-1.0,-1.0,-1.0,0.0,41418752.0,0.0,0.0,-1.0,-1.0,-1.0,0.0,0.0,0
1.0,96.0,118.125,-1.0,-1.0,-1.0,-1.0,-1.0,-1.0,0.0,41418752.0,0.0,0.0,-1.0,-1.0,-1.0,0.0,0.0,0
0.0,99.0,90.917,-1.0,-1.0,-1.0,-1.0,-1.0,-1.0,0.0,41418752.0,0.0,0.0,-1.0,-1.0,-1.0,0.0,0.0,0
0.0,99.0,89.834,-1.0,-1.0,-1.0,-1.0,-1.0,-1.0,0.0,41418752.0,0.0,0.0,-1.0,-1.0,-1.0,0.0,0.0,0
0.0,103.0,95.625,-1.0,-1.0,-1.0,-1.0,-1.0,-1.0,0.0,41418752.0,0.0,0.0,-1.0,-1.0,-1.0,0.0,0.0,0
0.0,102.0,94.416,-1.0,-1.0,-1.0,-1.0,-1.0,-1.0,0.0,41418752.0,0.0,0.0,-1.0,-1.0,-1.0,0.0,0.0,0
0.0,101.0,92.542,-1.0,-1.0,-1.0,-1.0,-1.0,-1.0,0.0,41418752.0,0.0,0.0,-1.0,-1.0,-1.0,0.0,0.0,0
0.0,102.0,92.25,-1.0,-1.0,-1.0,-1.0,-1.0,-1.0,0.0,41418752.0,0.0,0.0,-1.0,-1.0,-1.0,0.0,0.0,0
0.0,67.0,58.125,-1.0,-1.0,-1.0,-1.0,-1.0,-1.0,0.0,41418752.0,0.0,0.0,-1.0,-1.0,-1.0,0.0,0.0,0
0.0,62.0,56.375,-1.0,-1.0,-1.0,-1.0,-1.0,-1.0,0.0,41418752.0,0.0,0.0,-1.0,-1.0,-1.0,0.0,0.0,0
0.0,77.0,68.5,-1.0,-1.0,-1.0,-1.0,-1.0,-1.0,0.0,41418752.0,0.0,0.0,-1.0,-1.0,-1.0,0.0,0.0,0
0.0,82.0,73.75,-1.0,-1.0,-1.0,-1.0,-1.0,-1.0,0.0,41418752.0,0.0,0.0,-1.0,-1.0,-1.0,0.0,0.0,0
0.0,97.0,89.333,-1.0,-1.0,-1.0,-1.0,-1.0,-1.0,0.0,41435136.0,0.0,0.0,-1.0,-1.0,-1.0,0.0,0.0,0
0.0,98.0,89.375,-1.0,-1.0,-1.0,-1.0,-1.0,-1.0,0.0,41435136.0,0.0,0.0,-1.0,-1.0,-1.0,0.0,0.0,0
0.0,96.0,89.708,-1.0,-1.0,-1.0,-1.0,-1.0,-1.0,0.0,41435136.0,0.0,0.0,-1.0,-1.0,-1.0,0.0,0.0,0
0.0,80.0,76.167,-1.0,-1.0,-1.0,-1.0,-1.0,-1.0,0.0,41435136.0,0.0,0.0,-1.0,-1.0,-1.0,0.0,0.0,0
0.0,86.0,79.667,-1.0,-1.0,-1.0,-1.0,-1.0,-1.0,0.0,41435136.0,0.0,0.0,-1.0,-1.0,-1.0,0.0,0.0,0
0.0,82.0,78.375,-1.0,-1.0,-1.0,-1.0,-1.0,-1.0,0.0,41451520.0,0.0,0.0,-1.0,-1.0,-1.0,0.0,0.0,0
0.0,105.0,88.667,-1.0,-1.0,-1.0,-1.0,-1.0,-1.0,0.0,41451520.0,0.0,0.0,-1.0,-1.0,-1.0,0.0,0.0,0
0.0,89.0,83.458,-1.0,-1.0,-1.0,-1.0,-1.0,-1.0,0.0,41467904.0,0.0,0.0,-1.0,-1.0,-1.0,0.0,0.0,0
0.0,50.0,46.834,-1.0,-1.0,-1.0,-1.0,-1.0,-1.0,0.0,41467904.0,0.0,0.0,-1.0,-1.0,-1.0,0.0,0.0,0
0.0,69.0,63.0,-1.0,-1.0,-1.0,-1.0,-1.0,-1.0,0.0,41467904.0,0.0,0.0,-1.0,-1.0,-1.0,0.0,0.0,0
0.0,63.0,58.125,-1.0,-1.0,-1.0,-1.0,-1.0,-1.0,0.0,41467904.0,0.0,0.0,-1.0,-1.0,-1.0,0.0,0.0,0
0.0,75.0,68.25,-1.0,-1.0,-1.0,-1.0,-1.0,-1.0,0.0,41467904.0,0.0,0.0,-1.0,-1.0,-1.0,0.0,0.0,0
0.0,84.0,79.542,-1.0,-1.0,-1.0,-1.0,-1.0,-1.0,0.0,41484288.0,0.0,0.0,-1.0,-1.0,-1.0,0.0,0.0,0
0.0,99.0,94.083,-1.0,-1.0,-1.0,-1.0,-1.0,-1.0,0.0,41484288.0,0.0,0.0,-1.0,-1.0,-1.0,0.0,0.0,0
0.0,81.0,73.542,-1.0,-1.0,-1.0,-1.0,-1.0,-1.0,0.0,41484288.0,0.0,0.0,-1.0,-1.0,-1.0,0.0,0.0,0
0.0,76.0,67.458,-1.0,-1.0,-1.0,-1.0,-1.0,-1.0,0.0,41500672.0,0.0,0.0,-1.0,-1.0,-1.0,0.0,0.0,0
0.0,81.0,70.625,-1.0,-1.0,-1.0,-1.0,-1.0,-1.0,0.0,41500672.0,0.0,0.0,-1.0,-1.0,-1.0,0.0,0.0,0
0.0,71.0,65.208,-1.0,-1.0,-1.0,-1.0,-1.0,-1.0,0.0,41500672.0,0.0,0.0,-1.0,-1.0,-1.0,0.0,0.0,0
0.0,99.0,93.25,-1.0,-1.0,-1.0,-1.0,-1.0,-1.0,0.0,41500672.0,0.0,0.0,-1.0,-1.0,-1.0,0.0,0.0,0
0.0,75.0,69.375,-1.0,-1.0,-1.0,-1.0,-1.0,-1.0,0.0,41500672.0,0.0,0.0,-1.0,-1.0,-1.0,0.0,0.0,0
0.0,66.0,57.042,-1.0,-1.0,-1.0,-1.0,-1.0,-1.0,0.0,41500672.0,0.0,0.0,-1.0,-1.0,-1.0,0.0,0.0,0
0.0,65.0,56.75,-1.0,-1.0,-1.0,-1.0,-1.0,-1.0,0.0,41500672.0,0.0,0.0,-1.0,-1.0,-1.0,0.0,0.0,0
0.0,67.0,57.417,-1.0,-1.0,-1.0,-1.0,-1.0,-1.0,0.0,41517056.0,0.0,0.0,-1.0,-1.0,-1.0,0.0,0.0,0
0.0,68.0,59.125,-1.0,-1.0,-1.0,-1.0,-1.0,-1.0,0.0,41517056.0,0.0,0.0,-1.0,-1.0,-1.0,0.0,0.0,0
0.0,76.0,68.75,-1.0,-1.0,-1.0,-1.0,-1.0,-1.0,0.0,41517056.0,0.0,0.0,-1.0,-1.0,-1.0,0.0,0.0,0
0.0,63.0,57.417,-1.0,-1.0,-1.0,-1.0,-1.0,-1.0,0.0,41517056.0,0.0,0.0,-1.0,-1.0,-1.0,0.0,0.0,0
0.0,70.0,65.292,-1.0,-1.0,-1.0,-1.0,-1.0,-1.0,0.0,41517056.0,0.0,0.0,-1.0,-1.0,-1.0,0.0,0.0,0
0.0,89.0,83.834,-1.0,-1.0,-1.0,-1.0,-1.0,-1.0,0.0,41517056.0,0.0,0.0,-1.0,-1.0,-1.0,0.0,0.0,0
1.0,67.0,90.209,-1.0,-1.0,-1.0,-1.0,-1.0,-1.0,0.0,41517056.0,0.0,0.0,-1.0,-1.0,-1.0,0.0,0.0,0
1.0,81.0,106.042,-1.0,-1.0,-1.0,-1.0,-1.0,-1.0,0.0,41517056.0,0.0,0.0,-1.0,-1.0,-1.0,0.0,0.0,0
0.0,90.0,84.583,-1.0,-1.0,-1.0,-1.0,-1.0,-1.0,0.0,41517056.0,0.0,0.0,-1.0,-1.0,-1.0,0.0,0.0,0
0.0,74.0,68.375,-1.0,-1.0,-1.0,-1.0,-1.0,-1.0,0.0,41517056.0,0.0,0.0,-1.0,-1.0,-1.0,0.0,0.0,0
0.0,62.0,59.209,-1.0,-1.0,-1.0,-1.0,-1.0,-1.0,0.0,41517056.0,0.0,0.0,-1.0,-1.0,-1.0,0.0,0.0,0
0.0,72.0,67.208,-1.0,-1.0,-1.0,-1.0,-1.0,-1.0,0.0,41517056.0,0.0,0.0,-1.0,-1.0,-1.0,0.0,0.0,0
0.0,73.0,67.958,-1.0,-1.0,-1.0,-1.0,-1.0,-1.0,0.0,41517056.0,0.0,0.0,-1.0,-1.0,-1.0,0.0,0.0,0
0.0,101.0,94.833,-1.0,-1.0,-1.0,-1.0,-1.0,-1.0,0.0,41517056.0,0.0,0.0,-1.0,-1.0,-1.0,0.0,0.0,0
0.0,90.0,84.167,-1.0,-1.0,-1.0,-1.0,-1.0,-1.0,0.0,41533440.0,0.0,0.0,-1.0,-1.0,-1.0,0.0,0.0,0
0.0,70.0,64.875,-1.0,-1.0,-1.0,-1.0,-1.0,-1.0,0.0,41533440.0,0.0,0.0,-1.0,-1.0,-1.0,0.0,0.0,0
0.0,75.0,69.625,-1.0,-1.0,-1.0,-1.0,-1.0,-1.0,0.0,41533440.0,0.0,0.0,-1.0,-1.0,-1.0,0.0,0.0,0
0.0,79.0,70.417,-1.0,-1.0,-1.0,-1.0,-1.0,-1.0,0.0,41549824.0,0.0,0.0,-1.0,-1.0,-1.0,0.0,0.0,0
0.0,77.0,71.792,-1.0,-1.0,-1.0,-1.0,-1.0,-1.0,0.0,41549824.0,0.0,0.0,-1.0,-1.0,-1.0,0.0,0.0,0
0.0,74.0,68.417,-1.0,-1.0,-1.0,-1.0,-1.0,-1.0,0.0,41549824.0,0.0,0.0,-1.0,-1.0,-1.0,0.0,0.0,0
0.0,62.0,57.541,-1.0,-1.0,-1.0,-1.0,-1.0,-1.0,0.0,41549824.0,0.0,0.0,-1.0,-1.0,-1.0,0.0,0.0,0
0.0,75.0,68.333,-1.0,-1.0,-1.0,-1.0,-1.0,-1.0,0.0,41549824.0,0.0,0.0,-1.0,-1.0,-1.0,0.0,0.0,0
0.0,78.0,72.084,-1.0,-1.0,-1.0,-1.0,-1.0,-1.0,0.0,41566208.0,0.0,0.0,-1.0,-1.0,-1.0,0.0,0.0,0
1.0,108.0,118.417,-1.0,-1.0,-1.0,-1.0,-1.0,-1.0,0.0,41566208.0,0.0,0.0,-1.0,-1.0,-1.0,0.0,0.0,0
0.0,98.0,91.292,-1.0,-1.0,-1.0,-1.0,-1.0,-1.0,0.0,41566208.0,0.0,0.0,-1.0,-1.0,-1.0,0.0,0.0,0
0.0,67.0,57.875,-1.0,-1.0,-1.0,-1.0,-1.0,-1.0,0.0,41566208.0,0.0,0.0,-1.0,-1.0,-1.0,0.0,0.0,0
0.0,68.0,61.208,-1.0,-1.0,-1.0,-1.0,-1.0,-1.0,0.0,41566208.0,0.0,0.0,-1.0,-1.0,-1.0,0.0,0.0,0
0.0,67.0,60.416,-1.0,-1.0,-1.0,-1.0,-1.0,-1.0,0.0,41566208.0,0.0,0.0,-1.0,-1.0,-1.0,0.0,0.0,0
2.0,92.0,160.042,-1.0,-1.0,-1.0,-1.0,-1.0,-1.0,0.0,41566208.0,0.0,0.0,-1.0,-1.0,-1.0,0.0,0.0,0
0.0,81.0,73.75,-1.0,-1.0,-1.0,-1.0,-1.0,-1.0,0.0,41566208.0,0.0,0.0,-1.0,-1.0,-1.0,0.0,0.0,0
0.0,67.0,63.209,-1.0,-1.0,-1.0,-1.0,-1.0,-1.0,0.0,41582592.0,0.0,0.0,-1.0,-1.0,-1.0,0.0,0.0,0
0.0,86.0,78.375,-1.0,-1.0,-1.0,-1.0,-1.0,-1.0,0.0,41582592.0,0.0,0.0,-1.0,-1.0,-1.0,0.0,0.0,0
0.0,53.0,47.5,-1.0,-1.0,-1.0,-1.0,-1.0,-1.0,0.0,41582592.0,0.0,0.0,-1.0,-1.0,-1.0,0.0,0.0,0
0.0,51.0,45.625,-1.0,-1.0,-1.0,-1.0,-1.0,-1.0,0.0,41582592.0,0.0,0.0,-1.0,-1.0,-1.0,0.0,0.0,0
0.0,72.0,66.25,-1.0,-1.0,-1.0,-1.0,-1.0,-1.0,0.0,41598976.0,0.0,0.0,-1.0,-1.0,-1.0,0.0,0.0,0
0.0,68.0,62.834,-1.0,-1.0,-1.0,-1.0,-1.0,-1.0,0.0,41598976.0,0.0,0.0,-1.0,-1.0,-1.0,0.0,0.0,0
0.0,56.0,51.667,-1.0,-1.0,-1.0,-1.0,-1.0,-1.0,0.0,41598976.0,0.0,0.0,-1.0,-1.0,-1.0,0.0,0.0,0
0.0,91.0,84.084,-1.0,-1.0,-1.0,-1.0,-1.0,-1.0,0.0,41598976.0,0.0,0.0,-1.0,-1.0,-1.0,0.0,0.0,0
1.0,106.0,119.875,-1.0,-1.0,-1.0,-1.0,-1.0,-1.0,0.0,41598976.0,0.0,0.0,-1.0,-1.0,-1.0,0.0,0.0,0
0.0,51.0,45.042,-1.0,-1.0,-1.0,-1.0,-1.0,-1.0,0.0,41598976.0,0.0,0.0,-1.0,-1.0,-1.0,0.0,0.0,0
0.0,87.0,82.291,-1.0,-1.0,-1.0,-1.0,-1.0,-1.0,0.0,41598976.0,0.0,0.0,-1.0,-1.0,-1.0,0.0,0.0,0
0.0,54.0,49.0,-1.0,-1.0,-1.0,-1.0,-1.0,-1.0,0.0,41598976.0,0.0,0.0,-1.0,-1.0,-1.0,0.0,0.0,0
0.0,79.0,72.041,-1.0,-1.0,-1.0,-1.0,-1.0,-1.0,0.0,41598976.0,0.0,0.0,-1.0,-1.0,-1.0,0.0,0.0,0
0.0,79.0,71.917,-1.0,-1.0,-1.0,-1.0,-1.0,-1.0,0.0,41598976.0,0.0,0.0,-1.0,-1.0,-1.0,0.0,0.0,0
0.0,88.0,81.083,-1.0,-1.0,-1.0,-1.0,-1.0,-1.0,0.0,41598976.0,0.0,0.0,-1.0,-1.0,-1.0,0.0,0.0,0
0.0,101.0,93.25,-1.0,-1.0,-1.0,-1.0,-1.0,-1.0,0.0,41598976.0,0.0,0.0,-1.0,-1.0,-1.0,0.0,0.0,0
0.0,96.0,90.959,-1.0,-1.0,-1.0,-1.0,-1.0,-1.0,0.0,41598976.0,0.0,0.0,-1.0,-1.0,-1.0,0.0,0.0,0
0.0,103.0,93.875,-1.0,-1.0,-1.0,-1.0,-1.0,-1.0,0.0,41598976.0,0.0,0.0,-1.0,-1.0,-1.0,0.0,0.0,0
0.0,103.0,97.25,-1.0,-1.0,-1.0,-1.0,-1.0,-1.0,0.0,41598976.0,0.0,0.0,-1.0,-1.0,-1.0,0.0,0.0,0
1.0,112.0,120.25,-1.0,-1.0,-1.0,-1.0,-1.0,-1.0,0.0,41598976.0,0.0,0.0,-1.0,-1.0,-1.0,0.0,0.0,0
0.0,119.0,108.709,-1.0,-1.0,-1.0,-1.0,-1.0,-1.0,0.0,41615360.0,0.0,0.0,-1.0,-1.0,-1.0,0.0,0.0,0
0.0,75.0,61.458,-1.0,-1.0,-1.0,-1.0,-1.0,-1.0,0.0,41648128.0,0.0,0.0,-1.0,-1.0,-1.0,0.0,0.0,0
0.0,60.0,53.417,-1.0,-1.0,-1.0,-1.0,-1.0,-1.0,0.0,41648128.0,0.0,0.0,-1.0,-1.0,-1.0,0.0,0.0,0
0.0,73.0,65.916,-1.0,-1.0,-1.0,-1.0,-1.0,-1.0,0.0,41648128.0,0.0,0.0,-1.0,-1.0,-1.0,0.0,0.0,0
0.0,84.0,76.125,-1.0,-1.0,-1.0,-1.0,-1.0,-1.0,0.0,41648128.0,0.0,0.0,-1.0,-1.0,-1.0,0.0,0.0,0
0.0,100.0,89.417,-1.0,-1.0,-1.0,-1.0,-1.0,-1.0,0.0,41648128.0,0.0,0.0,-1.0,-1.0,-1.0,0.0,0.0,0
0.0,99.0,92.167,-1.0,-1.0,-1.0,-1.0,-1.0,-1.0,0.0,41648128.0,0.0,0.0,-1.0,-1.0,-1.0,0.0,0.0,0
0.0,92.0,86.0,-1.0,-1.0,-1.0,-1.0,-1.0,-1.0,0.0,41648128.0,0.0,0.0,-1.0,-1.0,-1.0,0.0,0.0,0
0.0,87.0,82.291,-1.0,-1.0,-1.0,-1.0,-1.0,-1.0,0.0,41648128.0,0.0,0.0,-1.0,-1.0,-1.0,0.0,0.0,0
0.0,90.0,85.416,-1.0,-1.0,-1.0,-1.0,-1.0,-1.0,0.0,41648128.0,0.0,0.0,-1.0,-1.0,-1.0,0.0,0.0,0
0.0,91.0,85.791,-1.0,-1.0,-1.0,-1.0,-1.0,-1.0,0.0,41648128.0,0.0,0.0,-1.0,-1.0,-1.0,0.0,0.0,0
1.0,96.0,169.208,-1.0,-1.0,-1.0,-1.0,-1.0,-1.0,0.0,41648128.0,0.0,0.0,-1.0,-1.0,-1.0,0.0,0.0,0
1.0,56.0,74.125,-1.0,-1.0,-1.0,-1.0,-1.0,-1.0,0.0,41648128.0,0.0,0.0,-1.0,-1.0,-1.0,0.0,0.0,0
0.0,57.0,53.291,-1.0,-1.0,-1.0,-1.0,-1.0,-1.0,0.0,41648128.0,0.0,0.0,-1.0,-1.0,-1.0,0.0,0.0,0
0.0,68.0,62.292,-1.0,-1.0,-1.0,-1.0,-1.0,-1.0,0.0,41648128.0,0.0,0.0,-1.0,-1.0,-1.0,0.0,0.0,0
0.0,63.0,58.792,-1.0,-1.0,-1.0,-1.0,-1.0,-1.0,0.0,41648128.0,0.0,0.0,-1.0,-1.0,-1.0,0.0,0.0,0
0.0,59.0,53.625,-1.0,-1.0,-1.0,-1.0,-1.0,-1.0,0.0,41648128.0,0.0,0.0,-1.0,-1.0,-1.0,0.0,0.0,0
0.0,87.0,76.709,-1.0,-1.0,-1.0,-1.0,-1.0,-1.0,0.0,41648128.0,0.0,0.0,-1.0,-1.0,-1.0,0.0,0.0,0
0.0,99.0,89.458,-1.0,-1.0,-1.0,-1.0,-1.0,-1.0,0.0,41664512.0,0.0,0.0,-1.0,-1.0,-1.0,0.0,0.0,0
0.0,99.0,91.792,-1.0,-1.0,-1.0,-1.0,-1.0,-1.0,0.0,41664512.0,0.0,0.0,-1.0,-1.0,-1.0,0.0,0.0,0
0.0,98.0,91.583,-1.0,-1.0,-1.0,-1.0,-1.0,-1.0,0.0,41680896.0,0.0,0.0,-1.0,-1.0,-1.0,0.0,0.0,0
0.0,97.0,91.375,-1.0,-1.0,-1.0,-1.0,-1.0,-1.0,0.0,41680896.0,0.0,0.0,-1.0,-1.0,-1.0,0.0,0.0,0
0.0,100.0,93.0,-1.0,-1.0,-1.0,-1.0,-1.0,-1.0,0.0,41680896.0,0.0,0.0,-1.0,-1.0,-1.0,0.0,0.0,0
0.0,60.0,54.791,-1.0,-1.0,-1.0,-1.0,-1.0,-1.0,0.0,41680896.0,0.0,0.0,-1.0,-1.0,-1.0,0.0,0.0,0
0.0,64.0,59.459,-1.0,-1.0,-1.0,-1.0,-1.0,-1.0,0.0,41680896.0,0.0,0.0,-1.0,-1.0,-1.0,0.0,0.0,0
0.0,76.0,67.5,-1.0,-1.0,-1.0,-1.0,-1.0,-1.0,0.0,41680896.0,0.0,0.0,-1.0,-1.0,-1.0,0.0,0.0,0
0.0,79.0,70.75,-1.0,-1.0,-1.0,-1.0,-1.0,-1.0,0.0,41680896.0,0.0,0.0,-1.0,-1.0,-1.0,0.0,0.0,0
0.0,79.0,68.792,-1.0,-1.0,-1.0,-1.0,-1.0,-1.0,0.0,41680896.0,0.0,0.0,-1.0,-1.0,-1.0,0.0,0.0,0
0.0,80.0,70.625,-1.0,-1.0,-1.0,-1.0,-1.0,-1.0,0.0,41697280.0,0.0,0.0,-1.0,-1.0,-1.0,0.0,0.0,0
0.0,103.0,92.375,-1.0,-1.0,-1.0,-1.0,-1.0,-1.0,0.0,41697280.0,0.0,0.0,-1.0,-1.0,-1.0,0.0,0.0,0
0.0,90.0,84.833,-1.0,-1.0,-1.0,-1.0,-1.0,-1.0,0.0,41697280.0,0.0,0.0,-1.0,-1.0,-1.0,0.0,0.0,0
0.0,90.0,85.292,-1.0,-1.0,-1.0,-1.0,-1.0,-1.0,0.0,41697280.0,0.0,0.0,-1.0,-1.0,-1.0,0.0,0.0,0
0.0,82.0,77.625,-1.0,-1.0,-1.0,-1.0,-1.0,-1.0,0.0,41697280.0,0.0,0.0,-1.0,-1.0,-1.0,0.0,0.0,0
0.0,98.0,91.708,-1.0,-1.0,-1.0,-1.0,-1.0,-1.0,0.0,41697280.0,0.0,0.0,-1.0,-1.0,-1.0,0.0,0.0,0
0.0,91.0,85.708,-1.0,-1.0,-1.0,-1.0,-1.0,-1.0,0.0,41697280.0,0.0,0.0,-1.0,-1.0,-1.0,0.0,0.0,0
0.0,55.0,50.75,-1.0,-1.0,-1.0,-1.0,-1.0,-1.0,0.0,41713664.0,0.0,0.0,-1.0,-1.0,-1.0,0.0,0.0,0
0.0,64.0,60.75,-1.0,-1.0,-1.0,-1.0,-1.0,-1.0,0.0,41713664.0,0.0,0.0,-1.0,-1.0,-1.0,0.0,0.0,0
0.0,72.0,65.458,-1.0,-1.0,-1.0,-1.0,-1.0,-1.0,0.0,41730048.0,0.0,0.0,-1.0,-1.0,-1.0,0.0,0.0,0
0.0,68.0,61.791,-1.0,-1.0,-1.0,-1.0,-1.0,-1.0,0.0,41730048.0,0.0,0.0,-1.0,-1.0,-1.0,0.0,0.0,0
0.0,79.0,72.375,-1.0,-1.0,-1.0,-1.0,-1.0,-1.0,0.0,41730048.0,0.0,0.0,-1.0,-1.0,-1.0,0.0,0.0,0
0.0,77.0,69.667,-1.0,-1.0,-1.0,-1.0,-1.0,-1.0,0.0,41730048.0,0.0,0.0,-1.0,-1.0,-1.0,0.0,0.0,0
0.0,95.0,89.667,-1.0,-1.0,-1.0,-1.0,-1.0,-1.0,0.0,41730048.0,0.0,0.0,-1.0,-1.0,-1.0,0.0,0.0,0
0.0,98.0,89.375,-1.0,-1.0,-1.0,-1.0,-1.0,-1.0,0.0,41730048.0,0.0,0.0,-1.0,-1.0,-1.0,0.0,0.0,0
0.0,103.0,93.917,-1.0,-1.0,-1.0,-1.0,-1.0,-1.0,0.0,41730048.0,0.0,0.0,-1.0,-1.0,-1.0,0.0,0.0,0
0.0,99.0,91.791,-1.0,-1.0,-1.0,-1.0,-1.0,-1.0,0.0,41730048.0,0.0,0.0,-1.0,-1.0,-1.0,0.0,0.0,0
0.0,95.0,89.041,-1.0,-1.0,-1.0,-1.0,-1.0,-1.0,0.0,41730048.0,0.0,0.0,-1.0,-1.0,-1.0,0.0,0.0,0
0.0,79.0,70.666,-1.0,-1.0,-1.0,-1.0,-1.0,-1.0,0.0,41730048.0,0.0,0.0,-1.0,-1.0,-1.0,0.0,0.0,0
0.0,75.0,70.417,-1.0,-1.0,-1.0,-1.0,-1.0,-1.0,0.0,41730048.0,0.0,0.0,-1.0,-1.0,-1.0,0.0,0.0,0
0.0,82.0,73.833,-1.0,-1.0,-1.0,-1.0,-1.0,-1.0,0.0,41730048.0,0.0,0.0,-1.0,-1.0,-1.0,0.0,0.0,0
0.0,77.0,69.25,-1.0,-1.0,-1.0,-1.0,-1.0,-1.0,0.0,41730048.0,0.0,0.0,-1.0,-1.0,-1.0,0.0,0.0,0
0.0,99.0,89.292,-1.0,-1.0,-1.0,-1.0,-1.0,-1.0,0.0,41730048.0,0.0,0.0,-1.0,-1.0,-1.0,0.0,0.0,0
0.0,92.0,86.041,-1.0,-1.0,-1.0,-1.0,-1.0,-1.0,0.0,41730048.0,0.0,0.0,-1.0,-1.0,-1.0,0.0,0.0,0
0.0,111.0,100.916,-1.0,-1.0,-1.0,-1.0,-1.0,-1.0,0.0,41746432.0,0.0,0.0,-1.0,-1.0,-1.0,0.0,0.0,0
0.0,98.0,90.875,-1.0,-1.0,-1.0,-1.0,-1.0,-1.0,0.0,41746432.0,0.0,0.0,-1.0,-1.0,-1.0,0.0,0.0,0
0.0,81.0,76.959,-1.0,-1.0,-1.0,-1.0,-1.0,-1.0,0.0,41746432.0,0.0,0.0,-1.0,-1.0,-1.0,0.0,0.0,0
0.0,89.0,84.416,-1.0,-1.0,-1.0,-1.0,-1.0,-1.0,0.0,41746432.0,0.0,0.0,-1.0,-1.0,-1.0,0.0,0.0,0
0.0,83.0,79.833,-1.0,-1.0,-1.0,-1.0,-1.0,-1.0,0.0,41746432.0,0.0,0.0,-1.0,-1.0,-1.0,0.0,0.0,0
0.0,53.0,49.334,-1.0,-1.0,-1.0,-1.0,-1.0,-1.0,0.0,41762816.0,0.0,0.0,-1.0,-1.0,-1.0,0.0,0.0,0
0.0,69.0,65.541,-1.0,-1.0,-1.0,-1.0,-1.0,-1.0,0.0,41762816.0,0.0,0.0,-1.0,-1.0,-1.0,0.0,0.0,0
0.0,80.0,75.125,-1.0,-1.0,-1.0,-1.0,-1.0,-1.0,0.0,41762816.0,0.0,0.0,-1.0,-1.0,-1.0,0.0,0.0,0
0.0,71.0,66.084,-1.0,-1.0,-1.0,-1.0,-1.0,-1.0,0.0,41779200.0,0.0,0.0,-1.0,-1.0,-1.0,0.0,0.0,0
0.0,90.0,86.084,-1.0,-1.0,-1.0,-1.0,-1.0,-1.0,0.0,41779200.0,0.0,0.0,-1.0,-1.0,-1.0,0.0,0.0,0
0.0,82.0,78.75,-1.0,-1.0,-1.0,-1.0,-1.0,-1.0,0.0,41779200.0,0.0,0.0,-1.0,-1.0,-1.0,0.0,0.0,0
0.0,85.0,82.209,-1.0,-1.0,-1.0,-1.0,-1.0,-1.0,0.0,41779200.0,0.0,0.0,-1.0,-1.0,-1.0,0.0,0.0,0
0.0,84.0,79.333,-1.0,-1.0,-1.0,-1.0,-1.0,-1.0,0.0,41779200.0,0.0,0.0,-1.0,-1.0,-1.0,0.0,0.0,0
0.0,84.0,78.875,-1.0,-1.0,-1.0,-1.0,-1.0,-1.0,0.0,41779200.0,0.0,0.0,-1.0,-1.0,-1.0,0.0,0.0,0
0.0,87.0,81.292,-1.0,-1.0,-1.0,-1.0,-1.0,-1.0,0.0,41779200.0,0.0,0.0,-1.0,-1.0,-1.0,0.0,0.0,0
0.0,88.0,81.875,-1.0,-1.0,-1.0,-1.0,-1.0,-1.0,0.0,41779200.0,0.0,0.0,-1.0,-1.0,-1.0,0.0,0.0,0
0.0,48.0,43.666,-1.0,-1.0,-1.0,-1.0,-1.0,-1.0,0.0,41779200.0,0.0,0.0,-1.0,-1.0,-1.0,0.0,0.0,0
0.0,47.0,42.5,-1.0,-1.0,-1.0,-1.0,-1.0,-1.0,0.0,41795584.0,0.0,0.0,-1.0,-1.0,-1.0,0.0,0.0,0
0.0,64.0,59.042,-1.0,-1.0,-1.0,-1.0,-1.0,-1.0,0.0,41795584.0,0.0,0.0,-1.0,-1.0,-1.0,0.0,0.0,0
0.0,63.0,58.625,-1.0,-1.0,-1.0,-1.0,-1.0,-1.0,0.0,41795584.0,0.0,0.0,-1.0,-1.0,-1.0,0.0,0.0,0
0.0,70.0,64.833,-1.0,-1.0,-1.0,-1.0,-1.0,-1.0,0.0,41795584.0,0.0,0.0,-1.0,-1.0,-1.0,0.0,0.0,0
0.0,69.0,63.083,-1.0,-1.0,-1.0,-1.0,-1.0,-1.0,0.0,41811968.0,0.0,0.0,-1.0,-1.0,-1.0,0.0,0.0,0
0.0,83.0,78.5,-1.0,-1.0,-1.0,-1.0,-1.0,-1.0,0.0,41811968.0,0.0,0.0,-1.0,-1.0,-1.0,0.0,0.0,0
0.0,83.0,78.042,-1.0,-1.0,-1.0,-1.0,-1.0,-1.0,0.0,41811968.0,0.0,0.0,-1.0,-1.0,-1.0,0.0,0.0,0
0.0,83.0,78.333,-1.0,-1.0,-1.0,-1.0,-1.0,-1.0,0.0,41811968.0,0.0,0.0,-1.0,-1.0,-1.0,0.0,0.0,0
0.0,84.0,79.125,-1.0,-1.0,-1.0,-1.0,-1.0,-1.0,0.0,41811968.0,0.0,0.0,-1.0,-1.0,-1.0,0.0,0.0,0
0.0,89.0,84.083,-1.0,-1.0,-1.0,-1.0,-1.0,-1.0,0.0,41811968.0,0.0,0.0,-1.0,-1.0,-1.0,0.0,0.0,0
0.0,48.0,43.292,-1.0,-1.0,-1.0,-1.0,-1.0,-1.0,0.0,41811968.0,0.0,0.0,-1.0,-1.0,-1.0,0.0,0.0,0
0.0,50.0,44.5,-1.0,-1.0,-1.0,-1.0,-1.0,-1.0,0.0,41811968.0,0.0,0.0,-1.0,-1.0,-1.0,0.0,0.0,0
0.0,70.0,62.791,-1.0,-1.0,-1.0,-1.0,-1.0,-1.0,0.0,41811968.0,0.0,0.0,-1.0,-1.0,-1.0,0.0,0.0,0
0.0,71.0,64.834,-1.0,-1.0,-1.0,-1.0,-1.0,-1.0,0.0,41811968.0,0.0,0.0,-1.0,-1.0,-1.0,0.0,0.0,0
1.0,94.0,139.834,-1.0,-1.0,-1.0,-1.0,-1.0,-1.0,0.0,41811968.0,0.0,0.0,-1.0,-1.0,-1.0,0.0,0.0,0
0.0,62.0,57.0,-1.0,-1.0,-1.0,-1.0,-1.0,-1.0,0.0,41811968.0,0.0,0.0,-1.0,-1.0,-1.0,0.0,0.0,0
0.0,82.0,76.916,-1.0,-1.0,-1.0,-1.0,-1.0,-1.0,0.0,41828352.0,0.0,0.0,-1.0,-1.0,-1.0,0.0,0.0,0
0.0,84.0,78.541,-1.0,-1.0,-1.0,-1.0,-1.0,-1.0,0.0,41844736.0,0.0,0.0,-1.0,-1.0,-1.0,0.0,0.0,0
0.0,89.0,82.834,-1.0,-1.0,-1.0,-1.0,-1.0,-1.0,0.0,41844736.0,0.0,0.0,-1.0,-1.0,-1.0,0.0,0.0,0
0.0,86.0,80.875,-1.0,-1.0,-1.0,-1.0,-1.0,-1.0,0.0,41844736.0,0.0,0.0,-1.0,-1.0,-1.0,0.0,0.0,0
0.0,87.0,79.958,-1.0,-1.0,-1.0,-1.0,-1.0,-1.0,0.0,41844736.0,0.0,0.0,-1.0,-1.0,-1.0,0.0,0.0,0
0.0,50.0,45.333,-1.0,-1.0,-1.0,-1.0,-1.0,-1.0,0.0,41844736.0,0.0,0.0,-1.0,-1.0,-1.0,0.0,0.0,0
0.0,58.0,52.458,-1.0,-1.0,-1.0,-1.0,-1.0,-1.0,0.0,41844736.0,0.0,0.0,-1.0,-1.0,-1.0,0.0,0.0,0
0.0,64.0,59.917,-1.0,-1.0,-1.0,-1.0,-1.0,-1.0,0.0,41844736.0,0.0,0.0,-1.0,-1.0,-1.0,0.0,0.0,0
0.0,68.0,62.959,-1.0,-1.0,-1.0,-1.0,-1.0,-1.0,0.0,41844736.0,0.0,0.0,-1.0,-1.0,-1.0,0.0,0.0,0
0.0,70.0,64.208,-1.0,-1.0,-1.0,-1.0,-1.0,-1.0,0.0,41844736.0,0.0,0.0,-1.0,-1.0,-1.0,0.0,0.0,0
0.0,87.0,81.542,-1.0,-1.0,-1.0,-1.0,-1.0,-1.0,0.0,41844736.0,0.0,0.0,-1.0,-1.0,-1.0,0.0,0.0,0
0.0,82.0,77.167,-1.0,-1.0,-1.0,-1.0,-1.0,-1.0,0.0,41844736.0,0.0,0.0,-1.0,-1.0,-1.0,0.0,0.0,0
0.0,93.0,86.5,-1.0,-1.0,-1.0,-1.0,-1.0,-1.0,0.0,41844736.0,0.0,0.0,-1.0,-1.0,-1.0,0.0,0.0,0
0.0,86.0,81.833,-1.0,-1.0,-1.0,-1.0,-1.0,-1.0,0.0,41844736.0,0.0,0.0,-1.0,-1.0,-1.0,0.0,0.0,0
0.0,88.0,82.292,-1.0,-1.0,-1.0,-1.0,-1.0,-1.0,0.0,41844736.0,0.0,0.0,-1.0,-1.0,-1.0,0.0,0.0,0
0.0,83.0,78.583,-1.0,-1.0,-1.0,-1.0,-1.0,-1.0,0.0,41861120.0,0.0,0.0,-1.0,-1.0,-1.0,0.0,0.0,0
0.0,85.0,80.875,-1.0,-1.0,-1.0,-1.0,-1.0,-1.0,0.0,41861120.0,0.0,0.0,-1.0,-1.0,-1.0,0.0,0.0,0
0.0,81.0,77.5,-1.0,-1.0,-1.0,-1.0,-1.0,-1.0,0.0,41861120.0,0.0,0.0,-1.0,-1.0,-1.0,0.0,0.0,0
0.0,50.0,45.959,-1.0,-1.0,-1.0,-1.0,-1.0,-1.0,0.0,41877504.0,0.0,0.0,-1.0,-1.0,-1.0,0.0,0.0,0
0.0,78.0,71.625,-1.0,-1.0,-1.0,-1.0,-1.0,-1.0,0.0,41877504.0,0.0,0.0,-1.0,-1.0,-1.0,0.0,0.0,0
0.0,72.0,65.792,-1.0,-1.0,-1.0,-1.0,-1.0,-1.0,0.0,41877504.0,0.0,0.0,-1.0,-1.0,-1.0,0.0,0.0,0
0.0,74.0,69.25,-1.0,-1.0,-1.0,-1.0,-1.0,-1.0,0.0,41877504.0,0.0,0.0,-1.0,-1.0,-1.0,0.0,0.0,0
0.0,97.0,91.166,-1.0,-1.0,-1.0,-1.0,-1.0,-1.0,0.0,41877504.0,0.0,0.0,-1.0,-1.0,-1.0,0.0,0.0,0
0.0,96.0,89.5,-1.0,-1.0,-1.0,-1.0,-1.0,-1.0,0.0,41877504.0,0.0,0.0,-1.0,-1.0,-1.0,0.0,0.0,0
0.0,97.0,89.875,-1.0,-1.0,-1.0,-1.0,-1.0,-1.0,0.0,41877504.0,0.0,0.0,-1.0,-1.0,-1.0,0.0,0.0,0
0.0,97.0,87.667,-1.0,-1.0,-1.0,-1.0,-1.0,-1.0,0.0,41893888.0,0.0,0.0,-1.0,-1.0,-1.0,0.0,0.0,0
1.0,116.0,223.208,-1.0,-1.0,-1.0,-1.0,-1.0,-1.0,0.0,41893888.0,0.0,0.0,-1.0,-1.0,-1.0,0.0,0.0,0
0.0,92.0,86.709,-1.0,-1.0,-1.0,-1.0,-1.0,-1.0,0.0,41893888.0,0.0,0.0,-1.0,-1.0,-1.0,0.0,0.0,0
0.0,59.0,53.875,-1.0,-1.0,-1.0,-1.0,-1.0,-1.0,0.0,41910272.0,0.0,0.0,-1.0,-1.0,-1.0,0.0,0.0,0
0.0,64.0,58.958,-1.0,-1.0,-1.0,-1.0,-1.0,-1.0,0.0,41910272.0,0.0,0.0,-1.0,-1.0,-1.0,0.0,0.0,0
0.0,66.0,56.959,-1.0,-1.0,-1.0,-1.0,-1.0,-1.0,0.0,41910272.0,0.0,0.0,-1.0,-1.0,-1.0,0.0,0.0,0
0.0,67.0,59.292,-1.0,-1.0,-1.0,-1.0,-1.0,-1.0,0.0,41910272.0,0.0,0.0,-1.0,-1.0,-1.0,0.0,0.0,0
1.0,71.0,75.208,-1.0,-1.0,-1.0,-1.0,-1.0,-1.0,0.0,41910272.0,0.0,0.0,-1.0,-1.0,-1.0,0.0,0.0,0
0.0,56.0,50.292,-1.0,-1.0,-1.0,-1.0,-1.0,-1.0,0.0,41910272.0,0.0,0.0,-1.0,-1.0,-1.0,0.0,0.0,0
0.0,59.0,49.958,-1.0,-1.0,-1.0,-1.0,-1.0,-1.0,0.0,41910272.0,0.0,0.0,-1.0,-1.0,-1.0,0.0,0.0,0
0.0,71.0,65.125,-1.0,-1.0,-1.0,-1.0,-1.0,-1.0,0.0,41926656.0,0.0,0.0,-1.0,-1.0,-1.0,0.0,0.0,0
0.0,69.0,64.416,-1.0,-1.0,-1.0,-1.0,-1.0,-1.0,0.0,41926656.0,0.0,0.0,-1.0,-1.0,-1.0,0.0,0.0,0
0.0,58.0,54.583,-1.0,-1.0,-1.0,-1.0,-1.0,-1.0,0.0,41926656.0,0.0,0.0,-1.0,-1.0,-1.0,0.0,0.0,0
0.0,46.0,41.583,-1.0,-1.0,-1.0,-1.0,-1.0,-1.0,0.0,41926656.0,0.0,0.0,-1.0,-1.0,-1.0,0.0,0.0,0
1.0,52.0,64.25,-1.0,-1.0,-1.0,-1.0,-1.0,-1.0,0.0,41926656.0,0.0,0.0,-1.0,-1.0,-1.0,0.0,0.0,0
0.0,53.0,48.0,-1.0,-1.0,-1.0,-1.0,-1.0,-1.0,0.0,41926656.0,0.0,0.0,-1.0,-1.0,-1.0,0.0,0.0,0
0.0,78.0,71.917,-1.0,-1.0,-1.0,-1.0,-1.0,-1.0,0.0,41926656.0,0.0,0.0,-1.0,-1.0,-1.0,0.0,0.0,0
0.0,63.0,51.458,-1.0,-1.0,-1.0,-1.0,-1.0,-1.0,0.0,41926656.0,0.0,0.0,-1.0,-1.0,-1.0,0.0,0.0,0
0.0,73.0,67.083,-1.0,-1.0,-1.0,-1.0,-1.0,-1.0,0.0,41926656.0,0.0,0.0,-1.0,-1.0,-1.0,0.0,0.0,0
0.0,66.0,58.709,-1.0,-1.0,-1.0,-1.0,-1.0,-1.0,0.0,41926656.0,0.0,0.0,-1.0,-1.0,-1.0,0.0,0.0,0
0.0,77.0,70.666,-1.0,-1.0,-1.0,-1.0,-1.0,-1.0,0.0,41926656.0,0.0,0.0,-1.0,-1.0,-1.0,0.0,0.0,0
0.0,90.0,84.459,-1.0,-1.0,-1.0,-1.0,-1.0,-1.0,0.0,41926656.0,0.0,0.0,-1.0,-1.0,-1.0,0.0,0.0,0
0.0,75.0,68.583,-1.0,-1.0,-1.0,-1.0,-1.0,-1.0,0.0,41926656.0,0.0,0.0,-1.0,-1.0,-1.0,0.0,0.0,0
0.0,70.0,64.208,-1.0,-1.0,-1.0,-1.0,-1.0,-1.0,0.0,41926656.0,0.0,0.0,-1.0,-1.0,-1.0,0.0,0.0,0
0.0,64.0,57.041,-1.0,-1.0,-1.0,-1.0,-1.0,-1.0,0.0,41926656.0,0.0,0.0,-1.0,-1.0,-1.0,0.0,0.0,0
0.0,77.0,71.417,-1.0,-1.0,-1.0,-1.0,-1.0,-1.0,0.0,41926656.0,0.0,0.0,-1.0,-1.0,-1.0,0.0,0.0,0
0.0,63.0,56.75,-1.0,-1.0,-1.0,-1.0,-1.0,-1.0,0.0,41926656.0,0.0,0.0,-1.0,-1.0,-1.0,0.0,0.0,0
0.0,72.0,63.917,-1.0,-1.0,-1.0,-1.0,-1.0,-1.0,0.0,41943040.0,0.0,0.0,-1.0,-1.0,-1.0,0.0,0.0,0
0.0,73.0,65.959,-1.0,-1.0,-1.0,-1.0,-1.0,-1.0,0.0,41943040.0,0.0,0.0,-1.0,-1.0,-1.0,0.0,0.0,0
0.0,73.0,65.834,-1.0,-1.0,-1.0,-1.0,-1.0,-1.0,0.0,41943040.0,0.0,0.0,-1.0,-1.0,-1.0,0.0,0.0,0
0.0,74.0,64.958,-1.0,-1.0,-1.0,-1.0,-1.0,-1.0,0.0,41959424.0,0.0,0.0,-1.0,-1.0,-1.0,0.0,0.0,0
0.0,73.0,66.334,-1.0,-1.0,-1.0,-1.0,-1.0,-1.0,0.0,41959424.0,0.0,0.0,-1.0,-1.0,-1.0,0.0,0.0,0
0.0,69.0,62.875,-1.0,-1.0,-1.0,-1.0,-1.0,-1.0,0.0,41975808.0,0.0,0.0,-1.0,-1.0,-1.0,0.0,0.0,0
0.0,70.0,63.375,-1.0,-1.0,-1.0,-1.0,-1.0,-1.0,0.0,41975808.0,0.0,0.0,-1.0,-1.0,-1.0,0.0,0.0,0
0.0,63.0,60.083,-1.0,-1.0,-1.0,-1.0,-1.0,-1.0,0.0,41975808.0,0.0,0.0,-1.0,-1.0,-1.0,0.0,0.0,0
0.0,70.0,63.833,-1.0,-1.0,-1.0,-1.0,-1.0,-1.0,0.0,41975808.0,0.0,0.0,-1.0,-1.0,-1.0,0.0,0.0,0
1.0,60.0,88.0,-1.0,-1.0,-1.0,-1.0,-1.0,-1.0,0.0,41992192.0,0.0,0.0,-1.0,-1.0,-1.0,0.0,0.0,0
0.0,60.0,54.292,-1.0,-1.0,-1.0,-1.0,-1.0,-1.0,0.0,42008576.0,0.0,0.0,-1.0,-1.0,-1.0,0.0,0.0,0
0.0,62.0,57.084,-1.0,-1.0,-1.0,-1.0,-1.0,-1.0,0.0,42008576.0,0.0,0.0,-1.0,-1.0,-1.0,0.0,0.0,0
0.0,75.0,68.583,-1.0,-1.0,-1.0,-1.0,-1.0,-1.0,0.0,42008576.0,0.0,0.0,-1.0,-1.0,-1.0,0.0,0.0,0
0.0,76.0,70.125,-1.0,-1.0,-1.0,-1.0,-1.0,-1.0,0.0,42008576.0,0.0,0.0,-1.0,-1.0,-1.0,0.0,0.0,0
0.0,78.0,72.917,-1.0,-1.0,-1.0,-1.0,-1.0,-1.0,0.0,42008576.0,0.0,0.0,-1.0,-1.0,-1.0,0.0,0.0,0
0.0,76.0,70.542,-1.0,-1.0,-1.0,-1.0,-1.0,-1.0,0.0,42008576.0,0.0,0.0,-1.0,-1.0,-1.0,0.0,0.0,0
0.0,69.0,63.416,-1.0,-1.0,-1.0,-1.0,-1.0,-1.0,0.0,42008576.0,0.0,0.0,-1.0,-1.0,-1.0,0.0,0.0,0
0.0,72.0,66.25,-1.0,-1.0,-1.0,-1.0,-1.0,-1.0,0.0,42024960.0,0.0,0.0,-1.0,-1.0,-1.0,0.0,0.0,0
0.0,74.0,67.834,-1.0,-1.0,-1.0,-1.0,-1.0,-1.0,0.0,42024960.0,0.0,0.0,-1.0,-1.0,-1.0,0.0,0.0,0
0.0,74.0,67.417,-1.0,-1.0,-1.0,-1.0,-1.0,-1.0,0.0,42024960.0,0.0,0.0,-1.0,-1.0,-1.0,0.0,0.0,0
1.0,74.0,87.625,-1.0,-1.0,-1.0,-1.0,-1.0,-1.0,0.0,42024960.0,0.0,0.0,-1.0,-1.0,-1.0,0.0,0.0,0
0.0,79.0,72.333,-1.0,-1.0,-1.0,-1.0,-1.0,-1.0,0.0,42024960.0,0.0,0.0,-1.0,-1.0,-1.0,0.0,0.0,0
0.0,64.0,56.167,-1.0,-1.0,-1.0,-1.0,-1.0,-1.0,0.0,42024960.0,0.0,0.0,-1.0,-1.0,-1.0,0.0,0.0,0
0.0,68.0,60.791,-1.0,-1.0,-1.0,-1.0,-1.0,-1.0,0.0,42024960.0,0.0,0.0,-1.0,-1.0,-1.0,0.0,0.0,0
0.0,85.0,79.125,-1.0,-1.0,-1.0,-1.0,-1.0,-1.0,0.0,42024960.0,0.0,0.0,-1.0,-1.0,-1.0,0.0,0.0,0
0.0,61.0,57.292,-1.0,-1.0,-1.0,-1.0,-1.0,-1.0,0.0,42024960.0,0.0,0.0,-1.0,-1.0,-1.0,0.0,0.0,0
0.0,74.0,67.792,-1.0,-1.0,-1.0,-1.0,-1.0,-1.0,0.0,42024960.0,0.0,0.0,-1.0,-1.0,-1.0,0.0,0.0,0
0.0,74.0,68.375,-1.0,-1.0,-1.0,-1.0,-1.0,-1.0,0.0,42024960.0,0.0,0.0,-1.0,-1.0,-1.0,0.0,0.0,0
0.0,65.0,60.417,-1.0,-1.0,-1.0,-1.0,-1.0,-1.0,0.0,42024960.0,0.0,0.0,-1.0,-1.0,-1.0,0.0,0.0,0
0.0,81.0,77.458,-1.0,-1.0,-1.0,-1.0,-1.0,-1.0,0.0,42024960.0,0.0,0.0,-1.0,-1.0,-1.0,0.0,0.0,0
0.0,86.0,81.458,-1.0,-1.0,-1.0,-1.0,-1.0,-1.0,0.0,42024960.0,0.0,0.0,-1.0,-1.0,-1.0,0.0,0.0,0
0.0,96.0,89.167,-1.0,-1.0,-1.0,-1.0,-1.0,-1.0,0.0,42024960.0,0.0,0.0,-1.0,-1.0,-1.0,0.0,0.0,0
0.0,99.0,92.25,-1.0,-1.0,-1.0,-1.0,-1.0,-1.0,0.0,42024960.0,0.0,0.0,-1.0,-1.0,-1.0,0.0,0.0,0
0.0,101.0,92.958,-1.0,-1.0,-1.0,-1.0,-1.0,-1.0,0.0,42041344.0,0.0,0.0,-1.0,-1.0,-1.0,0.0,0.0,0
0.0,61.0,55.167,-1.0,-1.0,-1.0,-1.0,-1.0,-1.0,0.0,42057728.0,0.0,0.0,-1.0,-1.0,-1.0,0.0,0.0,0
0.0,63.0,58.458,-1.0,-1.0,-1.0,-1.0,-1.0,-1.0,0.0,42057728.0,0.0,0.0,-1.0,-1.0,-1.0,0.0,0.0,0
0.0,69.0,61.25,-1.0,-1.0,-1.0,-1.0,-1.0,-1.0,0.0,42057728.0,0.0,0.0,-1.0,-1.0,-1.0,0.0,0.0,0
0.0,77.0,71.5,-1.0,-1.0,-1.0,-1.0,-1.0,-1.0,0.0,42057728.0,0.0,0.0,-1.0,-1.0,-1.0,0.0,0.0,0
0.0,103.0,97.417,-1.0,-1.0,-1.0,-1.0,-1.0,-1.0,0.0,42057728.0,0.0,0.0,-1.0,-1.0,-1.0,0.0,0.0,0
0.0,99.0,91.5,-1.0,-1.0,-1.0,-1.0,-1.0,-1.0,0.0,42057728.0,0.0,0.0,-1.0,-1.0,-1.0,0.0,0.0,0
0.0,97.0,88.0,-1.0,-1.0,-1.0,-1.0,-1.0,-1.0,0.0,42057728.0,0.0,0.0,-1.0,-1.0,-1.0,0.0,0.0,0
0.0,102.0,94.625,-1.0,-1.0,-1.0,-1.0,-1.0,-1.0,0.0,42057728.0,0.0,0.0,-1.0,-1.0,-1.0,0.0,0.0,0
0.0,99.0,89.833,-1.0,-1.0,-1.0,-1.0,-1.0,-1.0,0.0,42057728.0,0.0,0.0,-1.0,-1.0,-1.0,0.0,0.0,0
0.0,112.0,104.625,-1.0,-1.0,-1.0,-1.0,-1.0,-1.0,0.0,42074112.0,0.0,0.0,-1.0,-1.0,-1.0,0.0,0.0,0
0.0,95.0,89.042,-1.0,-1.0,-1.0,-1.0,-1.0,-1.0,0.0,42074112.0,0.0,0.0,-1.0,-1.0,-1.0,0.0,0.0,0
0.0,58.0,53.5,-1.0,-1.0,-1.0,-1.0,-1.0,-1.0,0.0,42074112.0,0.0,0.0,-1.0,-1.0,-1.0,0.0,0.0,0
0.0,78.0,71.166,-1.0,-1.0,-1.0,-1.0,-1.0,-1.0,0.0,42090496.0,0.0,0.0,-1.0,-1.0,-1.0,0.0,0.0,0
0.0,69.0,64.25,-1.0,-1.0,-1.0,-1.0,-1.0,-1.0,0.0,42090496.0,0.0,0.0,-1.0,-1.0,-1.0,0.0,0.0,0
0.0,91.0,85.792,-1.0,-1.0,-1.0,-1.0,-1.0,-1.0,0.0,42090496.0,0.0,0.0,-1.0,-1.0,-1.0,0.0,0.0,0
0.0,100.0,91.167,-1.0,-1.0,-1.0,-1.0,-1.0,-1.0,0.0,42090496.0,0.0,0.0,-1.0,-1.0,-1.0,0.0,0.0,0
0.0,88.0,82.75,-1.0,-1.0,-1.0,-1.0,-1.0,-1.0,0.0,42090496.0,0.0,0.0,-1.0,-1.0,-1.0,0.0,0.0,0
0.0,85.0,82.375,-1.0,-1.0,-1.0,-1.0,-1.0,-1.0,0.0,42106880.0,0.0,0.0,-1.0,-1.0,-1.0,0.0,0.0,0
0.0,83.0,78.833,-1.0,-1.0,-1.0,-1.0,-1.0,-1.0,0.0,42106880.0,0.0,0.0,-1.0,-1.0,-1.0,0.0,0.0,0
0.0,84.0,80.5,-1.0,-1.0,-1.0,-1.0,-1.0,-1.0,0.0,42106880.0,0.0,0.0,-1.0,-1.0,-1.0,0.0,0.0,0
0.0,88.0,81.834,-1.0,-1.0,-1.0,-1.0,-1.0,-1.0,0.0,42106880.0,0.0,0.0,-1.0,-1.0,-1.0,0.0,0.0,0
0.0,89.0,83.209,-1.0,-1.0,-1.0,-1.0,-1.0,-1.0,0.0,42106880.0,0.0,0.0,-1.0,-1.0,-1.0,0.0,0.0,0
0.0,58.0,52.792,-1.0,-1.0,-1.0,-1.0,-1.0,-1.0,0.0,42106880.0,0.0,0.0,-1.0,-1.0,-1.0,0.0,0.0,0
0.0,54.0,49.625,-1.0,-1.0,-1.0,-1.0,-1.0,-1.0,0.0,42106880.0,0.0,0.0,-1.0,-1.0,-1.0,0.0,0.0,0
0.0,85.0,75.125,-1.0,-1.0,-1.0,-1.0,-1.0,-1.0,0.0,42106880.0,0.0,0.0,-1.0,-1.0,-1.0,0.0,0.0,0
0.0,80.0,72.417,-1.0,-1.0,-1.0,-1.0,-1.0,-1.0,0.0,42106880.0,0.0,0.0,-1.0,-1.0,-1.0,0.0,0.0,0
0.0,97.0,90.667,-1.0,-1.0,-1.0,-1.0,-1.0,-1.0,0.0,42106880.0,0.0,0.0,-1.0,-1.0,-1.0,0.0,0.0,0
0.0,96.0,90.167,-1.0,-1.0,-1.0,-1.0,-1.0,-1.0,0.0,42123264.0,0.0,0.0,-1.0,-1.0,-1.0,0.0,0.0,0
1.0,115.0,237.5,-1.0,-1.0,-1.0,-1.0,-1.0,-1.0,0.0,42123264.0,0.0,0.0,-1.0,-1.0,-1.0,0.0,0.0,0
0.0,113.0,105.25,-1.0,-1.0,-1.0,-1.0,-1.0,-1.0,0.0,42123264.0,0.0,0.0,-1.0,-1.0,-1.0,0.0,0.0,0
3.0,130.0,220.917,-1.0,-1.0,-1.0,-1.0,-1.0,-1.0,0.0,42123264.0,0.0,0.0,-1.0,-1.0,-1.0,0.0,0.0,0
0.0,88.0,81.0,-1.0,-1.0,-1.0,-1.0,-1.0,-1.0,0.0,42123264.0,0.0,0.0,-1.0,-1.0,-1.0,0.0,0.0,0
0.0,66.0,59.875,-1.0,-1.0,-1.0,-1.0,-1.0,-1.0,0.0,42123264.0,0.0,0.0,-1.0,-1.0,-1.0,0.0,0.0,0
0.0,91.0,81.208,-1.0,-1.0,-1.0,-1.0,-1.0,-1.0,0.0,42123264.0,0.0,0.0,-1.0,-1.0,-1.0,0.0,0.0,0
0.0,76.0,69.5,-1.0,-1.0,-1.0,-1.0,-1.0,-1.0,0.0,42139648.0,0.0,0.0,-1.0,-1.0,-1.0,0.0,0.0,0
0.0,86.0,77.542,-1.0,-1.0,-1.0,-1.0,-1.0,-1.0,0.0,42139648.0,0.0,0.0,-1.0,-1.0,-1.0,0.0,0.0,0
0.0,76.0,69.584,-1.0,-1.0,-1.0,-1.0,-1.0,-1.0,0.0,42139648.0,0.0,0.0,-1.0,-1.0,-1.0,0.0,0.0,0
0.0,94.0,87.291,-1.0,-1.0,-1.0,-1.0,-1.0,-1.0,0.0,42139648.0,0.0,0.0,-1.0,-1.0,-1.0,0.0,0.0,0
0.0,85.0,79.792,-1.0,-1.0,-1.0,-1.0,-1.0,-1.0,0.0,42139648.0,0.0,0.0,-1.0,-1.0,-1.0,0.0,0.0,0
0.0,87.0,83.584,-1.0,-1.0,-1.0,-1.0,-1.0,-1.0,0.0,42139648.0,0.0,0.0,-1.0,-1.0,-1.0,0.0,0.0,0
0.0,84.0,80.584,-1.0,-1.0,-1.0,-1.0,-1.0,-1.0,0.0,42139648.0,0.0,0.0,-1.0,-1.0,-1.0,0.0,0.0,0
0.0,115.0,108.417,-1.0,-1.0,-1.0,-1.0,-1.0,-1.0,0.0,42139648.0,0.0,0.0,-1.0,-1.0,-1.0,0.0,0.0,0
0.0,89.0,83.583,-1.0,-1.0,-1.0,-1.0,-1.0,-1.0,0.0,42139648.0,0.0,0.0,-1.0,-1.0,-1.0,0.0,0.0,0
0.0,54.0,48.791,-1.0,-1.0,-1.0,-1.0,-1.0,-1.0,0.0,42139648.0,0.0,0.0,-1.0,-1.0,-1.0,0.0,0.0,0
0.0,54.0,48.083,-1.0,-1.0,-1.0,-1.0,-1.0,-1.0,0.0,42139648.0,0.0,0.0,-1.0,-1.0,-1.0,0.0,0.0,0
0.0,96.0,88.458,-1.0,-1.0,-1.0,-1.0,-1.0,-1.0,0.0,42139648.0,0.0,0.0,-1.0,-1.0,-1.0,0.0,0.0,0
0.0,71.0,65.791,-1.0,-1.0,-1.0,-1.0,-1.0,-1.0,0.0,42139648.0,0.0,0.0,-1.0,-1.0,-1.0,0.0,0.0,0
0.0,77.0,65.959,-1.0,-1.0,-1.0,-1.0,-1.0,-1.0,0.0,42139648.0,0.0,0.0,-1.0,-1.0,-1.0,0.0,0.0,0
0.0,74.0,67.208,-1.0,-1.0,-1.0,-1.0,-1.0,-1.0,0.0,42156032.0,0.0,0.0,-1.0,-1.0,-1.0,0.0,0.0,0
0.0,79.0,70.917,-1.0,-1.0,-1.0,-1.0,-1.0,-1.0,0.0,42172416.0,0.0,0.0,-1.0,-1.0,-1.0,0.0,0.0,0
0.0,83.0,73.583,-1.0,-1.0,-1.0,-1.0,-1.0,-1.0,0.0,42172416.0,0.0,0.0,-1.0,-1.0,-1.0,0.0,0.0,0
0.0,97.0,89.917,-1.0,-1.0,-1.0,-1.0,-1.0,-1.0,0.0,42188800.0,0.0,0.0,-1.0,-1.0,-1.0,0.0,0.0,0
0.0,90.0,86.375,-1.0,-1.0,-1.0,-1.0,-1.0,-1.0,0.0,42188800.0,0.0,0.0,-1.0,-1.0,-1.0,0.0,0.0,0
0.0,86.0,80.166,-1.0,-1.0,-1.0,-1.0,-1.0,-1.0,0.0,42188800.0,0.0,0.0,-1.0,-1.0,-1.0,0.0,0.0,0
1.0,105.0,121.75,-1.0,-1.0,-1.0,-1.0,-1.0,-1.0,0.0,42188800.0,0.0,0.0,-1.0,-1.0,-1.0,0.0,0.0,0
0.0,64.0,57.709,-1.0,-1.0,-1.0,-1.0,-1.0,-1.0,0.0,42188800.0,0.0,0.0,-1.0,-1.0,-1.0,0.0,0.0,0
0.0,78.0,70.042,-1.0,-1.0,-1.0,-1.0,-1.0,-1.0,0.0,42205184.0,0.0,0.0,-1.0,-1.0,-1.0,0.0,0.0,0
0.0,86.0,73.792,-1.0,-1.0,-1.0,-1.0,-1.0,-1.0,0.0,42205184.0,0.0,0.0,-1.0,-1.0,-1.0,0.0,0.0,0
0.0,78.0,71.208,-1.0,-1.0,-1.0,-1.0,-1.0,-1.0,0.0,42205184.0,0.0,0.0,-1.0,-1.0,-1.0,0.0,0.0,0
0.0,96.0,87.375,-1.0,-1.0,-1.0,-1.0,-1.0,-1.0,0.0,42205184.0,0.0,0.0,-1.0,-1.0,-1.0,0.0,0.0,0
0.0,106.0,95.834,-1.0,-1.0,-1.0,-1.0,-1.0,-1.0,0.0,42205184.0,0.0,0.0,-1.0,-1.0,-1.0,0.0,0.0,0
0.0,93.0,86.917,-1.0,-1.0,-1.0,-1.0,-1.0,-1.0,0.0,42205184.0,0.0,0.0,-1.0,-1.0,-1.0,0.0,0.0,0
0.0,84.0,79.958,-1.0,-1.0,-1.0,-1.0,-1.0,-1.0,0.0,42205184.0,0.0,0.0,-1.0,-1.0,-1.0,0.0,0.0,0
0.0,91.0,85.833,-1.0,-1.0,-1.0,-1.0,-1.0,-1.0,0.0,42205184.0,0.0,0.0,-1.0,-1.0,-1.0,0.0,0.0,0
0.0,94.0,88.292,-1.0,-1.0,-1.0,-1.0,-1.0,-1.0,0.0,42205184.0,0.0,0.0,-1.0,-1.0,-1.0,0.0,0.0,0
0.0,94.0,86.917,-1.0,-1.0,-1.0,-1.0,-1.0,-1.0,0.0,42205184.0,0.0,0.0,-1.0,-1.0,-1.0,0.0,0.0,0
0.0,55.0,50.416,-1.0,-1.0,-1.0,-1.0,-1.0,-1.0,0.0,42205184.0,0.0,0.0,-1.0,-1.0,-1.0,0.0,0.0,0
0.0,78.0,72.166,-1.0,-1.0,-1.0,-1.0,-1.0,-1.0,0.0,42205184.0,0.0,0.0,-1.0,-1.0,-1.0,0.0,0.0,0
0.0,74.0,67.75,-1.0,-1.0,-1.0,-1.0,-1.0,-1.0,0.0,42221568.0,0.0,0.0,-1.0,-1.0,-1.0,0.0,0.0,0
0.0,74.0,68.666,-1.0,-1.0,-1.0,-1.0,-1.0,-1.0,0.0,42221568.0,0.0,0.0,-1.0,-1.0,-1.0,0.0,0.0,0
0.0,91.0,85.292,-1.0,-1.0,-1.0,-1.0,-1.0,-1.0,0.0,42221568.0,0.0,0.0,-1.0,-1.0,-1.0,0.0,0.0,0
0.0,99.0,92.667,-1.0,-1.0,-1.0,-1.0,-1.0,-1.0,0.0,42221568.0,0.0,0.0,-1.0,-1.0,-1.0,0.0,0.0,0
0.0,99.0,91.625,-1.0,-1.0,-1.0,-1.0,-1.0,-1.0,0.0,42221568.0,0.0,0.0,-1.0,-1.0,-1.0,0.0,0.0,0
0.0,100.0,91.5,-1.0,-1.0,-1.0,-1.0,-1.0,-1.0,0.0,42221568.0,0.0,0.0,-1.0,-1.0,-1.0,0.0,0.0,0
0.0,97.0,88.667,-1.0,-1.0,-1.0,-1.0,-1.0,-1.0,0.0,42221568.0,0.0,0.0,-1.0,-1.0,-1.0,0.0,0.0,0
1.0,111.0,120.583,-1.0,-1.0,-1.0,-1.0,-1.0,-1.0,0.0,42221568.0,0.0,0.0,-1.0,-1.0,-1.0,0.0,0.0,0
1.0,113.0,95.583,-1.0,-1.0,-1.0,-1.0,-1.0,-1.0,0.0,42221568.0,0.0,0.0,-1.0,-1.0,-1.0,0.0,0.0,0
0.0,65.0,56.375,-1.0,-1.0,-1.0,-1.0,-1.0,-1.0,0.0,42221568.0,0.0,0.0,-1.0,-1.0,-1.0,0.0,0.0,0
0.0,71.0,66.25,-1.0,-1.0,-1.0,-1.0,-1.0,-1.0,0.0,42221568.0,0.0,0.0,-1.0,-1.0,-1.0,0.0,0.0,0
0.0,62.0,56.0,-1.0,-1.0,-1.0,-1.0,-1.0,-1.0,0.0,42221568.0,0.0,0.0,-1.0,-1.0,-1.0,0.0,0.0,0
0.0,76.0,68.0,-1.0,-1.0,-1.0,-1.0,-1.0,-1.0,0.0,42221568.0,0.0,0.0,-1.0,-1.0,-1.0,0.0,0.0,0
0.0,84.0,76.417,-1.0,-1.0,-1.0,-1.0,-1.0,-1.0,0.0,42221568.0,0.0,0.0,-1.0,-1.0,-1.0,0.0,0.0,0
0.0,86.0,79.291,-1.0,-1.0,-1.0,-1.0,-1.0,-1.0,0.0,42221568.0,0.0,0.0,-1.0,-1.0,-1.0,0.0,0.0,0
0.0,79.0,71.625,-1.0,-1.0,-1.0,-1.0,-1.0,-1.0,0.0,42221568.0,0.0,0.0,-1.0,-1.0,-1.0,0.0,0.0,0
0.0,96.0,87.459,-1.0,-1.0,-1.0,-1.0,-1.0,-1.0,0.0,42237952.0,0.0,0.0,-1.0,-1.0,-1.0,0.0,0.0,0
0.0,94.0,87.833,-1.0,-1.0,-1.0,-1.0,-1.0,-1.0,0.0,42270720.0,0.0,0.0,-1.0,-1.0,-1.0,0.0,0.0,0
0.0,94.0,89.042,-1.0,-1.0,-1.0,-1.0,-1.0,-1.0,0.0,42270720.0,0.0,0.0,-1.0,-1.0,-1.0,0.0,0.0,0
0.0,101.0,93.666,-1.0,-1.0,-1.0,-1.0,-1.0,-1.0,0.0,42270720.0,0.0,0.0,-1.0,-1.0,-1.0,0.0,0.0,0
0.0,55.0,50.708,-1.0,-1.0,-1.0,-1.0,-1.0,-1.0,0.0,42270720.0,0.0,0.0,-1.0,-1.0,-1.0,0.0,0.0,0
0.0,56.0,52.0,-1.0,-1.0,-1.0,-1.0,-1.0,-1.0,0.0,42287104.0,0.0,0.0,-1.0,-1.0,-1.0,0.0,0.0,0
0.0,78.0,71.125,-1.0,-1.0,-1.0,-1.0,-1.0,-1.0,0.0,42287104.0,0.0,0.0,-1.0,-1.0,-1.0,0.0,0.0,0
0.0,65.0,60.792,-1.0,-1.0,-1.0,-1.0,-1.0,-1.0,0.0,42287104.0,0.0,0.0,-1.0,-1.0,-1.0,0.0,0.0,0
0.0,67.0,61.125,-1.0,-1.0,-1.0,-1.0,-1.0,-1.0,0.0,42287104.0,0.0,0.0,-1.0,-1.0,-1.0,0.0,0.0,0
0.0,59.0,52.167,-1.0,-1.0,-1.0,-1.0,-1.0,-1.0,0.0,42287104.0,0.0,0.0,-1.0,-1.0,-1.0,0.0,0.0,0
0.0,75.0,67.25,-1.0,-1.0,-1.0,-1.0,-1.0,-1.0,0.0,42287104.0,0.0,0.0,-1.0,-1.0,-1.0,0.0,0.0,0
0.0,65.0,57.875,-1.0,-1.0,-1.0,-1.0,-1.0,-1.0,0.0,42287104.0,0.0,0.0,-1.0,-1.0,-1.0,0.0,0.0,0
0.0,76.0,69.375,-1.0,-1.0,-1.0,-1.0,-1.0,-1.0,0.0,42287104.0,0.0,0.0,-1.0,-1.0,-1.0,0.0,0.0,0
0.0,73.0,67.625,-1.0,-1.0,-1.0,-1.0,-1.0,-1.0,0.0,42287104.0,0.0,0.0,-1.0,-1.0,-1.0,0.0,0.0,0
0.0,76.0,70.958,-1.0,-1.0,-1.0,-1.0,-1.0,-1.0,0.0,42287104.0,0.0,0.0,-1.0,-1.0,-1.0,0.0,0.0,0
0.0,102.0,92.542,-1.0,-1.0,-1.0,-1.0,-1.0,-1.0,0.0,42287104.0,0.0,0.0,-1.0,-1.0,-1.0,0.0,0.0,0
0.0,66.0,59.625,-1.0,-1.0,-1.0,-1.0,-1.0,-1.0,0.0,42287104.0,0.0,0.0,-1.0,-1.0,-1.0,0.0,0.0,0
0.0,80.0,71.666,-1.0,-1.0,-1.0,-1.0,-1.0,-1.0,0.0,42287104.0,0.0,0.0,-1.0,-1.0,-1.0,0.0,0.0,0
0.0,76.0,68.334,-1.0,-1.0,-1.0,-1.0,-1.0,-1.0,0.0,42303488.0,0.0,0.0,-1.0,-1.0,-1.0,0.0,0.0,0
0.0,82.0,74.458,-1.0,-1.0,-1.0,-1.0,-1.0,-1.0,0.0,42303488.0,0.0,0.0,-1.0,-1.0,-1.0,0.0,0.0,0
0.0,98.0,91.333,-1.0,-1.0,-1.0,-1.0,-1.0,-1.0,0.0,42303488.0,0.0,0.0,-1.0,-1.0,-1.0,0.0,0.0,0
0.0,96.0,90.916,-1.0,-1.0,-1.0,-1.0,-1.0,-1.0,0.0,42303488.0,0.0,0.0,-1.0,-1.0,-1.0,0.0,0.0,0
0.0,96.0,89.375,-1.0,-1.0,-1.0,-1.0,-1.0,-1.0,0.0,42303488.0,0.0,0.0,-1.0,-1.0,-1.0,0.0,0.0,0
0.0,81.0,77.542,-1.0,-1.0,-1.0,-1.0,-1.0,-1.0,0.0,42303488.0,0.0,0.0,-1.0,-1.0,-1.0,0.0,0.0,0
0.0,96.0,89.292,-1.0,-1.0,-1.0,-1.0,-1.0,-1.0,0.0,42303488.0,0.0,0.0,-1.0,-1.0,-1.0,0.0,0.0,0
0.0,88.0,83.083,-1.0,-1.0,-1.0,-1.0,-1.0,-1.0,0.0,42303488.0,0.0,0.0,-1.0,-1.0,-1.0,0.0,0.0,0
1.0,67.0,69.125,-1.0,-1.0,-1.0,-1.0,-1.0,-1.0,0.0,42303488.0,0.0,0.0,-1.0,-1.0,-1.0,0.0,0.0,0
0.0,59.0,53.208,-1.0,-1.0,-1.0,-1.0,-1.0,-1.0,0.0,42303488.0,0.0,0.0,-1.0,-1.0,-1.0,0.0,0.0,0
0.0,71.0,66.542,-1.0,-1.0,-1.0,-1.0,-1.0,-1.0,0.0,42319872.0,0.0,0.0,-1.0,-1.0,-1.0,0.0,0.0,0
0.0,70.0,65.291,-1.0,-1.0,-1.0,-1.0,-1.0,-1.0,0.0,42319872.0,0.0,0.0,-1.0,-1.0,-1.0,0.0,0.0,0
0.0,100.0,93.167,-1.0,-1.0,-1.0,-1.0,-1.0,-1.0,0.0,42319872.0,0.0,0.0,-1.0,-1.0,-1.0,0.0,0.0,0
0.0,94.0,86.666,-1.0,-1.0,-1.0,-1.0,-1.0,-1.0,0.0,42319872.0,0.0,0.0,-1.0,-1.0,-1.0,0.0,0.0,0
0.0,95.0,87.166,-1.0,-1.0,-1.0,-1.0,-1.0,-1.0,0.0,42319872.0,0.0,0.0,-1.0,-1.0,-1.0,0.0,0.0,0
0.0,99.0,91.834,-1.0,-1.0,-1.0,-1.0,-1.0,-1.0,0.0,42319872.0,0.0,0.0,-1.0,-1.0,-1.0,0.0,0.0,0
0.0,95.0,89.209,-1.0,-1.0,-1.0,-1.0,-1.0,-1.0,0.0,42319872.0,0.0,0.0,-1.0,-1.0,-1.0,0.0,0.0,0
2.0,138.0,145.125,-1.0,-1.0,-1.0,-1.0,-1.0,-1.0,0.0,42336256.0,0.0,0.0,-1.0,-1.0,-1.0,0.0,0.0,0
0.0,94.0,86.875,-1.0,-1.0,-1.0,-1.0,-1.0,-1.0,0.0,42336256.0,0.0,0.0,-1.0,-1.0,-1.0,0.0,0.0,0
0.0,69.0,60.5,-1.0,-1.0,-1.0,-1.0,-1.0,-1.0,0.0,42352640.0,0.0,0.0,-1.0,-1.0,-1.0,0.0,0.0,0
0.0,62.0,57.5,-1.0,-1.0,-1.0,-1.0,-1.0,-1.0,0.0,42352640.0,0.0,0.0,-1.0,-1.0,-1.0,0.0,0.0,0
0.0,74.0,65.833,-1.0,-1.0,-1.0,-1.0,-1.0,-1.0,0.0,42352640.0,0.0,0.0,-1.0,-1.0,-1.0,0.0,0.0,0
0.0,75.0,67.125,-1.0,-1.0,-1.0,-1.0,-1.0,-1.0,0.0,42352640.0,0.0,0.0,-1.0,-1.0,-1.0,0.0,0.0,0
0.0,75.0,68.875,-1.0,-1.0,-1.0,-1.0,-1.0,-1.0,0.0,42352640.0,0.0,0.0,-1.0,-1.0,-1.0,0.0,0.0,0
0.0,75.0,67.125,-1.0,-1.0,-1.0,-1.0,-1.0,-1.0,0.0,42352640.0,0.0,0.0,-1.0,-1.0,-1.0,0.0,0.0,0
0.0,65.0,58.375,-1.0,-1.0,-1.0,-1.0,-1.0,-1.0,0.0,42352640.0,0.0,0.0,-1.0,-1.0,-1.0,0.0,0.0,0
0.0,88.0,78.292,-1.0,-1.0,-1.0,-1.0,-1.0,-1.0,0.0,42352640.0,0.0,0.0,-1.0,-1.0,-1.0,0.0,0.0,0
0.0,100.0,92.291,-1.0,-1.0,-1.0,-1.0,-1.0,-1.0,0.0,42369024.0,0.0,0.0,-1.0,-1.0,-1.0,0.0,0.0,0
0.0,83.0,78.792,-1.0,-1.0,-1.0,-1.0,-1.0,-1.0,0.0,42369024.0,0.0,0.0,-1.0,-1.0,-1.0,0.0,0.0,0
0.0,87.0,82.916,-1.0,-1.0,-1.0,-1.0,-1.0,-1.0,0.0,42369024.0,0.0,0.0,-1.0,-1.0,-1.0,0.0,0.0,0
0.0,91.0,85.417,-1.0,-1.0,-1.0,-1.0,-1.0,-1.0,0.0,42369024.0,0.0,0.0,-1.0,-1.0,-1.0,0.0,0.0,0
0.0,57.0,53.292,-1.0,-1.0,-1.0,-1.0,-1.0,-1.0,0.0,42369024.0,0.0,0.0,-1.0,-1.0,-1.0,0.0,0.0,0
0.0,70.0,63.333,-1.0,-1.0,-1.0,-1.0,-1.0,-1.0,0.0,42369024.0,0.0,0.0,-1.0,-1.0,-1.0,0.0,0.0,0
0.0,64.0,59.416,-1.0,-1.0,-1.0,-1.0,-1.0,-1.0,0.0,42369024.0,0.0,0.0,-1.0,-1.0,-1.0,0.0,0.0,0
0.0,69.0,65.209,-1.0,-1.0,-1.0,-1.0,-1.0,-1.0,0.0,42385408.0,0.0,0.0,-1.0,-1.0,-1.0,0.0,0.0,0
0.0,80.0,71.583,-1.0,-1.0,-1.0,-1.0,-1.0,-1.0,0.0,42385408.0,0.0,0.0,-1.0,-1.0,-1.0,0.0,0.0,0
0.0,96.0,89.458,-1.0,-1.0,-1.0,-1.0,-1.0,-1.0,0.0,42385408.0,0.0,0.0,-1.0,-1.0,-1.0,0.0,0.0,0
0.0,98.0,91.75,-1.0,-1.0,-1.0,-1.0,-1.0,-1.0,0.0,42385408.0,0.0,0.0,-1.0,-1.0,-1.0,0.0,0.0,0
0.0,98.0,90.0,-1.0,-1.0,-1.0,-1.0,-1.0,-1.0,0.0,42385408.0,0.0,0.0,-1.0,-1.0,-1.0,0.0,0.0,0
0.0,104.0,94.333,-1.0,-1.0,-1.0,-1.0,-1.0,-1.0,0.0,42401792.0,0.0,0.0,-1.0,-1.0,-1.0,0.0,0.0,0
0.0,102.0,94.958,-1.0,-1.0,-1.0,-1.0,-1.0,-1.0,0.0,42401792.0,0.0,0.0,-1.0,-1.0,-1.0,0.0,0.0,0
0.0,70.0,61.167,-1.0,-1.0,-1.0,-1.0,-1.0,-1.0,0.0,42401792.0,0.0,0.0,-1.0,-1.0,-1.0,0.0,0.0,0
0.0,63.0,56.333,-1.0,-1.0,-1.0,-1.0,-1.0,-1.0,0.0,42401792.0,0.0,0.0,-1.0,-1.0,-1.0,0.0,0.0,0
0.0,69.0,58.542,-1.0,-1.0,-1.0,-1.0,-1.0,-1.0,0.0,42401792.0,0.0,0.0,-1.0,-1.0,-1.0,0.0,0.0,0
0.0,74.0,67.291,-1.0,-1.0,-1.0,-1.0,-1.0,-1.0,0.0,42401792.0,0.0,0.0,-1.0,-1.0,-1.0,0.0,0.0,0
0.0,75.0,69.625,-1.0,-1.0,-1.0,-1.0,-1.0,-1.0,0.0,42401792.0,0.0,0.0,-1.0,-1.0,-1.0,0.0,0.0,0
0.0,74.0,68.0,-1.0,-1.0,-1.0,-1.0,-1.0,-1.0,0.0,42401792.0,0.0,0.0,-1.0,-1.0,-1.0,0.0,0.0,0
0.0,74.0,69.0,-1.0,-1.0,-1.0,-1.0,-1.0,-1.0,0.0,42401792.0,0.0,0.0,-1.0,-1.0,-1.0,0.0,0.0,0
0.0,69.0,59.291,-1.0,-1.0,-1.0,-1.0,-1.0,-1.0,0.0,42401792.0,0.0,0.0,-1.0,-1.0,-1.0,0.0,0.0,0
0.0,66.0,57.917,-1.0,-1.0,-1.0,-1.0,-1.0,-1.0,0.0,42401792.0,0.0,0.0,-1.0,-1.0,-1.0,0.0,0.0,0
0.0,63.0,56.333,-1.0,-1.0,-1.0,-1.0,-1.0,-1.0,0.0,42401792.0,0.0,0.0,-1.0,-1.0,-1.0,0.0,0.0,0
1.0,65.0,66.666,-1.0,-1.0,-1.0,-1.0,-1.0,-1.0,0.0,42418176.0,0.0,0.0,-1.0,-1.0,-1.0,0.0,0.0,0
1.0,66.0,82.333,-1.0,-1.0,-1.0,-1.0,-1.0,-1.0,0.0,42418176.0,0.0,0.0,-1.0,-1.0,-1.0,0.0,0.0,0
0.0,58.0,51.875,-1.0,-1.0,-1.0,-1.0,-1.0,-1.0,0.0,42418176.0,0.0,0.0,-1.0,-1.0,-1.0,0.0,0.0,0
0.0,73.0,66.166,-1.0,-1.0,-1.0,-1.0,-1.0,-1.0,0.0,42418176.0,0.0,0.0,-1.0,-1.0,-1.0,0.0,0.0,0
0.0,70.0,63.792,-1.0,-1.0,-1.0,-1.0,-1.0,-1.0,0.0,42434560.0,0.0,0.0,-1.0,-1.0,-1.0,0.0,0.0,0
0.0,68.0,62.583,-1.0,-1.0,-1.0,-1.0,-1.0,-1.0,0.0,42434560.0,0.0,0.0,-1.0,-1.0,-1.0,0.0,0.0,0
0.0,74.0,66.792,-1.0,-1.0,-1.0,-1.0,-1.0,-1.0,0.0,42434560.0,0.0,0.0,-1.0,-1.0,-1.0,0.0,0.0,0
0.0,111.0,103.25,-1.0,-1.0,-1.0,-1.0,-1.0,-1.0,0.0,42434560.0,0.0,0.0,-1.0,-1.0,-1.0,0.0,0.0,0
0.0,83.0,74.708,-1.0,-1.0,-1.0,-1.0,-1.0,-1.0,0.0,42434560.0,0.0,0.0,-1.0,-1.0,-1.0,0.0,0.0,0
0.0,73.0,63.834,-1.0,-1.0,-1.0,-1.0,-1.0,-1.0,0.0,42434560.0,0.0,0.0,-1.0,-1.0,-1.0,0.0,0.0,0
0.0,72.0,63.667,-1.0,-1.0,-1.0,-1.0,-1.0,-1.0,0.0,42434560.0,0.0,0.0,-1.0,-1.0,-1.0,0.0,0.0,0
0.0,88.0,81.75,-1.0,-1.0,-1.0,-1.0,-1.0,-1.0,0.0,42434560.0,0.0,0.0,-1.0,-1.0,-1.0,0.0,0.0,0
0.0,57.0,53.0,-1.0,-1.0,-1.0,-1.0,-1.0,-1.0,0.0,42434560.0,0.0,0.0,-1.0,-1.0,-1.0,0.0,0.0,0
0.0,62.0,57.333,-1.0,-1.0,-1.0,-1.0,-1.0,-1.0,0.0,42434560.0,0.0,0.0,-1.0,-1.0,-1.0,0.0,0.0,0
0.0,67.0,60.417,-1.0,-1.0,-1.0,-1.0,-1.0,-1.0,0.0,42434560.0,0.0,0.0,-1.0,-1.0,-1.0,0.0,0.0,0
0.0,74.0,66.334,-1.0,-1.0,-1.0,-1.0,-1.0,-1.0,0.0,42434560.0,0.0,0.0,-1.0,-1.0,-1.0,0.0,0.0,0
0.0,74.0,63.917,-1.0,-1.0,-1.0,-1.0,-1.0,-1.0,0.0,42467328.0,0.0,0.0,-1.0,-1.0,-1.0,0.0,0.0,0
0.0,73.0,66.042,-1.0,-1.0,-1.0,-1.0,-1.0,-1.0,0.0,42483712.0,0.0,0.0,-1.0,-1.0,-1.0,0.0,0.0,0
1.0,57.0,79.709,-1.0,-1.0,-1.0,-1.0,-1.0,-1.0,0.0,42483712.0,0.0,0.0,-1.0,-1.0,-1.0,0.0,0.0,0
0.0,77.0,73.375,-1.0,-1.0,-1.0,-1.0,-1.0,-1.0,0.0,42483712.0,0.0,0.0,-1.0,-1.0,-1.0,0.0,0.0,0
0.0,69.0,63.375,-1.0,-1.0,-1.0,-1.0,-1.0,-1.0,0.0,42483712.0,0.0,0.0,-1.0,-1.0,-1.0,0.0,0.0,0
0.0,68.0,63.541,-1.0,-1.0,-1.0,-1.0,-1.0,-1.0,0.0,42483712.0,0.0,0.0,-1.0,-1.0,-1.0,0.0,0.0,0
0.0,76.0,72.792,-1.0,-1.0,-1.0,-1.0,-1.0,-1.0,0.0,42483712.0,0.0,0.0,-1.0,-1.0,-1.0,0.0,0.0,0
1.0,63.0,103.209,-1.0,-1.0,-1.0,-1.0,-1.0,-1.0,0.0,42483712.0,0.0,0.0,-1.0,-1.0,-1.0,0.0,0.0,0
0.0,57.0,52.959,-1.0,-1.0,-1.0,-1.0,-1.0,-1.0,0.0,42483712.0,0.0,0.0,-1.0,-1.0,-1.0,0.0,0.0,0
0.0,63.0,57.459,-1.0,-1.0,-1.0,-1.0,-1.0,-1.0,0.0,42483712.0,0.0,0.0,-1.0,-1.0,-1.0,0.0,0.0,0
0.0,74.0,66.25,-1.0,-1.0,-1.0,-1.0,-1.0,-1.0,0.0,42483712.0,0.0,0.0,-1.0,-1.0,-1.0,0.0,0.0,0
0.0,87.0,77.791,-1.0,-1.0,-1.0,-1.0,-1.0,-1.0,0.0,42483712.0,0.0,0.0,-1.0,-1.0,-1.0,0.0,0.0,0
0.0,74.0,66.083,-1.0,-1.0,-1.0,-1.0,-1.0,-1.0,0.0,42483712.0,0.0,0.0,-1.0,-1.0,-1.0,0.0,0.0,0
0.0,78.0,70.208,-1.0,-1.0,-1.0,-1.0,-1.0,-1.0,0.0,42483712.0,0.0,0.0,-1.0,-1.0,-1.0,0.0,0.0,0
0.0,76.0,70.459,-1.0,-1.0,-1.0,-1.0,-1.0,-1.0,0.0,42483712.0,0.0,0.0,-1.0,-1.0,-1.0,0.0,0.0,0
0.0,96.0,90.875,-1.0,-1.0,-1.0,-1.0,-1.0,-1.0,0.0,42483712.0,0.0,0.0,-1.0,-1.0,-1.0,0.0,0.0,0
0.0,97.0,89.792,-1.0,-1.0,-1.0,-1.0,-1.0,-1.0,0.0,42483712.0,0.0,0.0,-1.0,-1.0,-1.0,0.0,0.0,0
0.0,102.0,91.958,-1.0,-1.0,-1.0,-1.0,-1.0,-1.0,0.0,42483712.0,0.0,0.0,-1.0,-1.0,-1.0,0.0,0.0,0
0.0,98.0,91.209,-1.0,-1.0,-1.0,-1.0,-1.0,-1.0,0.0,42500096.0,0.0,0.0,-1.0,-1.0,-1.0,0.0,0.0,0
0.0,105.0,99.167,-1.0,-1.0,-1.0,-1.0,-1.0,-1.0,0.0,42500096.0,0.0,0.0,-1.0,-1.0,-1.0,0.0,0.0,0
0.0,104.0,94.375,-1.0,-1.0,-1.0,-1.0,-1.0,-1.0,0.0,42500096.0,0.0,0.0,-1.0,-1.0,-1.0,0.0,0.0,0
0.0,65.0,56.875,-1.0,-1.0,-1.0,-1.0,-1.0,-1.0,0.0,42500096.0,0.0,0.0,-1.0,-1.0,-1.0,0.0,0.0,0
0.0,73.0,65.625,-1.0,-1.0,-1.0,-1.0,-1.0,-1.0,0.0,42500096.0,0.0,0.0,-1.0,-1.0,-1.0,0.0,0.0,0
0.0,65.0,61.333,-1.0,-1.0,-1.0,-1.0,-1.0,-1.0,0.0,42500096.0,0.0,0.0,-1.0,-1.0,-1.0,0.0,0.0,0
0.0,65.0,61.583,-1.0,-1.0,-1.0,-1.0,-1.0,-1.0,0.0,42500096.0,0.0,0.0,-1.0,-1.0,-1.0,0.0,0.0,0
0.0,66.0,61.75,-1.0,-1.0,-1.0,-1.0,-1.0,-1.0,0.0,42516480.0,0.0,0.0,-1.0,-1.0,-1.0,0.0,0.0,0
0.0,59.0,56.667,-1.0,-1.0,-1.0,-1.0,-1.0,-1.0,0.0,42516480.0,0.0,0.0,-1.0,-1.0,-1.0,0.0,0.0,0
0.0,58.0,56.208,-1.0,-1.0,-1.0,-1.0,-1.0,-1.0,0.0,42516480.0,0.0,0.0,-1.0,-1.0,-1.0,0.0,0.0,0
0.0,80.0,77.417,-1.0,-1.0,-1.0,-1.0,-1.0,-1.0,0.0,42532864.0,0.0,0.0,-1.0,-1.0,-1.0,0.0,0.0,0
0.0,82.0,79.958,-1.0,-1.0,-1.0,-1.0,-1.0,-1.0,0.0,42532864.0,0.0,0.0,-1.0,-1.0,-1.0,0.0,0.0,0
1.0,109.0,148.25,-1.0,-1.0,-1.0,-1.0,-1.0,-1.0,0.0,42532864.0,0.0,0.0,-1.0,-1.0,-1.0,0.0,0.0,0
0.0,86.0,80.292,-1.0,-1.0,-1.0,-1.0,-1.0,-1.0,0.0,42532864.0,0.0,0.0,-1.0,-1.0,-1.0,0.0,0.0,0
0.0,51.0,47.292,-1.0,-1.0,-1.0,-1.0,-1.0,-1.0,0.0,42532864.0,0.0,0.0,-1.0,-1.0,-1.0,0.0,0.0,0
0.0,57.0,52.125,-1.0,-1.0,-1.0,-1.0,-1.0,-1.0,0.0,42532864.0,0.0,0.0,-1.0,-1.0,-1.0,0.0,0.0,0
0.0,73.0,68.083,-1.0,-1.0,-1.0,-1.0,-1.0,-1.0,0.0,42532864.0,0.0,0.0,-1.0,-1.0,-1.0,0.0,0.0,0
0.0,68.0,63.25,-1.0,-1.0,-1.0,-1.0,-1.0,-1.0,0.0,42549248.0,0.0,0.0,-1.0,-1.0,-1.0,0.0,0.0,0
0.0,96.0,88.0,-1.0,-1.0,-1.0,-1.0,-1.0,-1.0,0.0,42549248.0,0.0,0.0,-1.0,-1.0,-1.0,0.0,0.0,0
0.0,83.0,79.542,-1.0,-1.0,-1.0,-1.0,-1.0,-1.0,0.0,42549248.0,0.0,0.0,-1.0,-1.0,-1.0,0.0,0.0,0
0.0,92.0,86.584,-1.0,-1.0,-1.0,-1.0,-1.0,-1.0,0.0,42549248.0,0.0,0.0,-1.0,-1.0,-1.0,0.0,0.0,0
0.0,82.0,78.666,-1.0,-1.0,-1.0,-1.0,-1.0,-1.0,0.0,42549248.0,0.0,0.0,-1.0,-1.0,-1.0,0.0,0.0,0
0.0,82.0,79.083,-1.0,-1.0,-1.0,-1.0,-1.0,-1.0,0.0,42565632.0,0.0,0.0,-1.0,-1.0,-1.0,0.0,0.0,0
1.0,98.0,867.083,-1.0,-1.0,-1.0,-1.0,-1.0,-1.0,0.0,42565632.0,0.0,0.0,-1.0,-1.0,-1.0,0.0,0.0,0
0.0,51.0,46.292,-1.0,-1.0,-1.0,-1.0,-1.0,-1.0,0.0,42565632.0,0.0,0.0,-1.0,-1.0,-1.0,0.0,0.0,0
0.0,61.0,53.708,-1.0,-1.0,-1.0,-1.0,-1.0,-1.0,0.0,42565632.0,0.0,0.0,-1.0,-1.0,-1.0,0.0,0.0,0
0.0,77.0,70.208,-1.0,-1.0,-1.0,-1.0,-1.0,-1.0,0.0,42565632.0,0.0,0.0,-1.0,-1.0,-1.0,0.0,0.0,0
1.0,91.0,91.75,-1.0,-1.0,-1.0,-1.0,-1.0,-1.0,0.0,42565632.0,0.0,0.0,-1.0,-1.0,-1.0,0.0,0.0,0
0.0,75.0,69.834,-1.0,-1.0,-1.0,-1.0,-1.0,-1.0,0.0,42565632.0,0.0,0.0,-1.0,-1.0,-1.0,0.0,0.0,0
0.0,100.0,93.292,-1.0,-1.0,-1.0,-1.0,-1.0,-1.0,0.0,42565632.0,0.0,0.0,-1.0,-1.0,-1.0,0.0,0.0,0
0.0,96.0,90.875,-1.0,-1.0,-1.0,-1.0,-1.0,-1.0,0.0,42565632.0,0.0,0.0,-1.0,-1.0,-1.0,0.0,0.0,0
0.0,100.0,92.666,-1.0,-1.0,-1.0,-1.0,-1.0,-1.0,0.0,42565632.0,0.0,0.0,-1.0,-1.0,-1.0,0.0,0.0,0
0.0,95.0,89.333,-1.0,-1.0,-1.0,-1.0,-1.0,-1.0,0.0,42565632.0,0.0,0.0,-1.0,-1.0,-1.0,0.0,0.0,0
0.0,102.0,91.709,-1.0,-1.0,-1.0,-1.0,-1.0,-1.0,0.0,42565632.0,0.0,0.0,-1.0,-1.0,-1.0,0.0,0.0,0
0.0,103.0,94.667,-1.0,-1.0,-1.0,-1.0,-1.0,-1.0,0.0,42582016.0,0.0,0.0,-1.0,-1.0,-1.0,0.0,0.0,0
1.0,68.0,69.0,-1.0,-1.0,-1.0,-1.0,-1.0,-1.0,0.0,42582016.0,0.0,0.0,-1.0,-1.0,-1.0,0.0,0.0,0
0.0,65.0,59.125,-1.0,-1.0,-1.0,-1.0,-1.0,-1.0,0.0,42582016.0,0.0,0.0,-1.0,-1.0,-1.0,0.0,0.0,0
0.0,94.0,83.083,-1.0,-1.0,-1.0,-1.0,-1.0,-1.0,0.0,42582016.0,0.0,0.0,-1.0,-1.0,-1.0,0.0,0.0,0
0.0,81.0,73.875,-1.0,-1.0,-1.0,-1.0,-1.0,-1.0,0.0,42582016.0,0.0,0.0,-1.0,-1.0,-1.0,0.0,0.0,0
0.0,102.0,94.667,-1.0,-1.0,-1.0,-1.0,-1.0,-1.0,0.0,42598400.0,0.0,0.0,-1.0,-1.0,-1.0,0.0,0.0,0
0.0,100.0,93.291,-1.0,-1.0,-1.0,-1.0,-1.0,-1.0,0.0,42598400.0,0.0,0.0,-1.0,-1.0,-1.0,0.0,0.0,0
0.0,85.0,79.709,-1.0,-1.0,-1.0,-1.0,-1.0,-1.0,0.0,42598400.0,0.0,0.0,-1.0,-1.0,-1.0,0.0,0.0,0
0.0,90.0,85.125,-1.0,-1.0,-1.0,-1.0,-1.0,-1.0,0.0,42598400.0,0.0,0.0,-1.0,-1.0,-1.0,0.0,0.0,0
0.0,88.0,83.708,-1.0,-1.0,-1.0,-1.0,-1.0,-1.0,0.0,42614784.0,0.0,0.0,-1.0,-1.0,-1.0,0.0,0.0,0
0.0,83.0,79.625,-1.0,-1.0,-1.0,-1.0,-1.0,-1.0,0.0,42614784.0,0.0,0.0,-1.0,-1.0,-1.0,0.0,0.0,0
0.0,97.0,85.667,-1.0,-1.0,-1.0,-1.0,-1.0,-1.0,0.0,42614784.0,0.0,0.0,-1.0,-1.0,-1.0,0.0,0.0,0
0.0,51.0,46.209,-1.0,-1.0,-1.0,-1.0,-1.0,-1.0,0.0,42614784.0,0.0,0.0,-1.0,-1.0,-1.0,0.0,0.0,0
0.0,51.0,47.125,-1.0,-1.0,-1.0,-1.0,-1.0,-1.0,0.0,42614784.0,0.0,0.0,-1.0,-1.0,-1.0,0.0,0.0,0
0.0,71.0,65.083,-1.0,-1.0,-1.0,-1.0,-1.0,-1.0,0.0,42614784.0,0.0,0.0,-1.0,-1.0,-1.0,0.0,0.0,0
0.0,70.0,66.0,-1.0,-1.0,-1.0,-1.0,-1.0,-1.0,0.0,42614784.0,0.0,0.0,-1.0,-1.0,-1.0,0.0,0.0,0
0.0,97.0,91.417,-1.0,-1.0,-1.0,-1.0,-1.0,-1.0,0.0,42614784.0,0.0,0.0,-1.0,-1.0,-1.0,0.0,0.0,0
0.0,94.0,87.167,-1.0,-1.0,-1.0,-1.0,-1.0,-1.0,0.0,42631168.0,0.0,0.0,-1.0,-1.0,-1.0,0.0,0.0,0
0.0,107.0,100.125,-1.0,-1.0,-1.0,-1.0,-1.0,-1.0,0.0,42631168.0,0.0,0.0,-1.0,-1.0,-1.0,0.0,0.0,0
0.0,102.0,92.75,-1.0,-1.0,-1.0,-1.0,-1.0,-1.0,0.0,42631168.0,0.0,0.0,-1.0,-1.0,-1.0,0.0,0.0,0
0.0,110.0,102.25,-1.0,-1.0,-1.0,-1.0,-1.0,-1.0,0.0,42631168.0,0.0,0.0,-1.0,-1.0,-1.0,0.0,0.0,0
0.0,99.0,90.5,-1.0,-1.0,-1.0,-1.0,-1.0,-1.0,0.0,42631168.0,0.0,0.0,-1.0,-1.0,-1.0,0.0,0.0,0
0.0,100.0,94.167,-1.0,-1.0,-1.0,-1.0,-1.0,-1.0,0.0,42631168.0,0.0,0.0,-1.0,-1.0,-1.0,0.0,0.0,0
1.0,100.0,143.708,-1.0,-1.0,-1.0,-1.0,-1.0,-1.0,0.0,42631168.0,0.0,0.0,-1.0,-1.0,-1.0,0.0,0.0,0
0.0,57.0,52.416,-1.0,-1.0,-1.0,-1.0,-1.0,-1.0,0.0,42631168.0,0.0,0.0,-1.0,-1.0,-1.0,0.0,0.0,0
0.0,80.0,71.875,-1.0,-1.0,-1.0,-1.0,-1.0,-1.0,0.0,42631168.0,0.0,0.0,-1.0,-1.0,-1.0,0.0,0.0,0
0.0,78.0,71.208,-1.0,-1.0,-1.0,-1.0,-1.0,-1.0,0.0,42631168.0,0.0,0.0,-1.0,-1.0,-1.0,0.0,0.0,0
1.0,89.0,96.041,-1.0,-1.0,-1.0,-1.0,-1.0,-1.0,0.0,42647552.0,0.0,0.0,-1.0,-1.0,-1.0,0.0,0.0,0
0.0,100.0,92.458,-1.0,-1.0,-1.0,-1.0,-1.0,-1.0,0.0,42663936.0,0.0,0.0,-1.0,-1.0,-1.0,0.0,0.0,0
0.0,98.0,91.875,-1.0,-1.0,-1.0,-1.0,-1.0,-1.0,0.0,42663936.0,0.0,0.0,-1.0,-1.0,-1.0,0.0,0.0,0
0.0,100.0,91.542,-1.0,-1.0,-1.0,-1.0,-1.0,-1.0,0.0,42663936.0,0.0,0.0,-1.0,-1.0,-1.0,0.0,0.0,0
0.0,92.0,87.291,-1.0,-1.0,-1.0,-1.0,-1.0,-1.0,0.0,42663936.0,0.0,0.0,-1.0,-1.0,-1.0,0.0,0.0,0
0.0,90.0,84.583,-1.0,-1.0,-1.0,-1.0,-1.0,-1.0,0.0,42663936.0,0.0,0.0,-1.0,-1.0,-1.0,0.0,0.0,0
0.0,92.0,85.125,-1.0,-1.0,-1.0,-1.0,-1.0,-1.0,0.0,42680320.0,0.0,0.0,-1.0,-1.0,-1.0,0.0,0.0,0
0.0,57.0,50.833,-1.0,-1.0,-1.0,-1.0,-1.0,-1.0,0.0,42696704.0,0.0,0.0,-1.0,-1.0,-1.0,0.0,0.0,0
0.0,52.0,48.0,-1.0,-1.0,-1.0,-1.0,-1.0,-1.0,0.0,42696704.0,0.0,0.0,-1.0,-1.0,-1.0,0.0,0.0,0
0.0,69.0,64.417,-1.0,-1.0,-1.0,-1.0,-1.0,-1.0,0.0,42696704.0,0.0,0.0,-1.0,-1.0,-1.0,0.0,0.0,0
0.0,64.0,59.083,-1.0,-1.0,-1.0,-1.0,-1.0,-1.0,0.0,42696704.0,0.0,0.0,-1.0,-1.0,-1.0,0.0,0.0,0
0.0,78.0,71.834,-1.0,-1.0,-1.0,-1.0,-1.0,-1.0,0.0,42696704.0,0.0,0.0,-1.0,-1.0,-1.0,0.0,0.0,0
0.0,77.0,70.083,-1.0,-1.0,-1.0,-1.0,-1.0,-1.0,0.0,42696704.0,0.0,0.0,-1.0,-1.0,-1.0,0.0,0.0,0
0.0,78.0,71.375,-1.0,-1.0,-1.0,-1.0,-1.0,-1.0,0.0,42696704.0,0.0,0.0,-1.0,-1.0,-1.0,0.0,0.0,0
0.0,99.0,91.708,-1.0,-1.0,-1.0,-1.0,-1.0,-1.0,0.0,42696704.0,0.0,0.0,-1.0,-1.0,-1.0,0.0,0.0,0
0.0,96.0,88.334,-1.0,-1.0,-1.0,-1.0,-1.0,-1.0,0.0,42696704.0,0.0,0.0,-1.0,-1.0,-1.0,0.0,0.0,0
0.0,96.0,86.458,-1.0,-1.0,-1.0,-1.0,-1.0,-1.0,0.0,42696704.0,0.0,0.0,-1.0,-1.0,-1.0,0.0,0.0,0
0.0,97.0,91.084,-1.0,-1.0,-1.0,-1.0,-1.0,-1.0,0.0,42696704.0,0.0,0.0,-1.0,-1.0,-1.0,0.0,0.0,0
0.0,99.0,91.583,-1.0,-1.0,-1.0,-1.0,-1.0,-1.0,0.0,42696704.0,0.0,0.0,-1.0,-1.0,-1.0,0.0,0.0,0
0.0,98.0,90.417,-1.0,-1.0,-1.0,-1.0,-1.0,-1.0,0.0,42713088.0,0.0,0.0,-1.0,-1.0,-1.0,0.0,0.0,0
0.0,61.0,55.208,-1.0,-1.0,-1.0,-1.0,-1.0,-1.0,0.0,42713088.0,0.0,0.0,-1.0,-1.0,-1.0,0.0,0.0,0
0.0,75.0,70.584,-1.0,-1.0,-1.0,-1.0,-1.0,-1.0,0.0,42713088.0,0.0,0.0,-1.0,-1.0,-1.0,0.0,0.0,0
0.0,76.0,70.5,-1.0,-1.0,-1.0,-1.0,-1.0,-1.0,0.0,42713088.0,0.0,0.0,-1.0,-1.0,-1.0,0.0,0.0,0
0.0,81.0,74.666,-1.0,-1.0,-1.0,-1.0,-1.0,-1.0,0.0,42713088.0,0.0,0.0,-1.0,-1.0,-1.0,0.0,0.0,0
0.0,98.0,91.0,-1.0,-1.0,-1.0,-1.0,-1.0,-1.0,0.0,42729472.0,0.0,0.0,-1.0,-1.0,-1.0,0.0,0.0,0
0.0,104.0,95.291,-1.0,-1.0,-1.0,-1.0,-1.0,-1.0,0.0,42729472.0,0.0,0.0,-1.0,-1.0,-1.0,0.0,0.0,0
0.0,96.0,88.958,-1.0,-1.0,-1.0,-1.0,-1.0,-1.0,0.0,42729472.0,0.0,0.0,-1.0,-1.0,-1.0,0.0,0.0,0
0.0,80.0,77.333,-1.0,-1.0,-1.0,-1.0,-1.0,-1.0,0.0,42729472.0,0.0,0.0,-1.0,-1.0,-1.0,0.0,0.0,0
0.0,88.0,82.167,-1.0,-1.0,-1.0,-1.0,-1.0,-1.0,0.0,42729472.0,0.0,0.0,-1.0,-1.0,-1.0,0.0,0.0,0
0.0,89.0,84.667,-1.0,-1.0,-1.0,-1.0,-1.0,-1.0,0.0,42729472.0,0.0,0.0,-1.0,-1.0,-1.0,0.0,0.0,0
0.0,99.0,92.0,-1.0,-1.0,-1.0,-1.0,-1.0,-1.0,0.0,42729472.0,0.0,0.0,-1.0,-1.0,-1.0,0.0,0.0,0
0.0,56.0,50.666,-1.0,-1.0,-1.0,-1.0,-1.0,-1.0,0.0,42729472.0,0.0,0.0,-1.0,-1.0,-1.0,0.0,0.0,0
0.0,59.0,52.5,-1.0,-1.0,-1.0,-1.0,-1.0,-1.0,0.0,42729472.0,0.0,0.0,-1.0,-1.0,-1.0,0.0,0.0,0
0.0,50.0,46.209,-1.0,-1.0,-1.0,-1.0,-1.0,-1.0,0.0,42729472.0,0.0,0.0,-1.0,-1.0,-1.0,0.0,0.0,0
0.0,62.0,56.125,-1.0,-1.0,-1.0,-1.0,-1.0,-1.0,0.0,42745856.0,0.0,0.0,-1.0,-1.0,-1.0,0.0,0.0,0
0.0,64.0,57.542,-1.0,-1.0,-1.0,-1.0,-1.0,-1.0,0.0,42745856.0,0.0,0.0,-1.0,-1.0,-1.0,0.0,0.0,0
0.0,65.0,56.834,-1.0,-1.0,-1.0,-1.0,-1.0,-1.0,0.0,42745856.0,0.0,0.0,-1.0,-1.0,-1.0,0.0,0.0,0
0.0,74.0,64.0,-1.0,-1.0,-1.0,-1.0,-1.0,-1.0,0.0,42745856.0,0.0,0.0,-1.0,-1.0,-1.0,0.0,0.0,0
0.0,71.0,64.5,-1.0,-1.0,-1.0,-1.0,-1.0,-1.0,0.0,42745856.0,0.0,0.0,-1.0,-1.0,-1.0,0.0,0.0,0
0.0,63.0,58.375,-1.0,-1.0,-1.0,-1.0,-1.0,-1.0,0.0,42745856.0,0.0,0.0,-1.0,-1.0,-1.0,0.0,0.0,0
2.0,71.0,88.667,-1.0,-1.0,-1.0,-1.0,-1.0,-1.0,0.0,42745856.0,0.0,0.0,-1.0,-1.0,-1.0,0.0,0.0,0
0.0,57.0,52.666,-1.0,-1.0,-1.0,-1.0,-1.0,-1.0,0.0,42778624.0,0.0,0.0,-1.0,-1.0,-1.0,0.0,0.0,0
0.0,60.0,55.292,-1.0,-1.0,-1.0,-1.0,-1.0,-1.0,0.0,42778624.0,0.0,0.0,-1.0,-1.0,-1.0,0.0,0.0,0
0.0,73.0,63.459,-1.0,-1.0,-1.0,-1.0,-1.0,-1.0,0.0,42778624.0,0.0,0.0,-1.0,-1.0,-1.0,0.0,0.0,0
0.0,87.0,78.209,-1.0,-1.0,-1.0,-1.0,-1.0,-1.0,0.0,42778624.0,0.0,0.0,-1.0,-1.0,-1.0,0.0,0.0,0
0.0,77.0,69.25,-1.0,-1.0,-1.0,-1.0,-1.0,-1.0,0.0,42778624.0,0.0,0.0,-1.0,-1.0,-1.0,0.0,0.0,0
0.0,65.0,59.209,-1.0,-1.0,-1.0,-1.0,-1.0,-1.0,0.0,42778624.0,0.0,0.0,-1.0,-1.0,-1.0,0.0,0.0,0
0.0,60.0,55.25,-1.0,-1.0,-1.0,-1.0,-1.0,-1.0,0.0,42778624.0,0.0,0.0,-1.0,-1.0,-1.0,0.0,0.0,0
0.0,77.0,72.625,-1.0,-1.0,-1.0,-1.0,-1.0,-1.0,0.0,42778624.0,0.0,0.0,-1.0,-1.0,-1.0,0.0,0.0,0
0.0,74.0,67.875,-1.0,-1.0,-1.0,-1.0,-1.0,-1.0,0.0,42778624.0,0.0,0.0,-1.0,-1.0,-1.0,0.0,0.0,0
0.0,73.0,65.542,-1.0,-1.0,-1.0,-1.0,-1.0,-1.0,0.0,42778624.0,0.0,0.0,-1.0,-1.0,-1.0,0.0,0.0,0
0.0,56.0,49.875,-1.0,-1.0,-1.0,-1.0,-1.0,-1.0,0.0,42778624.0,0.0,0.0,-1.0,-1.0,-1.0,0.0,0.0,0
0.0,52.0,46.875,-1.0,-1.0,-1.0,-1.0,-1.0,-1.0,0.0,42778624.0,0.0,0.0,-1.0,-1.0,-1.0,0.0,0.0,0
0.0,55.0,49.542,-1.0,-1.0,-1.0,-1.0,-1.0,-1.0,0.0,42778624.0,0.0,0.0,-1.0,-1.0,-1.0,0.0,0.0,0
0.0,72.0,65.041,-1.0,-1.0,-1.0,-1.0,-1.0,-1.0,0.0,42778624.0,0.0,0.0,-1.0,-1.0,-1.0,0.0,0.0,0
0.0,89.0,82.0,-1.0,-1.0,-1.0,-1.0,-1.0,-1.0,0.0,42795008.0,0.0,0.0,-1.0,-1.0,-1.0,0.0,0.0,0
0.0,73.0,66.583,-1.0,-1.0,-1.0,-1.0,-1.0,-1.0,0.0,42795008.0,0.0,0.0,-1.0,-1.0,-1.0,0.0,0.0,0
0.0,79.0,72.584,-1.0,-1.0,-1.0,-1.0,-1.0,-1.0,0.0,42795008.0,0.0,0.0,-1.0,-1.0,-1.0,0.0,0.0,0
0.0,76.0,69.125,-1.0,-1.0,-1.0,-1.0,-1.0,-1.0,0.0,42811392.0,0.0,0.0,-1.0,-1.0,-1.0,0.0,0.0,0
0.0,73.0,64.875,-1.0,-1.0,-1.0,-1.0,-1.0,-1.0,0.0,42811392.0,0.0,0.0,-1.0,-1.0,-1.0,0.0,0.0,0
0.0,73.0,63.375,-1.0,-1.0,-1.0,-1.0,-1.0,-1.0,0.0,42811392.0,0.0,0.0,-1.0,-1.0,-1.0,0.0,0.0,0
0.0,79.0,73.375,-1.0,-1.0,-1.0,-1.0,-1.0,-1.0,0.0,42811392.0,0.0,0.0,-1.0,-1.0,-1.0,0.0,0.0,0
0.0,69.0,56.541,-1.0,-1.0,-1.0,-1.0,-1.0,-1.0,0.0,42811392.0,0.0,0.0,-1.0,-1.0,-1.0,0.0,0.0,0
0.0,73.0,67.625,-1.0,-1.0,-1.0,-1.0,-1.0,-1.0,0.0,42827776.0,0.0,0.0,-1.0,-1.0,-1.0,0.0,0.0,0
0.0,64.0,58.542,-1.0,-1.0,-1.0,-1.0,-1.0,-1.0,0.0,42827776.0,0.0,0.0,-1.0,-1.0,-1.0,0.0,0.0,0
0.0,63.0,55.334,-1.0,-1.0,-1.0,-1.0,-1.0,-1.0,0.0,42827776.0,0.0,0.0,-1.0,-1.0,-1.0,0.0,0.0,0
0.0,74.0,66.833,-1.0,-1.0,-1.0,-1.0,-1.0,-1.0,0.0,42827776.0,0.0,0.0,-1.0,-1.0,-1.0,0.0,0.0,0
0.0,73.0,64.833,-1.0,-1.0,-1.0,-1.0,-1.0,-1.0,0.0,42827776.0,0.0,0.0,-1.0,-1.0,-1.0,0.0,0.0,0
0.0,72.0,65.875,-1.0,-1.0,-1.0,-1.0,-1.0,-1.0,0.0,42827776.0,0.0,0.0,-1.0,-1.0,-1.0,0.0,0.0,0
0.0,69.0,61.541,-1.0,-1.0,-1.0,-1.0,-1.0,-1.0,0.0,42827776.0,0.0,0.0,-1.0,-1.0,-1.0,0.0,0.0,0
0.0,68.0,62.583,-1.0,-1.0,-1.0,-1.0,-1.0,-1.0,0.0,42827776.0,0.0,0.0,-1.0,-1.0,-1.0,0.0,0.0,0
0.0,64.0,59.875,-1.0,-1.0,-1.0,-1.0,-1.0,-1.0,0.0,42827776.0,0.0,0.0,-1.0,-1.0,-1.0,0.0,0.0,0
0.0,63.0,57.125,-1.0,-1.0,-1.0,-1.0,-1.0,-1.0,0.0,42827776.0,0.0,0.0,-1.0,-1.0,-1.0,0.0,0.0,0
0.0,65.0,61.75,-1.0,-1.0,-1.0,-1.0,-1.0,-1.0,0.0,42827776.0,0.0,0.0,-1.0,-1.0,-1.0,0.0,0.0,0
0.0,63.0,58.417,-1.0,-1.0,-1.0,-1.0,-1.0,-1.0,0.0,42827776.0,0.0,0.0,-1.0,-1.0,-1.0,0.0,0.0,0
0.0,68.0,65.209,-1.0,-1.0,-1.0,-1.0,-1.0,-1.0,0.0,42844160.0,0.0,0.0,-1.0,-1.0,-1.0,0.0,0.0,0
0.0,104.0,94.667,-1.0,-1.0,-1.0,-1.0,-1.0,-1.0,0.0,42844160.0,0.0,0.0,-1.0,-1.0,-1.0,0.0,0.0,0
0.0,67.0,58.75,-1.0,-1.0,-1.0,-1.0,-1.0,-1.0,0.0,42844160.0,0.0,0.0,-1.0,-1.0,-1.0,0.0,0.0,0
0.0,76.0,66.166,-1.0,-1.0,-1.0,-1.0,-1.0,-1.0,0.0,42844160.0,0.0,0.0,-1.0,-1.0,-1.0,0.0,0.0,0
0.0,77.0,69.5,-1.0,-1.0,-1.0,-1.0,-1.0,-1.0,0.0,42844160.0,0.0,0.0,-1.0,-1.0,-1.0,0.0,0.0,0
0.0,82.0,71.709,-1.0,-1.0,-1.0,-1.0,-1.0,-1.0,0.0,42844160.0,0.0,0.0,-1.0,-1.0,-1.0,0.0,0.0,0
0.0,99.0,91.667,-1.0,-1.0,-1.0,-1.0,-1.0,-1.0,0.0,42860544.0,0.0,0.0,-1.0,-1.0,-1.0,0.0,0.0,0
0.0,96.0,90.541,-1.0,-1.0,-1.0,-1.0,-1.0,-1.0,0.0,42860544.0,0.0,0.0,-1.0,-1.0,-1.0,0.0,0.0,0
0.0,100.0,91.667,-1.0,-1.0,-1.0,-1.0,-1.0,-1.0,0.0,42860544.0,0.0,0.0,-1.0,-1.0,-1.0,0.0,0.0,0
0.0,96.0,88.875,-1.0,-1.0,-1.0,-1.0,-1.0,-1.0,0.0,42860544.0,0.0,0.0,-1.0,-1.0,-1.0,0.0,0.0,0
0.0,96.0,91.042,-1.0,-1.0,-1.0,-1.0,-1.0,-1.0,0.0,42860544.0,0.0,0.0,-1.0,-1.0,-1.0,0.0,0.0,0
0.0,100.0,93.458,-1.0,-1.0,-1.0,-1.0,-1.0,-1.0,0.0,42860544.0,0.0,0.0,-1.0,-1.0,-1.0,0.0,0.0,0
0.0,66.0,56.792,-1.0,-1.0,-1.0,-1.0,-1.0,-1.0,0.0,42860544.0,0.0,0.0,-1.0,-1.0,-1.0,0.0,0.0,0
0.0,77.0,65.583,-1.0,-1.0,-1.0,-1.0,-1.0,-1.0,0.0,42860544.0,0.0,0.0,-1.0,-1.0,-1.0,0.0,0.0,0
0.0,84.0,76.209,-1.0,-1.0,-1.0,-1.0,-1.0,-1.0,0.0,42860544.0,0.0,0.0,-1.0,-1.0,-1.0,0.0,0.0,0
0.0,54.0,48.375,-1.0,-1.0,-1.0,-1.0,-1.0,-1.0,0.0,42860544.0,0.0,0.0,-1.0,-1.0,-1.0,0.0,0.0,0
0.0,76.0,70.0,-1.0,-1.0,-1.0,-1.0,-1.0,-1.0,0.0,42876928.0,0.0,0.0,-1.0,-1.0,-1.0,0.0,0.0,0
0.0,83.0,79.083,-1.0,-1.0,-1.0,-1.0,-1.0,-1.0,0.0,42909696.0,0.0,0.0,-1.0,-1.0,-1.0,0.0,0.0,0
0.0,90.0,85.167,-1.0,-1.0,-1.0,-1.0,-1.0,-1.0,0.0,42909696.0,0.0,0.0,-1.0,-1.0,-1.0,0.0,0.0,0
0.0,87.0,83.125,-1.0,-1.0,-1.0,-1.0,-1.0,-1.0,0.0,42909696.0,0.0,0.0,-1.0,-1.0,-1.0,0.0,0.0,0
0.0,83.0,78.25,-1.0,-1.0,-1.0,-1.0,-1.0,-1.0,0.0,42909696.0,0.0,0.0,-1.0,-1.0,-1.0,0.0,0.0,0
2.0,106.0,145.709,-1.0,-1.0,-1.0,-1.0,-1.0,-1.0,0.0,42909696.0,0.0,0.0,-1.0,-1.0,-1.0,0.0,0.0,0
0.0,95.0,87.833,-1.0,-1.0,-1.0,-1.0,-1.0,-1.0,0.0,42909696.0,0.0,0.0,-1.0,-1.0,-1.0,0.0,0.0,0
0.0,86.0,80.75,-1.0,-1.0,-1.0,-1.0,-1.0,-1.0,0.0,42909696.0,0.0,0.0,-1.0,-1.0,-1.0,0.0,0.0,0
0.0,62.0,55.125,-1.0,-1.0,-1.0,-1.0,-1.0,-1.0,0.0,42909696.0,0.0,0.0,-1.0,-1.0,-1.0,0.0,0.0,0
0.0,75.0,69.458,-1.0,-1.0,-1.0,-1.0,-1.0,-1.0,0.0,42909696.0,0.0,0.0,-1.0,-1.0,-1.0,0.0,0.0,0
0.0,77.0,70.375,-1.0,-1.0,-1.0,-1.0,-1.0,-1.0,0.0,42909696.0,0.0,0.0,-1.0,-1.0,-1.0,0.0,0.0,0
0.0,77.0,71.125,-1.0,-1.0,-1.0,-1.0,-1.0,-1.0,0.0,42909696.0,0.0,0.0,-1.0,-1.0,-1.0,0.0,0.0,0
0.0,98.0,91.125,-1.0,-1.0,-1.0,-1.0,-1.0,-1.0,0.0,42909696.0,0.0,0.0,-1.0,-1.0,-1.0,0.0,0.0,0
0.0,96.0,88.083,-1.0,-1.0,-1.0,-1.0,-1.0,-1.0,0.0,42909696.0,0.0,0.0,-1.0,-1.0,-1.0,0.0,0.0,0
0.0,104.0,96.583,-1.0,-1.0,-1.0,-1.0,-1.0,-1.0,0.0,42909696.0,0.0,0.0,-1.0,-1.0,-1.0,0.0,0.0,0
0.0,98.0,89.584,-1.0,-1.0,-1.0,-1.0,-1.0,-1.0,0.0,42909696.0,0.0,0.0,-1.0,-1.0,-1.0,0.0,0.0,0
0.0,103.0,92.208,-1.0,-1.0,-1.0,-1.0,-1.0,-1.0,0.0,42909696.0,0.0,0.0,-1.0,-1.0,-1.0,0.0,0.0,0
0.0,97.0,91.083,-1.0,-1.0,-1.0,-1.0,-1.0,-1.0,0.0,42909696.0,0.0,0.0,-1.0,-1.0,-1.0,0.0,0.0,0
0.0,104.0,97.458,-1.0,-1.0,-1.0,-1.0,-1.0,-1.0,0.0,42926080.0,0.0,0.0,-1.0,-1.0,-1.0,0.0,0.0,0
0.0,63.0,54.875,-1.0,-1.0,-1.0,-1.0,-1.0,-1.0,0.0,42926080.0,0.0,0.0,-1.0,-1.0,-1.0,0.0,0.0,0
0.0,63.0,54.958,-1.0,-1.0,-1.0,-1.0,-1.0,-1.0,0.0,42926080.0,0.0,0.0,-1.0,-1.0,-1.0,0.0,0.0,0
0.0,70.0,64.5,-1.0,-1.0,-1.0,-1.0,-1.0,-1.0,0.0,42926080.0,0.0,0.0,-1.0,-1.0,-1.0,0.0,0.0,0
0.0,72.0,66.708,-1.0,-1.0,-1.0,-1.0,-1.0,-1.0,0.0,42926080.0,0.0,0.0,-1.0,-1.0,-1.0,0.0,0.0,0
0.0,84.0,79.292,-1.0,-1.0,-1.0,-1.0,-1.0,-1.0,0.0,42926080.0,0.0,0.0,-1.0,-1.0,-1.0,0.0,0.0,0
1.0,108.0,110.125,-1.0,-1.0,-1.0,-1.0,-1.0,-1.0,0.0,42926080.0,0.0,0.0,-1.0,-1.0,-1.0,0.0,0.0,0
0.0,88.0,83.541,-1.0,-1.0,-1.0,-1.0,-1.0,-1.0,0.0,42926080.0,0.0,0.0,-1.0,-1.0,-1.0,0.0,0.0,0
0.0,88.0,83.208,-1.0,-1.0,-1.0,-1.0,-1.0,-1.0,0.0,42926080.0,0.0,0.0,-1.0,-1.0,-1.0,0.0,0.0,0
0.0,80.0,76.458,-1.0,-1.0,-1.0,-1.0,-1.0,-1.0,0.0,42926080.0,0.0,0.0,-1.0,-1.0,-1.0,0.0,0.0,0
1.0,95.0,105.375,-1.0,-1.0,-1.0,-1.0,-1.0,-1.0,0.0,42942464.0,0.0,0.0,-1.0,-1.0,-1.0,0.0,0.0,0
0.0,86.0,82.084,-1.0,-1.0,-1.0,-1.0,-1.0,-1.0,0.0,42942464.0,0.0,0.0,-1.0,-1.0,-1.0,0.0,0.0,0
0.0,99.0,91.375,-1.0,-1.0,-1.0,-1.0,-1.0,-1.0,0.0,42958848.0,0.0,0.0,-1.0,-1.0,-1.0,0.0,0.0,0
0.0,59.0,51.791,-1.0,-1.0,-1.0,-1.0,-1.0,-1.0,0.0,42958848.0,0.0,0.0,-1.0,-1.0,-1.0,0.0,0.0,0
0.0,72.0,65.042,-1.0,-1.0,-1.0,-1.0,-1.0,-1.0,0.0,42958848.0,0.0,0.0,-1.0,-1.0,-1.0,0.0,0.0,0
0.0,78.0,71.334,-1.0,-1.0,-1.0,-1.0,-1.0,-1.0,0.0,42958848.0,0.0,0.0,-1.0,-1.0,-1.0,0.0,0.0,0
0.0,84.0,74.166,-1.0,-1.0,-1.0,-1.0,-1.0,-1.0,0.0,42958848.0,0.0,0.0,-1.0,-1.0,-1.0,0.0,0.0,0
0.0,75.0,67.917,-1.0,-1.0,-1.0,-1.0,-1.0,-1.0,0.0,42975232.0,0.0,0.0,-1.0,-1.0,-1.0,0.0,0.0,0
0.0,97.0,90.292,-1.0,-1.0,-1.0,-1.0,-1.0,-1.0,0.0,42975232.0,0.0,0.0,-1.0,-1.0,-1.0,0.0,0.0,0
0.0,112.0,100.292,-1.0,-1.0,-1.0,-1.0,-1.0,-1.0,0.0,42991616.0,0.0,0.0,-1.0,-1.0,-1.0,0.0,0.0,0
0.0,102.0,90.5,-1.0,-1.0,-1.0,-1.0,-1.0,-1.0,0.0,42991616.0,0.0,0.0,-1.0,-1.0,-1.0,0.0,0.0,0
0.0,100.0,89.667,-1.0,-1.0,-1.0,-1.0,-1.0,-1.0,0.0,42991616.0,0.0,0.0,-1.0,-1.0,-1.0,0.0,0.0,0
0.0,97.0,91.209,-1.0,-1.0,-1.0,-1.0,-1.0,-1.0,0.0,42991616.0,0.0,0.0,-1.0,-1.0,-1.0,0.0,0.0,0
0.0,63.0,55.708,-1.0,-1.0,-1.0,-1.0,-1.0,-1.0,0.0,42991616.0,0.0,0.0,-1.0,-1.0,-1.0,0.0,0.0,0
0.0,66.0,56.916,-1.0,-1.0,-1.0,-1.0,-1.0,-1.0,0.0,42991616.0,0.0,0.0,-1.0,-1.0,-1.0,0.0,0.0,0
0.0,73.0,67.542,-1.0,-1.0,-1.0,-1.0,-1.0,-1.0,0.0,42991616.0,0.0,0.0,-1.0,-1.0,-1.0,0.0,0.0,0
0.0,81.0,74.5,-1.0,-1.0,-1.0,-1.0,-1.0,-1.0,0.0,42991616.0,0.0,0.0,-1.0,-1.0,-1.0,0.0,0.0,0
0.0,77.0,71.416,-1.0,-1.0,-1.0,-1.0,-1.0,-1.0,0.0,42991616.0,0.0,0.0,-1.0,-1.0,-1.0,0.0,0.0,0
0.0,72.0,65.459,-1.0,-1.0,-1.0,-1.0,-1.0,-1.0,0.0,42991616.0,0.0,0.0,-1.0,-1.0,-1.0,0.0,0.0,0
0.0,79.0,75.916,-1.0,-1.0,-1.0,-1.0,-1.0,-1.0,0.0,42991616.0,0.0,0.0,-1.0,-1.0,-1.0,0.0,0.0,0
0.0,89.0,83.583,-1.0,-1.0,-1.0,-1.0,-1.0,-1.0,0.0,42991616.0,0.0,0.0,-1.0,-1.0,-1.0,0.0,0.0,0
0.0,78.0,74.958,-1.0,-1.0,-1.0,-1.0,-1.0,-1.0,0.0,42991616.0,0.0,0.0,-1.0,-1.0,-1.0,0.0,0.0,0
0.0,89.0,82.75,-1.0,-1.0,-1.0,-1.0,-1.0,-1.0,0.0,42991616.0,0.0,0.0,-1.0,-1.0,-1.0,0.0,0.0,0
0.0,86.0,80.584,-1.0,-1.0,-1.0,-1.0,-1.0,-1.0,0.0,42991616.0,0.0,0.0,-1.0,-1.0,-1.0,0.0,0.0,0
0.0,85.0,80.542,-1.0,-1.0,-1.0,-1.0,-1.0,-1.0,0.0,43008000.0,0.0,0.0,-1.0,-1.0,-1.0,0.0,0.0,0
0.0,52.0,46.791,-1.0,-1.0,-1.0,-1.0,-1.0,-1.0,0.0,43008000.0,0.0,0.0,-1.0,-1.0,-1.0,0.0,0.0,0
0.0,82.0,76.959,-1.0,-1.0,-1.0,-1.0,-1.0,-1.0,0.0,43008000.0,0.0,0.0,-1.0,-1.0,-1.0,0.0,0.0,0
0.0,77.0,70.167,-1.0,-1.0,-1.0,-1.0,-1.0,-1.0,0.0,43008000.0,0.0,0.0,-1.0,-1.0,-1.0,0.0,0.0,0
0.0,77.0,70.917,-1.0,-1.0,-1.0,-1.0,-1.0,-1.0,0.0,43008000.0,0.0,0.0,-1.0,-1.0,-1.0,0.0,0.0,0
0.0,96.0,87.375,-1.0,-1.0,-1.0,-1.0,-1.0,-1.0,0.0,43024384.0,0.0,0.0,-1.0,-1.0,-1.0,0.0,0.0,0
0.0,99.0,93.375,-1.0,-1.0,-1.0,-1.0,-1.0,-1.0,0.0,43024384.0,0.0,0.0,-1.0,-1.0,-1.0,0.0,0.0,0
0.0,97.0,87.708,-1.0,-1.0,-1.0,-1.0,-1.0,-1.0,0.0,43024384.0,0.0,0.0,-1.0,-1.0,-1.0,0.0,0.0,0
0.0,98.0,92.333,-1.0,-1.0,-1.0,-1.0,-1.0,-1.0,0.0,43024384.0,0.0,0.0,-1.0,-1.0,-1.0,0.0,0.0,0
0.0,105.0,94.875,-1.0,-1.0,-1.0,-1.0,-1.0,-1.0,0.0,43024384.0,0.0,0.0,-1.0,-1.0,-1.0,0.0,0.0,0
2.0,112.0,429.166,-1.0,-1.0,-1.0,-1.0,-1.0,-1.0,0.0,43024384.0,0.0,0.0,-1.0,-1.0,-1.0,0.0,0.0,0
0.0,64.0,57.875,-1.0,-1.0,-1.0,-1.0,-1.0,-1.0,0.0,43024384.0,0.0,0.0,-1.0,-1.0,-1.0,0.0,0.0,0
0.0,79.0,69.791,-1.0,-1.0,-1.0,-1.0,-1.0,-1.0,0.0,43024384.0,0.0,0.0,-1.0,-1.0,-1.0,0.0,0.0,0
0.0,94.0,84.75,-1.0,-1.0,-1.0,-1.0,-1.0,-1.0,0.0,43024384.0,0.0,0.0,-1.0,-1.0,-1.0,0.0,0.0,0
0.0,77.0,70.083,-1.0,-1.0,-1.0,-1.0,-1.0,-1.0,0.0,43024384.0,0.0,0.0,-1.0,-1.0,-1.0,0.0,0.0,0
0.0,100.0,90.916,-1.0,-1.0,-1.0,-1.0,-1.0,-1.0,0.0,43024384.0,0.0,0.0,-1.0,-1.0,-1.0,0.0,0.0,0
0.0,98.0,88.167,-1.0,-1.0,-1.0,-1.0,-1.0,-1.0,0.0,43024384.0,0.0,0.0,-1.0,-1.0,-1.0,0.0,0.0,0
0.0,93.0,86.917,-1.0,-1.0,-1.0,-1.0,-1.0,-1.0,0.0,43057152.0,0.0,0.0,-1.0,-1.0,-1.0,0.0,0.0,0
0.0,92.0,86.291,-1.0,-1.0,-1.0,-1.0,-1.0,-1.0,0.0,43073536.0,0.0,0.0,-1.0,-1.0,-1.0,0.0,0.0,0
0.0,90.0,83.834,-1.0,-1.0,-1.0,-1.0,-1.0,-1.0,0.0,43073536.0,0.0,0.0,-1.0,-1.0,-1.0,0.0,0.0,0
0.0,100.0,92.458,-1.0,-1.0,-1.0,-1.0,-1.0,-1.0,0.0,43073536.0,0.0,0.0,-1.0,-1.0,-1.0,0.0,0.0,0
0.0,89.0,82.541,-1.0,-1.0,-1.0,-1.0,-1.0,-1.0,0.0,43089920.0,0.0,0.0,-1.0,-1.0,-1.0,0.0,0.0,0
0.0,59.0,53.25,-1.0,-1.0,-1.0,-1.0,-1.0,-1.0,0.0,43089920.0,0.0,0.0,-1.0,-1.0,-1.0,0.0,0.0,0
0.0,69.0,65.25,-1.0,-1.0,-1.0,-1.0,-1.0,-1.0,0.0,43089920.0,0.0,0.0,-1.0,-1.0,-1.0,0.0,0.0,0
0.0,84.0,78.958,-1.0,-1.0,-1.0,-1.0,-1.0,-1.0,0.0,43089920.0,0.0,0.0,-1.0,-1.0,-1.0,0.0,0.0,0
0.0,70.0,65.459,-1.0,-1.0,-1.0,-1.0,-1.0,-1.0,0.0,43089920.0,0.0,0.0,-1.0,-1.0,-1.0,0.0,0.0,0
0.0,95.0,90.125,-1.0,-1.0,-1.0,-1.0,-1.0,-1.0,0.0,43089920.0,0.0,0.0,-1.0,-1.0,-1.0,0.0,0.0,0
0.0,106.0,99.083,-1.0,-1.0,-1.0,-1.0,-1.0,-1.0,0.0,43089920.0,0.0,0.0,-1.0,-1.0,-1.0,0.0,0.0,0
0.0,98.0,88.75,-1.0,-1.0,-1.0,-1.0,-1.0,-1.0,0.0,43089920.0,0.0,0.0,-1.0,-1.0,-1.0,0.0,0.0,0
0.0,95.0,87.0,-1.0,-1.0,-1.0,-1.0,-1.0,-1.0,0.0,43089920.0,0.0,0.0,-1.0,-1.0,-1.0,0.0,0.0,0
0.0,95.0,87.75,-1.0,-1.0,-1.0,-1.0,-1.0,-1.0,0.0,43089920.0,0.0,0.0,-1.0,-1.0,-1.0,0.0,0.0,0
0.0,93.0,87.0,-1.0,-1.0,-1.0,-1.0,-1.0,-1.0,0.0,43089920.0,0.0,0.0,-1.0,-1.0,-1.0,0.0,0.0,0
0.0,99.0,91.875,-1.0,-1.0,-1.0,-1.0,-1.0,-1.0,0.0,43089920.0,0.0,0.0,-1.0,-1.0,-1.0,0.0,0.0,0
0.0,98.0,90.416,-1.0,-1.0,-1.0,-1.0,-1.0,-1.0,0.0,43106304.0,0.0,0.0,-1.0,-1.0,-1.0,0.0,0.0,0
0.0,67.0,60.0,-1.0,-1.0,-1.0,-1.0,-1.0,-1.0,0.0,43122688.0,0.0,0.0,-1.0,-1.0,-1.0,0.0,0.0,0
0.0,75.0,68.917,-1.0,-1.0,-1.0,-1.0,-1.0,-1.0,0.0,43122688.0,0.0,0.0,-1.0,-1.0,-1.0,0.0,0.0,0
0.0,73.0,67.625,-1.0,-1.0,-1.0,-1.0,-1.0,-1.0,0.0,43122688.0,0.0,0.0,-1.0,-1.0,-1.0,0.0,0.0,0
0.0,64.0,54.834,-1.0,-1.0,-1.0,-1.0,-1.0,-1.0,0.0,43122688.0,0.0,0.0,-1.0,-1.0,-1.0,0.0,0.0,0
0.0,84.0,73.375,-1.0,-1.0,-1.0,-1.0,-1.0,-1.0,0.0,43122688.0,0.0,0.0,-1.0,-1.0,-1.0,0.0,0.0,0
0.0,69.0,61.709,-1.0,-1.0,-1.0,-1.0,-1.0,-1.0,0.0,43122688.0,0.0,0.0,-1.0,-1.0,-1.0,0.0,0.0,0
0.0,63.0,58.708,-1.0,-1.0,-1.0,-1.0,-1.0,-1.0,0.0,43122688.0,0.0,0.0,-1.0,-1.0,-1.0,0.0,0.0,0
0.0,56.0,50.709,-1.0,-1.0,-1.0,-1.0,-1.0,-1.0,0.0,43122688.0,0.0,0.0,-1.0,-1.0,-1.0,0.0,0.0,0
0.0,69.0,63.417,-1.0,-1.0,-1.0,-1.0,-1.0,-1.0,0.0,43122688.0,0.0,0.0,-1.0,-1.0,-1.0,0.0,0.0,0
0.0,68.0,63.791,-1.0,-1.0,-1.0,-1.0,-1.0,-1.0,0.0,43122688.0,0.0,0.0,-1.0,-1.0,-1.0,0.0,0.0,0
0.0,48.0,43.542,-1.0,-1.0,-1.0,-1.0,-1.0,-1.0,0.0,43122688.0,0.0,0.0,-1.0,-1.0,-1.0,0.0,0.0,0
0.0,49.0,45.25,-1.0,-1.0,-1.0,-1.0,-1.0,-1.0,0.0,43122688.0,0.0,0.0,-1.0,-1.0,-1.0,0.0,0.0,0
0.0,69.0,65.125,-1.0,-1.0,-1.0,-1.0,-1.0,-1.0,0.0,43122688.0,0.0,0.0,-1.0,-1.0,-1.0,0.0,0.0,0
0.0,75.0,66.292,-1.0,-1.0,-1.0,-1.0,-1.0,-1.0,0.0,43122688.0,0.0,0.0,-1.0,-1.0,-1.0,0.0,0.0,0
0.0,80.0,71.75,-1.0,-1.0,-1.0,-1.0,-1.0,-1.0,0.0,43122688.0,0.0,0.0,-1.0,-1.0,-1.0,0.0,0.0,0
0.0,80.0,70.167,-1.0,-1.0,-1.0,-1.0,-1.0,-1.0,0.0,43122688.0,0.0,0.0,-1.0,-1.0,-1.0,0.0,0.0,0
0.0,105.0,94.292,-1.0,-1.0,-1.0,-1.0,-1.0,-1.0,0.0,43122688.0,0.0,0.0,-1.0,-1.0,-1.0,0.0,0.0,0
0.0,96.0,87.958,-1.0,-1.0,-1.0,-1.0,-1.0,-1.0,0.0,43139072.0,0.0,0.0,-1.0,-1.0,-1.0,0.0,0.0,0
0.0,95.0,89.25,-1.0,-1.0,-1.0,-1.0,-1.0,-1.0,0.0,43139072.0,0.0,0.0,-1.0,-1.0,-1.0,0.0,0.0,0
0.0,97.0,90.25,-1.0,-1.0,-1.0,-1.0,-1.0,-1.0,0.0,43139072.0,0.0,0.0,-1.0,-1.0,-1.0,0.0,0.0,0
0.0,97.0,90.958,-1.0,-1.0,-1.0,-1.0,-1.0,-1.0,0.0,43139072.0,0.0,0.0,-1.0,-1.0,-1.0,0.0,0.0,0
0.0,98.0,90.0,-1.0,-1.0,-1.0,-1.0,-1.0,-1.0,0.0,43139072.0,0.0,0.0,-1.0,-1.0,-1.0,0.0,0.0,0
0.0,99.0,91.625,-1.0,-1.0,-1.0,-1.0,-1.0,-1.0,0.0,43139072.0,0.0,0.0,-1.0,-1.0,-1.0,0.0,0.0,0
0.0,59.0,53.334,-1.0,-1.0,-1.0,-1.0,-1.0,-1.0,0.0,43139072.0,0.0,0.0,-1.0,-1.0,-1.0,0.0,0.0,0
0.0,59.0,51.125,-1.0,-1.0,-1.0,-1.0,-1.0,-1.0,0.0,43171840.0,0.0,0.0,-1.0,-1.0,-1.0,0.0,0.0,0
0.0,74.0,67.666,-1.0,-1.0,-1.0,-1.0,-1.0,-1.0,0.0,43171840.0,0.0,0.0,-1.0,-1.0,-1.0,0.0,0.0,0
0.0,77.0,70.291,-1.0,-1.0,-1.0,-1.0,-1.0,-1.0,0.0,43171840.0,0.0,0.0,-1.0,-1.0,-1.0,0.0,0.0,0
0.0,96.0,89.541,-1.0,-1.0,-1.0,-1.0,-1.0,-1.0,0.0,43188224.0,0.0,0.0,-1.0,-1.0,-1.0,0.0,0.0,0
0.0,69.0,63.166,-1.0,-1.0,-1.0,-1.0,-1.0,-1.0,0.0,43188224.0,0.0,0.0,-1.0,-1.0,-1.0,0.0,0.0,0
0.0,68.0,62.375,-1.0,-1.0,-1.0,-1.0,-1.0,-1.0,0.0,43188224.0,0.0,0.0,-1.0,-1.0,-1.0,0.0,0.0,0
0.0,63.0,58.75,-1.0,-1.0,-1.0,-1.0,-1.0,-1.0,0.0,43188224.0,0.0,0.0,-1.0,-1.0,-1.0,0.0,0.0,0
0.0,66.0,60.416,-1.0,-1.0,-1.0,-1.0,-1.0,-1.0,0.0,43188224.0,0.0,0.0,-1.0,-1.0,-1.0,0.0,0.0,0
3.0,66.0,185.083,-1.0,-1.0,-1.0,-1.0,-1.0,-1.0,0.0,43188224.0,0.0,0.0,-1.0,-1.0,-1.0,0.0,0.0,0
0.0,49.0,45.458,-1.0,-1.0,-1.0,-1.0,-1.0,-1.0,0.0,43188224.0,0.0,0.0,-1.0,-1.0,-1.0,0.0,0.0,0
0.0,67.0,62.458,-1.0,-1.0,-1.0,-1.0,-1.0,-1.0,0.0,43204608.0,0.0,0.0,-1.0,-1.0,-1.0,0.0,0.0,0
0.0,76.0,67.916,-1.0,-1.0,-1.0,-1.0,-1.0,-1.0,0.0,43204608.0,0.0,0.0,-1.0,-1.0,-1.0,0.0,0.0,0
0.0,64.0,57.625,-1.0,-1.0,-1.0,-1.0,-1.0,-1.0,0.0,43204608.0,0.0,0.0,-1.0,-1.0,-1.0,0.0,0.0,0
0.0,77.0,69.542,-1.0,-1.0,-1.0,-1.0,-1.0,-1.0,0.0,43204608.0,0.0,0.0,-1.0,-1.0,-1.0,0.0,0.0,0
0.0,60.0,53.708,-1.0,-1.0,-1.0,-1.0,-1.0,-1.0,0.0,43204608.0,0.0,0.0,-1.0,-1.0,-1.0,0.0,0.0,0
0.0,75.0,67.083,-1.0,-1.0,-1.0,-1.0,-1.0,-1.0,0.0,43204608.0,0.0,0.0,-1.0,-1.0,-1.0,0.0,0.0,0
0.0,86.0,71.541,-1.0,-1.0,-1.0,-1.0,-1.0,-1.0,0.0,43204608.0,0.0,0.0,-1.0,-1.0,-1.0,0.0,0.0,0
0.0,72.0,64.416,-1.0,-1.0,-1.0,-1.0,-1.0,-1.0,0.0,43204608.0,0.0,0.0,-1.0,-1.0,-1.0,0.0,0.0,0
0.0,82.0,71.875,-1.0,-1.0,-1.0,-1.0,-1.0,-1.0,0.0,43204608.0,0.0,0.0,-1.0,-1.0,-1.0,0.0,0.0,0
0.0,73.0,67.875,-1.0,-1.0,-1.0,-1.0,-1.0,-1.0,0.0,43204608.0,0.0,0.0,-1.0,-1.0,-1.0,0.0,0.0,0
0.0,74.0,69.166,-1.0,-1.0,-1.0,-1.0,-1.0,-1.0,0.0,43204608.0,0.0,0.0,-1.0,-1.0,-1.0,0.0,0.0,0
0.0,63.0,57.0,-1.0,-1.0,-1.0,-1.0,-1.0,-1.0,0.0,43204608.0,0.0,0.0,-1.0,-1.0,-1.0,0.0,0.0,0
0.0,58.0,53.458,-1.0,-1.0,-1.0,-1.0,-1.0,-1.0,0.0,43204608.0,0.0,0.0,-1.0,-1.0,-1.0,0.0,0.0,0
0.0,44.0,41.708,-1.0,-1.0,-1.0,-1.0,-1.0,-1.0,0.0,43204608.0,0.0,0.0,-1.0,-1.0,-1.0,0.0,0.0,0
0.0,64.0,62.125,-1.0,-1.0,-1.0,-1.0,-1.0,-1.0,0.0,43204608.0,0.0,0.0,-1.0,-1.0,-1.0,0.0,0.0,0
0.0,66.0,62.959,-1.0,-1.0,-1.0,-1.0,-1.0,-1.0,0.0,43204608.0,0.0,0.0,-1.0,-1.0,-1.0,0.0,0.0,0
0.0,67.0,63.041,-1.0,-1.0,-1.0,-1.0,-1.0,-1.0,0.0,43204608.0,0.0,0.0,-1.0,-1.0,-1.0,0.0,0.0,0
0.0,67.0,63.959,-1.0,-1.0,-1.0,-1.0,-1.0,-1.0,0.0,43220992.0,0.0,0.0,-1.0,-1.0,-1.0,0.0,0.0,0
0.0,84.0,79.625,-1.0,-1.0,-1.0,-1.0,-1.0,-1.0,0.0,43220992.0,0.0,0.0,-1.0,-1.0,-1.0,0.0,0.0,0
0.0,85.0,80.917,-1.0,-1.0,-1.0,-1.0,-1.0,-1.0,0.0,43220992.0,0.0,0.0,-1.0,-1.0,-1.0,0.0,0.0,0
0.0,83.0,78.667,-1.0,-1.0,-1.0,-1.0,-1.0,-1.0,0.0,43220992.0,0.0,0.0,-1.0,-1.0,-1.0,0.0,0.0,0
0.0,89.0,84.125,-1.0,-1.0,-1.0,-1.0,-1.0,-1.0,0.0,43220992.0,0.0,0.0,-1.0,-1.0,-1.0,0.0,0.0,0
0.0,79.0,74.75,-1.0,-1.0,-1.0,-1.0,-1.0,-1.0,0.0,43237376.0,0.0,0.0,-1.0,-1.0,-1.0,0.0,0.0,0
0.0,45.0,42.541,-1.0,-1.0,-1.0,-1.0,-1.0,-1.0,0.0,43237376.0,0.0,0.0,-1.0,-1.0,-1.0,0.0,0.0,0
0.0,64.0,60.5,-1.0,-1.0,-1.0,-1.0,-1.0,-1.0,0.0,43237376.0,0.0,0.0,-1.0,-1.0,-1.0,0.0,0.0,0
0.0,70.0,64.75,-1.0,-1.0,-1.0,-1.0,-1.0,-1.0,0.0,43237376.0,0.0,0.0,-1.0,-1.0,-1.0,0.0,0.0,0
0.0,68.0,63.542,-1.0,-1.0,-1.0,-1.0,-1.0,-1.0,0.0,43253760.0,0.0,0.0,-1.0,-1.0,-1.0,0.0,0.0,0
0.0,72.0,66.458,-1.0,-1.0,-1.0,-1.0,-1.0,-1.0,0.0,43253760.0,0.0,0.0,-1.0,-1.0,-1.0,0.0,0.0,0
0.0,65.0,61.917,-1.0,-1.0,-1.0,-1.0,-1.0,-1.0,0.0,43253760.0,0.0,0.0,-1.0,-1.0,-1.0,0.0,0.0,0
0.0,84.0,78.75,-1.0,-1.0,-1.0,-1.0,-1.0,-1.0,0.0,43253760.0,0.0,0.0,-1.0,-1.0,-1.0,0.0,0.0,0
0.0,81.0,77.667,-1.0,-1.0,-1.0,-1.0,-1.0,-1.0,0.0,43270144.0,0.0,0.0,-1.0,-1.0,-1.0,0.0,0.0,0
0.0,80.0,76.375,-1.0,-1.0,-1.0,-1.0,-1.0,-1.0,0.0,43270144.0,0.0,0.0,-1.0,-1.0,-1.0,0.0,0.0,0
0.0,86.0,79.542,-1.0,-1.0,-1.0,-1.0,-1.0,-1.0,0.0,43270144.0,0.0,0.0,-1.0,-1.0,-1.0,0.0,0.0,0
1.0,117.0,151.917,-1.0,-1.0,-1.0,-1.0,-1.0,-1.0,0.0,43270144.0,0.0,0.0,-1.0,-1.0,-1.0,0.0,0.0,0
0.0,85.0,79.625,-1.0,-1.0,-1.0,-1.0,-1.0,-1.0,0.0,43286528.0,0.0,0.0,-1.0,-1.0,-1.0,0.0,0.0,0
0.0,48.0,43.667,-1.0,-1.0,-1.0,-1.0,-1.0,-1.0,0.0,43286528.0,0.0,0.0,-1.0,-1.0,-1.0,0.0,0.0,0
0.0,67.0,62.125,-1.0,-1.0,-1.0,-1.0,-1.0,-1.0,0.0,43286528.0,0.0,0.0,-1.0,-1.0,-1.0,0.0,0.0,0
0.0,83.0,78.291,-1.0,-1.0,-1.0,-1.0,-1.0,-1.0,0.0,43286528.0,0.0,0.0,-1.0,-1.0,-1.0,0.0,0.0,0
0.0,84.0,79.833,-1.0,-1.0,-1.0,-1.0,-1.0,-1.0,0.0,43286528.0,0.0,0.0,-1.0,-1.0,-1.0,0.0,0.0,0
0.0,90.0,83.459,-1.0,-1.0,-1.0,-1.0,-1.0,-1.0,0.0,43286528.0,0.0,0.0,-1.0,-1.0,-1.0,0.0,0.0,0
0.0,84.0,78.584,-1.0,-1.0,-1.0,-1.0,-1.0,-1.0,0.0,43286528.0,0.0,0.0,-1.0,-1.0,-1.0,0.0,0.0,0
0.0,83.0,77.625,-1.0,-1.0,-1.0,-1.0,-1.0,-1.0,0.0,43286528.0,0.0,0.0,-1.0,-1.0,-1.0,0.0,0.0,0
0.0,84.0,78.708,-1.0,-1.0,-1.0,-1.0,-1.0,-1.0,0.0,43286528.0,0.0,0.0,-1.0,-1.0,-1.0,0.0,0.0,0
0.0,81.0,77.417,-1.0,-1.0,-1.0,-1.0,-1.0,-1.0,0.0,43286528.0,0.0,0.0,-1.0,-1.0,-1.0,0.0,0.0,0
0.0,91.0,81.375,-1.0,-1.0,-1.0,-1.0,-1.0,-1.0,0.0,43286528.0,0.0,0.0,-1.0,-1.0,-1.0,0.0,0.0,0
0.0,69.0,63.5,-1.0,-1.0,-1.0,-1.0,-1.0,-1.0,0.0,43286528.0,0.0,0.0,-1.0,-1.0,-1.0,0.0,0.0,0
0.0,48.0,42.791,-1.0,-1.0,-1.0,-1.0,-1.0,-1.0,0.0,43286528.0,0.0,0.0,-1.0,-1.0,-1.0,0.0,0.0,0
0.0,69.0,64.625,-1.0,-1.0,-1.0,-1.0,-1.0,-1.0,0.0,43286528.0,0.0,0.0,-1.0,-1.0,-1.0,0.0,0.0,0
0.0,47.0,43.583,-1.0,-1.0,-1.0,-1.0,-1.0,-1.0,0.0,43286528.0,0.0,0.0,-1.0,-1.0,-1.0,0.0,0.0,0
0.0,73.0,66.416,-1.0,-1.0,-1.0,-1.0,-1.0,-1.0,0.0,43286528.0,0.0,0.0,-1.0,-1.0,-1.0,0.0,0.0,0
0.0,69.0,62.833,-1.0,-1.0,-1.0,-1.0,-1.0,-1.0,0.0,43302912.0,0.0,0.0,-1.0,-1.0,-1.0,0.0,0.0,0
0.0,69.0,63.625,-1.0,-1.0,-1.0,-1.0,-1.0,-1.0,0.0,43319296.0,0.0,0.0,-1.0,-1.0,-1.0,0.0,0.0,0
0.0,76.0,69.5,-1.0,-1.0,-1.0,-1.0,-1.0,-1.0,0.0,43319296.0,0.0,0.0,-1.0,-1.0,-1.0,0.0,0.0,0
0.0,93.0,86.667,-1.0,-1.0,-1.0,-1.0,-1.0,-1.0,0.0,43319296.0,0.0,0.0,-1.0,-1.0,-1.0,0.0,0.0,0
1.0,73.0,72.458,-1.0,-1.0,-1.0,-1.0,-1.0,-1.0,0.0,43319296.0,0.0,0.0,-1.0,-1.0,-1.0,0.0,0.0,0
0.0,57.0,52.541,-1.0,-1.0,-1.0,-1.0,-1.0,-1.0,0.0,43319296.0,0.0,0.0,-1.0,-1.0,-1.0,0.0,0.0,0
4.0,81.0,424.917,-1.0,-1.0,-1.0,-1.0,-1.0,-1.0,0.0,43319296.0,0.0,0.0,-1.0,-1.0,-1.0,0.0,0.0,0
0.0,61.0,54.125,-1.0,-1.0,-1.0,-1.0,-1.0,-1.0,0.0,43319296.0,0.0,0.0,-1.0,-1.0,-1.0,0.0,0.0,0
1.0,60.0,78.541,-1.0,-1.0,-1.0,-1.0,-1.0,-1.0,0.0,43319296.0,0.0,0.0,-1.0,-1.0,-1.0,0.0,0.0,0
0.0,48.0,42.958,-1.0,-1.0,-1.0,-1.0,-1.0,-1.0,0.0,43319296.0,0.0,0.0,-1.0,-1.0,-1.0,0.0,0.0,0
0.0,57.0,50.25,-1.0,-1.0,-1.0,-1.0,-1.0,-1.0,0.0,43319296.0,0.0,0.0,-1.0,-1.0,-1.0,0.0,0.0,0
0.0,58.0,52.167,-1.0,-1.0,-1.0,-1.0,-1.0,-1.0,0.0,43319296.0,0.0,0.0,-1.0,-1.0,-1.0,0.0,0.0,0
0.0,53.0,45.75,-1.0,-1.0,-1.0,-1.0,-1.0,-1.0,0.0,43319296.0,0.0,0.0,-1.0,-1.0,-1.0,0.0,0.0,0
0.0,48.0,44.083,-1.0,-1.0,-1.0,-1.0,-1.0,-1.0,0.0,43335680.0,0.0,0.0,-1.0,-1.0,-1.0,0.0,0.0,0
0.0,51.0,46.917,-1.0,-1.0,-1.0,-1.0,-1.0,-1.0,0.0,43335680.0,0.0,0.0,-1.0,-1.0,-1.0,0.0,0.0,0
0.0,96.0,89.459,-1.0,-1.0,-1.0,-1.0,-1.0,-1.0,0.0,43335680.0,0.0,0.0,-1.0,-1.0,-1.0,0.0,0.0,0
0.0,98.0,92.084,-1.0,-1.0,-1.0,-1.0,-1.0,-1.0,0.0,43335680.0,0.0,0.0,-1.0,-1.0,-1.0,0.0,0.0,0
0.0,80.0,69.833,-1.0,-1.0,-1.0,-1.0,-1.0,-1.0,0.0,43335680.0,0.0,0.0,-1.0,-1.0,-1.0,0.0,0.0,0
0.0,57.0,51.75,-1.0,-1.0,-1.0,-1.0,-1.0,-1.0,0.0,43352064.0,0.0,0.0,-1.0,-1.0,-1.0,0.0,0.0,0
0.0,76.0,67.292,-1.0,-1.0,-1.0,-1.0,-1.0,-1.0,0.0,43352064.0,0.0,0.0,-1.0,-1.0,-1.0,0.0,0.0,0
0.0,76.0,65.458,-1.0,-1.0,-1.0,-1.0,-1.0,-1.0,0.0,43368448.0,0.0,0.0,-1.0,-1.0,-1.0,0.0,0.0,0
0.0,62.0,56.791,-1.0,-1.0,-1.0,-1.0,-1.0,-1.0,0.0,43368448.0,0.0,0.0,-1.0,-1.0,-1.0,0.0,0.0,0
0.0,78.0,72.125,-1.0,-1.0,-1.0,-1.0,-1.0,-1.0,0.0,43368448.0,0.0,0.0,-1.0,-1.0,-1.0,0.0,0.0,0
0.0,82.0,76.0,-1.0,-1.0,-1.0,-1.0,-1.0,-1.0,0.0,43368448.0,0.0,0.0,-1.0,-1.0,-1.0,0.0,0.0,0
0.0,74.0,67.209,-1.0,-1.0,-1.0,-1.0,-1.0,-1.0,0.0,43368448.0,0.0,0.0,-1.0,-1.0,-1.0,0.0,0.0,0
0.0,82.0,78.0,-1.0,-1.0,-1.0,-1.0,-1.0,-1.0,0.0,43368448.0,0.0,0.0,-1.0,-1.0,-1.0,0.0,0.0,0
0.0,85.0,80.417,-1.0,-1.0,-1.0,-1.0,-1.0,-1.0,0.0,43368448.0,0.0,0.0,-1.0,-1.0,-1.0,0.0,0.0,0
0.0,78.0,76.125,-1.0,-1.0,-1.0,-1.0,-1.0,-1.0,0.0,43368448.0,0.0,0.0,-1.0,-1.0,-1.0,0.0,0.0,0
0.0,98.0,91.416,-1.0,-1.0,-1.0,-1.0,-1.0,-1.0,0.0,43384832.0,0.0,0.0,-1.0,-1.0,-1.0,0.0,0.0,0
0.0,63.0,57.833,-1.0,-1.0,-1.0,-1.0,-1.0,-1.0,0.0,43384832.0,0.0,0.0,-1.0,-1.0,-1.0,0.0,0.0,0
0.0,58.0,52.625,-1.0,-1.0,-1.0,-1.0,-1.0,-1.0,0.0,43384832.0,0.0,0.0,-1.0,-1.0,-1.0,0.0,0.0,0
0.0,64.0,60.334,-1.0,-1.0,-1.0,-1.0,-1.0,-1.0,0.0,43384832.0,0.0,0.0,-1.0,-1.0,-1.0,0.0,0.0,0
0.0,49.0,44.041,-1.0,-1.0,-1.0,-1.0,-1.0,-1.0,0.0,43384832.0,0.0,0.0,-1.0,-1.0,-1.0,0.0,0.0,0
0.0,52.0,45.792,-1.0,-1.0,-1.0,-1.0,-1.0,-1.0,0.0,43384832.0,0.0,0.0,-1.0,-1.0,-1.0,0.0,0.0,0
0.0,84.0,74.5,-1.0,-1.0,-1.0,-1.0,-1.0,-1.0,0.0,43384832.0,0.0,0.0,-1.0,-1.0,-1.0,0.0,0.0,0
0.0,101.0,89.417,-1.0,-1.0,-1.0,-1.0,-1.0,-1.0,0.0,43401216.0,0.0,0.0,-1.0,-1.0,-1.0,0.0,0.0,0
0.0,97.0,88.5,-1.0,-1.0,-1.0,-1.0,-1.0,-1.0,0.0,43401216.0,0.0,0.0,-1.0,-1.0,-1.0,0.0,0.0,0
0.0,96.0,86.333,-1.0,-1.0,-1.0,-1.0,-1.0,-1.0,0.0,43401216.0,0.0,0.0,-1.0,-1.0,-1.0,0.0,0.0,0
0.0,100.0,92.583,-1.0,-1.0,-1.0,-1.0,-1.0,-1.0,0.0,43401216.0,0.0,0.0,-1.0,-1.0,-1.0,0.0,0.0,0
0.0,100.0,91.833,-1.0,-1.0,-1.0,-1.0,-1.0,-1.0,0.0,43401216.0,0.0,0.0,-1.0,-1.0,-1.0,0.0,0.0,0
0.0,72.0,67.416,-1.0,-1.0,-1.0,-1.0,-1.0,-1.0,0.0,43401216.0,0.0,0.0,-1.0,-1.0,-1.0,0.0,0.0,0
0.0,52.0,46.916,-1.0,-1.0,-1.0,-1.0,-1.0,-1.0,0.0,43401216.0,0.0,0.0,-1.0,-1.0,-1.0,0.0,0.0,0
0.0,77.0,69.5,-1.0,-1.0,-1.0,-1.0,-1.0,-1.0,0.0,43401216.0,0.0,0.0,-1.0,-1.0,-1.0,0.0,0.0,0
0.0,77.0,70.334,-1.0,-1.0,-1.0,-1.0,-1.0,-1.0,0.0,43401216.0,0.0,0.0,-1.0,-1.0,-1.0,0.0,0.0,0
0.0,76.0,65.375,-1.0,-1.0,-1.0,-1.0,-1.0,-1.0,0.0,43401216.0,0.0,0.0,-1.0,-1.0,-1.0,0.0,0.0,0
0.0,74.0,65.333,-1.0,-1.0,-1.0,-1.0,-1.0,-1.0,0.0,43401216.0,0.0,0.0,-1.0,-1.0,-1.0,0.0,0.0,0
0.0,78.0,72.833,-1.0,-1.0,-1.0,-1.0,-1.0,-1.0,0.0,43401216.0,0.0,0.0,-1.0,-1.0,-1.0,0.0,0.0,0
0.0,80.0,76.584,-1.0,-1.0,-1.0,-1.0,-1.0,-1.0,0.0,43401216.0,0.0,0.0,-1.0,-1.0,-1.0,0.0,0.0,0
0.0,86.0,81.25,-1.0,-1.0,-1.0,-1.0,-1.0,-1.0,0.0,43401216.0,0.0,0.0,-1.0,-1.0,-1.0,0.0,0.0,0
0.0,89.0,84.458,-1.0,-1.0,-1.0,-1.0,-1.0,-1.0,0.0,43417600.0,0.0,0.0,-1.0,-1.0,-1.0,0.0,0.0,0
0.0,56.0,51.25,-1.0,-1.0,-1.0,-1.0,-1.0,-1.0,0.0,43417600.0,0.0,0.0,-1.0,-1.0,-1.0,0.0,0.0,0
0.0,70.0,65.0,-1.0,-1.0,-1.0,-1.0,-1.0,-1.0,0.0,43417600.0,0.0,0.0,-1.0,-1.0,-1.0,0.0,0.0,0
0.0,58.0,52.458,-1.0,-1.0,-1.0,-1.0,-1.0,-1.0,0.0,43433984.0,0.0,0.0,-1.0,-1.0,-1.0,0.0,0.0,0
0.0,64.0,59.583,-1.0,-1.0,-1.0,-1.0,-1.0,-1.0,0.0,43433984.0,0.0,0.0,-1.0,-1.0,-1.0,0.0,0.0,0
0.0,62.0,58.416,-1.0,-1.0,-1.0,-1.0,-1.0,-1.0,0.0,43433984.0,0.0,0.0,-1.0,-1.0,-1.0,0.0,0.0,0
0.0,60.0,55.125,-1.0,-1.0,-1.0,-1.0,-1.0,-1.0,0.0,43433984.0,0.0,0.0,-1.0,-1.0,-1.0,0.0,0.0,0
0.0,63.0,56.958,-1.0,-1.0,-1.0,-1.0,-1.0,-1.0,0.0,43433984.0,0.0,0.0,-1.0,-1.0,-1.0,0.0,0.0,0
0.0,76.0,71.5,-1.0,-1.0,-1.0,-1.0,-1.0,-1.0,0.0,43450368.0,0.0,0.0,-1.0,-1.0,-1.0,0.0,0.0,0
0.0,76.0,68.125,-1.0,-1.0,-1.0,-1.0,-1.0,-1.0,0.0,43450368.0,0.0,0.0,-1.0,-1.0,-1.0,0.0,0.0,0
0.0,94.0,86.459,-1.0,-1.0,-1.0,-1.0,-1.0,-1.0,0.0,43450368.0,0.0,0.0,-1.0,-1.0,-1.0,0.0,0.0,0
0.0,96.0,86.709,-1.0,-1.0,-1.0,-1.0,-1.0,-1.0,0.0,43466752.0,0.0,0.0,-1.0,-1.0,-1.0,0.0,0.0,0
0.0,93.0,87.25,-1.0,-1.0,-1.0,-1.0,-1.0,-1.0,0.0,43466752.0,0.0,0.0,-1.0,-1.0,-1.0,0.0,0.0,0
0.0,100.0,93.417,-1.0,-1.0,-1.0,-1.0,-1.0,-1.0,0.0,43466752.0,0.0,0.0,-1.0,-1.0,-1.0,0.0,0.0,0
0.0,70.0,57.667,-1.0,-1.0,-1.0,-1.0,-1.0,-1.0,0.0,43466752.0,0.0,0.0,-1.0,-1.0,-1.0,0.0,0.0,0
0.0,59.0,53.5,-1.0,-1.0,-1.0,-1.0,-1.0,-1.0,0.0,43466752.0,0.0,0.0,-1.0,-1.0,-1.0,0.0,0.0,0
0.0,74.0,69.542,-1.0,-1.0,-1.0,-1.0,-1.0,-1.0,0.0,43466752.0,0.0,0.0,-1.0,-1.0,-1.0,0.0,0.0,0
0.0,77.0,71.667,-1.0,-1.0,-1.0,-1.0,-1.0,-1.0,0.0,43466752.0,0.0,0.0,-1.0,-1.0,-1.0,0.0,0.0,0
0.0,96.0,90.5,-1.0,-1.0,-1.0,-1.0,-1.0,-1.0,0.0,43466752.0,0.0,0.0,-1.0,-1.0,-1.0,0.0,0.0,0
0.0,99.0,89.0,-1.0,-1.0,-1.0,-1.0,-1.0,-1.0,0.0,43466752.0,0.0,0.0,-1.0,-1.0,-1.0,0.0,0.0,0
0.0,91.0,85.708,-1.0,-1.0,-1.0,-1.0,-1.0,-1.0,0.0,43483136.0,0.0,0.0,-1.0,-1.0,-1.0,0.0,0.0,0
0.0,83.0,78.708,-1.0,-1.0,-1.0,-1.0,-1.0,-1.0,0.0,43483136.0,0.0,0.0,-1.0,-1.0,-1.0,0.0,0.0,0
1.0,108.0,116.084,-1.0,-1.0,-1.0,-1.0,-1.0,-1.0,0.0,43483136.0,0.0,0.0,-1.0,-1.0,-1.0,0.0,0.0,0
1.0,101.0,104.917,-1.0,-1.0,-1.0,-1.0,-1.0,-1.0,0.0,43483136.0,0.0,0.0,-1.0,-1.0,-1.0,0.0,0.0,0
0.0,91.0,86.25,-1.0,-1.0,-1.0,-1.0,-1.0,-1.0,0.0,43483136.0,0.0,0.0,-1.0,-1.0,-1.0,0.0,0.0,0
0.0,53.0,48.084,-1.0,-1.0,-1.0,-1.0,-1.0,-1.0,0.0,43483136.0,0.0,0.0,-1.0,-1.0,-1.0,0.0,0.0,0
0.0,54.0,49.834,-1.0,-1.0,-1.0,-1.0,-1.0,-1.0,0.0,43483136.0,0.0,0.0,-1.0,-1.0,-1.0,0.0,0.0,0
0.0,73.0,67.125,-1.0,-1.0,-1.0,-1.0,-1.0,-1.0,0.0,43483136.0,0.0,0.0,-1.0,-1.0,-1.0,0.0,0.0,0
0.0,64.0,59.417,-1.0,-1.0,-1.0,-1.0,-1.0,-1.0,0.0,43483136.0,0.0,0.0,-1.0,-1.0,-1.0,0.0,0.0,0
0.0,63.0,59.334,-1.0,-1.0,-1.0,-1.0,-1.0,-1.0,0.0,43483136.0,0.0,0.0,-1.0,-1.0,-1.0,0.0,0.0,0
0.0,68.0,63.667,-1.0,-1.0,-1.0,-1.0,-1.0,-1.0,0.0,43483136.0,0.0,0.0,-1.0,-1.0,-1.0,0.0,0.0,0
0.0,58.0,51.375,-1.0,-1.0,-1.0,-1.0,-1.0,-1.0,0.0,43483136.0,0.0,0.0,-1.0,-1.0,-1.0,0.0,0.0,0
0.0,62.0,56.125,-1.0,-1.0,-1.0,-1.0,-1.0,-1.0,0.0,43483136.0,0.0,0.0,-1.0,-1.0,-1.0,0.0,0.0,0
0.0,62.0,54.583,-1.0,-1.0,-1.0,-1.0,-1.0,-1.0,0.0,43483136.0,0.0,0.0,-1.0,-1.0,-1.0,0.0,0.0,0
1.0,62.0,61.208,-1.0,-1.0,-1.0,-1.0,-1.0,-1.0,0.0,43483136.0,0.0,0.0,-1.0,-1.0,-1.0,0.0,0.0,0
0.0,93.0,88.5,-1.0,-1.0,-1.0,-1.0,-1.0,-1.0,0.0,43483136.0,0.0,0.0,-1.0,-1.0,-1.0,0.0,0.0,0
0.0,80.0,72.875,-1.0,-1.0,-1.0,-1.0,-1.0,-1.0,0.0,43499520.0,0.0,0.0,-1.0,-1.0,-1.0,0.0,0.0,0
0.0,76.0,68.792,-1.0,-1.0,-1.0,-1.0,-1.0,-1.0,0.0,43532288.0,0.0,0.0,-1.0,-1.0,-1.0,0.0,0.0,0
0.0,55.0,51.875,-1.0,-1.0,-1.0,-1.0,-1.0,-1.0,0.0,43532288.0,0.0,0.0,-1.0,-1.0,-1.0,0.0,0.0,0
0.0,84.0,78.084,-1.0,-1.0,-1.0,-1.0,-1.0,-1.0,0.0,43532288.0,0.0,0.0,-1.0,-1.0,-1.0,0.0,0.0,0
0.0,76.0,68.917,-1.0,-1.0,-1.0,-1.0,-1.0,-1.0,0.0,43532288.0,0.0,0.0,-1.0,-1.0,-1.0,0.0,0.0,0
0.0,79.0,69.333,-1.0,-1.0,-1.0,-1.0,-1.0,-1.0,0.0,43532288.0,0.0,0.0,-1.0,-1.0,-1.0,0.0,0.0,0
0.0,78.0,69.834,-1.0,-1.0,-1.0,-1.0,-1.0,-1.0,0.0,43532288.0,0.0,0.0,-1.0,-1.0,-1.0,0.0,0.0,0
0.0,80.0,76.333,-1.0,-1.0,-1.0,-1.0,-1.0,-1.0,0.0,43532288.0,0.0,0.0,-1.0,-1.0,-1.0,0.0,0.0,0
0.0,72.0,68.666,-1.0,-1.0,-1.0,-1.0,-1.0,-1.0,0.0,43532288.0,0.0,0.0,-1.0,-1.0,-1.0,0.0,0.0,0
0.0,92.0,86.0,-1.0,-1.0,-1.0,-1.0,-1.0,-1.0,0.0,43532288.0,0.0,0.0,-1.0,-1.0,-1.0,0.0,0.0,0
1.0,97.0,222.542,-1.0,-1.0,-1.0,-1.0,-1.0,-1.0,0.0,43532288.0,0.0,0.0,-1.0,-1.0,-1.0,0.0,0.0,0
0.0,96.0,89.0,-1.0,-1.0,-1.0,-1.0,-1.0,-1.0,0.0,43532288.0,0.0,0.0,-1.0,-1.0,-1.0,0.0,0.0,0
0.0,80.0,75.959,-1.0,-1.0,-1.0,-1.0,-1.0,-1.0,0.0,43532288.0,0.0,0.0,-1.0,-1.0,-1.0,0.0,0.0,0
0.0,57.0,50.25,-1.0,-1.0,-1.0,-1.0,-1.0,-1.0,0.0,43532288.0,0.0,0.0,-1.0,-1.0,-1.0,0.0,0.0,0
0.0,68.0,61.875,-1.0,-1.0,-1.0,-1.0,-1.0,-1.0,0.0,43532288.0,0.0,0.0,-1.0,-1.0,-1.0,0.0,0.0,0
0.0,70.0,64.625,-1.0,-1.0,-1.0,-1.0,-1.0,-1.0,0.0,43548672.0,0.0,0.0,-1.0,-1.0,-1.0,0.0,0.0,0
0.0,73.0,67.75,-1.0,-1.0,-1.0,-1.0,-1.0,-1.0,0.0,43548672.0,0.0,0.0,-1.0,-1.0,-1.0,0.0,0.0,0
0.0,96.0,89.416,-1.0,-1.0,-1.0,-1.0,-1.0,-1.0,0.0,43548672.0,0.0,0.0,-1.0,-1.0,-1.0,0.0,0.0,0
0.0,99.0,88.833,-1.0,-1.0,-1.0,-1.0,-1.0,-1.0,0.0,43565056.0,0.0,0.0,-1.0,-1.0,-1.0,0.0,0.0,0
0.0,93.0,88.958,-1.0,-1.0,-1.0,-1.0,-1.0,-1.0,0.0,43565056.0,0.0,0.0,-1.0,-1.0,-1.0,0.0,0.0,0
0.0,96.0,86.916,-1.0,-1.0,-1.0,-1.0,-1.0,-1.0,0.0,43565056.0,0.0,0.0,-1.0,-1.0,-1.0,0.0,0.0,0
0.0,102.0,93.667,-1.0,-1.0,-1.0,-1.0,-1.0,-1.0,0.0,43565056.0,0.0,0.0,-1.0,-1.0,-1.0,0.0,0.0,0
0.0,98.0,91.917,-1.0,-1.0,-1.0,-1.0,-1.0,-1.0,0.0,43565056.0,0.0,0.0,-1.0,-1.0,-1.0,0.0,0.0,0
0.0,104.0,97.084,-1.0,-1.0,-1.0,-1.0,-1.0,-1.0,0.0,43565056.0,0.0,0.0,-1.0,-1.0,-1.0,0.0,0.0,0
0.0,70.0,63.625,-1.0,-1.0,-1.0,-1.0,-1.0,-1.0,0.0,43565056.0,0.0,0.0,-1.0,-1.0,-1.0,0.0,0.0,0
0.0,65.0,59.958,-1.0,-1.0,-1.0,-1.0,-1.0,-1.0,0.0,43565056.0,0.0,0.0,-1.0,-1.0,-1.0,0.0,0.0,0
0.0,58.0,53.084,-1.0,-1.0,-1.0,-1.0,-1.0,-1.0,0.0,43565056.0,0.0,0.0,-1.0,-1.0,-1.0,0.0,0.0,0
0.0,68.0,59.125,-1.0,-1.0,-1.0,-1.0,-1.0,-1.0,0.0,43565056.0,0.0,0.0,-1.0,-1.0,-1.0,0.0,0.0,0
0.0,57.0,49.792,-1.0,-1.0,-1.0,-1.0,-1.0,-1.0,0.0,43581440.0,0.0,0.0,-1.0,-1.0,-1.0,0.0,0.0,0
0.0,76.0,70.25,-1.0,-1.0,-1.0,-1.0,-1.0,-1.0,0.0,43581440.0,0.0,0.0,-1.0,-1.0,-1.0,0.0,0.0,0
0.0,74.0,68.041,-1.0,-1.0,-1.0,-1.0,-1.0,-1.0,0.0,43581440.0,0.0,0.0,-1.0,-1.0,-1.0,0.0,0.0,0
0.0,71.0,63.334,-1.0,-1.0,-1.0,-1.0,-1.0,-1.0,0.0,43581440.0,0.0,0.0,-1.0,-1.0,-1.0,0.0,0.0,0
1.0,66.0,66.166,-1.0,-1.0,-1.0,-1.0,-1.0,-1.0,0.0,43581440.0,0.0,0.0,-1.0,-1.0,-1.0,0.0,0.0,0
0.0,55.0,48.959,-1.0,-1.0,-1.0,-1.0,-1.0,-1.0,0.0,43581440.0,0.0,0.0,-1.0,-1.0,-1.0,0.0,0.0,0
0.0,52.0,47.334,-1.0,-1.0,-1.0,-1.0,-1.0,-1.0,0.0,43581440.0,0.0,0.0,-1.0,-1.0,-1.0,0.0,0.0,0
0.0,55.0,51.25,-1.0,-1.0,-1.0,-1.0,-1.0,-1.0,0.0,43597824.0,0.0,0.0,-1.0,-1.0,-1.0,0.0,0.0,0
0.0,72.0,65.916,-1.0,-1.0,-1.0,-1.0,-1.0,-1.0,0.0,43597824.0,0.0,0.0,-1.0,-1.0,-1.0,0.0,0.0,0
0.0,93.0,86.625,-1.0,-1.0,-1.0,-1.0,-1.0,-1.0,0.0,43614208.0,0.0,0.0,-1.0,-1.0,-1.0,0.0,0.0,0
0.0,73.0,65.708,-1.0,-1.0,-1.0,-1.0,-1.0,-1.0,0.0,43614208.0,0.0,0.0,-1.0,-1.0,-1.0,0.0,0.0,0
0.0,74.0,66.375,-1.0,-1.0,-1.0,-1.0,-1.0,-1.0,0.0,43614208.0,0.0,0.0,-1.0,-1.0,-1.0,0.0,0.0,0
0.0,77.0,67.125,-1.0,-1.0,-1.0,-1.0,-1.0,-1.0,0.0,43614208.0,0.0,0.0,-1.0,-1.0,-1.0,0.0,0.0,0
0.0,100.0,94.667,-1.0,-1.0,-1.0,-1.0,-1.0,-1.0,0.0,43614208.0,0.0,0.0,-1.0,-1.0,-1.0,0.0,0.0,0
0.0,87.0,80.583,-1.0,-1.0,-1.0,-1.0,-1.0,-1.0,0.0,43614208.0,0.0,0.0,-1.0,-1.0,-1.0,0.0,0.0,0
0.0,74.0,67.334,-1.0,-1.0,-1.0,-1.0,-1.0,-1.0,0.0,43614208.0,0.0,0.0,-1.0,-1.0,-1.0,0.0,0.0,0
0.0,63.0,56.291,-1.0,-1.0,-1.0,-1.0,-1.0,-1.0,0.0,43614208.0,0.0,0.0,-1.0,-1.0,-1.0,0.0,0.0,0
2.0,76.0,238.5,-1.0,-1.0,-1.0,-1.0,-1.0,-1.0,0.0,43614208.0,0.0,0.0,-1.0,-1.0,-1.0,0.0,0.0,0
0.0,65.0,56.75,-1.0,-1.0,-1.0,-1.0,-1.0,-1.0,0.0,43614208.0,0.0,0.0,-1.0,-1.0,-1.0,0.0,0.0,0
0.0,71.0,64.75,-1.0,-1.0,-1.0,-1.0,-1.0,-1.0,0.0,43614208.0,0.0,0.0,-1.0,-1.0,-1.0,0.0,0.0,0
0.0,73.0,66.583,-1.0,-1.0,-1.0,-1.0,-1.0,-1.0,0.0,43614208.0,0.0,0.0,-1.0,-1.0,-1.0,0.0,0.0,0
1.0,94.0,136.625,-1.0,-1.0,-1.0,-1.0,-1.0,-1.0,0.0,43614208.0,0.0,0.0,-1.0,-1.0,-1.0,0.0,0.0,0
0.0,79.0,72.167,-1.0,-1.0,-1.0,-1.0,-1.0,-1.0,0.0,43614208.0,0.0,0.0,-1.0,-1.0,-1.0,0.0,0.0,0
0.0,59.0,52.834,-1.0,-1.0,-1.0,-1.0,-1.0,-1.0,0.0,43614208.0,0.0,0.0,-1.0,-1.0,-1.0,0.0,0.0,0
0.0,72.0,66.167,-1.0,-1.0,-1.0,-1.0,-1.0,-1.0,0.0,43630592.0,0.0,0.0,-1.0,-1.0,-1.0,0.0,0.0,0
0.0,69.0,63.542,-1.0,-1.0,-1.0,-1.0,-1.0,-1.0,0.0,43630592.0,0.0,0.0,-1.0,-1.0,-1.0,0.0,0.0,0
0.0,71.0,64.167,-1.0,-1.0,-1.0,-1.0,-1.0,-1.0,0.0,43630592.0,0.0,0.0,-1.0,-1.0,-1.0,0.0,0.0,0
0.0,61.0,55.125,-1.0,-1.0,-1.0,-1.0,-1.0,-1.0,0.0,43646976.0,0.0,0.0,-1.0,-1.0,-1.0,0.0,0.0,0
0.0,52.0,46.709,-1.0,-1.0,-1.0,-1.0,-1.0,-1.0,0.0,43646976.0,0.0,0.0,-1.0,-1.0,-1.0,0.0,0.0,0
0.0,49.0,45.375,-1.0,-1.0,-1.0,-1.0,-1.0,-1.0,0.0,43663360.0,0.0,0.0,-1.0,-1.0,-1.0,0.0,0.0,0
0.0,68.0,61.375,-1.0,-1.0,-1.0,-1.0,-1.0,-1.0,0.0,43663360.0,0.0,0.0,-1.0,-1.0,-1.0,0.0,0.0,0
0.0,78.0,71.084,-1.0,-1.0,-1.0,-1.0,-1.0,-1.0,0.0,43663360.0,0.0,0.0,-1.0,-1.0,-1.0,0.0,0.0,0
0.0,71.0,64.75,-1.0,-1.0,-1.0,-1.0,-1.0,-1.0,0.0,43663360.0,0.0,0.0,-1.0,-1.0,-1.0,0.0,0.0,0
0.0,75.0,67.209,-1.0,-1.0,-1.0,-1.0,-1.0,-1.0,0.0,43663360.0,0.0,0.0,-1.0,-1.0,-1.0,0.0,0.0,0
0.0,74.0,66.375,-1.0,-1.0,-1.0,-1.0,-1.0,-1.0,0.0,43663360.0,0.0,0.0,-1.0,-1.0,-1.0,0.0,0.0,0
0.0,73.0,63.5,-1.0,-1.0,-1.0,-1.0,-1.0,-1.0,0.0,43663360.0,0.0,0.0,-1.0,-1.0,-1.0,0.0,0.0,0
0.0,67.0,60.625,-1.0,-1.0,-1.0,-1.0,-1.0,-1.0,0.0,43663360.0,0.0,0.0,-1.0,-1.0,-1.0,0.0,0.0,0
0.0,81.0,70.292,-1.0,-1.0,-1.0,-1.0,-1.0,-1.0,0.0,43663360.0,0.0,0.0,-1.0,-1.0,-1.0,0.0,0.0,0
0.0,113.0,105.5,-1.0,-1.0,-1.0,-1.0,-1.0,-1.0,0.0,43663360.0,0.0,0.0,-1.0,-1.0,-1.0,0.0,0.0,0
0.0,104.0,97.625,-1.0,-1.0,-1.0,-1.0,-1.0,-1.0,0.0,43663360.0,0.0,0.0,-1.0,-1.0,-1.0,0.0,0.0,0
0.0,97.0,87.75,-1.0,-1.0,-1.0,-1.0,-1.0,-1.0,0.0,43663360.0,0.0,0.0,-1.0,-1.0,-1.0,0.0,0.0,0
0.0,68.0,57.833,-1.0,-1.0,-1.0,-1.0,-1.0,-1.0,0.0,43679744.0,0.0,0.0,-1.0,-1.0,-1.0,0.0,0.0,0
0.0,67.0,56.708,-1.0,-1.0,-1.0,-1.0,-1.0,-1.0,0.0,43679744.0,0.0,0.0,-1.0,-1.0,-1.0,0.0,0.0,0
0.0,86.0,81.416,-1.0,-1.0,-1.0,-1.0,-1.0,-1.0,0.0,43679744.0,0.0,0.0,-1.0,-1.0,-1.0,0.0,0.0,0
0.0,71.0,66.625,-1.0,-1.0,-1.0,-1.0,-1.0,-1.0,0.0,43679744.0,0.0,0.0,-1.0,-1.0,-1.0,0.0,0.0,0
0.0,75.0,67.875,-1.0,-1.0,-1.0,-1.0,-1.0,-1.0,0.0,43696128.0,0.0,0.0,-1.0,-1.0,-1.0,0.0,0.0,0
0.0,91.0,85.167,-1.0,-1.0,-1.0,-1.0,-1.0,-1.0,0.0,43696128.0,0.0,0.0,-1.0,-1.0,-1.0,0.0,0.0,0
0.0,85.0,80.334,-1.0,-1.0,-1.0,-1.0,-1.0,-1.0,0.0,43696128.0,0.0,0.0,-1.0,-1.0,-1.0,0.0,0.0,0
0.0,82.0,76.791,-1.0,-1.0,-1.0,-1.0,-1.0,-1.0,0.0,43696128.0,0.0,0.0,-1.0,-1.0,-1.0,0.0,0.0,0
0.0,79.0,76.542,-1.0,-1.0,-1.0,-1.0,-1.0,-1.0,0.0,43696128.0,0.0,0.0,-1.0,-1.0,-1.0,0.0,0.0,0
0.0,83.0,78.75,-1.0,-1.0,-1.0,-1.0,-1.0,-1.0,0.0,43696128.0,0.0,0.0,-1.0,-1.0,-1.0,0.0,0.0,0
0.0,93.0,87.417,-1.0,-1.0,-1.0,-1.0,-1.0,-1.0,0.0,43696128.0,0.0,0.0,-1.0,-1.0,-1.0,0.0,0.0,0
0.0,90.0,84.75,-1.0,-1.0,-1.0,-1.0,-1.0,-1.0,0.0,43696128.0,0.0,0.0,-1.0,-1.0,-1.0,0.0,0.0,0
0.0,75.0,65.709,-1.0,-1.0,-1.0,-1.0,-1.0,-1.0,0.0,43696128.0,0.0,0.0,-1.0,-1.0,-1.0,0.0,0.0,0
0.0,64.0,54.208,-1.0,-1.0,-1.0,-1.0,-1.0,-1.0,0.0,43696128.0,0.0,0.0,-1.0,-1.0,-1.0,0.0,0.0,0
0.0,73.0,62.667,-1.0,-1.0,-1.0,-1.0,-1.0,-1.0,0.0,43696128.0,0.0,0.0,-1.0,-1.0,-1.0,0.0,0.0,0
0.0,79.0,72.041,-1.0,-1.0,-1.0,-1.0,-1.0,-1.0,0.0,43696128.0,0.0,0.0,-1.0,-1.0,-1.0,0.0,0.0,0
0.0,94.0,86.916,-1.0,-1.0,-1.0,-1.0,-1.0,-1.0,0.0,43712512.0,0.0,0.0,-1.0,-1.0,-1.0,0.0,0.0,0
0.0,77.0,71.625,-1.0,-1.0,-1.0,-1.0,-1.0,-1.0,0.0,43728896.0,0.0,0.0,-1.0,-1.0,-1.0,0.0,0.0,0
0.0,100.0,92.791,-1.0,-1.0,-1.0,-1.0,-1.0,-1.0,0.0,43728896.0,0.0,0.0,-1.0,-1.0,-1.0,0.0,0.0,0
0.0,97.0,88.167,-1.0,-1.0,-1.0,-1.0,-1.0,-1.0,0.0,43728896.0,0.0,0.0,-1.0,-1.0,-1.0,0.0,0.0,0
0.0,104.0,95.25,-1.0,-1.0,-1.0,-1.0,-1.0,-1.0,0.0,43728896.0,0.0,0.0,-1.0,-1.0,-1.0,0.0,0.0,0
0.0,96.0,90.417,-1.0,-1.0,-1.0,-1.0,-1.0,-1.0,0.0,43728896.0,0.0,0.0,-1.0,-1.0,-1.0,0.0,0.0,0
0.0,59.0,55.208,-1.0,-1.0,-1.0,-1.0,-1.0,-1.0,0.0,43728896.0,0.0,0.0,-1.0,-1.0,-1.0,0.0,0.0,0
0.0,90.0,81.458,-1.0,-1.0,-1.0,-1.0,-1.0,-1.0,0.0,43728896.0,0.0,0.0,-1.0,-1.0,-1.0,0.0,0.0,0
0.0,80.0,72.958,-1.0,-1.0,-1.0,-1.0,-1.0,-1.0,0.0,43728896.0,0.0,0.0,-1.0,-1.0,-1.0,0.0,0.0,0
0.0,80.0,72.959,-1.0,-1.0,-1.0,-1.0,-1.0,-1.0,0.0,43728896.0,0.0,0.0,-1.0,-1.0,-1.0,0.0,0.0,0
0.0,95.0,89.459,-1.0,-1.0,-1.0,-1.0,-1.0,-1.0,0.0,43745280.0,0.0,0.0,-1.0,-1.0,-1.0,0.0,0.0,0
0.0,94.0,88.375,-1.0,-1.0,-1.0,-1.0,-1.0,-1.0,0.0,43745280.0,0.0,0.0,-1.0,-1.0,-1.0,0.0,0.0,0
1.0,106.0,146.542,-1.0,-1.0,-1.0,-1.0,-1.0,-1.0,0.0,43745280.0,0.0,0.0,-1.0,-1.0,-1.0,0.0,0.0,0
0.0,96.0,88.333,-1.0,-1.0,-1.0,-1.0,-1.0,-1.0,0.0,43745280.0,0.0,0.0,-1.0,-1.0,-1.0,0.0,0.0,0
0.0,90.0,85.834,-1.0,-1.0,-1.0,-1.0,-1.0,-1.0,0.0,43745280.0,0.0,0.0,-1.0,-1.0,-1.0,0.0,0.0,0
0.0,88.0,84.083,-1.0,-1.0,-1.0,-1.0,-1.0,-1.0,0.0,43745280.0,0.0,0.0,-1.0,-1.0,-1.0,0.0,0.0,0
0.0,95.0,88.667,-1.0,-1.0,-1.0,-1.0,-1.0,-1.0,0.0,43745280.0,0.0,0.0,-1.0,-1.0,-1.0,0.0,0.0,0
0.0,54.0,49.625,-1.0,-1.0,-1.0,-1.0,-1.0,-1.0,0.0,43745280.0,0.0,0.0,-1.0,-1.0,-1.0,0.0,0.0,0
0.0,59.0,55.042,-1.0,-1.0,-1.0,-1.0,-1.0,-1.0,0.0,43761664.0,0.0,0.0,-1.0,-1.0,-1.0,0.0,0.0,0
0.0,69.0,61.792,-1.0,-1.0,-1.0,-1.0,-1.0,-1.0,0.0,43761664.0,0.0,0.0,-1.0,-1.0,-1.0,0.0,0.0,0
0.0,61.0,57.125,-1.0,-1.0,-1.0,-1.0,-1.0,-1.0,0.0,43761664.0,0.0,0.0,-1.0,-1.0,-1.0,0.0,0.0,0
0.0,58.0,53.292,-1.0,-1.0,-1.0,-1.0,-1.0,-1.0,0.0,43761664.0,0.0,0.0,-1.0,-1.0,-1.0,0.0,0.0,0
0.0,70.0,59.625,-1.0,-1.0,-1.0,-1.0,-1.0,-1.0,0.0,43761664.0,0.0,0.0,-1.0,-1.0,-1.0,0.0,0.0,0
0.0,87.0,78.666,-1.0,-1.0,-1.0,-1.0,-1.0,-1.0,0.0,43761664.0,0.0,0.0,-1.0,-1.0,-1.0,0.0,0.0,0
0.0,76.0,70.25,-1.0,-1.0,-1.0,-1.0,-1.0,-1.0,0.0,43761664.0,0.0,0.0,-1.0,-1.0,-1.0,0.0,0.0,0
0.0,76.0,69.541,-1.0,-1.0,-1.0,-1.0,-1.0,-1.0,0.0,43778048.0,0.0,0.0,-1.0,-1.0,-1.0,0.0,0.0,0
0.0,75.0,69.292,-1.0,-1.0,-1.0,-1.0,-1.0,-1.0,0.0,43778048.0,0.0,0.0,-1.0,-1.0,-1.0,0.0,0.0,0
0.0,98.0,89.417,-1.0,-1.0,-1.0,-1.0,-1.0,-1.0,0.0,43778048.0,0.0,0.0,-1.0,-1.0,-1.0,0.0,0.0,0
0.0,96.0,90.958,-1.0,-1.0,-1.0,-1.0,-1.0,-1.0,0.0,43794432.0,0.0,0.0,-1.0,-1.0,-1.0,0.0,0.0,0
0.0,93.0,83.541,-1.0,-1.0,-1.0,-1.0,-1.0,-1.0,0.0,43794432.0,0.0,0.0,-1.0,-1.0,-1.0,0.0,0.0,0
0.0,60.0,53.917,-1.0,-1.0,-1.0,-1.0,-1.0,-1.0,0.0,43794432.0,0.0,0.0,-1.0,-1.0,-1.0,0.0,0.0,0
0.0,86.0,76.708,-1.0,-1.0,-1.0,-1.0,-1.0,-1.0,0.0,43794432.0,0.0,0.0,-1.0,-1.0,-1.0,0.0,0.0,0
1.0,80.0,109.416,-1.0,-1.0,-1.0,-1.0,-1.0,-1.0,0.0,43794432.0,0.0,0.0,-1.0,-1.0,-1.0,0.0,0.0,0
1.0,96.0,132.542,-1.0,-1.0,-1.0,-1.0,-1.0,-1.0,0.0,43794432.0,0.0,0.0,-1.0,-1.0,-1.0,0.0,0.0,0
0.0,104.0,95.625,-1.0,-1.0,-1.0,-1.0,-1.0,-1.0,0.0,43794432.0,0.0,0.0,-1.0,-1.0,-1.0,0.0,0.0,0
0.0,74.0,68.417,-1.0,-1.0,-1.0,-1.0,-1.0,-1.0,0.0,43810816.0,0.0,0.0,-1.0,-1.0,-1.0,0.0,0.0,0
0.0,61.0,58.667,-1.0,-1.0,-1.0,-1.0,-1.0,-1.0,0.0,43810816.0,0.0,0.0,-1.0,-1.0,-1.0,0.0,0.0,0
0.0,84.0,79.333,-1.0,-1.0,-1.0,-1.0,-1.0,-1.0,0.0,43810816.0,0.0,0.0,-1.0,-1.0,-1.0,0.0,0.0,0
1.0,94.0,115.042,-1.0,-1.0,-1.0,-1.0,-1.0,-1.0,0.0,43810816.0,0.0,0.0,-1.0,-1.0,-1.0,0.0,0.0,0
2.0,125.0,398.792,-1.0,-1.0,-1.0,-1.0,-1.0,-1.0,0.0,43810816.0,0.0,0.0,-1.0,-1.0,-1.0,0.0,0.0,0
0.0,54.0,48.0,-1.0,-1.0,-1.0,-1.0,-1.0,-1.0,0.0,43810816.0,0.0,0.0,-1.0,-1.0,-1.0,0.0,0.0,0
0.0,59.0,52.458,-1.0,-1.0,-1.0,-1.0,-1.0,-1.0,0.0,43810816.0,0.0,0.0,-1.0,-1.0,-1.0,0.0,0.0,0
0.0,68.0,63.917,-1.0,-1.0,-1.0,-1.0,-1.0,-1.0,0.0,43810816.0,0.0,0.0,-1.0,-1.0,-1.0,0.0,0.0,0
0.0,65.0,61.042,-1.0,-1.0,-1.0,-1.0,-1.0,-1.0,0.0,43810816.0,0.0,0.0,-1.0,-1.0,-1.0,0.0,0.0,0
0.0,98.0,91.75,-1.0,-1.0,-1.0,-1.0,-1.0,-1.0,0.0,43810816.0,0.0,0.0,-1.0,-1.0,-1.0,0.0,0.0,0
0.0,98.0,90.792,-1.0,-1.0,-1.0,-1.0,-1.0,-1.0,0.0,43810816.0,0.0,0.0,-1.0,-1.0,-1.0,0.0,0.0,0
0.0,97.0,89.708,-1.0,-1.0,-1.0,-1.0,-1.0,-1.0,0.0,43810816.0,0.0,0.0,-1.0,-1.0,-1.0,0.0,0.0,0
0.0,99.0,92.125,-1.0,-1.0,-1.0,-1.0,-1.0,-1.0,0.0,43810816.0,0.0,0.0,-1.0,-1.0,-1.0,0.0,0.0,0
0.0,98.0,91.25,-1.0,-1.0,-1.0,-1.0,-1.0,-1.0,0.0,43810816.0,0.0,0.0,-1.0,-1.0,-1.0,0.0,0.0,0
0.0,97.0,90.125,-1.0,-1.0,-1.0,-1.0,-1.0,-1.0,0.0,43810816.0,0.0,0.0,-1.0,-1.0,-1.0,0.0,0.0,0
0.0,93.0,87.5,-1.0,-1.0,-1.0,-1.0,-1.0,-1.0,0.0,43827200.0,0.0,0.0,-1.0,-1.0,-1.0,0.0,0.0,0
0.0,77.0,70.5,-1.0,-1.0,-1.0,-1.0,-1.0,-1.0,0.0,43827200.0,0.0,0.0,-1.0,-1.0,-1.0,0.0,0.0,0
0.0,57.0,51.625,-1.0,-1.0,-1.0,-1.0,-1.0,-1.0,0.0,43843584.0,0.0,0.0,-1.0,-1.0,-1.0,0.0,0.0,0
0.0,71.0,63.708,-1.0,-1.0,-1.0,-1.0,-1.0,-1.0,0.0,43843584.0,0.0,0.0,-1.0,-1.0,-1.0,0.0,0.0,0
0.0,78.0,70.75,-1.0,-1.0,-1.0,-1.0,-1.0,-1.0,0.0,43843584.0,0.0,0.0,-1.0,-1.0,-1.0,0.0,0.0,0
0.0,93.0,88.167,-1.0,-1.0,-1.0,-1.0,-1.0,-1.0,0.0,43843584.0,0.0,0.0,-1.0,-1.0,-1.0,0.0,0.0,0
0.0,70.0,60.125,-1.0,-1.0,-1.0,-1.0,-1.0,-1.0,0.0,43843584.0,0.0,0.0,-1.0,-1.0,-1.0,0.0,0.0,0
0.0,82.0,71.75,-1.0,-1.0,-1.0,-1.0,-1.0,-1.0,0.0,43859968.0,0.0,0.0,-1.0,-1.0,-1.0,0.0,0.0,0
0.0,70.0,58.792,-1.0,-1.0,-1.0,-1.0,-1.0,-1.0,0.0,43859968.0,0.0,0.0,-1.0,-1.0,-1.0,0.0,0.0,0
0.0,63.0,54.417,-1.0,-1.0,-1.0,-1.0,-1.0,-1.0,0.0,43859968.0,0.0,0.0,-1.0,-1.0,-1.0,0.0,0.0,0
0.0,67.0,60.25,-1.0,-1.0,-1.0,-1.0,-1.0,-1.0,0.0,43859968.0,0.0,0.0,-1.0,-1.0,-1.0,0.0,0.0,0
0.0,59.0,53.584,-1.0,-1.0,-1.0,-1.0,-1.0,-1.0,0.0,43876352.0,0.0,0.0,-1.0,-1.0,-1.0,0.0,0.0,0
0.0,60.0,52.916,-1.0,-1.0,-1.0,-1.0,-1.0,-1.0,0.0,43876352.0,0.0,0.0,-1.0,-1.0,-1.0,0.0,0.0,0
0.0,57.0,51.0,-1.0,-1.0,-1.0,-1.0,-1.0,-1.0,0.0,43876352.0,0.0,0.0,-1.0,-1.0,-1.0,0.0,0.0,0
0.0,51.0,45.209,-1.0,-1.0,-1.0,-1.0,-1.0,-1.0,0.0,43876352.0,0.0,0.0,-1.0,-1.0,-1.0,0.0,0.0,0
0.0,46.0,40.709,-1.0,-1.0,-1.0,-1.0,-1.0,-1.0,0.0,43876352.0,0.0,0.0,-1.0,-1.0,-1.0,0.0,0.0,0
0.0,41.0,36.917,-1.0,-1.0,-1.0,-1.0,-1.0,-1.0,0.0,43876352.0,0.0,0.0,-1.0,-1.0,-1.0,0.0,0.0,0
0.0,49.0,42.333,-1.0,-1.0,-1.0,-1.0,-1.0,-1.0,0.0,43876352.0,0.0,0.0,-1.0,-1.0,-1.0,0.0,0.0,0
0.0,54.0,46.125,-1.0,-1.0,-1.0,-1.0,-1.0,-1.0,0.0,43876352.0,0.0,0.0,-1.0,-1.0,-1.0,0.0,0.0,0
0.0,52.0,45.541,-1.0,-1.0,-1.0,-1.0,-1.0,-1.0,0.0,43892736.0,0.0,0.0,-1.0,-1.0,-1.0,0.0,0.0,0
0.0,48.0,42.666,-1.0,-1.0,-1.0,-1.0,-1.0,-1.0,0.0,43892736.0,0.0,0.0,-1.0,-1.0,-1.0,0.0,0.0,0
0.0,50.0,46.125,-1.0,-1.0,-1.0,-1.0,-1.0,-1.0,0.0,43892736.0,0.0,0.0,-1.0,-1.0,-1.0,0.0,0.0,0
0.0,55.0,47.166,-1.0,-1.0,-1.0,-1.0,-1.0,-1.0,0.0,43892736.0,0.0,0.0,-1.0,-1.0,-1.0,0.0,0.0,0
0.0,49.0,43.667,-1.0,-1.0,-1.0,-1.0,-1.0,-1.0,0.0,43892736.0,0.0,0.0,-1.0,-1.0,-1.0,0.0,0.0,0
0.0,60.0,50.875,-1.0,-1.0,-1.0,-1.0,-1.0,-1.0,0.0,43892736.0,0.0,0.0,-1.0,-1.0,-1.0,0.0,0.0,0
0.0,50.0,44.875,-1.0,-1.0,-1.0,-1.0,-1.0,-1.0,0.0,43892736.0,0.0,0.0,-1.0,-1.0,-1.0,0.0,0.0,0
0.0,60.0,51.042,-1.0,-1.0,-1.0,-1.0,-1.0,-1.0,0.0,43892736.0,0.0,0.0,-1.0,-1.0,-1.0,0.0,0.0,0
0.0,53.0,45.959,-1.0,-1.0,-1.0,-1.0,-1.0,-1.0,0.0,43892736.0,0.0,0.0,-1.0,-1.0,-1.0,0.0,0.0,0
0.0,65.0,53.75,-1.0,-1.0,-1.0,-1.0,-1.0,-1.0,0.0,43892736.0,0.0,0.0,-1.0,-1.0,-1.0,0.0,0.0,0
0.0,45.0,41.0,-1.0,-1.0,-1.0,-1.0,-1.0,-1.0,0.0,43892736.0,0.0,0.0,-1.0,-1.0,-1.0,0.0,0.0,0
0.0,50.0,44.833,-1.0,-1.0,-1.0,-1.0,-1.0,-1.0,0.0,43892736.0,0.0,0.0,-1.0,-1.0,-1.0,0.0,0.0,0
0.0,46.0,40.042,-1.0,-1.0,-1.0,-1.0,-1.0,-1.0,0.0,43892736.0,0.0,0.0,-1.0,-1.0,-1.0,0.0,0.0,0
0.0,39.0,34.416,-1.0,-1.0,-1.0,-1.0,-1.0,-1.0,0.0,43892736.0,0.0,0.0,-1.0,-1.0,-1.0,0.0,0.0,0
0.0,44.0,39.833,-1.0,-1.0,-1.0,-1.0,-1.0,-1.0,0.0,43892736.0,0.0,0.0,-1.0,-1.0,-1.0,0.0,0.0,0
0.0,56.0,46.584,-1.0,-1.0,-1.0,-1.0,-1.0,-1.0,0.0,43892736.0,0.0,0.0,-1.0,-1.0,-1.0,0.0,0.0,0
0.0,49.0,43.166,-1.0,-1.0,-1.0,-1.0,-1.0,-1.0,0.0,43909120.0,0.0,0.0,-1.0,-1.0,-1.0,0.0,0.0,0
0.0,49.0,42.083,-1.0,-1.0,-1.0,-1.0,-1.0,-1.0,0.0,43925504.0,0.0,0.0,-1.0,-1.0,-1.0,0.0,0.0,0
0.0,53.0,45.625,-1.0,-1.0,-1.0,-1.0,-1.0,-1.0,0.0,43925504.0,0.0,0.0,-1.0,-1.0,-1.0,0.0,0.0,0
0.0,52.0,45.084,-1.0,-1.0,-1.0,-1.0,-1.0,-1.0,0.0,43925504.0,0.0,0.0,-1.0,-1.0,-1.0,0.0,0.0,0
0.0,77.0,71.25,-1.0,-1.0,-1.0,-1.0,-1.0,-1.0,0.0,43925504.0,0.0,0.0,-1.0,-1.0,-1.0,0.0,0.0,0
0.0,87.0,80.208,-1.0,-1.0,-1.0,-1.0,-1.0,-1.0,0.0,43941888.0,0.0,0.0,-1.0,-1.0,-1.0,0.0,0.0,0
0.0,96.0,89.959,-1.0,-1.0,-1.0,-1.0,-1.0,-1.0,0.0,43941888.0,0.0,0.0,-1.0,-1.0,-1.0,0.0,0.0,0
0.0,97.0,88.792,-1.0,-1.0,-1.0,-1.0,-1.0,-1.0,0.0,43941888.0,0.0,0.0,-1.0,-1.0,-1.0,0.0,0.0,0
0.0,95.0,87.708,-1.0,-1.0,-1.0,-1.0,-1.0,-1.0,0.0,43941888.0,0.0,0.0,-1.0,-1.0,-1.0,0.0,0.0,0
0.0,98.0,89.042,-1.0,-1.0,-1.0,-1.0,-1.0,-1.0,0.0,43941888.0,0.0,0.0,-1.0,-1.0,-1.0,0.0,0.0,0
0.0,98.0,86.125,-1.0,-1.0,-1.0,-1.0,-1.0,-1.0,0.0,43941888.0,0.0,0.0,-1.0,-1.0,-1.0,0.0,0.0,0
0.0,95.0,89.75,-1.0,-1.0,-1.0,-1.0,-1.0,-1.0,0.0,43941888.0,0.0,0.0,-1.0,-1.0,-1.0,0.0,0.0,0
0.0,67.0,60.416,-1.0,-1.0,-1.0,-1.0,-1.0,-1.0,0.0,43941888.0,0.0,0.0,-1.0,-1.0,-1.0,0.0,0.0,0
0.0,61.0,56.292,-1.0,-1.0,-1.0,-1.0,-1.0,-1.0,0.0,43958272.0,0.0,0.0,-1.0,-1.0,-1.0,0.0,0.0,0
0.0,45.0,42.25,-1.0,-1.0,-1.0,-1.0,-1.0,-1.0,0.0,43958272.0,0.0,0.0,-1.0,-1.0,-1.0,0.0,0.0,0
0.0,66.0,62.084,-1.0,-1.0,-1.0,-1.0,-1.0,-1.0,0.0,43958272.0,0.0,0.0,-1.0,-1.0,-1.0,0.0,0.0,0
0.0,64.0,61.5,-1.0,-1.0,-1.0,-1.0,-1.0,-1.0,0.0,43958272.0,0.0,0.0,-1.0,-1.0,-1.0,0.0,0.0,0
0.0,66.0,62.542,-1.0,-1.0,-1.0,-1.0,-1.0,-1.0,0.0,43958272.0,0.0,0.0,-1.0,-1.0,-1.0,0.0,0.0,0
0.0,67.0,62.833,-1.0,-1.0,-1.0,-1.0,-1.0,-1.0,0.0,43974656.0,0.0,0.0,-1.0,-1.0,-1.0,0.0,0.0,0
0.0,65.0,62.625,-1.0,-1.0,-1.0,-1.0,-1.0,-1.0,0.0,43974656.0,0.0,0.0,-1.0,-1.0,-1.0,0.0,0.0,0
0.0,69.0,63.958,-1.0,-1.0,-1.0,-1.0,-1.0,-1.0,0.0,43974656.0,0.0,0.0,-1.0,-1.0,-1.0,0.0,0.0,0
0.0,93.0,87.125,-1.0,-1.0,-1.0,-1.0,-1.0,-1.0,0.0,43974656.0,0.0,0.0,-1.0,-1.0,-1.0,0.0,0.0,0
0.0,83.0,79.208,-1.0,-1.0,-1.0,-1.0,-1.0,-1.0,0.0,43974656.0,0.0,0.0,-1.0,-1.0,-1.0,0.0,0.0,0
0.0,91.0,85.541,-1.0,-1.0,-1.0,-1.0,-1.0,-1.0,0.0,43974656.0,0.0,0.0,-1.0,-1.0,-1.0,0.0,0.0,0
0.0,87.0,81.792,-1.0,-1.0,-1.0,-1.0,-1.0,-1.0,0.0,43974656.0,0.0,0.0,-1.0,-1.0,-1.0,0.0,0.0,0
0.0,61.0,55.333,-1.0,-1.0,-1.0,-1.0,-1.0,-1.0,0.0,43974656.0,0.0,0.0,-1.0,-1.0,-1.0,0.0,0.0,0
0.0,74.0,68.833,-1.0,-1.0,-1.0,-1.0,-1.0,-1.0,0.0,43974656.0,0.0,0.0,-1.0,-1.0,-1.0,0.0,0.0,0
0.0,72.0,63.5,-1.0,-1.0,-1.0,-1.0,-1.0,-1.0,0.0,43974656.0,0.0,0.0,-1.0,-1.0,-1.0,0.0,0.0,0
0.0,75.0,69.167,-1.0,-1.0,-1.0,-1.0,-1.0,-1.0,0.0,43991040.0,0.0,0.0,-1.0,-1.0,-1.0,0.0,0.0,0
0.0,99.0,92.375,-1.0,-1.0,-1.0,-1.0,-1.0,-1.0,0.0,43991040.0,0.0,0.0,-1.0,-1.0,-1.0,0.0,0.0,0
0.0,85.0,80.125,-1.0,-1.0,-1.0,-1.0,-1.0,-1.0,0.0,43991040.0,0.0,0.0,-1.0,-1.0,-1.0,0.0,0.0,0
0.0,95.0,88.5,-1.0,-1.0,-1.0,-1.0,-1.0,-1.0,0.0,43991040.0,0.0,0.0,-1.0,-1.0,-1.0,0.0,0.0,0
0.0,96.0,87.125,-1.0,-1.0,-1.0,-1.0,-1.0,-1.0,0.0,43991040.0,0.0,0.0,-1.0,-1.0,-1.0,0.0,0.0,0
0.0,97.0,90.833,-1.0,-1.0,-1.0,-1.0,-1.0,-1.0,0.0,43991040.0,0.0,0.0,-1.0,-1.0,-1.0,0.0,0.0,0
0.0,96.0,90.125,-1.0,-1.0,-1.0,-1.0,-1.0,-1.0,0.0,43991040.0,0.0,0.0,-1.0,-1.0,-1.0,0.0,0.0,0
0.0,69.0,58.0,-1.0,-1.0,-1.0,-1.0,-1.0,-1.0,0.0,44007424.0,0.0,0.0,-1.0,-1.0,-1.0,0.0,0.0,0
0.0,63.0,53.875,-1.0,-1.0,-1.0,-1.0,-1.0,-1.0,0.0,44007424.0,0.0,0.0,-1.0,-1.0,-1.0,0.0,0.0,0
0.0,64.0,57.084,-1.0,-1.0,-1.0,-1.0,-1.0,-1.0,0.0,44007424.0,0.0,0.0,-1.0,-1.0,-1.0,0.0,0.0,0
0.0,73.0,63.959,-1.0,-1.0,-1.0,-1.0,-1.0,-1.0,0.0,44007424.0,0.0,0.0,-1.0,-1.0,-1.0,0.0,0.0,0
0.0,78.0,69.791,-1.0,-1.0,-1.0,-1.0,-1.0,-1.0,0.0,44007424.0,0.0,0.0,-1.0,-1.0,-1.0,0.0,0.0,0
0.0,74.0,68.542,-1.0,-1.0,-1.0,-1.0,-1.0,-1.0,0.0,44007424.0,0.0,0.0,-1.0,-1.0,-1.0,0.0,0.0,0
0.0,66.0,58.292,-1.0,-1.0,-1.0,-1.0,-1.0,-1.0,0.0,44007424.0,0.0,0.0,-1.0,-1.0,-1.0,0.0,0.0,0
0.0,84.0,74.375,-1.0,-1.0,-1.0,-1.0,-1.0,-1.0,0.0,44007424.0,0.0,0.0,-1.0,-1.0,-1.0,0.0,0.0,0
0.0,97.0,89.25,-1.0,-1.0,-1.0,-1.0,-1.0,-1.0,0.0,44007424.0,0.0,0.0,-1.0,-1.0,-1.0,0.0,0.0,0
0.0,82.0,77.791,-1.0,-1.0,-1.0,-1.0,-1.0,-1.0,0.0,44007424.0,0.0,0.0,-1.0,-1.0,-1.0,0.0,0.0,0
2.0,119.0,261.541,-1.0,-1.0,-1.0,-1.0,-1.0,-1.0,0.0,44023808.0,0.0,0.0,-1.0,-1.0,-1.0,0.0,0.0,0
0.0,91.0,86.167,-1.0,-1.0,-1.0,-1.0,-1.0,-1.0,0.0,44023808.0,0.0,0.0,-1.0,-1.0,-1.0,0.0,0.0,0
0.0,64.0,57.791,-1.0,-1.0,-1.0,-1.0,-1.0,-1.0,0.0,44023808.0,0.0,0.0,-1.0,-1.0,-1.0,0.0,0.0,0
0.0,72.0,66.25,-1.0,-1.0,-1.0,-1.0,-1.0,-1.0,0.0,44023808.0,0.0,0.0,-1.0,-1.0,-1.0,0.0,0.0,0
0.0,66.0,63.084,-1.0,-1.0,-1.0,-1.0,-1.0,-1.0,0.0,44040192.0,0.0,0.0,-1.0,-1.0,-1.0,0.0,0.0,0
0.0,46.0,40.959,-1.0,-1.0,-1.0,-1.0,-1.0,-1.0,0.0,44040192.0,0.0,0.0,-1.0,-1.0,-1.0,0.0,0.0,0
0.0,71.0,65.5,-1.0,-1.0,-1.0,-1.0,-1.0,-1.0,0.0,44040192.0,0.0,0.0,-1.0,-1.0,-1.0,0.0,0.0,0
0.0,90.0,83.709,-1.0,-1.0,-1.0,-1.0,-1.0,-1.0,0.0,44056576.0,0.0,0.0,-1.0,-1.0,-1.0,0.0,0.0,0
0.0,98.0,89.875,-1.0,-1.0,-1.0,-1.0,-1.0,-1.0,0.0,44056576.0,0.0,0.0,-1.0,-1.0,-1.0,0.0,0.0,0
0.0,97.0,91.791,-1.0,-1.0,-1.0,-1.0,-1.0,-1.0,0.0,44056576.0,0.0,0.0,-1.0,-1.0,-1.0,0.0,0.0,0
0.0,96.0,90.458,-1.0,-1.0,-1.0,-1.0,-1.0,-1.0,0.0,44056576.0,0.0,0.0,-1.0,-1.0,-1.0,0.0,0.0,0
0.0,109.0,101.209,-1.0,-1.0,-1.0,-1.0,-1.0,-1.0,0.0,44056576.0,0.0,0.0,-1.0,-1.0,-1.0,0.0,0.0,0
0.0,97.0,91.25,-1.0,-1.0,-1.0,-1.0,-1.0,-1.0,0.0,44072960.0,0.0,0.0,-1.0,-1.0,-1.0,0.0,0.0,0
0.0,103.0,93.125,-1.0,-1.0,-1.0,-1.0,-1.0,-1.0,0.0,44072960.0,0.0,0.0,-1.0,-1.0,-1.0,0.0,0.0,0
0.0,55.0,48.334,-1.0,-1.0,-1.0,-1.0,-1.0,-1.0,0.0,44072960.0,0.0,0.0,-1.0,-1.0,-1.0,0.0,0.0,0
0.0,73.0,66.125,-1.0,-1.0,-1.0,-1.0,-1.0,-1.0,0.0,44072960.0,0.0,0.0,-1.0,-1.0,-1.0,0.0,0.0,0
1.0,63.0,59.75,-1.0,-1.0,-1.0,-1.0,-1.0,-1.0,0.0,44072960.0,0.0,0.0,-1.0,-1.0,-1.0,0.0,0.0,0
0.0,70.0,61.792,-1.0,-1.0,-1.0,-1.0,-1.0,-1.0,0.0,44072960.0,0.0,0.0,-1.0,-1.0,-1.0,0.0,0.0,0
0.0,65.0,61.209,-1.0,-1.0,-1.0,-1.0,-1.0,-1.0,0.0,44072960.0,0.0,0.0,-1.0,-1.0,-1.0,0.0,0.0,0
0.0,67.0,60.083,-1.0,-1.0,-1.0,-1.0,-1.0,-1.0,0.0,44072960.0,0.0,0.0,-1.0,-1.0,-1.0,0.0,0.0,0
0.0,62.0,56.584,-1.0,-1.0,-1.0,-1.0,-1.0,-1.0,0.0,44072960.0,0.0,0.0,-1.0,-1.0,-1.0,0.0,0.0,0
0.0,53.0,45.292,-1.0,-1.0,-1.0,-1.0,-1.0,-1.0,0.0,44072960.0,0.0,0.0,-1.0,-1.0,-1.0,0.0,0.0,0
2.0,63.0,73.958,-1.0,-1.0,-1.0,-1.0,-1.0,-1.0,0.0,44072960.0,0.0,0.0,-1.0,-1.0,-1.0,0.0,0.0,0
0.0,44.0,41.542,-1.0,-1.0,-1.0,-1.0,-1.0,-1.0,0.0,44072960.0,0.0,0.0,-1.0,-1.0,-1.0,0.0,0.0,0
0.0,38.0,36.083,-1.0,-1.0,-1.0,-1.0,-1.0,-1.0,0.0,44089344.0,0.0,0.0,-1.0,-1.0,-1.0,0.0,0.0,0
0.0,50.0,47.792,-1.0,-1.0,-1.0,-1.0,-1.0,-1.0,0.0,44089344.0,0.0,0.0,-1.0,-1.0,-1.0,0.0,0.0,0
0.0,50.0,47.459,-1.0,-1.0,-1.0,-1.0,-1.0,-1.0,0.0,44089344.0,0.0,0.0,-1.0,-1.0,-1.0,0.0,0.0,0
0.0,49.0,46.209,-1.0,-1.0,-1.0,-1.0,-1.0,-1.0,0.0,44089344.0,0.0,0.0,-1.0,-1.0,-1.0,0.0,0.0,0
0.0,51.0,50.25,-1.0,-1.0,-1.0,-1.0,-1.0,-1.0,0.0,44089344.0,0.0,0.0,-1.0,-1.0,-1.0,0.0,0.0,0
0.0,53.0,51.917,-1.0,-1.0,-1.0,-1.0,-1.0,-1.0,0.0,44089344.0,0.0,0.0,-1.0,-1.0,-1.0,0.0,0.0,0
1.0,100.0,109.792,-1.0,-1.0,-1.0,-1.0,-1.0,-1.0,0.0,44089344.0,0.0,0.0,-1.0,-1.0,-1.0,0.0,0.0,0
0.0,78.0,69.0,-1.0,-1.0,-1.0,-1.0,-1.0,-1.0,0.0,44089344.0,0.0,0.0,-1.0,-1.0,-1.0,0.0,0.0,0
0.0,75.0,67.292,-1.0,-1.0,-1.0,-1.0,-1.0,-1.0,0.0,44089344.0,0.0,0.0,-1.0,-1.0,-1.0,0.0,0.0,0
0.0,73.0,66.25,-1.0,-1.0,-1.0,-1.0,-1.0,-1.0,0.0,44089344.0,0.0,0.0,-1.0,-1.0,-1.0,0.0,0.0,0
0.0,55.0,49.833,-1.0,-1.0,-1.0,-1.0,-1.0,-1.0,0.0,44089344.0,0.0,0.0,-1.0,-1.0,-1.0,0.0,0.0,0
1.0,61.0,75.125,-1.0,-1.0,-1.0,-1.0,-1.0,-1.0,0.0,44089344.0,0.0,0.0,-1.0,-1.0,-1.0,0.0,0.0,0
0.0,41.0,39.042,-1.0,-1.0,-1.0,-1.0,-1.0,-1.0,0.0,44089344.0,0.0,0.0,-1.0,-1.0,-1.0,0.0,0.0,0
0.0,75.0,66.167,-1.0,-1.0,-1.0,-1.0,-1.0,-1.0,0.0,44089344.0,0.0,0.0,-1.0,-1.0,-1.0,0.0,0.0,0
0.0,80.0,71.0,-1.0,-1.0,-1.0,-1.0,-1.0,-1.0,0.0,44089344.0,0.0,0.0,-1.0,-1.0,-1.0,0.0,0.0,0
0.0,81.0,73.459,-1.0,-1.0,-1.0,-1.0,-1.0,-1.0,0.0,44089344.0,0.0,0.0,-1.0,-1.0,-1.0,0.0,0.0,0
0.0,92.0,82.0,-1.0,-1.0,-1.0,-1.0,-1.0,-1.0,0.0,44122112.0,0.0,0.0,-1.0,-1.0,-1.0,0.0,0.0,0
0.0,72.0,65.083,-1.0,-1.0,-1.0,-1.0,-1.0,-1.0,0.0,44154880.0,0.0,0.0,-1.0,-1.0,-1.0,0.0,0.0,0
0.0,70.0,64.209,-1.0,-1.0,-1.0,-1.0,-1.0,-1.0,0.0,44154880.0,0.0,0.0,-1.0,-1.0,-1.0,0.0,0.0,0
0.0,67.0,60.917,-1.0,-1.0,-1.0,-1.0,-1.0,-1.0,0.0,44154880.0,0.0,0.0,-1.0,-1.0,-1.0,0.0,0.0,0
0.0,70.0,62.75,-1.0,-1.0,-1.0,-1.0,-1.0,-1.0,0.0,44154880.0,0.0,0.0,-1.0,-1.0,-1.0,0.0,0.0,0
0.0,72.0,68.0,-1.0,-1.0,-1.0,-1.0,-1.0,-1.0,0.0,44154880.0,0.0,0.0,-1.0,-1.0,-1.0,0.0,0.0,0
1.0,49.0,73.709,-1.0,-1.0,-1.0,-1.0,-1.0,-1.0,0.0,44154880.0,0.0,0.0,-1.0,-1.0,-1.0,0.0,0.0,0
0.0,42.0,37.291,-1.0,-1.0,-1.0,-1.0,-1.0,-1.0,0.0,44154880.0,0.0,0.0,-1.0,-1.0,-1.0,0.0,0.0,0
0.0,87.0,79.459,-1.0,-1.0,-1.0,-1.0,-1.0,-1.0,0.0,44154880.0,0.0,0.0,-1.0,-1.0,-1.0,0.0,0.0,0
0.0,90.0,80.833,-1.0,-1.0,-1.0,-1.0,-1.0,-1.0,0.0,44154880.0,0.0,0.0,-1.0,-1.0,-1.0,0.0,0.0,0
0.0,74.0,64.625,-1.0,-1.0,-1.0,-1.0,-1.0,-1.0,0.0,44154880.0,0.0,0.0,-1.0,-1.0,-1.0,0.0,0.0,0
0.0,74.0,67.625,-1.0,-1.0,-1.0,-1.0,-1.0,-1.0,0.0,44154880.0,0.0,0.0,-1.0,-1.0,-1.0,0.0,0.0,0
0.0,55.0,46.708,-1.0,-1.0,-1.0,-1.0,-1.0,-1.0,0.0,44154880.0,0.0,0.0,-1.0,-1.0,-1.0,0.0,0.0,0
0.0,78.0,67.75,-1.0,-1.0,-1.0,-1.0,-1.0,-1.0,0.0,44154880.0,0.0,0.0,-1.0,-1.0,-1.0,0.0,0.0,0
0.0,87.0,78.0,-1.0,-1.0,-1.0,-1.0,-1.0,-1.0,0.0,44154880.0,0.0,0.0,-1.0,-1.0,-1.0,0.0,0.0,0
0.0,77.0,70.167,-1.0,-1.0,-1.0,-1.0,-1.0,-1.0,0.0,44154880.0,0.0,0.0,-1.0,-1.0,-1.0,0.0,0.0,0
0.0,74.0,68.375,-1.0,-1.0,-1.0,-1.0,-1.0,-1.0,0.0,44154880.0,0.0,0.0,-1.0,-1.0,-1.0,0.0,0.0,0
0.0,74.0,62.917,-1.0,-1.0,-1.0,-1.0,-1.0,-1.0,0.0,44154880.0,0.0,0.0,-1.0,-1.0,-1.0,0.0,0.0,0
0.0,59.0,50.834,-1.0,-1.0,-1.0,-1.0,-1.0,-1.0,0.0,44171264.0,0.0,0.0,-1.0,-1.0,-1.0,0.0,0.0,0
0.0,58.0,51.541,-1.0,-1.0,-1.0,-1.0,-1.0,-1.0,0.0,44171264.0,0.0,0.0,-1.0,-1.0,-1.0,0.0,0.0,0
0.0,50.0,46.708,-1.0,-1.0,-1.0,-1.0,-1.0,-1.0,0.0,44171264.0,0.0,0.0,-1.0,-1.0,-1.0,0.0,0.0,0
0.0,65.0,60.583,-1.0,-1.0,-1.0,-1.0,-1.0,-1.0,0.0,44171264.0,0.0,0.0,-1.0,-1.0,-1.0,0.0,0.0,0
0.0,68.0,62.791,-1.0,-1.0,-1.0,-1.0,-1.0,-1.0,0.0,44171264.0,0.0,0.0,-1.0,-1.0,-1.0,0.0,0.0,0
0.0,71.0,64.833,-1.0,-1.0,-1.0,-1.0,-1.0,-1.0,0.0,44171264.0,0.0,0.0,-1.0,-1.0,-1.0,0.0,0.0,0
0.0,70.0,65.083,-1.0,-1.0,-1.0,-1.0,-1.0,-1.0,0.0,44171264.0,0.0,0.0,-1.0,-1.0,-1.0,0.0,0.0,0
0.0,69.0,62.583,-1.0,-1.0,-1.0,-1.0,-1.0,-1.0,0.0,44171264.0,0.0,0.0,-1.0,-1.0,-1.0,0.0,0.0,0
0.0,69.0,63.375,-1.0,-1.0,-1.0,-1.0,-1.0,-1.0,0.0,44171264.0,0.0,0.0,-1.0,-1.0,-1.0,0.0,0.0,0
0.0,83.0,74.542,-1.0,-1.0,-1.0,-1.0,-1.0,-1.0,0.0,44171264.0,0.0,0.0,-1.0,-1.0,-1.0,0.0,0.0,0
0.0,68.0,61.792,-1.0,-1.0,-1.0,-1.0,-1.0,-1.0,0.0,44187648.0,0.0,0.0,-1.0,-1.0,-1.0,0.0,0.0,0
0.0,61.0,55.542,-1.0,-1.0,-1.0,-1.0,-1.0,-1.0,0.0,44187648.0,0.0,0.0,-1.0,-1.0,-1.0,0.0,0.0,0
0.0,61.0,54.709,-1.0,-1.0,-1.0,-1.0,-1.0,-1.0,0.0,44187648.0,0.0,0.0,-1.0,-1.0,-1.0,0.0,0.0,0
0.0,66.0,55.041,-1.0,-1.0,-1.0,-1.0,-1.0,-1.0,0.0,44187648.0,0.0,0.0,-1.0,-1.0,-1.0,0.0,0.0,0
0.0,64.0,55.583,-1.0,-1.0,-1.0,-1.0,-1.0,-1.0,0.0,44187648.0,0.0,0.0,-1.0,-1.0,-1.0,0.0,0.0,0
0.0,55.0,48.75,-1.0,-1.0,-1.0,-1.0,-1.0,-1.0,0.0,44187648.0,0.0,0.0,-1.0,-1.0,-1.0,0.0,0.0,0
0.0,76.0,68.875,-1.0,-1.0,-1.0,-1.0,-1.0,-1.0,0.0,44187648.0,0.0,0.0,-1.0,-1.0,-1.0,0.0,0.0,0
0.0,74.0,68.375,-1.0,-1.0,-1.0,-1.0,-1.0,-1.0,0.0,44204032.0,0.0,0.0,-1.0,-1.0,-1.0,0.0,0.0,0
0.0,87.0,75.167,-1.0,-1.0,-1.0,-1.0,-1.0,-1.0,0.0,44204032.0,0.0,0.0,-1.0,-1.0,-1.0,0.0,0.0,0
0.0,80.0,70.375,-1.0,-1.0,-1.0,-1.0,-1.0,-1.0,0.0,44220416.0,0.0,0.0,-1.0,-1.0,-1.0,0.0,0.0,0
0.0,72.0,64.75,-1.0,-1.0,-1.0,-1.0,-1.0,-1.0,0.0,44220416.0,0.0,0.0,-1.0,-1.0,-1.0,0.0,0.0,0
0.0,60.0,51.875,-1.0,-1.0,-1.0,-1.0,-1.0,-1.0,0.0,44220416.0,0.0,0.0,-1.0,-1.0,-1.0,0.0,0.0,0
0.0,74.0,65.959,-1.0,-1.0,-1.0,-1.0,-1.0,-1.0,0.0,44236800.0,0.0,0.0,-1.0,-1.0,-1.0,0.0,0.0,0
0.0,55.0,50.125,-1.0,-1.0,-1.0,-1.0,-1.0,-1.0,0.0,44236800.0,0.0,0.0,-1.0,-1.0,-1.0,0.0,0.0,0
0.0,51.0,47.0,-1.0,-1.0,-1.0,-1.0,-1.0,-1.0,0.0,44236800.0,0.0,0.0,-1.0,-1.0,-1.0,0.0,0.0,0
0.0,52.0,47.625,-1.0,-1.0,-1.0,-1.0,-1.0,-1.0,0.0,44236800.0,0.0,0.0,-1.0,-1.0,-1.0,0.0,0.0,0
0.0,71.0,65.083,-1.0,-1.0,-1.0,-1.0,-1.0,-1.0,0.0,44236800.0,0.0,0.0,-1.0,-1.0,-1.0,0.0,0.0,0
0.0,70.0,64.25,-1.0,-1.0,-1.0,-1.0,-1.0,-1.0,0.0,44236800.0,0.0,0.0,-1.0,-1.0,-1.0,0.0,0.0,0
0.0,59.0,53.375,-1.0,-1.0,-1.0,-1.0,-1.0,-1.0,0.0,44236800.0,0.0,0.0,-1.0,-1.0,-1.0,0.0,0.0,0
0.0,71.0,64.875,-1.0,-1.0,-1.0,-1.0,-1.0,-1.0,0.0,44236800.0,0.0,0.0,-1.0,-1.0,-1.0,0.0,0.0,0
0.0,74.0,64.333,-1.0,-1.0,-1.0,-1.0,-1.0,-1.0,0.0,44236800.0,0.0,0.0,-1.0,-1.0,-1.0,0.0,0.0,0
0.0,60.0,52.583,-1.0,-1.0,-1.0,-1.0,-1.0,-1.0,0.0,44236800.0,0.0,0.0,-1.0,-1.0,-1.0,0.0,0.0,0
0.0,76.0,66.583,-1.0,-1.0,-1.0,-1.0,-1.0,-1.0,0.0,44236800.0,0.0,0.0,-1.0,-1.0,-1.0,0.0,0.0,0
0.0,67.0,63.542,-1.0,-1.0,-1.0,-1.0,-1.0,-1.0,0.0,44236800.0,0.0,0.0,-1.0,-1.0,-1.0,0.0,0.0,0
0.0,66.0,58.708,-1.0,-1.0,-1.0,-1.0,-1.0,-1.0,0.0,44253184.0,0.0,0.0,-1.0,-1.0,-1.0,0.0,0.0,0
2.0,85.0,115.166,-1.0,-1.0,-1.0,-1.0,-1.0,-1.0,0.0,44253184.0,0.0,0.0,-1.0,-1.0,-1.0,0.0,0.0,0
0.0,67.0,59.25,-1.0,-1.0,-1.0,-1.0,-1.0,-1.0,0.0,44253184.0,0.0,0.0,-1.0,-1.0,-1.0,0.0,0.0,0
0.0,64.0,57.5,-1.0,-1.0,-1.0,-1.0,-1.0,-1.0,0.0,44253184.0,0.0,0.0,-1.0,-1.0,-1.0,0.0,0.0,0
0.0,80.0,71.875,-1.0,-1.0,-1.0,-1.0,-1.0,-1.0,0.0,44253184.0,0.0,0.0,-1.0,-1.0,-1.0,0.0,0.0,0
0.0,97.0,89.042,-1.0,-1.0,-1.0,-1.0,-1.0,-1.0,0.0,44269568.0,0.0,0.0,-1.0,-1.0,-1.0,0.0,0.0,0
0.0,58.0,51.791,-1.0,-1.0,-1.0,-1.0,-1.0,-1.0,0.0,44269568.0,0.0,0.0,-1.0,-1.0,-1.0,0.0,0.0,0
0.0,77.0,69.333,-1.0,-1.0,-1.0,-1.0,-1.0,-1.0,0.0,44269568.0,0.0,0.0,-1.0,-1.0,-1.0,0.0,0.0,0
0.0,65.0,61.958,-1.0,-1.0,-1.0,-1.0,-1.0,-1.0,0.0,44269568.0,0.0,0.0,-1.0,-1.0,-1.0,0.0,0.0,0
0.0,67.0,61.166,-1.0,-1.0,-1.0,-1.0,-1.0,-1.0,0.0,44269568.0,0.0,0.0,-1.0,-1.0,-1.0,0.0,0.0,0
0.0,64.0,58.583,-1.0,-1.0,-1.0,-1.0,-1.0,-1.0,0.0,44269568.0,0.0,0.0,-1.0,-1.0,-1.0,0.0,0.0,0
0.0,68.0,62.833,-1.0,-1.0,-1.0,-1.0,-1.0,-1.0,0.0,44269568.0,0.0,0.0,-1.0,-1.0,-1.0,0.0,0.0,0
0.0,68.0,63.75,-1.0,-1.0,-1.0,-1.0,-1.0,-1.0,0.0,44269568.0,0.0,0.0,-1.0,-1.0,-1.0,0.0,0.0,0
0.0,76.0,69.833,-1.0,-1.0,-1.0,-1.0,-1.0,-1.0,0.0,44269568.0,0.0,0.0,-1.0,-1.0,-1.0,0.0,0.0,0
0.0,59.0,54.458,-1.0,-1.0,-1.0,-1.0,-1.0,-1.0,0.0,44269568.0,0.0,0.0,-1.0,-1.0,-1.0,0.0,0.0,0
0.0,76.0,68.5,-1.0,-1.0,-1.0,-1.0,-1.0,-1.0,0.0,44269568.0,0.0,0.0,-1.0,-1.0,-1.0,0.0,0.0,0
0.0,73.0,66.917,-1.0,-1.0,-1.0,-1.0,-1.0,-1.0,0.0,44269568.0,0.0,0.0,-1.0,-1.0,-1.0,0.0,0.0,0
0.0,58.0,54.542,-1.0,-1.0,-1.0,-1.0,-1.0,-1.0,0.0,44285952.0,0.0,0.0,-1.0,-1.0,-1.0,0.0,0.0,0
0.0,78.0,71.083,-1.0,-1.0,-1.0,-1.0,-1.0,-1.0,0.0,44285952.0,0.0,0.0,-1.0,-1.0,-1.0,0.0,0.0,0
0.0,88.0,79.75,-1.0,-1.0,-1.0,-1.0,-1.0,-1.0,0.0,44285952.0,0.0,0.0,-1.0,-1.0,-1.0,0.0,0.0,0
0.0,78.0,69.0,-1.0,-1.0,-1.0,-1.0,-1.0,-1.0,0.0,44285952.0,0.0,0.0,-1.0,-1.0,-1.0,0.0,0.0,0
0.0,98.0,88.666,-1.0,-1.0,-1.0,-1.0,-1.0,-1.0,0.0,44302336.0,0.0,0.0,-1.0,-1.0,-1.0,0.0,0.0,0
0.0,95.0,88.708,-1.0,-1.0,-1.0,-1.0,-1.0,-1.0,0.0,44302336.0,0.0,0.0,-1.0,-1.0,-1.0,0.0,0.0,0
1.0,116.0,119.917,-1.0,-1.0,-1.0,-1.0,-1.0,-1.0,0.0,44302336.0,0.0,0.0,-1.0,-1.0,-1.0,0.0,0.0,0
0.0,99.0,91.917,-1.0,-1.0,-1.0,-1.0,-1.0,-1.0,0.0,44302336.0,0.0,0.0,-1.0,-1.0,-1.0,0.0,0.0,0
0.0,64.0,58.083,-1.0,-1.0,-1.0,-1.0,-1.0,-1.0,0.0,44302336.0,0.0,0.0,-1.0,-1.0,-1.0,0.0,0.0,0
0.0,67.0,60.25,-1.0,-1.0,-1.0,-1.0,-1.0,-1.0,0.0,44302336.0,0.0,0.0,-1.0,-1.0,-1.0,0.0,0.0,0
0.0,69.0,61.625,-1.0,-1.0,-1.0,-1.0,-1.0,-1.0,0.0,44302336.0,0.0,0.0,-1.0,-1.0,-1.0,0.0,0.0,0
0.0,80.0,72.166,-1.0,-1.0,-1.0,-1.0,-1.0,-1.0,0.0,44318720.0,0.0,0.0,-1.0,-1.0,-1.0,0.0,0.0,0
0.0,69.0,62.666,-1.0,-1.0,-1.0,-1.0,-1.0,-1.0,0.0,44318720.0,0.0,0.0,-1.0,-1.0,-1.0,0.0,0.0,0
0.0,71.0,65.041,-1.0,-1.0,-1.0,-1.0,-1.0,-1.0,0.0,44318720.0,0.0,0.0,-1.0,-1.0,-1.0,0.0,0.0,0
0.0,65.0,60.958,-1.0,-1.0,-1.0,-1.0,-1.0,-1.0,0.0,44318720.0,0.0,0.0,-1.0,-1.0,-1.0,0.0,0.0,0
0.0,74.0,69.25,-1.0,-1.0,-1.0,-1.0,-1.0,-1.0,0.0,44318720.0,0.0,0.0,-1.0,-1.0,-1.0,0.0,0.0,0
0.0,81.0,77.333,-1.0,-1.0,-1.0,-1.0,-1.0,-1.0,0.0,44335104.0,0.0,0.0,-1.0,-1.0,-1.0,0.0,0.0,0
1.0,116.0,117.583,-1.0,-1.0,-1.0,-1.0,-1.0,-1.0,0.0,44351488.0,0.0,0.0,-1.0,-1.0,-1.0,0.0,0.0,0
0.0,102.0,92.583,-1.0,-1.0,-1.0,-1.0,-1.0,-1.0,0.0,44351488.0,0.0,0.0,-1.0,-1.0,-1.0,0.0,0.0,0
0.0,80.0,69.792,-1.0,-1.0,-1.0,-1.0,-1.0,-1.0,0.0,44351488.0,0.0,0.0,-1.0,-1.0,-1.0,0.0,0.0,0
0.0,61.0,54.0,-1.0,-1.0,-1.0,-1.0,-1.0,-1.0,0.0,44351488.0,0.0,0.0,-1.0,-1.0,-1.0,0.0,0.0,0
0.0,73.0,63.833,-1.0,-1.0,-1.0,-1.0,-1.0,-1.0,0.0,44351488.0,0.0,0.0,-1.0,-1.0,-1.0,0.0,0.0,0
0.0,71.0,64.792,-1.0,-1.0,-1.0,-1.0,-1.0,-1.0,0.0,44351488.0,0.0,0.0,-1.0,-1.0,-1.0,0.0,0.0,0
0.0,68.0,63.875,-1.0,-1.0,-1.0,-1.0,-1.0,-1.0,0.0,44351488.0,0.0,0.0,-1.0,-1.0,-1.0,0.0,0.0,0
0.0,74.0,67.0,-1.0,-1.0,-1.0,-1.0,-1.0,-1.0,0.0,44351488.0,0.0,0.0,-1.0,-1.0,-1.0,0.0,0.0,0
0.0,77.0,69.166,-1.0,-1.0,-1.0,-1.0,-1.0,-1.0,0.0,44351488.0,0.0,0.0,-1.0,-1.0,-1.0,0.0,0.0,0
0.0,74.0,67.0,-1.0,-1.0,-1.0,-1.0,-1.0,-1.0,0.0,44351488.0,0.0,0.0,-1.0,-1.0,-1.0,0.0,0.0,0
0.0,73.0,66.458,-1.0,-1.0,-1.0,-1.0,-1.0,-1.0,0.0,44351488.0,0.0,0.0,-1.0,-1.0,-1.0,0.0,0.0,0
0.0,80.0,69.625,-1.0,-1.0,-1.0,-1.0,-1.0,-1.0,0.0,44351488.0,0.0,0.0,-1.0,-1.0,-1.0,0.0,0.0,0
0.0,70.0,65.041,-1.0,-1.0,-1.0,-1.0,-1.0,-1.0,0.0,44351488.0,0.0,0.0,-1.0,-1.0,-1.0,0.0,0.0,0
0.0,74.0,67.166,-1.0,-1.0,-1.0,-1.0,-1.0,-1.0,0.0,44351488.0,0.0,0.0,-1.0,-1.0,-1.0,0.0,0.0,0
0.0,58.0,53.0,-1.0,-1.0,-1.0,-1.0,-1.0,-1.0,0.0,44351488.0,0.0,0.0,-1.0,-1.0,-1.0,0.0,0.0,0
0.0,69.0,63.208,-1.0,-1.0,-1.0,-1.0,-1.0,-1.0,0.0,44351488.0,0.0,0.0,-1.0,-1.0,-1.0,0.0,0.0,0
0.0,64.0,60.042,-1.0,-1.0,-1.0,-1.0,-1.0,-1.0,0.0,44351488.0,0.0,0.0,-1.0,-1.0,-1.0,0.0,0.0,0
0.0,66.0,61.625,-1.0,-1.0,-1.0,-1.0,-1.0,-1.0,0.0,44367872.0,0.0,0.0,-1.0,-1.0,-1.0,0.0,0.0,0
0.0,76.0,69.625,-1.0,-1.0,-1.0,-1.0,-1.0,-1.0,0.0,44367872.0,0.0,0.0,-1.0,-1.0,-1.0,0.0,0.0,0
0.0,81.0,73.125,-1.0,-1.0,-1.0,-1.0,-1.0,-1.0,0.0,44367872.0,0.0,0.0,-1.0,-1.0,-1.0,0.0,0.0,0
0.0,98.0,88.75,-1.0,-1.0,-1.0,-1.0,-1.0,-1.0,0.0,44367872.0,0.0,0.0,-1.0,-1.0,-1.0,0.0,0.0,0
0.0,98.0,89.125,-1.0,-1.0,-1.0,-1.0,-1.0,-1.0,0.0,44367872.0,0.0,0.0,-1.0,-1.0,-1.0,0.0,0.0,0
0.0,107.0,95.958,-1.0,-1.0,-1.0,-1.0,-1.0,-1.0,0.0,44367872.0,0.0,0.0,-1.0,-1.0,-1.0,0.0,0.0,0
0.0,97.0,90.5,-1.0,-1.0,-1.0,-1.0,-1.0,-1.0,0.0,44367872.0,0.0,0.0,-1.0,-1.0,-1.0,0.0,0.0,0
0.0,90.0,82.542,-1.0,-1.0,-1.0,-1.0,-1.0,-1.0,0.0,44384256.0,0.0,0.0,-1.0,-1.0,-1.0,0.0,0.0,0
0.0,64.0,58.042,-1.0,-1.0,-1.0,-1.0,-1.0,-1.0,0.0,44384256.0,0.0,0.0,-1.0,-1.0,-1.0,0.0,0.0,0
0.0,66.0,59.167,-1.0,-1.0,-1.0,-1.0,-1.0,-1.0,0.0,44384256.0,0.0,0.0,-1.0,-1.0,-1.0,0.0,0.0,0
0.0,62.0,55.125,-1.0,-1.0,-1.0,-1.0,-1.0,-1.0,0.0,44400640.0,0.0,0.0,-1.0,-1.0,-1.0,0.0,0.0,0
0.0,60.0,53.208,-1.0,-1.0,-1.0,-1.0,-1.0,-1.0,0.0,44400640.0,0.0,0.0,-1.0,-1.0,-1.0,0.0,0.0,0
0.0,61.0,53.25,-1.0,-1.0,-1.0,-1.0,-1.0,-1.0,0.0,44400640.0,0.0,0.0,-1.0,-1.0,-1.0,0.0,0.0,0
0.0,62.0,51.083,-1.0,-1.0,-1.0,-1.0,-1.0,-1.0,0.0,44400640.0,0.0,0.0,-1.0,-1.0,-1.0,0.0,0.0,0
0.0,50.0,45.791,-1.0,-1.0,-1.0,-1.0,-1.0,-1.0,0.0,44400640.0,0.0,0.0,-1.0,-1.0,-1.0,0.0,0.0,0
0.0,51.0,43.875,-1.0,-1.0,-1.0,-1.0,-1.0,-1.0,0.0,44400640.0,0.0,0.0,-1.0,-1.0,-1.0,0.0,0.0,0
0.0,66.0,60.792,-1.0,-1.0,-1.0,-1.0,-1.0,-1.0,0.0,44400640.0,0.0,0.0,-1.0,-1.0,-1.0,0.0,0.0,0
0.0,47.0,42.75,-1.0,-1.0,-1.0,-1.0,-1.0,-1.0,0.0,44433408.0,0.0,0.0,-1.0,-1.0,-1.0,0.0,0.0,0
1.0,56.0,59.875,-1.0,-1.0,-1.0,-1.0,-1.0,-1.0,0.0,44433408.0,0.0,0.0,-1.0,-1.0,-1.0,0.0,0.0,0
0.0,50.0,45.542,-1.0,-1.0,-1.0,-1.0,-1.0,-1.0,0.0,44433408.0,0.0,0.0,-1.0,-1.0,-1.0,0.0,0.0,0
0.0,48.0,44.167,-1.0,-1.0,-1.0,-1.0,-1.0,-1.0,0.0,44433408.0,0.0,0.0,-1.0,-1.0,-1.0,0.0,0.0,0
0.0,76.0,69.292,-1.0,-1.0,-1.0,-1.0,-1.0,-1.0,0.0,44433408.0,0.0,0.0,-1.0,-1.0,-1.0,0.0,0.0,0
0.0,61.0,51.542,-1.0,-1.0,-1.0,-1.0,-1.0,-1.0,0.0,44433408.0,0.0,0.0,-1.0,-1.0,-1.0,0.0,0.0,0
0.0,76.0,68.25,-1.0,-1.0,-1.0,-1.0,-1.0,-1.0,0.0,44433408.0,0.0,0.0,-1.0,-1.0,-1.0,0.0,0.0,0
1.0,79.0,82.084,-1.0,-1.0,-1.0,-1.0,-1.0,-1.0,0.0,44433408.0,0.0,0.0,-1.0,-1.0,-1.0,0.0,0.0,0
0.0,62.0,53.917,-1.0,-1.0,-1.0,-1.0,-1.0,-1.0,0.0,44433408.0,0.0,0.0,-1.0,-1.0,-1.0,0.0,0.0,0
1.0,66.0,56.125,-1.0,-1.0,-1.0,-1.0,-1.0,-1.0,0.0,44433408.0,0.0,0.0,-1.0,-1.0,-1.0,0.0,0.0,0
0.0,78.0,69.584,-1.0,-1.0,-1.0,-1.0,-1.0,-1.0,0.0,44433408.0,0.0,0.0,-1.0,-1.0,-1.0,0.0,0.0,0
0.0,63.0,55.125,-1.0,-1.0,-1.0,-1.0,-1.0,-1.0,0.0,44433408.0,0.0,0.0,-1.0,-1.0,-1.0,0.0,0.0,0
0.0,62.0,54.542,-1.0,-1.0,-1.0,-1.0,-1.0,-1.0,0.0,44433408.0,0.0,0.0,-1.0,-1.0,-1.0,0.0,0.0,0
0.0,65.0,57.791,-1.0,-1.0,-1.0,-1.0,-1.0,-1.0,0.0,44433408.0,0.0,0.0,-1.0,-1.0,-1.0,0.0,0.0,0
0.0,67.0,60.167,-1.0,-1.0,-1.0,-1.0,-1.0,-1.0,0.0,44433408.0,0.0,0.0,-1.0,-1.0,-1.0,0.0,0.0,0
0.0,78.0,67.041,-1.0,-1.0,-1.0,-1.0,-1.0,-1.0,0.0,44433408.0,0.0,0.0,-1.0,-1.0,-1.0,0.0,0.0,0
0.0,71.0,64.833,-1.0,-1.0,-1.0,-1.0,-1.0,-1.0,0.0,44433408.0,0.0,0.0,-1.0,-1.0,-1.0,0.0,0.0,0
0.0,75.0,68.208,-1.0,-1.0,-1.0,-1.0,-1.0,-1.0,0.0,44449792.0,0.0,0.0,-1.0,-1.0,-1.0,0.0,0.0,0
0.0,67.0,61.291,-1.0,-1.0,-1.0,-1.0,-1.0,-1.0,0.0,44449792.0,0.0,0.0,-1.0,-1.0,-1.0,0.0,0.0,0
0.0,71.0,63.666,-1.0,-1.0,-1.0,-1.0,-1.0,-1.0,0.0,44449792.0,0.0,0.0,-1.0,-1.0,-1.0,0.0,0.0,0
0.0,88.0,81.541,-1.0,-1.0,-1.0,-1.0,-1.0,-1.0,0.0,44449792.0,0.0,0.0,-1.0,-1.0,-1.0,0.0,0.0,0
0.0,62.0,58.75,-1.0,-1.0,-1.0,-1.0,-1.0,-1.0,0.0,44449792.0,0.0,0.0,-1.0,-1.0,-1.0,0.0,0.0,0
0.0,64.0,59.208,-1.0,-1.0,-1.0,-1.0,-1.0,-1.0,0.0,44466176.0,0.0,0.0,-1.0,-1.0,-1.0,0.0,0.0,0
0.0,67.0,61.5,-1.0,-1.0,-1.0,-1.0,-1.0,-1.0,0.0,44466176.0,0.0,0.0,-1.0,-1.0,-1.0,0.0,0.0,0
3.0,78.0,260.583,-1.0,-1.0,-1.0,-1.0,-1.0,-1.0,0.0,44466176.0,0.0,0.0,-1.0,-1.0,-1.0,0.0,0.0,0
0.0,81.0,71.083,-1.0,-1.0,-1.0,-1.0,-1.0,-1.0,0.0,44466176.0,0.0,0.0,-1.0,-1.0,-1.0,0.0,0.0,0
0.0,71.0,65.334,-1.0,-1.0,-1.0,-1.0,-1.0,-1.0,0.0,44482560.0,0.0,0.0,-1.0,-1.0,-1.0,0.0,0.0,0
0.0,74.0,67.791,-1.0,-1.0,-1.0,-1.0,-1.0,-1.0,0.0,44482560.0,0.0,0.0,-1.0,-1.0,-1.0,0.0,0.0,0
0.0,71.0,61.291,-1.0,-1.0,-1.0,-1.0,-1.0,-1.0,0.0,44482560.0,0.0,0.0,-1.0,-1.0,-1.0,0.0,0.0,0
0.0,78.0,70.542,-1.0,-1.0,-1.0,-1.0,-1.0,-1.0,0.0,44482560.0,0.0,0.0,-1.0,-1.0,-1.0,0.0,0.0,0
0.0,84.0,71.5,-1.0,-1.0,-1.0,-1.0,-1.0,-1.0,0.0,44482560.0,0.0,0.0,-1.0,-1.0,-1.0,0.0,0.0,0
0.0,79.0,71.458,-1.0,-1.0,-1.0,-1.0,-1.0,-1.0,0.0,44482560.0,0.0,0.0,-1.0,-1.0,-1.0,0.0,0.0,0
0.0,75.0,67.333,-1.0,-1.0,-1.0,-1.0,-1.0,-1.0,0.0,44482560.0,0.0,0.0,-1.0,-1.0,-1.0,0.0,0.0,0
0.0,102.0,92.375,-1.0,-1.0,-1.0,-1.0,-1.0,-1.0,0.0,44482560.0,0.0,0.0,-1.0,-1.0,-1.0,0.0,0.0,0
1.0,113.0,113.0,-1.0,-1.0,-1.0,-1.0,-1.0,-1.0,0.0,44498944.0,0.0,0.0,-1.0,-1.0,-1.0,0.0,0.0,0
0.0,101.0,92.709,-1.0,-1.0,-1.0,-1.0,-1.0,-1.0,0.0,44498944.0,0.0,0.0,-1.0,-1.0,-1.0,0.0,0.0,0
0.0,96.0,89.333,-1.0,-1.0,-1.0,-1.0,-1.0,-1.0,0.0,44498944.0,0.0,0.0,-1.0,-1.0,-1.0,0.0,0.0,0
0.0,51.0,46.292,-1.0,-1.0,-1.0,-1.0,-1.0,-1.0,0.0,44498944.0,0.0,0.0,-1.0,-1.0,-1.0,0.0,0.0,0
0.0,70.0,65.208,-1.0,-1.0,-1.0,-1.0,-1.0,-1.0,0.0,44498944.0,0.0,0.0,-1.0,-1.0,-1.0,0.0,0.0,0
0.0,74.0,67.208,-1.0,-1.0,-1.0,-1.0,-1.0,-1.0,0.0,44498944.0,0.0,0.0,-1.0,-1.0,-1.0,0.0,0.0,0
0.0,72.0,66.125,-1.0,-1.0,-1.0,-1.0,-1.0,-1.0,0.0,44515328.0,0.0,0.0,-1.0,-1.0,-1.0,0.0,0.0,0
0.0,85.0,79.334,-1.0,-1.0,-1.0,-1.0,-1.0,-1.0,0.0,44515328.0,0.0,0.0,-1.0,-1.0,-1.0,0.0,0.0,0
0.0,84.0,78.166,-1.0,-1.0,-1.0,-1.0,-1.0,-1.0,0.0,44515328.0,0.0,0.0,-1.0,-1.0,-1.0,0.0,0.0,0
0.0,84.0,79.042,-1.0,-1.0,-1.0,-1.0,-1.0,-1.0,0.0,44515328.0,0.0,0.0,-1.0,-1.0,-1.0,0.0,0.0,0
0.0,93.0,86.417,-1.0,-1.0,-1.0,-1.0,-1.0,-1.0,0.0,44515328.0,0.0,0.0,-1.0,-1.0,-1.0,0.0,0.0,0
0.0,86.0,80.875,-1.0,-1.0,-1.0,-1.0,-1.0,-1.0,0.0,44515328.0,0.0,0.0,-1.0,-1.0,-1.0,0.0,0.0,0
0.0,95.0,89.125,-1.0,-1.0,-1.0,-1.0,-1.0,-1.0,0.0,44515328.0,0.0,0.0,-1.0,-1.0,-1.0,0.0,0.0,0
0.0,93.0,85.958,-1.0,-1.0,-1.0,-1.0,-1.0,-1.0,0.0,44515328.0,0.0,0.0,-1.0,-1.0,-1.0,0.0,0.0,0
0.0,58.0,52.75,-1.0,-1.0,-1.0,-1.0,-1.0,-1.0,0.0,44515328.0,0.0,0.0,-1.0,-1.0,-1.0,0.0,0.0,0
0.0,72.0,67.625,-1.0,-1.0,-1.0,-1.0,-1.0,-1.0,0.0,44515328.0,0.0,0.0,-1.0,-1.0,-1.0,0.0,0.0,0
0.0,79.0,74.958,-1.0,-1.0,-1.0,-1.0,-1.0,-1.0,0.0,44531712.0,0.0,0.0,-1.0,-1.0,-1.0,0.0,0.0,0
0.0,58.0,52.209,-1.0,-1.0,-1.0,-1.0,-1.0,-1.0,0.0,44564480.0,0.0,0.0,-1.0,-1.0,-1.0,0.0,0.0,0
0.0,73.0,67.875,-1.0,-1.0,-1.0,-1.0,-1.0,-1.0,0.0,44564480.0,0.0,0.0,-1.0,-1.0,-1.0,0.0,0.0,0
0.0,76.0,69.208,-1.0,-1.0,-1.0,-1.0,-1.0,-1.0,0.0,44564480.0,0.0,0.0,-1.0,-1.0,-1.0,0.0,0.0,0
0.0,77.0,66.958,-1.0,-1.0,-1.0,-1.0,-1.0,-1.0,0.0,44564480.0,0.0,0.0,-1.0,-1.0,-1.0,0.0,0.0,0
0.0,117.0,106.75,-1.0,-1.0,-1.0,-1.0,-1.0,-1.0,0.0,44564480.0,0.0,0.0,-1.0,-1.0,-1.0,0.0,0.0,0
0.0,112.0,102.667,-1.0,-1.0,-1.0,-1.0,-1.0,-1.0,0.0,44564480.0,0.0,0.0,-1.0,-1.0,-1.0,0.0,0.0,0
0.0,92.0,85.417,-1.0,-1.0,-1.0,-1.0,-1.0,-1.0,0.0,44564480.0,0.0,0.0,-1.0,-1.0,-1.0,0.0,0.0,0
0.0,72.0,59.583,-1.0,-1.0,-1.0,-1.0,-1.0,-1.0,0.0,44564480.0,0.0,0.0,-1.0,-1.0,-1.0,0.0,0.0,0
0.0,67.0,60.209,-1.0,-1.0,-1.0,-1.0,-1.0,-1.0,0.0,44564480.0,0.0,0.0,-1.0,-1.0,-1.0,0.0,0.0,0
0.0,77.0,69.833,-1.0,-1.0,-1.0,-1.0,-1.0,-1.0,0.0,44564480.0,0.0,0.0,-1.0,-1.0,-1.0,0.0,0.0,0
0.0,72.0,65.583,-1.0,-1.0,-1.0,-1.0,-1.0,-1.0,0.0,44564480.0,0.0,0.0,-1.0,-1.0,-1.0,0.0,0.0,0
0.0,63.0,56.334,-1.0,-1.0,-1.0,-1.0,-1.0,-1.0,0.0,44564480.0,0.0,0.0,-1.0,-1.0,-1.0,0.0,0.0,0
0.0,70.0,64.042,-1.0,-1.0,-1.0,-1.0,-1.0,-1.0,0.0,44580864.0,0.0,0.0,-1.0,-1.0,-1.0,0.0,0.0,0
0.0,64.0,60.166,-1.0,-1.0,-1.0,-1.0,-1.0,-1.0,0.0,44580864.0,0.0,0.0,-1.0,-1.0,-1.0,0.0,0.0,0
0.0,63.0,60.167,-1.0,-1.0,-1.0,-1.0,-1.0,-1.0,0.0,44580864.0,0.0,0.0,-1.0,-1.0,-1.0,0.0,0.0,0
0.0,80.0,77.75,-1.0,-1.0,-1.0,-1.0,-1.0,-1.0,0.0,44580864.0,0.0,0.0,-1.0,-1.0,-1.0,0.0,0.0,0
0.0,86.0,82.083,-1.0,-1.0,-1.0,-1.0,-1.0,-1.0,0.0,44580864.0,0.0,0.0,-1.0,-1.0,-1.0,0.0,0.0,0
1.0,94.0,122.166,-1.0,-1.0,-1.0,-1.0,-1.0,-1.0,0.0,44597248.0,0.0,0.0,-1.0,-1.0,-1.0,0.0,0.0,0
0.0,85.0,80.583,-1.0,-1.0,-1.0,-1.0,-1.0,-1.0,0.0,44597248.0,0.0,0.0,-1.0,-1.0,-1.0,0.0,0.0,0
0.0,67.0,63.375,-1.0,-1.0,-1.0,-1.0,-1.0,-1.0,0.0,44597248.0,0.0,0.0,-1.0,-1.0,-1.0,0.0,0.0,0
0.0,46.0,43.125,-1.0,-1.0,-1.0,-1.0,-1.0,-1.0,0.0,44597248.0,0.0,0.0,-1.0,-1.0,-1.0,0.0,0.0,0
0.0,65.0,61.334,-1.0,-1.0,-1.0,-1.0,-1.0,-1.0,0.0,44597248.0,0.0,0.0,-1.0,-1.0,-1.0,0.0,0.0,0
0.0,65.0,61.083,-1.0,-1.0,-1.0,-1.0,-1.0,-1.0,0.0,44597248.0,0.0,0.0,-1.0,-1.0,-1.0,0.0,0.0,0
0.0,65.0,59.709,-1.0,-1.0,-1.0,-1.0,-1.0,-1.0,0.0,44597248.0,0.0,0.0,-1.0,-1.0,-1.0,0.0,0.0,0
0.0,82.0,77.542,-1.0,-1.0,-1.0,-1.0,-1.0,-1.0,0.0,44597248.0,0.0,0.0,-1.0,-1.0,-1.0,0.0,0.0,0
0.0,87.0,82.291,-1.0,-1.0,-1.0,-1.0,-1.0,-1.0,0.0,44597248.0,0.0,0.0,-1.0,-1.0,-1.0,0.0,0.0,0
0.0,86.0,81.125,-1.0,-1.0,-1.0,-1.0,-1.0,-1.0,0.0,44597248.0,0.0,0.0,-1.0,-1.0,-1.0,0.0,0.0,0
0.0,85.0,81.791,-1.0,-1.0,-1.0,-1.0,-1.0,-1.0,0.0,44613632.0,0.0,0.0,-1.0,-1.0,-1.0,0.0,0.0,0
0.0,82.0,78.209,-1.0,-1.0,-1.0,-1.0,-1.0,-1.0,0.0,44613632.0,0.0,0.0,-1.0,-1.0,-1.0,0.0,0.0,0
0.0,87.0,80.708,-1.0,-1.0,-1.0,-1.0,-1.0,-1.0,0.0,44630016.0,0.0,0.0,-1.0,-1.0,-1.0,0.0,0.0,0
0.0,84.0,79.333,-1.0,-1.0,-1.0,-1.0,-1.0,-1.0,0.0,44630016.0,0.0,0.0,-1.0,-1.0,-1.0,0.0,0.0,0
0.0,83.0,79.708,-1.0,-1.0,-1.0,-1.0,-1.0,-1.0,0.0,44630016.0,0.0,0.0,-1.0,-1.0,-1.0,0.0,0.0,0
0.0,86.0,81.708,-1.0,-1.0,-1.0,-1.0,-1.0,-1.0,0.0,44646400.0,0.0,0.0,-1.0,-1.0,-1.0,0.0,0.0,0
0.0,83.0,78.792,-1.0,-1.0,-1.0,-1.0,-1.0,-1.0,0.0,44646400.0,0.0,0.0,-1.0,-1.0,-1.0,0.0,0.0,0
0.0,86.0,80.75,-1.0,-1.0,-1.0,-1.0,-1.0,-1.0,0.0,44662784.0,0.0,0.0,-1.0,-1.0,-1.0,0.0,0.0,0
0.0,85.0,80.125,-1.0,-1.0,-1.0,-1.0,-1.0,-1.0,0.0,44662784.0,0.0,0.0,-1.0,-1.0,-1.0,0.0,0.0,0
0.0,85.0,80.833,-1.0,-1.0,-1.0,-1.0,-1.0,-1.0,0.0,44662784.0,0.0,0.0,-1.0,-1.0,-1.0,0.0,0.0,0
0.0,87.0,79.625,-1.0,-1.0,-1.0,-1.0,-1.0,-1.0,0.0,44662784.0,0.0,0.0,-1.0,-1.0,-1.0,0.0,0.0,0
1.0,99.0,107.458,-1.0,-1.0,-1.0,-1.0,-1.0,-1.0,0.0,44662784.0,0.0,0.0,-1.0,-1.0,-1.0,0.0,0.0,0
1.0,110.0,283.0,-1.0,-1.0,-1.0,-1.0,-1.0,-1.0,0.0,44662784.0,0.0,0.0,-1.0,-1.0,-1.0,0.0,0.0,0
0.0,52.0,44.541,-1.0,-1.0,-1.0,-1.0,-1.0,-1.0,0.0,44662784.0,0.0,0.0,-1.0,-1.0,-1.0,0.0,0.0,0
0.0,52.0,44.875,-1.0,-1.0,-1.0,-1.0,-1.0,-1.0,0.0,44662784.0,0.0,0.0,-1.0,-1.0,-1.0,0.0,0.0,0
0.0,70.0,63.334,-1.0,-1.0,-1.0,-1.0,-1.0,-1.0,0.0,44662784.0,0.0,0.0,-1.0,-1.0,-1.0,0.0,0.0,0
0.0,76.0,67.875,-1.0,-1.0,-1.0,-1.0,-1.0,-1.0,0.0,44662784.0,0.0,0.0,-1.0,-1.0,-1.0,0.0,0.0,0
0.0,74.0,67.083,-1.0,-1.0,-1.0,-1.0,-1.0,-1.0,0.0,44662784.0,0.0,0.0,-1.0,-1.0,-1.0,0.0,0.0,0
0.0,83.0,77.542,-1.0,-1.0,-1.0,-1.0,-1.0,-1.0,0.0,44662784.0,0.0,0.0,-1.0,-1.0,-1.0,0.0,0.0,0
0.0,80.0,76.125,-1.0,-1.0,-1.0,-1.0,-1.0,-1.0,0.0,44662784.0,0.0,0.0,-1.0,-1.0,-1.0,0.0,0.0,0
0.0,82.0,77.333,-1.0,-1.0,-1.0,-1.0,-1.0,-1.0,0.0,44662784.0,0.0,0.0,-1.0,-1.0,-1.0,0.0,0.0,0
0.0,80.0,75.166,-1.0,-1.0,-1.0,-1.0,-1.0,-1.0,0.0,44662784.0,0.0,0.0,-1.0,-1.0,-1.0,0.0,0.0,0
0.0,91.0,81.5,-1.0,-1.0,-1.0,-1.0,-1.0,-1.0,0.0,44679168.0,0.0,0.0,-1.0,-1.0,-1.0,0.0,0.0,0
0.0,88.0,78.958,-1.0,-1.0,-1.0,-1.0,-1.0,-1.0,0.0,44679168.0,0.0,0.0,-1.0,-1.0,-1.0,0.0,0.0,0
0.0,68.0,61.583,-1.0,-1.0,-1.0,-1.0,-1.0,-1.0,0.0,44695552.0,0.0,0.0,-1.0,-1.0,-1.0,0.0,0.0,0
0.0,71.0,65.167,-1.0,-1.0,-1.0,-1.0,-1.0,-1.0,0.0,44695552.0,0.0,0.0,-1.0,-1.0,-1.0,0.0,0.0,0
0.0,71.0,65.0,-1.0,-1.0,-1.0,-1.0,-1.0,-1.0,0.0,44695552.0,0.0,0.0,-1.0,-1.0,-1.0,0.0,0.0,0
0.0,67.0,61.875,-1.0,-1.0,-1.0,-1.0,-1.0,-1.0,0.0,44695552.0,0.0,0.0,-1.0,-1.0,-1.0,0.0,0.0,0
0.0,80.0,72.709,-1.0,-1.0,-1.0,-1.0,-1.0,-1.0,0.0,44695552.0,0.0,0.0,-1.0,-1.0,-1.0,0.0,0.0,0
0.0,93.0,86.834,-1.0,-1.0,-1.0,-1.0,-1.0,-1.0,0.0,44711936.0,0.0,0.0,-1.0,-1.0,-1.0,0.0,0.0,0
0.0,81.0,77.292,-1.0,-1.0,-1.0,-1.0,-1.0,-1.0,0.0,44711936.0,0.0,0.0,-1.0,-1.0,-1.0,0.0,0.0,0
0.0,82.0,77.334,-1.0,-1.0,-1.0,-1.0,-1.0,-1.0,0.0,44711936.0,0.0,0.0,-1.0,-1.0,-1.0,0.0,0.0,0
0.0,79.0,76.167,-1.0,-1.0,-1.0,-1.0,-1.0,-1.0,0.0,44711936.0,0.0,0.0,-1.0,-1.0,-1.0,0.0,0.0,0
0.0,96.0,90.333,-1.0,-1.0,-1.0,-1.0,-1.0,-1.0,0.0,44711936.0,0.0,0.0,-1.0,-1.0,-1.0,0.0,0.0,0
0.0,95.0,87.958,-1.0,-1.0,-1.0,-1.0,-1.0,-1.0,0.0,44711936.0,0.0,0.0,-1.0,-1.0,-1.0,0.0,0.0,0
0.0,95.0,89.625,-1.0,-1.0,-1.0,-1.0,-1.0,-1.0,0.0,44711936.0,0.0,0.0,-1.0,-1.0,-1.0,0.0,0.0,0
0.0,63.0,55.0,-1.0,-1.0,-1.0,-1.0,-1.0,-1.0,0.0,44711936.0,0.0,0.0,-1.0,-1.0,-1.0,0.0,0.0,0
0.0,59.0,53.75,-1.0,-1.0,-1.0,-1.0,-1.0,-1.0,0.0,44711936.0,0.0,0.0,-1.0,-1.0,-1.0,0.0,0.0,0
0.0,72.0,65.208,-1.0,-1.0,-1.0,-1.0,-1.0,-1.0,0.0,44711936.0,0.0,0.0,-1.0,-1.0,-1.0,0.0,0.0,0
0.0,64.0,58.583,-1.0,-1.0,-1.0,-1.0,-1.0,-1.0,0.0,44711936.0,0.0,0.0,-1.0,-1.0,-1.0,0.0,0.0,0
0.0,70.0,64.5,-1.0,-1.0,-1.0,-1.0,-1.0,-1.0,0.0,44711936.0,0.0,0.0,-1.0,-1.0,-1.0,0.0,0.0,0
0.0,76.0,67.542,-1.0,-1.0,-1.0,-1.0,-1.0,-1.0,0.0,44728320.0,0.0,0.0,-1.0,-1.0,-1.0,0.0,0.0,0
0.0,73.0,63.708,-1.0,-1.0,-1.0,-1.0,-1.0,-1.0,0.0,44744704.0,0.0,0.0,-1.0,-1.0,-1.0,0.0,0.0,0
0.0,84.0,75.0,-1.0,-1.0,-1.0,-1.0,-1.0,-1.0,0.0,44744704.0,0.0,0.0,-1.0,-1.0,-1.0,0.0,0.0,0
0.0,80.0,73.708,-1.0,-1.0,-1.0,-1.0,-1.0,-1.0,0.0,44744704.0,0.0,0.0,-1.0,-1.0,-1.0,0.0,0.0,0
0.0,75.0,68.417,-1.0,-1.0,-1.0,-1.0,-1.0,-1.0,0.0,44744704.0,0.0,0.0,-1.0,-1.0,-1.0,0.0,0.0,0
0.0,101.0,93.791,-1.0,-1.0,-1.0,-1.0,-1.0,-1.0,0.0,44744704.0,0.0,0.0,-1.0,-1.0,-1.0,0.0,0.0,0
0.0,62.0,54.459,-1.0,-1.0,-1.0,-1.0,-1.0,-1.0,0.0,44744704.0,0.0,0.0,-1.0,-1.0,-1.0,0.0,0.0,0
0.0,70.0,61.208,-1.0,-1.0,-1.0,-1.0,-1.0,-1.0,0.0,44744704.0,0.0,0.0,-1.0,-1.0,-1.0,0.0,0.0,0
0.0,72.0,64.666,-1.0,-1.0,-1.0,-1.0,-1.0,-1.0,0.0,44744704.0,0.0,0.0,-1.0,-1.0,-1.0,0.0,0.0,0
0.0,71.0,65.0,-1.0,-1.0,-1.0,-1.0,-1.0,-1.0,0.0,44744704.0,0.0,0.0,-1.0,-1.0,-1.0,0.0,0.0,0
0.0,89.0,83.333,-1.0,-1.0,-1.0,-1.0,-1.0,-1.0,0.0,44744704.0,0.0,0.0,-1.0,-1.0,-1.0,0.0,0.0,0
0.0,85.0,80.25,-1.0,-1.0,-1.0,-1.0,-1.0,-1.0,0.0,44744704.0,0.0,0.0,-1.0,-1.0,-1.0,0.0,0.0,0
0.0,82.0,77.084,-1.0,-1.0,-1.0,-1.0,-1.0,-1.0,0.0,44744704.0,0.0,0.0,-1.0,-1.0,-1.0,0.0,0.0,0
0.0,96.0,90.709,-1.0,-1.0,-1.0,-1.0,-1.0,-1.0,0.0,44744704.0,0.0,0.0,-1.0,-1.0,-1.0,0.0,0.0,0
0.0,87.0,82.875,-1.0,-1.0,-1.0,-1.0,-1.0,-1.0,0.0,44744704.0,0.0,0.0,-1.0,-1.0,-1.0,0.0,0.0,0
0.0,98.0,89.125,-1.0,-1.0,-1.0,-1.0,-1.0,-1.0,0.0,44744704.0,0.0,0.0,-1.0,-1.0,-1.0,0.0,0.0,0
0.0,102.0,91.708,-1.0,-1.0,-1.0,-1.0,-1.0,-1.0,0.0,44761088.0,0.0,0.0,-1.0,-1.0,-1.0,0.0,0.0,0
0.0,93.0,86.0,-1.0,-1.0,-1.0,-1.0,-1.0,-1.0,0.0,44793856.0,0.0,0.0,-1.0,-1.0,-1.0,0.0,0.0,0
0.0,58.0,53.375,-1.0,-1.0,-1.0,-1.0,-1.0,-1.0,0.0,44793856.0,0.0,0.0,-1.0,-1.0,-1.0,0.0,0.0,0
0.0,63.0,58.125,-1.0,-1.0,-1.0,-1.0,-1.0,-1.0,0.0,44793856.0,0.0,0.0,-1.0,-1.0,-1.0,0.0,0.0,0
0.0,63.0,57.625,-1.0,-1.0,-1.0,-1.0,-1.0,-1.0,0.0,44793856.0,0.0,0.0,-1.0,-1.0,-1.0,0.0,0.0,0
0.0,77.0,72.417,-1.0,-1.0,-1.0,-1.0,-1.0,-1.0,0.0,44793856.0,0.0,0.0,-1.0,-1.0,-1.0,0.0,0.0,0
0.0,69.0,63.917,-1.0,-1.0,-1.0,-1.0,-1.0,-1.0,0.0,44793856.0,0.0,0.0,-1.0,-1.0,-1.0,0.0,0.0,0
0.0,77.0,69.583,-1.0,-1.0,-1.0,-1.0,-1.0,-1.0,0.0,44793856.0,0.0,0.0,-1.0,-1.0,-1.0,0.0,0.0,0
0.0,72.0,66.25,-1.0,-1.0,-1.0,-1.0,-1.0,-1.0,0.0,44793856.0,0.0,0.0,-1.0,-1.0,-1.0,0.0,0.0,0
0.0,83.0,71.459,-1.0,-1.0,-1.0,-1.0,-1.0,-1.0,0.0,44793856.0,0.0,0.0,-1.0,-1.0,-1.0,0.0,0.0,0
1.0,85.0,82.959,-1.0,-1.0,-1.0,-1.0,-1.0,-1.0,0.0,44793856.0,0.0,0.0,-1.0,-1.0,-1.0,0.0,0.0,0
0.0,59.0,53.708,-1.0,-1.0,-1.0,-1.0,-1.0,-1.0,0.0,44793856.0,0.0,0.0,-1.0,-1.0,-1.0,0.0,0.0,0
0.0,51.0,46.792,-1.0,-1.0,-1.0,-1.0,-1.0,-1.0,0.0,44793856.0,0.0,0.0,-1.0,-1.0,-1.0,0.0,0.0,0
0.0,56.0,51.042,-1.0,-1.0,-1.0,-1.0,-1.0,-1.0,0.0,44793856.0,0.0,0.0,-1.0,-1.0,-1.0,0.0,0.0,0
0.0,73.0,66.875,-1.0,-1.0,-1.0,-1.0,-1.0,-1.0,0.0,44793856.0,0.0,0.0,-1.0,-1.0,-1.0,0.0,0.0,0
0.0,73.0,65.375,-1.0,-1.0,-1.0,-1.0,-1.0,-1.0,0.0,44793856.0,0.0,0.0,-1.0,-1.0,-1.0,0.0,0.0,0
0.0,71.0,64.667,-1.0,-1.0,-1.0,-1.0,-1.0,-1.0,0.0,44793856.0,0.0,0.0,-1.0,-1.0,-1.0,0.0,0.0,0
0.0,72.0,66.042,-1.0,-1.0,-1.0,-1.0,-1.0,-1.0,0.0,44793856.0,0.0,0.0,-1.0,-1.0,-1.0,0.0,0.0,0
0.0,73.0,68.458,-1.0,-1.0,-1.0,-1.0,-1.0,-1.0,0.0,44810240.0,0.0,0.0,-1.0,-1.0,-1.0,0.0,0.0,0
0.0,78.0,70.125,-1.0,-1.0,-1.0,-1.0,-1.0,-1.0,0.0,44810240.0,0.0,0.0,-1.0,-1.0,-1.0,0.0,0.0,0
0.0,73.0,66.417,-1.0,-1.0,-1.0,-1.0,-1.0,-1.0,0.0,44810240.0,0.0,0.0,-1.0,-1.0,-1.0,0.0,0.0,0
0.0,99.0,92.375,-1.0,-1.0,-1.0,-1.0,-1.0,-1.0,0.0,44810240.0,0.0,0.0,-1.0,-1.0,-1.0,0.0,0.0,0
1.0,123.0,123.208,-1.0,-1.0,-1.0,-1.0,-1.0,-1.0,0.0,44810240.0,0.0,0.0,-1.0,-1.0,-1.0,0.0,0.0,0
0.0,71.0,64.584,-1.0,-1.0,-1.0,-1.0,-1.0,-1.0,0.0,44810240.0,0.0,0.0,-1.0,-1.0,-1.0,0.0,0.0,0
0.0,63.0,55.417,-1.0,-1.0,-1.0,-1.0,-1.0,-1.0,0.0,44810240.0,0.0,0.0,-1.0,-1.0,-1.0,0.0,0.0,0
0.0,76.0,68.792,-1.0,-1.0,-1.0,-1.0,-1.0,-1.0,0.0,44826624.0,0.0,0.0,-1.0,-1.0,-1.0,0.0,0.0,0
0.0,83.0,73.375,-1.0,-1.0,-1.0,-1.0,-1.0,-1.0,0.0,44826624.0,0.0,0.0,-1.0,-1.0,-1.0,0.0,0.0,0
0.0,64.0,57.5,-1.0,-1.0,-1.0,-1.0,-1.0,-1.0,0.0,44826624.0,0.0,0.0,-1.0,-1.0,-1.0,0.0,0.0,0
0.0,65.0,56.834,-1.0,-1.0,-1.0,-1.0,-1.0,-1.0,0.0,44843008.0,0.0,0.0,-1.0,-1.0,-1.0,0.0,0.0,0
0.0,75.0,66.417,-1.0,-1.0,-1.0,-1.0,-1.0,-1.0,0.0,44843008.0,0.0,0.0,-1.0,-1.0,-1.0,0.0,0.0,0
0.0,78.0,72.542,-1.0,-1.0,-1.0,-1.0,-1.0,-1.0,0.0,44843008.0,0.0,0.0,-1.0,-1.0,-1.0,0.0,0.0,0
0.0,98.0,91.875,-1.0,-1.0,-1.0,-1.0,-1.0,-1.0,0.0,44843008.0,0.0,0.0,-1.0,-1.0,-1.0,0.0,0.0,0
0.0,99.0,89.084,-1.0,-1.0,-1.0,-1.0,-1.0,-1.0,0.0,44843008.0,0.0,0.0,-1.0,-1.0,-1.0,0.0,0.0,0
0.0,84.0,79.917,-1.0,-1.0,-1.0,-1.0,-1.0,-1.0,0.0,44843008.0,0.0,0.0,-1.0,-1.0,-1.0,0.0,0.0,0
0.0,90.0,84.875,-1.0,-1.0,-1.0,-1.0,-1.0,-1.0,0.0,44843008.0,0.0,0.0,-1.0,-1.0,-1.0,0.0,0.0,0
0.0,64.0,57.958,-1.0,-1.0,-1.0,-1.0,-1.0,-1.0,0.0,44859392.0,0.0,0.0,-1.0,-1.0,-1.0,0.0,0.0,0
0.0,59.0,53.5,-1.0,-1.0,-1.0,-1.0,-1.0,-1.0,0.0,44859392.0,0.0,0.0,-1.0,-1.0,-1.0,0.0,0.0,0
0.0,69.0,62.959,-1.0,-1.0,-1.0,-1.0,-1.0,-1.0,0.0,44875776.0,0.0,0.0,-1.0,-1.0,-1.0,0.0,0.0,0
0.0,64.0,60.292,-1.0,-1.0,-1.0,-1.0,-1.0,-1.0,0.0,44875776.0,0.0,0.0,-1.0,-1.0,-1.0,0.0,0.0,0
0.0,69.0,63.791,-1.0,-1.0,-1.0,-1.0,-1.0,-1.0,0.0,44875776.0,0.0,0.0,-1.0,-1.0,-1.0,0.0,0.0,0
0.0,91.0,85.417,-1.0,-1.0,-1.0,-1.0,-1.0,-1.0,0.0,44875776.0,0.0,0.0,-1.0,-1.0,-1.0,0.0,0.0,0
0.0,84.0,80.583,-1.0,-1.0,-1.0,-1.0,-1.0,-1.0,0.0,44875776.0,0.0,0.0,-1.0,-1.0,-1.0,0.0,0.0,0
0.0,94.0,87.75,-1.0,-1.0,-1.0,-1.0,-1.0,-1.0,0.0,44875776.0,0.0,0.0,-1.0,-1.0,-1.0,0.0,0.0,0
0.0,103.0,93.291,-1.0,-1.0,-1.0,-1.0,-1.0,-1.0,0.0,44875776.0,0.0,0.0,-1.0,-1.0,-1.0,0.0,0.0,0
0.0,97.0,90.125,-1.0,-1.0,-1.0,-1.0,-1.0,-1.0,0.0,44875776.0,0.0,0.0,-1.0,-1.0,-1.0,0.0,0.0,0
0.0,99.0,92.042,-1.0,-1.0,-1.0,-1.0,-1.0,-1.0,0.0,44875776.0,0.0,0.0,-1.0,-1.0,-1.0,0.0,0.0,0
1.0,65.0,84.5,-1.0,-1.0,-1.0,-1.0,-1.0,-1.0,0.0,44875776.0,0.0,0.0,-1.0,-1.0,-1.0,0.0,0.0,0
0.0,63.0,56.125,-1.0,-1.0,-1.0,-1.0,-1.0,-1.0,0.0,44875776.0,0.0,0.0,-1.0,-1.0,-1.0,0.0,0.0,0
0.0,71.0,61.125,-1.0,-1.0,-1.0,-1.0,-1.0,-1.0,0.0,44875776.0,0.0,0.0,-1.0,-1.0,-1.0,0.0,0.0,0
0.0,79.0,72.833,-1.0,-1.0,-1.0,-1.0,-1.0,-1.0,0.0,44875776.0,0.0,0.0,-1.0,-1.0,-1.0,0.0,0.0,0
0.0,111.0,103.209,-1.0,-1.0,-1.0,-1.0,-1.0,-1.0,0.0,44875776.0,0.0,0.0,-1.0,-1.0,-1.0,0.0,0.0,0
0.0,100.0,92.791,-1.0,-1.0,-1.0,-1.0,-1.0,-1.0,0.0,44875776.0,0.0,0.0,-1.0,-1.0,-1.0,0.0,0.0,0
0.0,101.0,91.916,-1.0,-1.0,-1.0,-1.0,-1.0,-1.0,0.0,44892160.0,0.0,0.0,-1.0,-1.0,-1.0,0.0,0.0,0
1.0,110.0,134.125,-1.0,-1.0,-1.0,-1.0,-1.0,-1.0,0.0,44892160.0,0.0,0.0,-1.0,-1.0,-1.0,0.0,0.0,0
0.0,99.0,91.292,-1.0,-1.0,-1.0,-1.0,-1.0,-1.0,0.0,44892160.0,0.0,0.0,-1.0,-1.0,-1.0,0.0,0.0,0
1.0,104.0,114.209,-1.0,-1.0,-1.0,-1.0,-1.0,-1.0,0.0,44892160.0,0.0,0.0,-1.0,-1.0,-1.0,0.0,0.0,0
1.0,115.0,145.875,-1.0,-1.0,-1.0,-1.0,-1.0,-1.0,0.0,44892160.0,0.0,0.0,-1.0,-1.0,-1.0,0.0,0.0,0
0.0,77.0,67.583,-1.0,-1.0,-1.0,-1.0,-1.0,-1.0,0.0,44908544.0,0.0,0.0,-1.0,-1.0,-1.0,0.0,0.0,0
0.0,57.0,51.25,-1.0,-1.0,-1.0,-1.0,-1.0,-1.0,0.0,44908544.0,0.0,0.0,-1.0,-1.0,-1.0,0.0,0.0,0
0.0,68.0,62.125,-1.0,-1.0,-1.0,-1.0,-1.0,-1.0,0.0,44908544.0,0.0,0.0,-1.0,-1.0,-1.0,0.0,0.0,0
0.0,72.0,66.042,-1.0,-1.0,-1.0,-1.0,-1.0,-1.0,0.0,44908544.0,0.0,0.0,-1.0,-1.0,-1.0,0.0,0.0,0
0.0,73.0,67.292,-1.0,-1.0,-1.0,-1.0,-1.0,-1.0,0.0,44908544.0,0.0,0.0,-1.0,-1.0,-1.0,0.0,0.0,0
0.0,69.0,64.208,-1.0,-1.0,-1.0,-1.0,-1.0,-1.0,0.0,44908544.0,0.0,0.0,-1.0,-1.0,-1.0,0.0,0.0,0
0.0,81.0,77.875,-1.0,-1.0,-1.0,-1.0,-1.0,-1.0,0.0,44908544.0,0.0,0.0,-1.0,-1.0,-1.0,0.0,0.0,0
0.0,80.0,75.958,-1.0,-1.0,-1.0,-1.0,-1.0,-1.0,0.0,44908544.0,0.0,0.0,-1.0,-1.0,-1.0,0.0,0.0,0
0.0,88.0,82.875,-1.0,-1.0,-1.0,-1.0,-1.0,-1.0,0.0,44924928.0,0.0,0.0,-1.0,-1.0,-1.0,0.0,0.0,0
0.0,89.0,82.042,-1.0,-1.0,-1.0,-1.0,-1.0,-1.0,0.0,44924928.0,0.0,0.0,-1.0,-1.0,-1.0,0.0,0.0,0
0.0,99.0,90.666,-1.0,-1.0,-1.0,-1.0,-1.0,-1.0,0.0,44924928.0,0.0,0.0,-1.0,-1.0,-1.0,0.0,0.0,0
0.0,97.0,89.958,-1.0,-1.0,-1.0,-1.0,-1.0,-1.0,0.0,44924928.0,0.0,0.0,-1.0,-1.0,-1.0,0.0,0.0,0
0.0,62.0,54.334,-1.0,-1.0,-1.0,-1.0,-1.0,-1.0,0.0,44941312.0,0.0,0.0,-1.0,-1.0,-1.0,0.0,0.0,0
0.0,69.0,58.625,-1.0,-1.0,-1.0,-1.0,-1.0,-1.0,0.0,44941312.0,0.0,0.0,-1.0,-1.0,-1.0,0.0,0.0,0
0.0,75.0,65.125,-1.0,-1.0,-1.0,-1.0,-1.0,-1.0,0.0,44941312.0,0.0,0.0,-1.0,-1.0,-1.0,0.0,0.0,0
0.0,78.0,72.042,-1.0,-1.0,-1.0,-1.0,-1.0,-1.0,0.0,44941312.0,0.0,0.0,-1.0,-1.0,-1.0,0.0,0.0,0
0.0,79.0,72.417,-1.0,-1.0,-1.0,-1.0,-1.0,-1.0,0.0,44941312.0,0.0,0.0,-1.0,-1.0,-1.0,0.0,0.0,0
0.0,85.0,76.416,-1.0,-1.0,-1.0,-1.0,-1.0,-1.0,0.0,44957696.0,0.0,0.0,-1.0,-1.0,-1.0,0.0,0.0,0
0.0,99.0,89.25,-1.0,-1.0,-1.0,-1.0,-1.0,-1.0,0.0,44957696.0,0.0,0.0,-1.0,-1.0,-1.0,0.0,0.0,0
0.0,98.0,87.125,-1.0,-1.0,-1.0,-1.0,-1.0,-1.0,0.0,44957696.0,0.0,0.0,-1.0,-1.0,-1.0,0.0,0.0,0
0.0,97.0,90.833,-1.0,-1.0,-1.0,-1.0,-1.0,-1.0,0.0,44957696.0,0.0,0.0,-1.0,-1.0,-1.0,0.0,0.0,0
0.0,101.0,92.542,-1.0,-1.0,-1.0,-1.0,-1.0,-1.0,0.0,44957696.0,0.0,0.0,-1.0,-1.0,-1.0,0.0,0.0,0
0.0,63.0,54.416,-1.0,-1.0,-1.0,-1.0,-1.0,-1.0,0.0,44957696.0,0.0,0.0,-1.0,-1.0,-1.0,0.0,0.0,0
0.0,61.0,54.167,-1.0,-1.0,-1.0,-1.0,-1.0,-1.0,0.0,44957696.0,0.0,0.0,-1.0,-1.0,-1.0,0.0,0.0,0
0.0,67.0,62.708,-1.0,-1.0,-1.0,-1.0,-1.0,-1.0,0.0,44957696.0,0.0,0.0,-1.0,-1.0,-1.0,0.0,0.0,0
0.0,66.0,60.875,-1.0,-1.0,-1.0,-1.0,-1.0,-1.0,0.0,44957696.0,0.0,0.0,-1.0,-1.0,-1.0,0.0,0.0,0
0.0,68.0,62.458,-1.0,-1.0,-1.0,-1.0,-1.0,-1.0,0.0,44957696.0,0.0,0.0,-1.0,-1.0,-1.0,0.0,0.0,0
0.0,95.0,88.0,-1.0,-1.0,-1.0,-1.0,-1.0,-1.0,0.0,44957696.0,0.0,0.0,-1.0,-1.0,-1.0,0.0,0.0,0
0.0,68.0,62.166,-1.0,-1.0,-1.0,-1.0,-1.0,-1.0,0.0,44974080.0,0.0,0.0,-1.0,-1.0,-1.0,0.0,0.0,0
0.0,67.0,61.084,-1.0,-1.0,-1.0,-1.0,-1.0,-1.0,0.0,44990464.0,0.0,0.0,-1.0,-1.0,-1.0,0.0,0.0,0
0.0,90.0,84.75,-1.0,-1.0,-1.0,-1.0,-1.0,-1.0,0.0,44990464.0,0.0,0.0,-1.0,-1.0,-1.0,0.0,0.0,0
0.0,95.0,87.583,-1.0,-1.0,-1.0,-1.0,-1.0,-1.0,0.0,44990464.0,0.0,0.0,-1.0,-1.0,-1.0,0.0,0.0,0
0.0,87.0,82.583,-1.0,-1.0,-1.0,-1.0,-1.0,-1.0,0.0,44990464.0,0.0,0.0,-1.0,-1.0,-1.0,0.0,0.0,0
1.0,107.0,112.292,-1.0,-1.0,-1.0,-1.0,-1.0,-1.0,0.0,44990464.0,0.0,0.0,-1.0,-1.0,-1.0,0.0,0.0,0
0.0,63.0,55.375,-1.0,-1.0,-1.0,-1.0,-1.0,-1.0,0.0,44990464.0,0.0,0.0,-1.0,-1.0,-1.0,0.0,0.0,0
0.0,62.0,53.333,-1.0,-1.0,-1.0,-1.0,-1.0,-1.0,0.0,44990464.0,0.0,0.0,-1.0,-1.0,-1.0,0.0,0.0,0
0.0,85.0,74.459,-1.0,-1.0,-1.0,-1.0,-1.0,-1.0,0.0,44990464.0,0.0,0.0,-1.0,-1.0,-1.0,0.0,0.0,0
0.0,75.0,69.25,-1.0,-1.0,-1.0,-1.0,-1.0,-1.0,0.0,44990464.0,0.0,0.0,-1.0,-1.0,-1.0,0.0,0.0,0
0.0,102.0,91.083,-1.0,-1.0,-1.0,-1.0,-1.0,-1.0,0.0,44990464.0,0.0,0.0,-1.0,-1.0,-1.0,0.0,0.0,0
0.0,93.0,88.083,-1.0,-1.0,-1.0,-1.0,-1.0,-1.0,0.0,44990464.0,0.0,0.0,-1.0,-1.0,-1.0,0.0,0.0,0
0.0,96.0,90.0,-1.0,-1.0,-1.0,-1.0,-1.0,-1.0,0.0,44990464.0,0.0,0.0,-1.0,-1.0,-1.0,0.0,0.0,0
0.0,100.0,92.708,-1.0,-1.0,-1.0,-1.0,-1.0,-1.0,0.0,44990464.0,0.0,0.0,-1.0,-1.0,-1.0,0.0,0.0,0
0.0,103.0,94.666,-1.0,-1.0,-1.0,-1.0,-1.0,-1.0,0.0,44990464.0,0.0,0.0,-1.0,-1.0,-1.0,0.0,0.0,0
1.0,121.0,121.833,-1.0,-1.0,-1.0,-1.0,-1.0,-1.0,0.0,44990464.0,0.0,0.0,-1.0,-1.0,-1.0,0.0,0.0,0
1.0,100.0,581.5,-1.0,-1.0,-1.0,-1.0,-1.0,-1.0,0.0,44990464.0,0.0,0.0,-1.0,-1.0,-1.0,0.0,0.0,0
0.0,66.0,56.916,-1.0,-1.0,-1.0,-1.0,-1.0,-1.0,0.0,44990464.0,0.0,0.0,-1.0,-1.0,-1.0,0.0,0.0,0
0.0,73.0,66.583,-1.0,-1.0,-1.0,-1.0,-1.0,-1.0,0.0,45006848.0,0.0,0.0,-1.0,-1.0,-1.0,0.0,0.0,0
0.0,72.0,65.125,-1.0,-1.0,-1.0,-1.0,-1.0,-1.0,0.0,45006848.0,0.0,0.0,-1.0,-1.0,-1.0,0.0,0.0,0
0.0,67.0,62.125,-1.0,-1.0,-1.0,-1.0,-1.0,-1.0,0.0,45023232.0,0.0,0.0,-1.0,-1.0,-1.0,0.0,0.0,0
0.0,56.0,51.083,-1.0,-1.0,-1.0,-1.0,-1.0,-1.0,0.0,45023232.0,0.0,0.0,-1.0,-1.0,-1.0,0.0,0.0,0
0.0,78.0,70.208,-1.0,-1.0,-1.0,-1.0,-1.0,-1.0,0.0,45023232.0,0.0,0.0,-1.0,-1.0,-1.0,0.0,0.0,0
0.0,74.0,68.709,-1.0,-1.0,-1.0,-1.0,-1.0,-1.0,0.0,45023232.0,0.0,0.0,-1.0,-1.0,-1.0,0.0,0.0,0
0.0,67.0,61.166,-1.0,-1.0,-1.0,-1.0,-1.0,-1.0,0.0,45023232.0,0.0,0.0,-1.0,-1.0,-1.0,0.0,0.0,0
0.0,67.0,61.666,-1.0,-1.0,-1.0,-1.0,-1.0,-1.0,0.0,45039616.0,0.0,0.0,-1.0,-1.0,-1.0,0.0,0.0,0
0.0,86.0,80.792,-1.0,-1.0,-1.0,-1.0,-1.0,-1.0,0.0,45039616.0,0.0,0.0,-1.0,-1.0,-1.0,0.0,0.0,0
0.0,92.0,86.292,-1.0,-1.0,-1.0,-1.0,-1.0,-1.0,0.0,45039616.0,0.0,0.0,-1.0,-1.0,-1.0,0.0,0.0,0
0.0,91.0,85.292,-1.0,-1.0,-1.0,-1.0,-1.0,-1.0,0.0,45056000.0,0.0,0.0,-1.0,-1.0,-1.0,0.0,0.0,0
0.0,61.0,55.792,-1.0,-1.0,-1.0,-1.0,-1.0,-1.0,0.0,45056000.0,0.0,0.0,-1.0,-1.0,-1.0,0.0,0.0,0
0.0,78.0,70.542,-1.0,-1.0,-1.0,-1.0,-1.0,-1.0,0.0,45056000.0,0.0,0.0,-1.0,-1.0,-1.0,0.0,0.0,0
0.0,85.0,76.75,-1.0,-1.0,-1.0,-1.0,-1.0,-1.0,0.0,45056000.0,0.0,0.0,-1.0,-1.0,-1.0,0.0,0.0,0
0.0,80.0,72.833,-1.0,-1.0,-1.0,-1.0,-1.0,-1.0,0.0,45056000.0,0.0,0.0,-1.0,-1.0,-1.0,0.0,0.0,0
0.0,100.0,92.916,-1.0,-1.0,-1.0,-1.0,-1.0,-1.0,0.0,45056000.0,0.0,0.0,-1.0,-1.0,-1.0,0.0,0.0,0
0.0,62.0,55.5,-1.0,-1.0,-1.0,-1.0,-1.0,-1.0,0.0,45056000.0,0.0,0.0,-1.0,-1.0,-1.0,0.0,0.0,0
0.0,64.0,56.041,-1.0,-1.0,-1.0,-1.0,-1.0,-1.0,0.0,45072384.0,0.0,0.0,-1.0,-1.0,-1.0,0.0,0.0,0
0.0,60.0,53.458,-1.0,-1.0,-1.0,-1.0,-1.0,-1.0,0.0,45072384.0,0.0,0.0,-1.0,-1.0,-1.0,0.0,0.0,0
0.0,60.0,55.125,-1.0,-1.0,-1.0,-1.0,-1.0,-1.0,0.0,45072384.0,0.0,0.0,-1.0,-1.0,-1.0,0.0,0.0,0
0.0,63.0,56.459,-1.0,-1.0,-1.0,-1.0,-1.0,-1.0,0.0,45072384.0,0.0,0.0,-1.0,-1.0,-1.0,0.0,0.0,0
0.0,99.0,92.958,-1.0,-1.0,-1.0,-1.0,-1.0,-1.0,0.0,45072384.0,0.0,0.0,-1.0,-1.0,-1.0,0.0,0.0,0
1.0,84.0,70.708,-1.0,-1.0,-1.0,-1.0,-1.0,-1.0,0.0,45072384.0,0.0,0.0,-1.0,-1.0,-1.0,0.0,0.0,0
0.0,82.0,71.75,-1.0,-1.0,-1.0,-1.0,-1.0,-1.0,0.0,45072384.0,0.0,0.0,-1.0,-1.0,-1.0,0.0,0.0,0
0.0,84.0,77.25,-1.0,-1.0,-1.0,-1.0,-1.0,-1.0,0.0,45072384.0,0.0,0.0,-1.0,-1.0,-1.0,0.0,0.0,0
0.0,56.0,50.75,-1.0,-1.0,-1.0,-1.0,-1.0,-1.0,0.0,45072384.0,0.0,0.0,-1.0,-1.0,-1.0,0.0,0.0,0
0.0,91.0,86.417,-1.0,-1.0,-1.0,-1.0,-1.0,-1.0,0.0,45072384.0,0.0,0.0,-1.0,-1.0,-1.0,0.0,0.0,0
0.0,84.0,78.791,-1.0,-1.0,-1.0,-1.0,-1.0,-1.0,0.0,45072384.0,0.0,0.0,-1.0,-1.0,-1.0,0.0,0.0,0
0.0,93.0,85.958,-1.0,-1.0,-1.0,-1.0,-1.0,-1.0,0.0,45072384.0,0.0,0.0,-1.0,-1.0,-1.0,0.0,0.0,0
0.0,79.0,76.0,-1.0,-1.0,-1.0,-1.0,-1.0,-1.0,0.0,45072384.0,0.0,0.0,-1.0,-1.0,-1.0,0.0,0.0,0
0.0,86.0,81.083,-1.0,-1.0,-1.0,-1.0,-1.0,-1.0,0.0,45072384.0,0.0,0.0,-1.0,-1.0,-1.0,0.0,0.0,0
0.0,68.0,64.209,-1.0,-1.0,-1.0,-1.0,-1.0,-1.0,0.0,45072384.0,0.0,0.0,-1.0,-1.0,-1.0,0.0,0.0,0
0.0,89.0,82.792,-1.0,-1.0,-1.0,-1.0,-1.0,-1.0,0.0,45072384.0,0.0,0.0,-1.0,-1.0,-1.0,0.0,0.0,0
0.0,63.0,58.917,-1.0,-1.0,-1.0,-1.0,-1.0,-1.0,0.0,45072384.0,0.0,0.0,-1.0,-1.0,-1.0,0.0,0.0,0
0.0,70.0,64.833,-1.0,-1.0,-1.0,-1.0,-1.0,-1.0,0.0,45088768.0,0.0,0.0,-1.0,-1.0,-1.0,0.0,0.0,0
0.0,74.0,67.625,-1.0,-1.0,-1.0,-1.0,-1.0,-1.0,0.0,45088768.0,0.0,0.0,-1.0,-1.0,-1.0,0.0,0.0,0
0.0,83.0,72.375,-1.0,-1.0,-1.0,-1.0,-1.0,-1.0,0.0,45088768.0,0.0,0.0,-1.0,-1.0,-1.0,0.0,0.0,0
0.0,97.0,91.25,-1.0,-1.0,-1.0,-1.0,-1.0,-1.0,0.0,45088768.0,0.0,0.0,-1.0,-1.0,-1.0,0.0,0.0,0
0.0,97.0,90.958,-1.0,-1.0,-1.0,-1.0,-1.0,-1.0,0.0,45088768.0,0.0,0.0,-1.0,-1.0,-1.0,0.0,0.0,0
0.0,94.0,87.833,-1.0,-1.0,-1.0,-1.0,-1.0,-1.0,0.0,45105152.0,0.0,0.0,-1.0,-1.0,-1.0,0.0,0.0,0
0.0,96.0,89.708,-1.0,-1.0,-1.0,-1.0,-1.0,-1.0,0.0,45105152.0,0.0,0.0,-1.0,-1.0,-1.0,0.0,0.0,0
0.0,98.0,90.792,-1.0,-1.0,-1.0,-1.0,-1.0,-1.0,0.0,45105152.0,0.0,0.0,-1.0,-1.0,-1.0,0.0,0.0,0
0.0,112.0,104.458,-1.0,-1.0,-1.0,-1.0,-1.0,-1.0,0.0,45121536.0,0.0,0.0,-1.0,-1.0,-1.0,0.0,0.0,0
0.0,84.0,79.541,-1.0,-1.0,-1.0,-1.0,-1.0,-1.0,0.0,45121536.0,0.0,0.0,-1.0,-1.0,-1.0,0.0,0.0,0
0.0,95.0,83.875,-1.0,-1.0,-1.0,-1.0,-1.0,-1.0,0.0,45137920.0,0.0,0.0,-1.0,-1.0,-1.0,0.0,0.0,0
0.0,62.0,53.541,-1.0,-1.0,-1.0,-1.0,-1.0,-1.0,0.0,45137920.0,0.0,0.0,-1.0,-1.0,-1.0,0.0,0.0,0
0.0,69.0,64.0,-1.0,-1.0,-1.0,-1.0,-1.0,-1.0,0.0,45137920.0,0.0,0.0,-1.0,-1.0,-1.0,0.0,0.0,0
0.0,80.0,72.666,-1.0,-1.0,-1.0,-1.0,-1.0,-1.0,0.0,45137920.0,0.0,0.0,-1.0,-1.0,-1.0,0.0,0.0,0
0.0,78.0,71.917,-1.0,-1.0,-1.0,-1.0,-1.0,-1.0,0.0,45137920.0,0.0,0.0,-1.0,-1.0,-1.0,0.0,0.0,0
0.0,96.0,89.209,-1.0,-1.0,-1.0,-1.0,-1.0,-1.0,0.0,45137920.0,0.0,0.0,-1.0,-1.0,-1.0,0.0,0.0,0
0.0,82.0,77.459,-1.0,-1.0,-1.0,-1.0,-1.0,-1.0,0.0,45137920.0,0.0,0.0,-1.0,-1.0,-1.0,0.0,0.0,0
0.0,90.0,86.25,-1.0,-1.0,-1.0,-1.0,-1.0,-1.0,0.0,45154304.0,0.0,0.0,-1.0,-1.0,-1.0,0.0,0.0,0
0.0,81.0,76.917,-1.0,-1.0,-1.0,-1.0,-1.0,-1.0,0.0,45154304.0,0.0,0.0,-1.0,-1.0,-1.0,0.0,0.0,0
0.0,100.0,91.959,-1.0,-1.0,-1.0,-1.0,-1.0,-1.0,0.0,45154304.0,0.0,0.0,-1.0,-1.0,-1.0,0.0,0.0,0
0.0,98.0,91.333,-1.0,-1.0,-1.0,-1.0,-1.0,-1.0,0.0,45154304.0,0.0,0.0,-1.0,-1.0,-1.0,0.0,0.0,0
0.0,57.0,51.958,-1.0,-1.0,-1.0,-1.0,-1.0,-1.0,0.0,45154304.0,0.0,0.0,-1.0,-1.0,-1.0,0.0,0.0,0
0.0,55.0,50.583,-1.0,-1.0,-1.0,-1.0,-1.0,-1.0,0.0,45154304.0,0.0,0.0,-1.0,-1.0,-1.0,0.0,0.0,0
0.0,60.0,56.291,-1.0,-1.0,-1.0,-1.0,-1.0,-1.0,0.0,45154304.0,0.0,0.0,-1.0,-1.0,-1.0,0.0,0.0,0
3.0,99.0,246.875,-1.0,-1.0,-1.0,-1.0,-1.0,-1.0,0.0,45154304.0,0.0,0.0,-1.0,-1.0,-1.0,0.0,0.0,0
0.0,88.0,83.458,-1.0,-1.0,-1.0,-1.0,-1.0,-1.0,0.0,45154304.0,0.0,0.0,-1.0,-1.0,-1.0,0.0,0.0,0
0.0,95.0,89.667,-1.0,-1.0,-1.0,-1.0,-1.0,-1.0,0.0,45154304.0,0.0,0.0,-1.0,-1.0,-1.0,0.0,0.0,0
0.0,95.0,87.042,-1.0,-1.0,-1.0,-1.0,-1.0,-1.0,0.0,45154304.0,0.0,0.0,-1.0,-1.0,-1.0,0.0,0.0,0
0.0,103.0,92.583,-1.0,-1.0,-1.0,-1.0,-1.0,-1.0,0.0,45154304.0,0.0,0.0,-1.0,-1.0,-1.0,0.0,0.0,0
0.0,101.0,93.459,-1.0,-1.0,-1.0,-1.0,-1.0,-1.0,0.0,45154304.0,0.0,0.0,-1.0,-1.0,-1.0,0.0,0.0,0
0.0,95.0,90.333,-1.0,-1.0,-1.0,-1.0,-1.0,-1.0,0.0,45154304.0,0.0,0.0,-1.0,-1.0,-1.0,0.0,0.0,0
0.0,99.0,90.083,-1.0,-1.0,-1.0,-1.0,-1.0,-1.0,0.0,45154304.0,0.0,0.0,-1.0,-1.0,-1.0,0.0,0.0,0
0.0,69.0,59.667,-1.0,-1.0,-1.0,-1.0,-1.0,-1.0,0.0,45154304.0,0.0,0.0,-1.0,-1.0,-1.0,0.0,0.0,0
0.0,73.0,66.792,-1.0,-1.0,-1.0,-1.0,-1.0,-1.0,0.0,45170688.0,0.0,0.0,-1.0,-1.0,-1.0,0.0,0.0,0
0.0,75.0,65.25,-1.0,-1.0,-1.0,-1.0,-1.0,-1.0,0.0,45187072.0,0.0,0.0,-1.0,-1.0,-1.0,0.0,0.0,0
0.0,62.0,54.333,-1.0,-1.0,-1.0,-1.0,-1.0,-1.0,0.0,45187072.0,0.0,0.0,-1.0,-1.0,-1.0,0.0,0.0,0
0.0,83.0,73.25,-1.0,-1.0,-1.0,-1.0,-1.0,-1.0,0.0,45187072.0,0.0,0.0,-1.0,-1.0,-1.0,0.0,0.0,0
0.0,77.0,69.416,-1.0,-1.0,-1.0,-1.0,-1.0,-1.0,0.0,45187072.0,0.0,0.0,-1.0,-1.0,-1.0,0.0,0.0,0
1.0,82.0,91.333,-1.0,-1.0,-1.0,-1.0,-1.0,-1.0,0.0,45187072.0,0.0,0.0,-1.0,-1.0,-1.0,0.0,0.0,0
0.0,60.0,56.667,-1.0,-1.0,-1.0,-1.0,-1.0,-1.0,0.0,45187072.0,0.0,0.0,-1.0,-1.0,-1.0,0.0,0.0,0
0.0,70.0,64.292,-1.0,-1.0,-1.0,-1.0,-1.0,-1.0,0.0,45187072.0,0.0,0.0,-1.0,-1.0,-1.0,0.0,0.0,0
0.0,70.0,64.5,-1.0,-1.0,-1.0,-1.0,-1.0,-1.0,0.0,45187072.0,0.0,0.0,-1.0,-1.0,-1.0,0.0,0.0,0
0.0,84.0,79.375,-1.0,-1.0,-1.0,-1.0,-1.0,-1.0,0.0,45187072.0,0.0,0.0,-1.0,-1.0,-1.0,0.0,0.0,0
1.0,101.0,128.75,-1.0,-1.0,-1.0,-1.0,-1.0,-1.0,0.0,45187072.0,0.0,0.0,-1.0,-1.0,-1.0,0.0,0.0,0
0.0,46.0,42.75,-1.0,-1.0,-1.0,-1.0,-1.0,-1.0,0.0,45187072.0,0.0,0.0,-1.0,-1.0,-1.0,0.0,0.0,0
0.0,64.0,60.083,-1.0,-1.0,-1.0,-1.0,-1.0,-1.0,0.0,45187072.0,0.0,0.0,-1.0,-1.0,-1.0,0.0,0.0,0
0.0,72.0,64.917,-1.0,-1.0,-1.0,-1.0,-1.0,-1.0,0.0,45203456.0,0.0,0.0,-1.0,-1.0,-1.0,0.0,0.0,0
0.0,76.0,69.625,-1.0,-1.0,-1.0,-1.0,-1.0,-1.0,0.0,45203456.0,0.0,0.0,-1.0,-1.0,-1.0,0.0,0.0,0
0.0,95.0,88.292,-1.0,-1.0,-1.0,-1.0,-1.0,-1.0,0.0,45219840.0,0.0,0.0,-1.0,-1.0,-1.0,0.0,0.0,0
0.0,95.0,87.209,-1.0,-1.0,-1.0,-1.0,-1.0,-1.0,0.0,45219840.0,0.0,0.0,-1.0,-1.0,-1.0,0.0,0.0,0
0.0,97.0,87.584,-1.0,-1.0,-1.0,-1.0,-1.0,-1.0,0.0,45219840.0,0.0,0.0,-1.0,-1.0,-1.0,0.0,0.0,0
0.0,103.0,92.417,-1.0,-1.0,-1.0,-1.0,-1.0,-1.0,0.0,45236224.0,0.0,0.0,-1.0,-1.0,-1.0,0.0,0.0,0
0.0,97.0,90.833,-1.0,-1.0,-1.0,-1.0,-1.0,-1.0,0.0,45236224.0,0.0,0.0,-1.0,-1.0,-1.0,0.0,0.0,0
0.0,96.0,89.666,-1.0,-1.0,-1.0,-1.0,-1.0,-1.0,0.0,45236224.0,0.0,0.0,-1.0,-1.0,-1.0,0.0,0.0,0
0.0,58.0,52.708,-1.0,-1.0,-1.0,-1.0,-1.0,-1.0,0.0,45236224.0,0.0,0.0,-1.0,-1.0,-1.0,0.0,0.0,0
1.0,68.0,88.125,-1.0,-1.0,-1.0,-1.0,-1.0,-1.0,0.0,45236224.0,0.0,0.0,-1.0,-1.0,-1.0,0.0,0.0,0
0.0,73.0,67.333,-1.0,-1.0,-1.0,-1.0,-1.0,-1.0,0.0,45236224.0,0.0,0.0,-1.0,-1.0,-1.0,0.0,0.0,0
0.0,63.0,54.084,-1.0,-1.0,-1.0,-1.0,-1.0,-1.0,0.0,45236224.0,0.0,0.0,-1.0,-1.0,-1.0,0.0,0.0,0
0.0,64.0,56.083,-1.0,-1.0,-1.0,-1.0,-1.0,-1.0,0.0,45236224.0,0.0,0.0,-1.0,-1.0,-1.0,0.0,0.0,0
0.0,61.0,53.417,-1.0,-1.0,-1.0,-1.0,-1.0,-1.0,0.0,45236224.0,0.0,0.0,-1.0,-1.0,-1.0,0.0,0.0,0
0.0,55.0,50.0,-1.0,-1.0,-1.0,-1.0,-1.0,-1.0,0.0,45236224.0,0.0,0.0,-1.0,-1.0,-1.0,0.0,0.0,0
0.0,51.0,45.375,-1.0,-1.0,-1.0,-1.0,-1.0,-1.0,0.0,45252608.0,0.0,0.0,-1.0,-1.0,-1.0,0.0,0.0,0
0.0,72.0,65.417,-1.0,-1.0,-1.0,-1.0,-1.0,-1.0,0.0,45252608.0,0.0,0.0,-1.0,-1.0,-1.0,0.0,0.0,0
0.0,66.0,60.958,-1.0,-1.0,-1.0,-1.0,-1.0,-1.0,0.0,45252608.0,0.0,0.0,-1.0,-1.0,-1.0,0.0,0.0,0
0.0,55.0,50.083,-1.0,-1.0,-1.0,-1.0,-1.0,-1.0,0.0,45252608.0,0.0,0.0,-1.0,-1.0,-1.0,0.0,0.0,0
0.0,52.0,47.542,-1.0,-1.0,-1.0,-1.0,-1.0,-1.0,0.0,45252608.0,0.0,0.0,-1.0,-1.0,-1.0,0.0,0.0,0
0.0,49.0,45.208,-1.0,-1.0,-1.0,-1.0,-1.0,-1.0,0.0,45252608.0,0.0,0.0,-1.0,-1.0,-1.0,0.0,0.0,0
0.0,48.0,43.666,-1.0,-1.0,-1.0,-1.0,-1.0,-1.0,0.0,45252608.0,0.0,0.0,-1.0,-1.0,-1.0,0.0,0.0,0
0.0,63.0,53.416,-1.0,-1.0,-1.0,-1.0,-1.0,-1.0,0.0,45268992.0,0.0,0.0,-1.0,-1.0,-1.0,0.0,0.0,0
0.0,75.0,65.959,-1.0,-1.0,-1.0,-1.0,-1.0,-1.0,0.0,45268992.0,0.0,0.0,-1.0,-1.0,-1.0,0.0,0.0,0
0.0,61.0,50.792,-1.0,-1.0,-1.0,-1.0,-1.0,-1.0,0.0,45268992.0,0.0,0.0,-1.0,-1.0,-1.0,0.0,0.0,0
0.0,75.0,67.291,-1.0,-1.0,-1.0,-1.0,-1.0,-1.0,0.0,45268992.0,0.0,0.0,-1.0,-1.0,-1.0,0.0,0.0,0
0.0,76.0,69.625,-1.0,-1.0,-1.0,-1.0,-1.0,-1.0,0.0,45268992.0,0.0,0.0,-1.0,-1.0,-1.0,0.0,0.0,0
0.0,83.0,76.375,-1.0,-1.0,-1.0,-1.0,-1.0,-1.0,0.0,45268992.0,0.0,0.0,-1.0,-1.0,-1.0,0.0,0.0,0
0.0,64.0,54.541,-1.0,-1.0,-1.0,-1.0,-1.0,-1.0,0.0,45268992.0,0.0,0.0,-1.0,-1.0,-1.0,0.0,0.0,0
0.0,63.0,53.958,-1.0,-1.0,-1.0,-1.0,-1.0,-1.0,0.0,45268992.0,0.0,0.0,-1.0,-1.0,-1.0,0.0,0.0,0
1.0,67.0,85.625,-1.0,-1.0,-1.0,-1.0,-1.0,-1.0,0.0,45268992.0,0.0,0.0,-1.0,-1.0,-1.0,0.0,0.0,0
0.0,67.0,58.667,-1.0,-1.0,-1.0,-1.0,-1.0,-1.0,0.0,45268992.0,0.0,0.0,-1.0,-1.0,-1.0,0.0,0.0,0
0.0,68.0,57.584,-1.0,-1.0,-1.0,-1.0,-1.0,-1.0,0.0,45268992.0,0.0,0.0,-1.0,-1.0,-1.0,0.0,0.0,0
0.0,71.0,64.084,-1.0,-1.0,-1.0,-1.0,-1.0,-1.0,0.0,45268992.0,0.0,0.0,-1.0,-1.0,-1.0,0.0,0.0,0
0.0,68.0,62.75,-1.0,-1.0,-1.0,-1.0,-1.0,-1.0,0.0,45268992.0,0.0,0.0,-1.0,-1.0,-1.0,0.0,0.0,0
0.0,72.0,65.75,-1.0,-1.0,-1.0,-1.0,-1.0,-1.0,0.0,45268992.0,0.0,0.0,-1.0,-1.0,-1.0,0.0,0.0,0
0.0,69.0,62.958,-1.0,-1.0,-1.0,-1.0,-1.0,-1.0,0.0,45268992.0,0.0,0.0,-1.0,-1.0,-1.0,0.0,0.0,0
0.0,68.0,62.541,-1.0,-1.0,-1.0,-1.0,-1.0,-1.0,0.0,45285376.0,0.0,0.0,-1.0,-1.0,-1.0,0.0,0.0,0
0.0,63.0,59.25,-1.0,-1.0,-1.0,-1.0,-1.0,-1.0,0.0,45285376.0,0.0,0.0,-1.0,-1.0,-1.0,0.0,0.0,0
0.0,66.0,59.833,-1.0,-1.0,-1.0,-1.0,-1.0,-1.0,0.0,45301760.0,0.0,0.0,-1.0,-1.0,-1.0,0.0,0.0,0
0.0,67.0,60.375,-1.0,-1.0,-1.0,-1.0,-1.0,-1.0,0.0,45301760.0,0.0,0.0,-1.0,-1.0,-1.0,0.0,0.0,0
1.0,80.0,133.875,-1.0,-1.0,-1.0,-1.0,-1.0,-1.0,0.0,45301760.0,0.0,0.0,-1.0,-1.0,-1.0,0.0,0.0,0
3.0,100.0,324.625,-1.0,-1.0,-1.0,-1.0,-1.0,-1.0,0.0,45318144.0,0.0,0.0,-1.0,-1.0,-1.0,0.0,0.0,0
0.0,61.0,55.209,-1.0,-1.0,-1.0,-1.0,-1.0,-1.0,0.0,45318144.0,0.0,0.0,-1.0,-1.0,-1.0,0.0,0.0,0
0.0,65.0,57.75,-1.0,-1.0,-1.0,-1.0,-1.0,-1.0,0.0,45334528.0,0.0,0.0,-1.0,-1.0,-1.0,0.0,0.0,0
0.0,86.0,75.875,-1.0,-1.0,-1.0,-1.0,-1.0,-1.0,0.0,45334528.0,0.0,0.0,-1.0,-1.0,-1.0,0.0,0.0,0
0.0,76.0,69.292,-1.0,-1.0,-1.0,-1.0,-1.0,-1.0,0.0,45334528.0,0.0,0.0,-1.0,-1.0,-1.0,0.0,0.0,0
0.0,78.0,73.958,-1.0,-1.0,-1.0,-1.0,-1.0,-1.0,0.0,45334528.0,0.0,0.0,-1.0,-1.0,-1.0,0.0,0.0,0
0.0,78.0,68.917,-1.0,-1.0,-1.0,-1.0,-1.0,-1.0,0.0,45334528.0,0.0,0.0,-1.0,-1.0,-1.0,0.0,0.0,0
0.0,100.0,92.958,-1.0,-1.0,-1.0,-1.0,-1.0,-1.0,0.0,45334528.0,0.0,0.0,-1.0,-1.0,-1.0,0.0,0.0,0
0.0,106.0,95.625,-1.0,-1.0,-1.0,-1.0,-1.0,-1.0,0.0,45334528.0,0.0,0.0,-1.0,-1.0,-1.0,0.0,0.0,0
0.0,98.0,90.334,-1.0,-1.0,-1.0,-1.0,-1.0,-1.0,0.0,45334528.0,0.0,0.0,-1.0,-1.0,-1.0,0.0,0.0,0
0.0,104.0,98.458,-1.0,-1.0,-1.0,-1.0,-1.0,-1.0,0.0,45334528.0,0.0,0.0,-1.0,-1.0,-1.0,0.0,0.0,0
0.0,98.0,92.375,-1.0,-1.0,-1.0,-1.0,-1.0,-1.0,0.0,45334528.0,0.0,0.0,-1.0,-1.0,-1.0,0.0,0.0,0
0.0,64.0,58.417,-1.0,-1.0,-1.0,-1.0,-1.0,-1.0,0.0,45334528.0,0.0,0.0,-1.0,-1.0,-1.0,0.0,0.0,0
0.0,58.0,53.416,-1.0,-1.0,-1.0,-1.0,-1.0,-1.0,0.0,45334528.0,0.0,0.0,-1.0,-1.0,-1.0,0.0,0.0,0
0.0,63.0,59.625,-1.0,-1.0,-1.0,-1.0,-1.0,-1.0,0.0,45350912.0,0.0,0.0,-1.0,-1.0,-1.0,0.0,0.0,0
0.0,61.0,58.916,-1.0,-1.0,-1.0,-1.0,-1.0,-1.0,0.0,45350912.0,0.0,0.0,-1.0,-1.0,-1.0,0.0,0.0,0
0.0,74.0,71.167,-1.0,-1.0,-1.0,-1.0,-1.0,-1.0,0.0,45350912.0,0.0,0.0,-1.0,-1.0,-1.0,0.0,0.0,0
0.0,67.0,63.167,-1.0,-1.0,-1.0,-1.0,-1.0,-1.0,0.0,45350912.0,0.0,0.0,-1.0,-1.0,-1.0,0.0,0.0,0
0.0,66.0,61.541,-1.0,-1.0,-1.0,-1.0,-1.0,-1.0,0.0,45350912.0,0.0,0.0,-1.0,-1.0,-1.0,0.0,0.0,0
0.0,78.0,76.25,-1.0,-1.0,-1.0,-1.0,-1.0,-1.0,0.0,45350912.0,0.0,0.0,-1.0,-1.0,-1.0,0.0,0.0,0
0.0,80.0,77.125,-1.0,-1.0,-1.0,-1.0,-1.0,-1.0,0.0,45350912.0,0.0,0.0,-1.0,-1.0,-1.0,0.0,0.0,0
0.0,82.0,78.625,-1.0,-1.0,-1.0,-1.0,-1.0,-1.0,0.0,45350912.0,0.0,0.0,-1.0,-1.0,-1.0,0.0,0.0,0
0.0,92.0,86.125,-1.0,-1.0,-1.0,-1.0,-1.0,-1.0,0.0,45350912.0,0.0,0.0,-1.0,-1.0,-1.0,0.0,0.0,0
0.0,89.0,82.5,-1.0,-1.0,-1.0,-1.0,-1.0,-1.0,0.0,45350912.0,0.0,0.0,-1.0,-1.0,-1.0,0.0,0.0,0
0.0,54.0,49.875,-1.0,-1.0,-1.0,-1.0,-1.0,-1.0,0.0,45350912.0,0.0,0.0,-1.0,-1.0,-1.0,0.0,0.0,0
0.0,72.0,67.458,-1.0,-1.0,-1.0,-1.0,-1.0,-1.0,0.0,45350912.0,0.0,0.0,-1.0,-1.0,-1.0,0.0,0.0,0
0.0,63.0,59.375,-1.0,-1.0,-1.0,-1.0,-1.0,-1.0,0.0,45350912.0,0.0,0.0,-1.0,-1.0,-1.0,0.0,0.0,0
0.0,89.0,83.958,-1.0,-1.0,-1.0,-1.0,-1.0,-1.0,0.0,45350912.0,0.0,0.0,-1.0,-1.0,-1.0,0.0,0.0,0
0.0,84.0,79.208,-1.0,-1.0,-1.0,-1.0,-1.0,-1.0,0.0,45350912.0,0.0,0.0,-1.0,-1.0,-1.0,0.0,0.0,0
0.0,86.0,80.667,-1.0,-1.0,-1.0,-1.0,-1.0,-1.0,0.0,45350912.0,0.0,0.0,-1.0,-1.0,-1.0,0.0,0.0,0
0.0,91.0,85.333,-1.0,-1.0,-1.0,-1.0,-1.0,-1.0,0.0,45367296.0,0.0,0.0,-1.0,-1.0,-1.0,0.0,0.0,0
0.0,85.0,80.208,-1.0,-1.0,-1.0,-1.0,-1.0,-1.0,0.0,45400064.0,0.0,0.0,-1.0,-1.0,-1.0,0.0,0.0,0
0.0,99.0,91.333,-1.0,-1.0,-1.0,-1.0,-1.0,-1.0,0.0,45400064.0,0.0,0.0,-1.0,-1.0,-1.0,0.0,0.0,0
0.0,99.0,92.042,-1.0,-1.0,-1.0,-1.0,-1.0,-1.0,0.0,45400064.0,0.0,0.0,-1.0,-1.0,-1.0,0.0,0.0,0
3.0,121.0,240.667,-1.0,-1.0,-1.0,-1.0,-1.0,-1.0,0.0,45400064.0,0.0,0.0,-1.0,-1.0,-1.0,0.0,0.0,0
0.0,63.0,54.75,-1.0,-1.0,-1.0,-1.0,-1.0,-1.0,0.0,45400064.0,0.0,0.0,-1.0,-1.0,-1.0,0.0,0.0,0
0.0,78.0,72.375,-1.0,-1.0,-1.0,-1.0,-1.0,-1.0,0.0,45400064.0,0.0,0.0,-1.0,-1.0,-1.0,0.0,0.0,0
0.0,78.0,70.125,-1.0,-1.0,-1.0,-1.0,-1.0,-1.0,0.0,45400064.0,0.0,0.0,-1.0,-1.0,-1.0,0.0,0.0,0
0.0,89.0,75.584,-1.0,-1.0,-1.0,-1.0,-1.0,-1.0,0.0,45400064.0,0.0,0.0,-1.0,-1.0,-1.0,0.0,0.0,0
0.0,108.0,99.459,-1.0,-1.0,-1.0,-1.0,-1.0,-1.0,0.0,45400064.0,0.0,0.0,-1.0,-1.0,-1.0,0.0,0.0,0
0.0,102.0,94.666,-1.0,-1.0,-1.0,-1.0,-1.0,-1.0,0.0,45416448.0,0.0,0.0,-1.0,-1.0,-1.0,0.0,0.0,0
0.0,99.0,88.708,-1.0,-1.0,-1.0,-1.0,-1.0,-1.0,0.0,45416448.0,0.0,0.0,-1.0,-1.0,-1.0,0.0,0.0,0
0.0,95.0,89.375,-1.0,-1.0,-1.0,-1.0,-1.0,-1.0,0.0,45416448.0,0.0,0.0,-1.0,-1.0,-1.0,0.0,0.0,0
0.0,100.0,93.667,-1.0,-1.0,-1.0,-1.0,-1.0,-1.0,0.0,45416448.0,0.0,0.0,-1.0,-1.0,-1.0,0.0,0.0,0
0.0,110.0,101.958,-1.0,-1.0,-1.0,-1.0,-1.0,-1.0,0.0,45416448.0,0.0,0.0,-1.0,-1.0,-1.0,0.0,0.0,0
0.0,100.0,91.958,-1.0,-1.0,-1.0,-1.0,-1.0,-1.0,0.0,45416448.0,0.0,0.0,-1.0,-1.0,-1.0,0.0,0.0,0
0.0,63.0,56.0,-1.0,-1.0,-1.0,-1.0,-1.0,-1.0,0.0,45416448.0,0.0,0.0,-1.0,-1.0,-1.0,0.0,0.0,0
0.0,67.0,62.042,-1.0,-1.0,-1.0,-1.0,-1.0,-1.0,0.0,45416448.0,0.0,0.0,-1.0,-1.0,-1.0,0.0,0.0,0
0.0,74.0,67.458,-1.0,-1.0,-1.0,-1.0,-1.0,-1.0,0.0,45432832.0,0.0,0.0,-1.0,-1.0,-1.0,0.0,0.0,0
0.0,68.0,63.5,-1.0,-1.0,-1.0,-1.0,-1.0,-1.0,0.0,45432832.0,0.0,0.0,-1.0,-1.0,-1.0,0.0,0.0,0
0.0,70.0,64.25,-1.0,-1.0,-1.0,-1.0,-1.0,-1.0,0.0,45432832.0,0.0,0.0,-1.0,-1.0,-1.0,0.0,0.0,0
0.0,69.0,64.042,-1.0,-1.0,-1.0,-1.0,-1.0,-1.0,0.0,45432832.0,0.0,0.0,-1.0,-1.0,-1.0,0.0,0.0,0
0.0,87.0,82.542,-1.0,-1.0,-1.0,-1.0,-1.0,-1.0,0.0,45432832.0,0.0,0.0,-1.0,-1.0,-1.0,0.0,0.0,0
0.0,85.0,80.375,-1.0,-1.0,-1.0,-1.0,-1.0,-1.0,0.0,45432832.0,0.0,0.0,-1.0,-1.0,-1.0,0.0,0.0,0
0.0,95.0,90.708,-1.0,-1.0,-1.0,-1.0,-1.0,-1.0,0.0,45432832.0,0.0,0.0,-1.0,-1.0,-1.0,0.0,0.0,0
0.0,95.0,89.833,-1.0,-1.0,-1.0,-1.0,-1.0,-1.0,0.0,45432832.0,0.0,0.0,-1.0,-1.0,-1.0,0.0,0.0,0
0.0,88.0,82.584,-1.0,-1.0,-1.0,-1.0,-1.0,-1.0,0.0,45432832.0,0.0,0.0,-1.0,-1.0,-1.0,0.0,0.0,0
0.0,60.0,54.917,-1.0,-1.0,-1.0,-1.0,-1.0,-1.0,0.0,45432832.0,0.0,0.0,-1.0,-1.0,-1.0,0.0,0.0,0
1.0,71.0,72.792,-1.0,-1.0,-1.0,-1.0,-1.0,-1.0,0.0,45449216.0,0.0,0.0,-1.0,-1.0,-1.0,0.0,0.0,0
0.0,59.0,52.209,-1.0,-1.0,-1.0,-1.0,-1.0,-1.0,0.0,45449216.0,0.0,0.0,-1.0,-1.0,-1.0,0.0,0.0,0
0.0,79.0,72.333,-1.0,-1.0,-1.0,-1.0,-1.0,-1.0,0.0,45449216.0,0.0,0.0,-1.0,-1.0,-1.0,0.0,0.0,0
0.0,102.0,91.25,-1.0,-1.0,-1.0,-1.0,-1.0,-1.0,0.0,45449216.0,0.0,0.0,-1.0,-1.0,-1.0,0.0,0.0,0
0.0,100.0,89.875,-1.0,-1.0,-1.0,-1.0,-1.0,-1.0,0.0,45449216.0,0.0,0.0,-1.0,-1.0,-1.0,0.0,0.0,0
0.0,70.0,66.916,-1.0,-1.0,-1.0,-1.0,-1.0,-1.0,0.0,45449216.0,0.0,0.0,-1.0,-1.0,-1.0,0.0,0.0,0
0.0,72.0,67.625,-1.0,-1.0,-1.0,-1.0,-1.0,-1.0,0.0,45449216.0,0.0,0.0,-1.0,-1.0,-1.0,0.0,0.0,0
0.0,73.0,68.125,-1.0,-1.0,-1.0,-1.0,-1.0,-1.0,0.0,45465600.0,0.0,0.0,-1.0,-1.0,-1.0,0.0,0.0,0
0.0,74.0,68.667,-1.0,-1.0,-1.0,-1.0,-1.0,-1.0,0.0,45465600.0,0.0,0.0,-1.0,-1.0,-1.0,0.0,0.0,0
0.0,77.0,70.042,-1.0,-1.0,-1.0,-1.0,-1.0,-1.0,0.0,45481984.0,0.0,0.0,-1.0,-1.0,-1.0,0.0,0.0,0
1.0,86.0,163.917,-1.0,-1.0,-1.0,-1.0,-1.0,-1.0,0.0,45481984.0,0.0,0.0,-1.0,-1.0,-1.0,0.0,0.0,0
0.0,90.0,78.334,-1.0,-1.0,-1.0,-1.0,-1.0,-1.0,0.0,45481984.0,0.0,0.0,-1.0,-1.0,-1.0,0.0,0.0,0
0.0,70.0,61.083,-1.0,-1.0,-1.0,-1.0,-1.0,-1.0,0.0,45481984.0,0.0,0.0,-1.0,-1.0,-1.0,0.0,0.0,0
0.0,66.0,60.0,-1.0,-1.0,-1.0,-1.0,-1.0,-1.0,0.0,45481984.0,0.0,0.0,-1.0,-1.0,-1.0,0.0,0.0,0
0.0,75.0,59.167,-1.0,-1.0,-1.0,-1.0,-1.0,-1.0,0.0,45481984.0,0.0,0.0,-1.0,-1.0,-1.0,0.0,0.0,0
1.0,71.0,74.791,-1.0,-1.0,-1.0,-1.0,-1.0,-1.0,0.0,45481984.0,0.0,0.0,-1.0,-1.0,-1.0,0.0,0.0,0
0.0,78.0,71.0,-1.0,-1.0,-1.0,-1.0,-1.0,-1.0,0.0,45481984.0,0.0,0.0,-1.0,-1.0,-1.0,0.0,0.0,0
0.0,88.0,82.875,-1.0,-1.0,-1.0,-1.0,-1.0,-1.0,0.0,45481984.0,0.0,0.0,-1.0,-1.0,-1.0,0.0,0.0,0
0.0,89.0,83.542,-1.0,-1.0,-1.0,-1.0,-1.0,-1.0,0.0,45481984.0,0.0,0.0,-1.0,-1.0,-1.0,0.0,0.0,0
0.0,85.0,80.5,-1.0,-1.0,-1.0,-1.0,-1.0,-1.0,0.0,45481984.0,0.0,0.0,-1.0,-1.0,-1.0,0.0,0.0,0
1.0,114.0,146.625,-1.0,-1.0,-1.0,-1.0,-1.0,-1.0,0.0,45481984.0,0.0,0.0,-1.0,-1.0,-1.0,0.0,0.0,0
0.0,83.0,78.333,-1.0,-1.0,-1.0,-1.0,-1.0,-1.0,0.0,45481984.0,0.0,0.0,-1.0,-1.0,-1.0,0.0,0.0,0
0.0,55.0,50.0,-1.0,-1.0,-1.0,-1.0,-1.0,-1.0,0.0,45498368.0,0.0,0.0,-1.0,-1.0,-1.0,0.0,0.0,0
0.0,71.0,65.375,-1.0,-1.0,-1.0,-1.0,-1.0,-1.0,0.0,45498368.0,0.0,0.0,-1.0,-1.0,-1.0,0.0,0.0,0
0.0,73.0,68.042,-1.0,-1.0,-1.0,-1.0,-1.0,-1.0,0.0,45514752.0,0.0,0.0,-1.0,-1.0,-1.0,0.0,0.0,0
0.0,72.0,67.875,-1.0,-1.0,-1.0,-1.0,-1.0,-1.0,0.0,45514752.0,0.0,0.0,-1.0,-1.0,-1.0,0.0,0.0,0
0.0,92.0,86.291,-1.0,-1.0,-1.0,-1.0,-1.0,-1.0,0.0,45514752.0,0.0,0.0,-1.0,-1.0,-1.0,0.0,0.0,0
0.0,81.0,77.75,-1.0,-1.0,-1.0,-1.0,-1.0,-1.0,0.0,45514752.0,0.0,0.0,-1.0,-1.0,-1.0,0.0,0.0,0
0.0,109.0,96.334,-1.0,-1.0,-1.0,-1.0,-1.0,-1.0,0.0,45514752.0,0.0,0.0,-1.0,-1.0,-1.0,0.0,0.0,0
0.0,99.0,89.75,-1.0,-1.0,-1.0,-1.0,-1.0,-1.0,0.0,45531136.0,0.0,0.0,-1.0,-1.0,-1.0,0.0,0.0,0
1.0,113.0,115.375,-1.0,-1.0,-1.0,-1.0,-1.0,-1.0,0.0,45531136.0,0.0,0.0,-1.0,-1.0,-1.0,0.0,0.0,0
0.0,96.0,91.583,-1.0,-1.0,-1.0,-1.0,-1.0,-1.0,0.0,45531136.0,0.0,0.0,-1.0,-1.0,-1.0,0.0,0.0,0
0.0,83.0,75.583,-1.0,-1.0,-1.0,-1.0,-1.0,-1.0,0.0,45531136.0,0.0,0.0,-1.0,-1.0,-1.0,0.0,0.0,0
0.0,62.0,55.333,-1.0,-1.0,-1.0,-1.0,-1.0,-1.0,0.0,45531136.0,0.0,0.0,-1.0,-1.0,-1.0,0.0,0.0,0
0.0,77.0,69.583,-1.0,-1.0,-1.0,-1.0,-1.0,-1.0,0.0,45531136.0,0.0,0.0,-1.0,-1.0,-1.0,0.0,0.0,0
0.0,77.0,69.333,-1.0,-1.0,-1.0,-1.0,-1.0,-1.0,0.0,45531136.0,0.0,0.0,-1.0,-1.0,-1.0,0.0,0.0,0
0.0,81.0,72.583,-1.0,-1.0,-1.0,-1.0,-1.0,-1.0,0.0,45531136.0,0.0,0.0,-1.0,-1.0,-1.0,0.0,0.0,0
0.0,98.0,91.917,-1.0,-1.0,-1.0,-1.0,-1.0,-1.0,0.0,45531136.0,0.0,0.0,-1.0,-1.0,-1.0,0.0,0.0,0
0.0,100.0,90.375,-1.0,-1.0,-1.0,-1.0,-1.0,-1.0,0.0,45531136.0,0.0,0.0,-1.0,-1.0,-1.0,0.0,0.0,0
0.0,94.0,88.125,-1.0,-1.0,-1.0,-1.0,-1.0,-1.0,0.0,45531136.0,0.0,0.0,-1.0,-1.0,-1.0,0.0,0.0,0
0.0,96.0,91.167,-1.0,-1.0,-1.0,-1.0,-1.0,-1.0,0.0,45531136.0,0.0,0.0,-1.0,-1.0,-1.0,0.0,0.0,0
0.0,101.0,94.625,-1.0,-1.0,-1.0,-1.0,-1.0,-1.0,0.0,45547520.0,0.0,0.0,-1.0,-1.0,-1.0,0.0,0.0,0
0.0,95.0,89.292,-1.0,-1.0,-1.0,-1.0,-1.0,-1.0,0.0,45547520.0,0.0,0.0,-1.0,-1.0,-1.0,0.0,0.0,0
0.0,87.0,78.375,-1.0,-1.0,-1.0,-1.0,-1.0,-1.0,0.0,45547520.0,0.0,0.0,-1.0,-1.0,-1.0,0.0,0.0,0
0.0,55.0,50.375,-1.0,-1.0,-1.0,-1.0,-1.0,-1.0,0.0,45547520.0,0.0,0.0,-1.0,-1.0,-1.0,0.0,0.0,0
0.0,67.0,61.875,-1.0,-1.0,-1.0,-1.0,-1.0,-1.0,0.0,45547520.0,0.0,0.0,-1.0,-1.0,-1.0,0.0,0.0,0
0.0,70.0,64.375,-1.0,-1.0,-1.0,-1.0,-1.0,-1.0,0.0,45563904.0,0.0,0.0,-1.0,-1.0,-1.0,0.0,0.0,0
0.0,65.0,58.75,-1.0,-1.0,-1.0,-1.0,-1.0,-1.0,0.0,45563904.0,0.0,0.0,-1.0,-1.0,-1.0,0.0,0.0,0
0.0,86.0,81.0,-1.0,-1.0,-1.0,-1.0,-1.0,-1.0,0.0,45563904.0,0.0,0.0,-1.0,-1.0,-1.0,0.0,0.0,0
0.0,83.0,77.834,-1.0,-1.0,-1.0,-1.0,-1.0,-1.0,0.0,45563904.0,0.0,0.0,-1.0,-1.0,-1.0,0.0,0.0,0
0.0,98.0,90.5,-1.0,-1.0,-1.0,-1.0,-1.0,-1.0,0.0,45563904.0,0.0,0.0,-1.0,-1.0,-1.0,0.0,0.0,0
0.0,95.0,89.625,-1.0,-1.0,-1.0,-1.0,-1.0,-1.0,0.0,45563904.0,0.0,0.0,-1.0,-1.0,-1.0,0.0,0.0,0
1.0,109.0,94.25,-1.0,-1.0,-1.0,-1.0,-1.0,-1.0,0.0,45563904.0,0.0,0.0,-1.0,-1.0,-1.0,0.0,0.0,0
0.0,98.0,91.792,-1.0,-1.0,-1.0,-1.0,-1.0,-1.0,0.0,45563904.0,0.0,0.0,-1.0,-1.0,-1.0,0.0,0.0,0
0.0,100.0,90.25,-1.0,-1.0,-1.0,-1.0,-1.0,-1.0,0.0,45563904.0,0.0,0.0,-1.0,-1.0,-1.0,0.0,0.0,0
0.0,55.0,49.208,-1.0,-1.0,-1.0,-1.0,-1.0,-1.0,0.0,45563904.0,0.0,0.0,-1.0,-1.0,-1.0,0.0,0.0,0
0.0,75.0,67.25,-1.0,-1.0,-1.0,-1.0,-1.0,-1.0,0.0,45563904.0,0.0,0.0,-1.0,-1.0,-1.0,0.0,0.0,0
0.0,74.0,67.917,-1.0,-1.0,-1.0,-1.0,-1.0,-1.0,0.0,45580288.0,0.0,0.0,-1.0,-1.0,-1.0,0.0,0.0,0
0.0,75.0,68.666,-1.0,-1.0,-1.0,-1.0,-1.0,-1.0,0.0,45596672.0,0.0,0.0,-1.0,-1.0,-1.0,0.0,0.0,0
0.0,71.0,63.792,-1.0,-1.0,-1.0,-1.0,-1.0,-1.0,0.0,45596672.0,0.0,0.0,-1.0,-1.0,-1.0,0.0,0.0,0
0.0,74.0,68.208,-1.0,-1.0,-1.0,-1.0,-1.0,-1.0,0.0,45596672.0,0.0,0.0,-1.0,-1.0,-1.0,0.0,0.0,0
0.0,74.0,68.083,-1.0,-1.0,-1.0,-1.0,-1.0,-1.0,0.0,45596672.0,0.0,0.0,-1.0,-1.0,-1.0,0.0,0.0,0
0.0,84.0,74.5,-1.0,-1.0,-1.0,-1.0,-1.0,-1.0,0.0,45613056.0,0.0,0.0,-1.0,-1.0,-1.0,0.0,0.0,0
0.0,58.0,52.167,-1.0,-1.0,-1.0,-1.0,-1.0,-1.0,0.0,45613056.0,0.0,0.0,-1.0,-1.0,-1.0,0.0,0.0,0
0.0,60.0,54.5,-1.0,-1.0,-1.0,-1.0,-1.0,-1.0,0.0,45613056.0,0.0,0.0,-1.0,-1.0,-1.0,0.0,0.0,0
0.0,55.0,50.417,-1.0,-1.0,-1.0,-1.0,-1.0,-1.0,0.0,45613056.0,0.0,0.0,-1.0,-1.0,-1.0,0.0,0.0,0
0.0,49.0,45.0,-1.0,-1.0,-1.0,-1.0,-1.0,-1.0,0.0,45613056.0,0.0,0.0,-1.0,-1.0,-1.0,0.0,0.0,0
0.0,63.0,59.458,-1.0,-1.0,-1.0,-1.0,-1.0,-1.0,0.0,45613056.0,0.0,0.0,-1.0,-1.0,-1.0,0.0,0.0,0
0.0,64.0,59.375,-1.0,-1.0,-1.0,-1.0,-1.0,-1.0,0.0,45613056.0,0.0,0.0,-1.0,-1.0,-1.0,0.0,0.0,0
0.0,78.0,70.916,-1.0,-1.0,-1.0,-1.0,-1.0,-1.0,0.0,45613056.0,0.0,0.0,-1.0,-1.0,-1.0,0.0,0.0,0
1.0,83.0,82.209,-1.0,-1.0,-1.0,-1.0,-1.0,-1.0,0.0,45613056.0,0.0,0.0,-1.0,-1.0,-1.0,0.0,0.0,0
0.0,72.0,65.583,-1.0,-1.0,-1.0,-1.0,-1.0,-1.0,0.0,45613056.0,0.0,0.0,-1.0,-1.0,-1.0,0.0,0.0,0
0.0,73.0,66.75,-1.0,-1.0,-1.0,-1.0,-1.0,-1.0,0.0,45613056.0,0.0,0.0,-1.0,-1.0,-1.0,0.0,0.0,0
0.0,84.0,76.042,-1.0,-1.0,-1.0,-1.0,-1.0,-1.0,0.0,45613056.0,0.0,0.0,-1.0,-1.0,-1.0,0.0,0.0,0
0.0,73.0,62.541,-1.0,-1.0,-1.0,-1.0,-1.0,-1.0,0.0,45613056.0,0.0,0.0,-1.0,-1.0,-1.0,0.0,0.0,0
0.0,61.0,54.167,-1.0,-1.0,-1.0,-1.0,-1.0,-1.0,0.0,45629440.0,0.0,0.0,-1.0,-1.0,-1.0,0.0,0.0,0
0.0,63.0,57.916,-1.0,-1.0,-1.0,-1.0,-1.0,-1.0,0.0,45629440.0,0.0,0.0,-1.0,-1.0,-1.0,0.0,0.0,0
0.0,68.0,60.958,-1.0,-1.0,-1.0,-1.0,-1.0,-1.0,0.0,45629440.0,0.0,0.0,-1.0,-1.0,-1.0,0.0,0.0,0
0.0,71.0,62.833,-1.0,-1.0,-1.0,-1.0,-1.0,-1.0,0.0,45629440.0,0.0,0.0,-1.0,-1.0,-1.0,0.0,0.0,0
0.0,64.0,55.083,-1.0,-1.0,-1.0,-1.0,-1.0,-1.0,0.0,45629440.0,0.0,0.0,-1.0,-1.0,-1.0,0.0,0.0,0
0.0,64.0,55.708,-1.0,-1.0,-1.0,-1.0,-1.0,-1.0,0.0,45629440.0,0.0,0.0,-1.0,-1.0,-1.0,0.0,0.0,0
0.0,55.0,50.625,-1.0,-1.0,-1.0,-1.0,-1.0,-1.0,0.0,45629440.0,0.0,0.0,-1.0,-1.0,-1.0,0.0,0.0,0
0.0,35.0,32.875,-1.0,-1.0,-1.0,-1.0,-1.0,-1.0,0.0,45645824.0,0.0,0.0,-1.0,-1.0,-1.0,0.0,0.0,0
0.0,26.0,24.708,-1.0,-1.0,-1.0,-1.0,-1.0,-1.0,0.0,45645824.0,0.0,0.0,-1.0,-1.0,-1.0,0.0,0.0,0
4.0,71.0,3325.083,-1.0,-1.0,-1.0,-1.0,-1.0,-1.0,0.0,45645824.0,0.0,0.0,-1.0,-1.0,-1.0,0.0,0.0,0
1.0,35.0,79.167,-1.0,-1.0,-1.0,-1.0,-1.0,-1.0,0.0,45662208.0,0.0,0.0,-1.0,-1.0,-1.0,0.0,0.0,0
0.0,26.0,24.459,-1.0,-1.0,-1.0,-1.0,-1.0,-1.0,0.0,45662208.0,0.0,0.0,-1.0,-1.0,-1.0,0.0,0.0,0
0.0,28.0,25.709,-1.0,-1.0,-1.0,-1.0,-1.0,-1.0,0.0,45662208.0,0.0,0.0,-1.0,-1.0,-1.0,0.0,0.0,0
0.0,28.0,25.416,-1.0,-1.0,-1.0,-1.0,-1.0,-1.0,0.0,45662208.0,0.0,0.0,-1.0,-1.0,-1.0,0.0,0.0,0
0.0,23.0,21.5,-1.0,-1.0,-1.0,-1.0,-1.0,-1.0,0.0,45662208.0,0.0,0.0,-1.0,-1.0,-1.0,0.0,0.0,0
0.0,19.0,18.417,-1.0,-1.0,-1.0,-1.0,-1.0,-1.0,0.0,45662208.0,0.0,0.0,-1.0,-1.0,-1.0,0.0,0.0,0
0.0,17.0,16.875,-1.0,-1.0,-1.0,-1.0,-1.0,-1.0,0.0,45662208.0,0.0,0.0,-1.0,-1.0,-1.0,0.0,0.0,0
0.0,18.0,16.333,-1.0,-1.0,-1.0,-1.0,-1.0,-1.0,0.0,45678592.0,0.0,0.0,-1.0,-1.0,-1.0,0.0,0.0,0
0.0,51.0,47.416,-1.0,-1.0,-1.0,-1.0,-1.0,-1.0,0.0,45678592.0,0.0,0.0,-1.0,-1.0,-1.0,0.0,0.0,0
0.0,47.0,43.584,-1.0,-1.0,-1.0,-1.0,-1.0,-1.0,0.0,45678592.0,0.0,0.0,-1.0,-1.0,-1.0,0.0,0.0,0
0.0,42.0,39.667,-1.0,-1.0,-1.0,-1.0,-1.0,-1.0,0.0,45678592.0,0.0,0.0,-1.0,-1.0,-1.0,0.0,0.0,0
1.0,25.0,28.875,-1.0,-1.0,-1.0,-1.0,-1.0,-1.0,0.0,45678592.0,0.0,0.0,-1.0,-1.0,-1.0,0.0,0.0,0
0.0,50.0,46.167,-1.0,-1.0,-1.0,-1.0,-1.0,-1.0,0.0,45678592.0,0.0,0.0,-1.0,-1.0,-1.0,0.0,0.0,0
0.0,49.0,45.417,-1.0,-1.0,-1.0,-1.0,-1.0,-1.0,0.0,45678592.0,0.0,0.0,-1.0,-1.0,-1.0,0.0,0.0,0
0.0,17.0,15.833,-1.0,-1.0,-1.0,-1.0,-1.0,-1.0,0.0,45678592.0,0.0,0.0,-1.0,-1.0,-1.0,0.0,0.0,0
0.0,52.0,46.833,-1.0,-1.0,-1.0,-1.0,-1.0,-1.0,0.0,45678592.0,0.0,0.0,-1.0,-1.0,-1.0,0.0,0.0,0
1.0,30.0,18.459,-1.0,-1.0,-1.0,-1.0,-1.0,-1.0,0.0,45678592.0,0.0,0.0,-1.0,-1.0,-1.0,0.0,0.0,0
1.0,59.0,101.917,-1.0,-1.0,-1.0,-1.0,-1.0,-1.0,0.0,45694976.0,0.0,0.0,-1.0,-1.0,-1.0,0.0,0.0,0
0.0,49.0,45.375,-1.0,-1.0,-1.0,-1.0,-1.0,-1.0,0.0,45694976.0,0.0,0.0,-1.0,-1.0,-1.0,0.0,0.0,0
0.0,63.0,60.542,-1.0,-1.0,-1.0,-1.0,-1.0,-1.0,0.0,45694976.0,0.0,0.0,-1.0,-1.0,-1.0,0.0,0.0,0
0.0,60.0,59.083,-1.0,-1.0,-1.0,-1.0,-1.0,-1.0,0.0,45694976.0,0.0,0.0,-1.0,-1.0,-1.0,0.0,0.0,0
0.0,61.0,58.791,-1.0,-1.0,-1.0,-1.0,-1.0,-1.0,0.0,45694976.0,0.0,0.0,-1.0,-1.0,-1.0,0.0,0.0,0
0.0,66.0,63.5,-1.0,-1.0,-1.0,-1.0,-1.0,-1.0,0.0,45694976.0,0.0,0.0,-1.0,-1.0,-1.0,0.0,0.0,0
0.0,15.0,14.25,-1.0,-1.0,-1.0,-1.0,-1.0,-1.0,0.0,45694976.0,0.0,0.0,-1.0,-1.0,-1.0,0.0,0.0,0
0.0,15.0,13.125,-1.0,-1.0,-1.0,-1.0,-1.0,-1.0,0.0,45711360.0,0.0,0.0,-1.0,-1.0,-1.0,0.0,0.0,0
0.0,62.0,60.458,-1.0,-1.0,-1.0,-1.0,-1.0,-1.0,0.0,45711360.0,0.0,0.0,-1.0,-1.0,-1.0,0.0,0.0,0
0.0,62.0,59.167,-1.0,-1.0,-1.0,-1.0,-1.0,-1.0,0.0,45711360.0,0.0,0.0,-1.0,-1.0,-1.0,0.0,0.0,0
0.0,61.0,59.5,-1.0,-1.0,-1.0,-1.0,-1.0,-1.0,0.0,45711360.0,0.0,0.0,-1.0,-1.0,-1.0,0.0,0.0,0
0.0,13.0,12.875,-1.0,-1.0,-1.0,-1.0,-1.0,-1.0,0.0,45711360.0,0.0,0.0,-1.0,-1.0,-1.0,0.0,0.0,0
0.0,61.0,59.666,-1.0,-1.0,-1.0,-1.0,-1.0,-1.0,0.0,45727744.0,0.0,0.0,-1.0,-1.0,-1.0,0.0,0.0,0
0.0,62.0,58.958,-1.0,-1.0,-1.0,-1.0,-1.0,-1.0,0.0,45727744.0,0.0,0.0,-1.0,-1.0,-1.0,0.0,0.0,0
0.0,207.0,199.25,-1.0,-1.0,-1.0,-1.0,-1.0,-1.0,0.0,47857664.0,0.0,0.0,-1.0,-1.0,-1.0,0.0,0.0,1
0.0,50.0,45.167,-1.0,-1.0,-1.0,-1.0,-1.0,-1.0,0.0,47857664.0,0.0,0.0,-1.0,-1.0,-1.0,0.0,0.0,1
0.0,66.0,58.291,-1.0,-1.0,-1.0,-1.0,-1.0,-1.0,0.0,47857664.0,0.0,0.0,-1.0,-1.0,-1.0,0.0,0.0,1
0.0,47.0,41.625,-1.0,-1.0,-1.0,-1.0,-1.0,-1.0,0.0,47857664.0,0.0,0.0,-1.0,-1.0,-1.0,0.0,0.0,1
0.0,43.0,39.125,-1.0,-1.0,-1.0,-1.0,-1.0,-1.0,0.0,47857664.0,0.0,0.0,-1.0,-1.0,-1.0,0.0,0.0,1
0.0,53.0,45.875,-1.0,-1.0,-1.0,-1.0,-1.0,-1.0,0.0,47857664.0,0.0,0.0,-1.0,-1.0,-1.0,0.0,0.0,1
0.0,40.0,37.166,-1.0,-1.0,-1.0,-1.0,-1.0,-1.0,0.0,47857664.0,0.0,0.0,-1.0,-1.0,-1.0,0.0,0.0,1
0.0,69.0,61.791,-1.0,-1.0,-1.0,-1.0,-1.0,-1.0,0.0,47857664.0,0.0,0.0,-1.0,-1.0,-1.0,0.0,0.0,1
0.0,48.0,42.25,-1.0,-1.0,-1.0,-1.0,-1.0,-1.0,0.0,47857664.0,0.0,0.0,-1.0,-1.0,-1.0,0.0,0.0,1
0.0,38.0,35.208,-1.0,-1.0,-1.0,-1.0,-1.0,-1.0,0.0,47857664.0,0.0,0.0,-1.0,-1.0,-1.0,0.0,0.0,1
0.0,36.0,33.834,-1.0,-1.0,-1.0,-1.0,-1.0,-1.0,0.0,47857664.0,0.0,0.0,-1.0,-1.0,-1.0,0.0,0.0,1
0.0,36.0,33.958,-1.0,-1.0,-1.0,-1.0,-1.0,-1.0,0.0,47857664.0,0.0,0.0,-1.0,-1.0,-1.0,0.0,0.0,1
0.0,39.0,35.625,-1.0,-1.0,-1.0,-1.0,-1.0,-1.0,0.0,47857664.0,0.0,0.0,-1.0,-1.0,-1.0,0.0,0.0,1
0.0,43.0,38.208,-1.0,-1.0,-1.0,-1.0,-1.0,-1.0,0.0,47857664.0,0.0,0.0,-1.0,-1.0,-1.0,0.0,0.0,1
0.0,60.0,55.291,-1.0,-1.0,-1.0,-1.0,-1.0,-1.0,0.0,47857664.0,0.0,0.0,-1.0,-1.0,-1.0,0.0,0.0,1
0.0,51.0,43.5,-1.0,-1.0,-1.0,-1.0,-1.0,-1.0,0.0,47857664.0,0.0,0.0,-1.0,-1.0,-1.0,0.0,0.0,1
0.0,54.0,47.083,-1.0,-1.0,-1.0,-1.0,-1.0,-1.0,0.0,47857664.0,0.0,0.0,-1.0,-1.0,-1.0,0.0,0.0,1
0.0,52.0,46.875,-1.0,-1.0,-1.0,-1.0,-1.0,-1.0,0.0,47857664.0,0.0,0.0,-1.0,-1.0,-1.0,0.0,0.0,1
0.0,55.0,47.875,-1.0,-1.0,-1.0,-1.0,-1.0,-1.0,0.0,47857664.0,0.0,0.0,-1.0,-1.0,-1.0,0.0,0.0,1
0.0,43.0,38.167,-1.0,-1.0,-1.0,-1.0,-1.0,-1.0,0.0,47857664.0,0.0,0.0,-1.0,-1.0,-1.0,0.0,0.0,1
0.0,53.0,48.791,-1.0,-1.0,-1.0,-1.0,-1.0,-1.0,0.0,47857664.0,0.0,0.0,-1.0,-1.0,-1.0,0.0,0.0,1
0.0,69.0,62.875,-1.0,-1.0,-1.0,-1.0,-1.0,-1.0,0.0,47857664.0,0.0,0.0,-1.0,-1.0,-1.0,0.0,0.0,1
0.0,58.0,52.875,-1.0,-1.0,-1.0,-1.0,-1.0,-1.0,0.0,47857664.0,0.0,0.0,-1.0,-1.0,-1.0,0.0,0.0,1
0.0,49.0,43.167,-1.0,-1.0,-1.0,-1.0,-1.0,-1.0,0.0,47857664.0,0.0,0.0,-1.0,-1.0,-1.0,0.0,0.0,1
0.0,27.0,24.125,-1.0,-1.0,-1.0,-1.0,-1.0,-1.0,0.0,47857664.0,0.0,0.0,-1.0,-1.0,-1.0,0.0,0.0,1
0.0,60.0,53.583,-1.0,-1.0,-1.0,-1.0,-1.0,-1.0,0.0,47857664.0,0.0,0.0,-1.0,-1.0,-1.0,0.0,0.0,1
0.0,54.0,49.584,-1.0,-1.0,-1.0,-1.0,-1.0,-1.0,0.0,47857664.0,0.0,0.0,-1.0,-1.0,-1.0,0.0,0.0,1
0.0,35.0,32.75,-1.0,-1.0,-1.0,-1.0,-1.0,-1.0,0.0,47857664.0,0.0,0.0,-1.0,-1.0,-1.0,0.0,0.0,1
0.0,43.0,39.333,-1.0,-1.0,-1.0,-1.0,-1.0,-1.0,0.0,47857664.0,0.0,0.0,-1.0,-1.0,-1.0,0.0,0.0,1
0.0,45.0,40.708,-1.0,-1.0,-1.0,-1.0,-1.0,-1.0,0.0,47857664.0,0.0,0.0,-1.0,-1.0,-1.0,0.0,0.0,1
0.0,38.0,33.041,-1.0,-1.0,-1.0,-1.0,-1.0,-1.0,0.0,47857664.0,0.0,0.0,-1.0,-1.0,-1.0,0.0,0.0,1
0.0,55.0,49.875,-1.0,-1.0,-1.0,-1.0,-1.0,-1.0,0.0,47857664.0,0.0,0.0,-1.0,-1.0,-1.0,0.0,0.0,1
0.0,55.0,49.25,-1.0,-1.0,-1.0,-1.0,-1.0,-1.0,0.0,47857664.0,0.0,0.0,-1.0,-1.0,-1.0,0.0,0.0,1
0.0,44.0,40.042,-1.0,-1.0,-1.0,-1.0,-1.0,-1.0,0.0,47857664.0,0.0,0.0,-1.0,-1.0,-1.0,0.0,0.0,1
0.0,48.0,44.084,-1.0,-1.0,-1.0,-1.0,-1.0,-1.0,0.0,47857664.0,0.0,0.0,-1.0,-1.0,-1.0,0.0,0.0,1
0.0,45.0,42.0,-1.0,-1.0,-1.0,-1.0,-1.0,-1.0,0.0,47857664.0,0.0,0.0,-1.0,-1.0,-1.0,0.0,0.0,1
0.0,49.0,45.375,-1.0,-1.0,-1.0,-1.0,-1.0,-1.0,0.0,47857664.0,0.0,0.0,-1.0,-1.0,-1.0,0.0,0.0,1
0.0,46.0,40.792,-1.0,-1.0,-1.0,-1.0,-1.0,-1.0,0.0,47857664.0,0.0,0.0,-1.0,-1.0,-1.0,0.0,0.0,1
0.0,57.0,46.792,-1.0,-1.0,-1.0,-1.0,-1.0,-1.0,0.0,47857664.0,0.0,0.0,-1.0,-1.0,-1.0,0.0,0.0,1
0.0,58.0,50.625,-1.0,-1.0,-1.0,-1.0,-1.0,-1.0,0.0,47857664.0,0.0,0.0,-1.0,-1.0,-1.0,0.0,0.0,1
0.0,58.0,50.958,-1.0,-1.0,-1.0,-1.0,-1.0,-1.0,0.0,47857664.0,0.0,0.0,-1.0,-1.0,-1.0,0.0,0.0,1
0.0,63.0,54.5,-1.0,-1.0,-1.0,-1.0,-1.0,-1.0,0.0,47857664.0,0.0,0.0,-1.0,-1.0,-1.0,0.0,0.0,1
1.0,64.0,105.25,-1.0,-1.0,-1.0,-1.0,-1.0,-1.0,0.0,47857664.0,0.0,0.0,-1.0,-1.0,-1.0,0.0,0.0,1
0.0,68.0,59.708,-1.0,-1.0,-1.0,-1.0,-1.0,-1.0,0.0,47857664.0,0.0,0.0,-1.0,-1.0,-1.0,0.0,0.0,1
0.0,66.0,60.625,-1.0,-1.0,-1.0,-1.0,-1.0,-1.0,0.0,47857664.0,0.0,0.0,-1.0,-1.0,-1.0,0.0,0.0,1
0.0,53.0,45.25,-1.0,-1.0,-1.0,-1.0,-1.0,-1.0,0.0,47857664.0,0.0,0.0,-1.0,-1.0,-1.0,0.0,0.0,1
0.0,55.0,50.125,-1.0,-1.0,-1.0,-1.0,-1.0,-1.0,0.0,47857664.0,0.0,0.0,-1.0,-1.0,-1.0,0.0,0.0,1
3.0,56.0,77.917,-1.0,-1.0,-1.0,-1.0,-1.0,-1.0,0.0,47857664.0,0.0,0.0,-1.0,-1.0,-1.0,0.0,0.0,1
0.0,54.0,45.417,-1.0,-1.0,-1.0,-1.0,-1.0,-1.0,0.0,47857664.0,0.0,0.0,-1.0,-1.0,-1.0,0.0,0.0,1
0.0,83.0,73.833,-1.0,-1.0,-1.0,-1.0,-1.0,-1.0,0.0,47857664.0,0.0,0.0,-1.0,-1.0,-1.0,0.0,0.0,1
0.0,24.0,21.917,-1.0,-1.0,-1.0,-1.0,-1.0,-1.0,0.0,47857664.0,0.0,0.0,-1.0,-1.0,-1.0,0.0,0.0,1
0.0,80.0,66.292,-1.0,-1.0,-1.0,-1.0,-1.0,-1.0,0.0,47857664.0,0.0,0.0,-1.0,-1.0,-1.0,0.0,0.0,1
0.0,75.0,63.042,-1.0,-1.0,-1.0,-1.0,-1.0,-1.0,0.0,47857664.0,0.0,0.0,-1.0,-1.0,-1.0,0.0,0.0,1
0.0,62.0,54.958,-1.0,-1.0,-1.0,-1.0,-1.0,-1.0,0.0,47857664.0,0.0,0.0,-1.0,-1.0,-1.0,0.0,0.0,1
0.0,60.0,54.042,-1.0,-1.0,-1.0,-1.0,-1.0,-1.0,0.0,47857664.0,0.0,0.0,-1.0,-1.0,-1.0,0.0,0.0,1
0.0,74.0,61.459,-1.0,-1.0,-1.0,-1.0,-1.0,-1.0,0.0,47857664.0,0.0,0.0,-1.0,-1.0,-1.0,0.0,0.0,1
0.0,64.0,55.416,-1.0,-1.0,-1.0,-1.0,-1.0,-1.0,0.0,47857664.0,0.0,0.0,-1.0,-1.0,-1.0,0.0,0.0,1
0.0,62.0,53.5,-1.0,-1.0,-1.0,-1.0,-1.0,-1.0,0.0,47857664.0,0.0,0.0,-1.0,-1.0,-1.0,0.0,0.0,1
0.0,61.0,52.458,-1.0,-1.0,-1.0,-1.0,-1.0,-1.0,0.0,47857664.0,0.0,0.0,-1.0,-1.0,-1.0,0.0,0.0,1
0.0,60.0,51.125,-1.0,-1.0,-1.0,-1.0,-1.0,-1.0,0.0,47857664.0,0.0,0.0,-1.0,-1.0,-1.0,0.0,0.0,1
1.0,25.0,30.0,-1.0,-1.0,-1.0,-1.0,-1.0,-1.0,0.0,47857664.0,0.0,0.0,-1.0,-1.0,-1.0,0.0,0.0,1
0.0,69.0,61.583,-1.0,-1.0,-1.0,-1.0,-1.0,-1.0,0.0,47857664.0,0.0,0.0,-1.0,-1.0,-1.0,0.0,0.0,1
0.0,65.0,58.25,-1.0,-1.0,-1.0,-1.0,-1.0,-1.0,0.0,47857664.0,0.0,0.0,-1.0,-1.0,-1.0,0.0,0.0,1
0.0,62.0,54.333,-1.0,-1.0,-1.0,-1.0,-1.0,-1.0,0.0,47857664.0,0.0,0.0,-1.0,-1.0,-1.0,0.0,0.0,1
0.0,55.0,45.042,-1.0,-1.0,-1.0,-1.0,-1.0,-1.0,0.0,47857664.0,0.0,0.0,-1.0,-1.0,-1.0,0.0,0.0,1
0.0,52.0,46.042,-1.0,-1.0,-1.0,-1.0,-1.0,-1.0,0.0,47857664.0,0.0,0.0,-1.0,-1.0,-1.0,0.0,0.0,1
0.0,54.0,46.625,-1.0,-1.0,-1.0,-1.0,-1.0,-1.0,0.0,47857664.0,0.0,0.0,-1.0,-1.0,-1.0,0.0,0.0,1
0.0,45.0,39.958,-1.0,-1.0,-1.0,-1.0,-1.0,-1.0,0.0,47857664.0,0.0,0.0,-1.0,-1.0,-1.0,0.0,0.0,1
0.0,47.0,39.833,-1.0,-1.0,-1.0,-1.0,-1.0,-1.0,0.0,47857664.0,0.0,0.0,-1.0,-1.0,-1.0,0.0,0.0,1
0.0,50.0,44.875,-1.0,-1.0,-1.0,-1.0,-1.0,-1.0,0.0,47857664.0,0.0,0.0,-1.0,-1.0,-1.0,0.0,0.0,1
0.0,56.0,50.25,-1.0,-1.0,-1.0,-1.0,-1.0,-1.0,0.0,47857664.0,0.0,0.0,-1.0,-1.0,-1.0,0.0,0.0,1
0.0,65.0,58.083,-1.0,-1.0,-1.0,-1.0,-1.0,-1.0,0.0,47857664.0,0.0,0.0,-1.0,-1.0,-1.0,0.0,0.0,1
1.0,35.0,30.667,-1.0,-1.0,-1.0,-1.0,-1.0,-1.0,0.0,47857664.0,0.0,0.0,-1.0,-1.0,-1.0,0.0,0.0,1
0.0,74.0,66.625,-1.0,-1.0,-1.0,-1.0,-1.0,-1.0,0.0,47857664.0,0.0,0.0,-1.0,-1.0,-1.0,0.0,0.0,1
0.0,26.0,23.417,-1.0,-1.0,-1.0,-1.0,-1.0,-1.0,0.0,47857664.0,0.0,0.0,-1.0,-1.0,-1.0,0.0,0.0,1
0.0,73.0,65.0,-1.0,-1.0,-1.0,-1.0,-1.0,-1.0,0.0,47857664.0,0.0,0.0,-1.0,-1.0,-1.0,0.0,0.0,1
0.0,63.0,52.792,-1.0,-1.0,-1.0,-1.0,-1.0,-1.0,0.0,47857664.0,0.0,0.0,-1.0,-1.0,-1.0,0.0,0.0,1
0.0,57.0,50.375,-1.0,-1.0,-1.0,-1.0,-1.0,-1.0,0.0,47857664.0,0.0,0.0,-1.0,-1.0,-1.0,0.0,0.0,1
0.0,66.0,59.417,-1.0,-1.0,-1.0,-1.0,-1.0,-1.0,0.0,47857664.0,0.0,0.0,-1.0,-1.0,-1.0,0.0,0.0,1
0.0,58.0,50.417,-1.0,-1.0,-1.0,-1.0,-1.0,-1.0,0.0,47857664.0,0.0,0.0,-1.0,-1.0,-1.0,0.0,0.0,1
0.0,67.0,58.667,-1.0,-1.0,-1.0,-1.0,-1.0,-1.0,0.0,47857664.0,0.0,0.0,-1.0,-1.0,-1.0,0.0,0.0,1
0.0,61.0,55.417,-1.0,-1.0,-1.0,-1.0,-1.0,-1.0,0.0,47857664.0,0.0,0.0,-1.0,-1.0,-1.0,0.0,0.0,1
0.0,58.0,50.959,-1.0,-1.0,-1.0,-1.0,-1.0,-1.0,0.0,47857664.0,0.0,0.0,-1.0,-1.0,-1.0,0.0,0.0,1
0.0,65.0,57.0,-1.0,-1.0,-1.0,-1.0,-1.0,-1.0,0.0,47857664.0,0.0,0.0,-1.0,-1.0,-1.0,0.0,0.0,1
0.0,63.0,50.375,-1.0,-1.0,-1.0,-1.0,-1.0,-1.0,0.0,47857664.0,0.0,0.0,-1.0,-1.0,-1.0,0.0,0.0,1
0.0,63.0,55.25,-1.0,-1.0,-1.0,-1.0,-1.0,-1.0,0.0,47857664.0,0.0,0.0,-1.0,-1.0,-1.0,0.0,0.0,1
0.0,57.0,51.541,-1.0,-1.0,-1.0,-1.0,-1.0,-1.0,0.0,47857664.0,0.0,0.0,-1.0,-1.0,-1.0,0.0,0.0,1
0.0,61.0,53.167,-1.0,-1.0,-1.0,-1.0,-1.0,-1.0,0.0,47857664.0,0.0,0.0,-1.0,-1.0,-1.0,0.0,0.0,1
0.0,50.0,45.25,-1.0,-1.0,-1.0,-1.0,-1.0,-1.0,0.0,47857664.0,0.0,0.0,-1.0,-1.0,-1.0,0.0,0.0,1
2.0,49.0,77.459,-1.0,-1.0,-1.0,-1.0,-1.0,-1.0,0.0,47857664.0,0.0,0.0,-1.0,-1.0,-1.0,0.0,0.0,1
0.0,41.0,36.667,-1.0,-1.0,-1.0,-1.0,-1.0,-1.0,0.0,47857664.0,0.0,0.0,-1.0,-1.0,-1.0,0.0,0.0,1
0.0,63.0,55.833,-1.0,-1.0,-1.0,-1.0,-1.0,-1.0,0.0,47857664.0,0.0,0.0,-1.0,-1.0,-1.0,0.0,0.0,1
1.0,77.0,188.0,-1.0,-1.0,-1.0,-1.0,-1.0,-1.0,0.0,47857664.0,0.0,0.0,-1.0,-1.0,-1.0,0.0,0.0,1
0.0,56.0,50.417,-1.0,-1.0,-1.0,-1.0,-1.0,-1.0,0.0,47857664.0,0.0,0.0,-1.0,-1.0,-1.0,0.0,0.0,1
0.0,63.0,56.125,-1.0,-1.0,-1.0,-1.0,-1.0,-1.0,0.0,47857664.0,0.0,0.0,-1.0,-1.0,-1.0,0.0,0.0,1
0.0,62.0,51.458,-1.0,-1.0,-1.0,-1.0,-1.0,-1.0,0.0,47857664.0,0.0,0.0,-1.0,-1.0,-1.0,0.0,0.0,1
0.0,52.0,45.417,-1.0,-1.0,-1.0,-1.0,-1.0,-1.0,0.0,47857664.0,0.0,0.0,-1.0,-1.0,-1.0,0.0,0.0,1
0.0,52.0,43.583,-1.0,-1.0,-1.0,-1.0,-1.0,-1.0,0.0,47857664.0,0.0,0.0,-1.0,-1.0,-1.0,0.0,0.0,1
0.0,62.0,56.459,-1.0,-1.0,-1.0,-1.0,-1.0,-1.0,0.0,47857664.0,0.0,0.0,-1.0,-1.0,-1.0,0.0,0.0,1
0.0,49.0,42.583,-1.0,-1.0,-1.0,-1.0,-1.0,-1.0,0.0,47857664.0,0.0,0.0,-1.0,-1.0,-1.0,0.0,0.0,1
0.0,48.0,41.375,-1.0,-1.0,-1.0,-1.0,-1.0,-1.0,0.0,47857664.0,0.0,0.0,-1.0,-1.0,-1.0,0.0,0.0,1
0.0,49.0,41.417,-1.0,-1.0,-1.0,-1.0,-1.0,-1.0,0.0,47857664.0,0.0,0.0,-1.0,-1.0,-1.0,0.0,0.0,1
0.0,53.0,48.458,-1.0,-1.0,-1.0,-1.0,-1.0,-1.0,0.0,47857664.0,0.0,0.0,-1.0,-1.0,-1.0,0.0,0.0,1
0.0,78.0,64.958,-1.0,-1.0,-1.0,-1.0,-1.0,-1.0,0.0,47857664.0,0.0,0.0,-1.0,-1.0,-1.0,0.0,0.0,1
0.0,60.0,51.791,-1.0,-1.0,-1.0,-1.0,-1.0,-1.0,0.0,47857664.0,0.0,0.0,-1.0,-1.0,-1.0,0.0,0.0,1
0.0,66.0,56.917,-1.0,-1.0,-1.0,-1.0,-1.0,-1.0,0.0,47857664.0,0.0,0.0,-1.0,-1.0,-1.0,0.0,0.0,1
0.0,64.0,55.708,-1.0,-1.0,-1.0,-1.0,-1.0,-1.0,0.0,47857664.0,0.0,0.0,-1.0,-1.0,-1.0,0.0,0.0,1
0.0,55.0,48.583,-1.0,-1.0,-1.0,-1.0,-1.0,-1.0,0.0,47857664.0,0.0,0.0,-1.0,-1.0,-1.0,0.0,0.0,1
0.0,57.0,51.458,-1.0,-1.0,-1.0,-1.0,-1.0,-1.0,0.0,47857664.0,0.0,0.0,-1.0,-1.0,-1.0,0.0,0.0,1
0.0,63.0,56.958,-1.0,-1.0,-1.0,-1.0,-1.0,-1.0,0.0,47857664.0,0.0,0.0,-1.0,-1.0,-1.0,0.0,0.0,1
0.0,54.0,47.625,-1.0,-1.0,-1.0,-1.0,-1.0,-1.0,0.0,47857664.0,0.0,0.0,-1.0,-1.0,-1.0,0.0,0.0,1
0.0,56.0,48.167,-1.0,-1.0,-1.0,-1.0,-1.0,-1.0,0.0,47857664.0,0.0,0.0,-1.0,-1.0,-1.0,0.0,0.0,1
0.0,55.0,48.458,-1.0,-1.0,-1.0,-1.0,-1.0,-1.0,0.0,47857664.0,0.0,0.0,-1.0,-1.0,-1.0,0.0,0.0,1
0.0,53.0,45.542,-1.0,-1.0,-1.0,-1.0,-1.0,-1.0,0.0,47857664.0,0.0,0.0,-1.0,-1.0,-1.0,0.0,0.0,1
0.0,50.0,44.209,-1.0,-1.0,-1.0,-1.0,-1.0,-1.0,0.0,47857664.0,0.0,0.0,-1.0,-1.0,-1.0,0.0,0.0,1
0.0,59.0,51.125,-1.0,-1.0,-1.0,-1.0,-1.0,-1.0,0.0,47857664.0,0.0,0.0,-1.0,-1.0,-1.0,0.0,0.0,1
0.0,70.0,55.75,-1.0,-1.0,-1.0,-1.0,-1.0,-1.0,0.0,47857664.0,0.0,0.0,-1.0,-1.0,-1.0,0.0,0.0,1
0.0,66.0,55.75,-1.0,-1.0,-1.0,-1.0,-1.0,-1.0,0.0,47857664.0,0.0,0.0,-1.0,-1.0,-1.0,0.0,0.0,1
0.0,57.0,47.25,-1.0,-1.0,-1.0,-1.0,-1.0,-1.0,0.0,47857664.0,0.0,0.0,-1.0,-1.0,-1.0,0.0,0.0,1
0.0,59.0,52.041,-1.0,-1.0,-1.0,-1.0,-1.0,-1.0,0.0,47857664.0,0.0,0.0,-1.0,-1.0,-1.0,0.0,0.0,1
0.0,61.0,53.416,-1.0,-1.0,-1.0,-1.0,-1.0,-1.0,0.0,47857664.0,0.0,0.0,-1.0,-1.0,-1.0,0.0,0.0,1
0.0,67.0,58.792,-1.0,-1.0,-1.0,-1.0,-1.0,-1.0,0.0,47857664.0,0.0,0.0,-1.0,-1.0,-1.0,0.0,0.0,1
0.0,70.0,58.0,-1.0,-1.0,-1.0,-1.0,-1.0,-1.0,0.0,47857664.0,0.0,0.0,-1.0,-1.0,-1.0,0.0,0.0,1
0.0,60.0,52.833,-1.0,-1.0,-1.0,-1.0,-1.0,-1.0,0.0,47857664.0,0.0,0.0,-1.0,-1.0,-1.0,0.0,0.0,1
0.0,56.0,48.459,-1.0,-1.0,-1.0,-1.0,-1.0,-1.0,0.0,47857664.0,0.0,0.0,-1.0,-1.0,-1.0,0.0,0.0,1
0.0,63.0,57.333,-1.0,-1.0,-1.0,-1.0,-1.0,-1.0,0.0,47857664.0,0.0,0.0,-1.0,-1.0,-1.0,0.0,0.0,1
0.0,54.0,47.75,-1.0,-1.0,-1.0,-1.0,-1.0,-1.0,0.0,47857664.0,0.0,0.0,-1.0,-1.0,-1.0,0.0,0.0,1
0.0,49.0,44.75,-1.0,-1.0,-1.0,-1.0,-1.0,-1.0,0.0,47857664.0,0.0,0.0,-1.0,-1.0,-1.0,0.0,0.0,1
0.0,43.0,38.333,-1.0,-1.0,-1.0,-1.0,-1.0,-1.0,0.0,47857664.0,0.0,0.0,-1.0,-1.0,-1.0,0.0,0.0,1
0.0,47.0,42.333,-1.0,-1.0,-1.0,-1.0,-1.0,-1.0,0.0,47857664.0,0.0,0.0,-1.0,-1.0,-1.0,0.0,0.0,1
0.0,54.0,47.667,-1.0,-1.0,-1.0,-1.0,-1.0,-1.0,0.0,47857664.0,0.0,0.0,-1.0,-1.0,-1.0,0.0,0.0,1
0.0,48.0,42.584,-1.0,-1.0,-1.0,-1.0,-1.0,-1.0,0.0,47857664.0,0.0,0.0,-1.0,-1.0,-1.0,0.0,0.0,1
0.0,59.0,50.583,-1.0,-1.0,-1.0,-1.0,-1.0,-1.0,0.0,47857664.0,0.0,0.0,-1.0,-1.0,-1.0,0.0,0.0,1
0.0,54.0,46.584,-1.0,-1.0,-1.0,-1.0,-1.0,-1.0,0.0,47857664.0,0.0,0.0,-1.0,-1.0,-1.0,0.0,0.0,1
0.0,54.0,45.75,-1.0,-1.0,-1.0,-1.0,-1.0,-1.0,0.0,47857664.0,0.0,0.0,-1.0,-1.0,-1.0,0.0,0.0,1
0.0,54.0,47.083,-1.0,-1.0,-1.0,-1.0,-1.0,-1.0,0.0,47857664.0,0.0,0.0,-1.0,-1.0,-1.0,0.0,0.0,1
1.0,60.0,64.75,-1.0,-1.0,-1.0,-1.0,-1.0,-1.0,0.0,47857664.0,0.0,0.0,-1.0,-1.0,-1.0,0.0,0.0,1
0.0,61.0,50.667,-1.0,-1.0,-1.0,-1.0,-1.0,-1.0,0.0,47857664.0,0.0,0.0,-1.0,-1.0,-1.0,0.0,0.0,1
0.0,70.0,58.75,-1.0,-1.0,-1.0,-1.0,-1.0,-1.0,0.0,47857664.0,0.0,0.0,-1.0,-1.0,-1.0,0.0,0.0,1
0.0,67.0,58.916,-1.0,-1.0,-1.0,-1.0,-1.0,-1.0,0.0,47857664.0,0.0,0.0,-1.0,-1.0,-1.0,0.0,0.0,1
0.0,54.0,47.75,-1.0,-1.0,-1.0,-1.0,-1.0,-1.0,0.0,47857664.0,0.0,0.0,-1.0,-1.0,-1.0,0.0,0.0,1
0.0,55.0,48.541,-1.0,-1.0,-1.0,-1.0,-1.0,-1.0,0.0,47857664.0,0.0,0.0,-1.0,-1.0,-1.0,0.0,0.0,1
0.0,59.0,50.375,-1.0,-1.0,-1.0,-1.0,-1.0,-1.0,0.0,47857664.0,0.0,0.0,-1.0,-1.0,-1.0,0.0,0.0,1
0.0,60.0,51.042,-1.0,-1.0,-1.0,-1.0,-1.0,-1.0,0.0,47857664.0,0.0,0.0,-1.0,-1.0,-1.0,0.0,0.0,1
0.0,68.0,61.334,-1.0,-1.0,-1.0,-1.0,-1.0,-1.0,0.0,47857664.0,0.0,0.0,-1.0,-1.0,-1.0,0.0,0.0,1
0.0,68.0,63.583,-1.0,-1.0,-1.0,-1.0,-1.0,-1.0,0.0,47857664.0,0.0,0.0,-1.0,-1.0,-1.0,0.0,0.0,1
0.0,61.0,54.0,-1.0,-1.0,-1.0,-1.0,-1.0,-1.0,0.0,47857664.0,0.0,0.0,-1.0,-1.0,-1.0,0.0,0.0,1
0.0,44.0,40.625,-1.0,-1.0,-1.0,-1.0,-1.0,-1.0,0.0,47857664.0,0.0,0.0,-1.0,-1.0,-1.0,0.0,0.0,1
0.0,62.0,55.459,-1.0,-1.0,-1.0,-1.0,-1.0,-1.0,0.0,47857664.0,0.0,0.0,-1.0,-1.0,-1.0,0.0,0.0,1
0.0,48.0,43.458,-1.0,-1.0,-1.0,-1.0,-1.0,-1.0,0.0,47857664.0,0.0,0.0,-1.0,-1.0,-1.0,0.0,0.0,1
0.0,39.0,34.375,-1.0,-1.0,-1.0,-1.0,-1.0,-1.0,0.0,47857664.0,0.0,0.0,-1.0,-1.0,-1.0,0.0,0.0,1
0.0,48.0,41.416,-1.0,-1.0,-1.0,-1.0,-1.0,-1.0,0.0,47857664.0,0.0,0.0,-1.0,-1.0,-1.0,0.0,0.0,1
0.0,60.0,48.625,-1.0,-1.0,-1.0,-1.0,-1.0,-1.0,0.0,47857664.0,0.0,0.0,-1.0,-1.0,-1.0,0.0,0.0,1
0.0,60.0,49.583,-1.0,-1.0,-1.0,-1.0,-1.0,-1.0,0.0,47857664.0,0.0,0.0,-1.0,-1.0,-1.0,0.0,0.0,1
0.0,57.0,50.416,-1.0,-1.0,-1.0,-1.0,-1.0,-1.0,0.0,47857664.0,0.0,0.0,-1.0,-1.0,-1.0,0.0,0.0,1
2.0,64.0,140.334,-1.0,-1.0,-1.0,-1.0,-1.0,-1.0,0.0,47857664.0,0.0,0.0,-1.0,-1.0,-1.0,0.0,0.0,1
0.0,61.0,52.541,-1.0,-1.0,-1.0,-1.0,-1.0,-1.0,0.0,47857664.0,0.0,0.0,-1.0,-1.0,-1.0,0.0,0.0,1
0.0,60.0,53.208,-1.0,-1.0,-1.0,-1.0,-1.0,-1.0,0.0,47857664.0,0.0,0.0,-1.0,-1.0,-1.0,0.0,0.0,1
0.0,65.0,53.666,-1.0,-1.0,-1.0,-1.0,-1.0,-1.0,0.0,47857664.0,0.0,0.0,-1.0,-1.0,-1.0,0.0,0.0,1
0.0,59.0,49.167,-1.0,-1.0,-1.0,-1.0,-1.0,-1.0,0.0,47857664.0,0.0,0.0,-1.0,-1.0,-1.0,0.0,0.0,1
0.0,58.0,49.708,-1.0,-1.0,-1.0,-1.0,-1.0,-1.0,0.0,47857664.0,0.0,0.0,-1.0,-1.0,-1.0,0.0,0.0,1
0.0,58.0,49.5,-1.0,-1.0,-1.0,-1.0,-1.0,-1.0,0.0,47857664.0,0.0,0.0,-1.0,-1.0,-1.0,0.0,0.0,1
0.0,61.0,53.459,-1.0,-1.0,-1.0,-1.0,-1.0,-1.0,0.0,47857664.0,0.0,0.0,-1.0,-1.0,-1.0,0.0,0.0,1
0.0,58.0,50.916,-1.0,-1.0,-1.0,-1.0,-1.0,-1.0,0.0,47857664.0,0.0,0.0,-1.0,-1.0,-1.0,0.0,0.0,1
0.0,60.0,52.583,-1.0,-1.0,-1.0,-1.0,-1.0,-1.0,0.0,47857664.0,0.0,0.0,-1.0,-1.0,-1.0,0.0,0.0,1
0.0,61.0,51.541,-1.0,-1.0,-1.0,-1.0,-1.0,-1.0,0.0,47857664.0,0.0,0.0,-1.0,-1.0,-1.0,0.0,0.0,1
0.0,66.0,56.75,-1.0,-1.0,-1.0,-1.0,-1.0,-1.0,0.0,47857664.0,0.0,0.0,-1.0,-1.0,-1.0,0.0,0.0,1
0.0,58.0,50.792,-1.0,-1.0,-1.0,-1.0,-1.0,-1.0,0.0,47857664.0,0.0,0.0,-1.0,-1.0,-1.0,0.0,0.0,1
0.0,70.0,63.5,-1.0,-1.0,-1.0,-1.0,-1.0,-1.0,0.0,47857664.0,0.0,0.0,-1.0,-1.0,-1.0,0.0,0.0,1
0.0,59.0,52.125,-1.0,-1.0,-1.0,-1.0,-1.0,-1.0,0.0,47857664.0,0.0,0.0,-1.0,-1.0,-1.0,0.0,0.0,1
0.0,52.0,46.792,-1.0,-1.0,-1.0,-1.0,-1.0,-1.0,0.0,47857664.0,0.0,0.0,-1.0,-1.0,-1.0,0.0,0.0,1
0.0,59.0,52.791,-1.0,-1.0,-1.0,-1.0,-1.0,-1.0,0.0,47857664.0,0.0,0.0,-1.0,-1.0,-1.0,0.0,0.0,1
0.0,68.0,56.042,-1.0,-1.0,-1.0,-1.0,-1.0,-1.0,0.0,47857664.0,0.0,0.0,-1.0,-1.0,-1.0,0.0,0.0,1
0.0,70.0,59.375,-1.0,-1.0,-1.0,-1.0,-1.0,-1.0,0.0,47857664.0,0.0,0.0,-1.0,-1.0,-1.0,0.0,0.0,1
0.0,64.0,53.833,-1.0,-1.0,-1.0,-1.0,-1.0,-1.0,0.0,47857664.0,0.0,0.0,-1.0,-1.0,-1.0,0.0,0.0,1
0.0,61.0,49.458,-1.0,-1.0,-1.0,-1.0,-1.0,-1.0,0.0,47857664.0,0.0,0.0,-1.0,-1.0,-1.0,0.0,0.0,1
0.0,61.0,51.625,-1.0,-1.0,-1.0,-1.0,-1.0,-1.0,0.0,47857664.0,0.0,0.0,-1.0,-1.0,-1.0,0.0,0.0,1
0.0,59.0,52.25,-1.0,-1.0,-1.0,-1.0,-1.0,-1.0,0.0,47857664.0,0.0,0.0,-1.0,-1.0,-1.0,0.0,0.0,1
0.0,56.0,48.75,-1.0,-1.0,-1.0,-1.0,-1.0,-1.0,0.0,47857664.0,0.0,0.0,-1.0,-1.0,-1.0,0.0,0.0,1
0.0,64.0,58.417,-1.0,-1.0,-1.0,-1.0,-1.0,-1.0,0.0,47857664.0,0.0,0.0,-1.0,-1.0,-1.0,0.0,0.0,1
0.0,54.0,48.125,-1.0,-1.0,-1.0,-1.0,-1.0,-1.0,0.0,47857664.0,0.0,0.0,-1.0,-1.0,-1.0,0.0,0.0,1
0.0,44.0,39.875,-1.0,-1.0,-1.0,-1.0,-1.0,-1.0,0.0,47857664.0,0.0,0.0,-1.0,-1.0,-1.0,0.0,0.0,1
0.0,44.0,38.708,-1.0,-1.0,-1.0,-1.0,-1.0,-1.0,0.0,47857664.0,0.0,0.0,-1.0,-1.0,-1.0,0.0,0.0,1
0.0,60.0,51.208,-1.0,-1.0,-1.0,-1.0,-1.0,-1.0,0.0,47857664.0,0.0,0.0,-1.0,-1.0,-1.0,0.0,0.0,1
0.0,66.0,52.959,-1.0,-1.0,-1.0,-1.0,-1.0,-1.0,0.0,47857664.0,0.0,0.0,-1.0,-1.0,-1.0,0.0,0.0,1
0.0,57.0,50.833,-1.0,-1.0,-1.0,-1.0,-1.0,-1.0,0.0,47857664.0,0.0,0.0,-1.0,-1.0,-1.0,0.0,0.0,1
0.0,64.0,59.125,-1.0,-1.0,-1.0,-1.0,-1.0,-1.0,0.0,47857664.0,0.0,0.0,-1.0,-1.0,-1.0,0.0,0.0,1
0.0,60.0,52.666,-1.0,-1.0,-1.0,-1.0,-1.0,-1.0,0.0,47857664.0,0.0,0.0,-1.0,-1.0,-1.0,0.0,0.0,1
0.0,60.0,52.5,-1.0,-1.0,-1.0,-1.0,-1.0,-1.0,0.0,47857664.0,0.0,0.0,-1.0,-1.0,-1.0,0.0,0.0,1
0.0,60.0,53.542,-1.0,-1.0,-1.0,-1.0,-1.0,-1.0,0.0,47857664.0,0.0,0.0,-1.0,-1.0,-1.0,0.0,0.0,1
0.0,72.0,61.834,-1.0,-1.0,-1.0,-1.0,-1.0,-1.0,0.0,47857664.0,0.0,0.0,-1.0,-1.0,-1.0,0.0,0.0,1
0.0,64.0,57.084,-1.0,-1.0,-1.0,-1.0,-1.0,-1.0,0.0,47857664.0,0.0,0.0,-1.0,-1.0,-1.0,0.0,0.0,1
0.0,57.0,48.542,-1.0,-1.0,-1.0,-1.0,-1.0,-1.0,0.0,47857664.0,0.0,0.0,-1.0,-1.0,-1.0,0.0,0.0,1
0.0,65.0,55.709,-1.0,-1.0,-1.0,-1.0,-1.0,-1.0,0.0,47857664.0,0.0,0.0,-1.0,-1.0,-1.0,0.0,0.0,1
0.0,71.0,61.292,-1.0,-1.0,-1.0,-1.0,-1.0,-1.0,0.0,47857664.0,0.0,0.0,-1.0,-1.0,-1.0,0.0,0.0,1
0.0,60.0,53.625,-1.0,-1.0,-1.0,-1.0,-1.0,-1.0,0.0,47857664.0,0.0,0.0,-1.0,-1.0,-1.0,0.0,0.0,1
0.0,61.0,53.708,-1.0,-1.0,-1.0,-1.0,-1.0,-1.0,0.0,47857664.0,0.0,0.0,-1.0,-1.0,-1.0,0.0,0.0,1
1.0,60.0,50.584,-1.0,-1.0,-1.0,-1.0,-1.0,-1.0,0.0,47857664.0,0.0,0.0,-1.0,-1.0,-1.0,0.0,0.0,1
0.0,59.0,53.333,-1.0,-1.0,-1.0,-1.0,-1.0,-1.0,0.0,47857664.0,0.0,0.0,-1.0,-1.0,-1.0,0.0,0.0,1
0.0,54.0,48.166,-1.0,-1.0,-1.0,-1.0,-1.0,-1.0,0.0,47857664.0,0.0,0.0,-1.0,-1.0,-1.0,0.0,0.0,1
0.0,57.0,49.417,-1.0,-1.0,-1.0,-1.0,-1.0,-1.0,0.0,47857664.0,0.0,0.0,-1.0,-1.0,-1.0,0.0,0.0,1
0.0,65.0,54.333,-1.0,-1.0,-1.0,-1.0,-1.0,-1.0,0.0,47857664.0,0.0,0.0,-1.0,-1.0,-1.0,0.0,0.0,1
0.0,67.0,53.916,-1.0,-1.0,-1.0,-1.0,-1.0,-1.0,0.0,47857664.0,0.0,0.0,-1.0,-1.0,-1.0,0.0,0.0,1
0.0,32.0,27.5,-1.0,-1.0,-1.0,-1.0,-1.0,-1.0,0.0,47857664.0,0.0,0.0,-1.0,-1.0,-1.0,0.0,0.0,1
0.0,55.0,48.958,-1.0,-1.0,-1.0,-1.0,-1.0,-1.0,0.0,47857664.0,0.0,0.0,-1.0,-1.0,-1.0,0.0,0.0,1
0.0,71.0,61.417,-1.0,-1.0,-1.0,-1.0,-1.0,-1.0,0.0,47857664.0,0.0,0.0,-1.0,-1.0,-1.0,0.0,0.0,1
0.0,56.0,49.292,-1.0,-1.0,-1.0,-1.0,-1.0,-1.0,0.0,47857664.0,0.0,0.0,-1.0,-1.0,-1.0,0.0,0.0,1
0.0,56.0,49.542,-1.0,-1.0,-1.0,-1.0,-1.0,-1.0,0.0,47857664.0,0.0,0.0,-1.0,-1.0,-1.0,0.0,0.0,1
0.0,57.0,50.125,-1.0,-1.0,-1.0,-1.0,-1.0,-1.0,0.0,47857664.0,0.0,0.0,-1.0,-1.0,-1.0,0.0,0.0,1
0.0,50.0,44.416,-1.0,-1.0,-1.0,-1.0,-1.0,-1.0,0.0,47857664.0,0.0,0.0,-1.0,-1.0,-1.0,0.0,0.0,1
0.0,46.0,41.375,-1.0,-1.0,-1.0,-1.0,-1.0,-1.0,0.0,47857664.0,0.0,0.0,-1.0,-1.0,-1.0,0.0,0.0,1
0.0,49.0,42.875,-1.0,-1.0,-1.0,-1.0,-1.0,-1.0,0.0,47857664.0,0.0,0.0,-1.0,-1.0,-1.0,0.0,0.0,1
0.0,45.0,39.208,-1.0,-1.0,-1.0,-1.0,-1.0,-1.0,0.0,47857664.0,0.0,0.0,-1.0,-1.0,-1.0,0.0,0.0,1
0.0,60.0,49.708,-1.0,-1.0,-1.0,-1.0,-1.0,-1.0,0.0,47857664.0,0.0,0.0,-1.0,-1.0,-1.0,0.0,0.0,1
0.0,56.0,46.917,-1.0,-1.0,-1.0,-1.0,-1.0,-1.0,0.0,47857664.0,0.0,0.0,-1.0,-1.0,-1.0,0.0,0.0,1
0.0,61.0,51.208,-1.0,-1.0,-1.0,-1.0,-1.0,-1.0,0.0,47857664.0,0.0,0.0,-1.0,-1.0,-1.0,0.0,0.0,1
0.0,64.0,52.875,-1.0,-1.0,-1.0,-1.0,-1.0,-1.0,0.0,47857664.0,0.0,0.0,-1.0,-1.0,-1.0,0.0,0.0,1
0.0,61.0,54.167,-1.0,-1.0,-1.0,-1.0,-1.0,-1.0,0.0,47857664.0,0.0,0.0,-1.0,-1.0,-1.0,0.0,0.0,1
0.0,61.0,50.042,-1.0,-1.0,-1.0,-1.0,-1.0,-1.0,0.0,47857664.0,0.0,0.0,-1.0,-1.0,-1.0,0.0,0.0,1
0.0,66.0,54.875,-1.0,-1.0,-1.0,-1.0,-1.0,-1.0,0.0,47857664.0,0.0,0.0,-1.0,-1.0,-1.0,0.0,0.0,1
0.0,68.0,58.291,-1.0,-1.0,-1.0,-1.0,-1.0,-1.0,0.0,47857664.0,0.0,0.0,-1.0,-1.0,-1.0,0.0,0.0,1
0.0,65.0,54.292,-1.0,-1.0,-1.0,-1.0,-1.0,-1.0,0.0,47857664.0,0.0,0.0,-1.0,-1.0,-1.0,0.0,0.0,1
0.0,55.0,48.584,-1.0,-1.0,-1.0,-1.0,-1.0,-1.0,0.0,47857664.0,0.0,0.0,-1.0,-1.0,-1.0,0.0,0.0,1
0.0,61.0,53.375,-1.0,-1.0,-1.0,-1.0,-1.0,-1.0,0.0,47857664.0,0.0,0.0,-1.0,-1.0,-1.0,0.0,0.0,1
0.0,61.0,52.541,-1.0,-1.0,-1.0,-1.0,-1.0,-1.0,0.0,47857664.0,0.0,0.0,-1.0,-1.0,-1.0,0.0,0.0,1
0.0,52.0,47.291,-1.0,-1.0,-1.0,-1.0,-1.0,-1.0,0.0,47857664.0,0.0,0.0,-1.0,-1.0,-1.0,0.0,0.0,1
0.0,55.0,48.667,-1.0,-1.0,-1.0,-1.0,-1.0,-1.0,0.0,47857664.0,0.0,0.0,-1.0,-1.0,-1.0,0.0,0.0,1
0.0,59.0,52.875,-1.0,-1.0,-1.0,-1.0,-1.0,-1.0,0.0,47857664.0,0.0,0.0,-1.0,-1.0,-1.0,0.0,0.0,1
0.0,58.0,50.708,-1.0,-1.0,-1.0,-1.0,-1.0,-1.0,0.0,47857664.0,0.0,0.0,-1.0,-1.0,-1.0,0.0,0.0,1
0.0,64.0,56.0,-1.0,-1.0,-1.0,-1.0,-1.0,-1.0,0.0,47857664.0,0.0,0.0,-1.0,-1.0,-1.0,0.0,0.0,1
0.0,57.0,48.875,-1.0,-1.0,-1.0,-1.0,-1.0,-1.0,0.0,47857664.0,0.0,0.0,-1.0,-1.0,-1.0,0.0,0.0,1
0.0,54.0,45.292,-1.0,-1.0,-1.0,-1.0,-1.0,-1.0,0.0,47857664.0,0.0,0.0,-1.0,-1.0,-1.0,0.0,0.0,1
0.0,53.0,49.208,-1.0,-1.0,-1.0,-1.0,-1.0,-1.0,0.0,47857664.0,0.0,0.0,-1.0,-1.0,-1.0,0.0,0.0,1
0.0,56.0,47.333,-1.0,-1.0,-1.0,-1.0,-1.0,-1.0,0.0,47857664.0,0.0,0.0,-1.0,-1.0,-1.0,0.0,0.0,1
0.0,49.0,42.75,-1.0,-1.0,-1.0,-1.0,-1.0,-1.0,0.0,47857664.0,0.0,0.0,-1.0,-1.0,-1.0,0.0,0.0,1
0.0,55.0,49.0,-1.0,-1.0,-1.0,-1.0,-1.0,-1.0,0.0,47857664.0,0.0,0.0,-1.0,-1.0,-1.0,0.0,0.0,1
0.0,47.0,41.917,-1.0,-1.0,-1.0,-1.0,-1.0,-1.0,0.0,47857664.0,0.0,0.0,-1.0,-1.0,-1.0,0.0,0.0,1
0.0,43.0,38.875,-1.0,-1.0,-1.0,-1.0,-1.0,-1.0,0.0,47857664.0,0.0,0.0,-1.0,-1.0,-1.0,0.0,0.0,1
0.0,55.0,45.458,-1.0,-1.0,-1.0,-1.0,-1.0,-1.0,0.0,47857664.0,0.0,0.0,-1.0,-1.0,-1.0,0.0,0.0,1
0.0,24.0,20.417,-1.0,-1.0,-1.0,-1.0,-1.0,-1.0,0.0,47857664.0,0.0,0.0,-1.0,-1.0,-1.0,0.0,0.0,1
0.0,61.0,53.875,-1.0,-1.0,-1.0,-1.0,-1.0,-1.0,0.0,47857664.0,0.0,0.0,-1.0,-1.0,-1.0,0.0,0.0,1
0.0,57.0,51.917,-1.0,-1.0,-1.0,-1.0,-1.0,-1.0,0.0,47857664.0,0.0,0.0,-1.0,-1.0,-1.0,0.0,0.0,1
0.0,71.0,63.584,-1.0,-1.0,-1.0,-1.0,-1.0,-1.0,0.0,47857664.0,0.0,0.0,-1.0,-1.0,-1.0,0.0,0.0,1
0.0,65.0,56.208,-1.0,-1.0,-1.0,-1.0,-1.0,-1.0,0.0,47857664.0,0.0,0.0,-1.0,-1.0,-1.0,0.0,0.0,1
0.0,58.0,49.708,-1.0,-1.0,-1.0,-1.0,-1.0,-1.0,0.0,47857664.0,0.0,0.0,-1.0,-1.0,-1.0,0.0,0.0,1
0.0,58.0,51.75,-1.0,-1.0,-1.0,-1.0,-1.0,-1.0,0.0,47857664.0,0.0,0.0,-1.0,-1.0,-1.0,0.0,0.0,1
0.0,63.0,53.375,-1.0,-1.0,-1.0,-1.0,-1.0,-1.0,0.0,47857664.0,0.0,0.0,-1.0,-1.0,-1.0,0.0,0.0,1
0.0,62.0,54.917,-1.0,-1.0,-1.0,-1.0,-1.0,-1.0,0.0,47857664.0,0.0,0.0,-1.0,-1.0,-1.0,0.0,0.0,1
0.0,65.0,53.333,-1.0,-1.0,-1.0,-1.0,-1.0,-1.0,0.0,47857664.0,0.0,0.0,-1.0,-1.0,-1.0,0.0,0.0,1
0.0,60.0,49.875,-1.0,-1.0,-1.0,-1.0,-1.0,-1.0,0.0,47857664.0,0.0,0.0,-1.0,-1.0,-1.0,0.0,0.0,1
0.0,55.0,49.667,-1.0,-1.0,-1.0,-1.0,-1.0,-1.0,0.0,47857664.0,0.0,0.0,-1.0,-1.0,-1.0,0.0,0.0,1
0.0,52.0,47.25,-1.0,-1.0,-1.0,-1.0,-1.0,-1.0,0.0,47857664.0,0.0,0.0,-1.0,-1.0,-1.0,0.0,0.0,1
0.0,59.0,52.584,-1.0,-1.0,-1.0,-1.0,-1.0,-1.0,0.0,47857664.0,0.0,0.0,-1.0,-1.0,-1.0,0.0,0.0,1
0.0,65.0,55.791,-1.0,-1.0,-1.0,-1.0,-1.0,-1.0,0.0,47857664.0,0.0,0.0,-1.0,-1.0,-1.0,0.0,0.0,1
0.0,66.0,52.792,-1.0,-1.0,-1.0,-1.0,-1.0,-1.0,0.0,47857664.0,0.0,0.0,-1.0,-1.0,-1.0,0.0,0.0,1
0.0,66.0,52.333,-1.0,-1.0,-1.0,-1.0,-1.0,-1.0,0.0,47857664.0,0.0,0.0,-1.0,-1.0,-1.0,0.0,0.0,1
0.0,59.0,51.416,-1.0,-1.0,-1.0,-1.0,-1.0,-1.0,0.0,47857664.0,0.0,0.0,-1.0,-1.0,-1.0,0.0,0.0,1
0.0,59.0,49.667,-1.0,-1.0,-1.0,-1.0,-1.0,-1.0,0.0,47857664.0,0.0,0.0,-1.0,-1.0,-1.0,0.0,0.0,1
0.0,61.0,49.833,-1.0,-1.0,-1.0,-1.0,-1.0,-1.0,0.0,47857664.0,0.0,0.0,-1.0,-1.0,-1.0,0.0,0.0,1
0.0,60.0,50.333,-1.0,-1.0,-1.0,-1.0,-1.0,-1.0,0.0,47857664.0,0.0,0.0,-1.0,-1.0,-1.0,0.0,0.0,1
0.0,60.0,50.542,-1.0,-1.0,-1.0,-1.0,-1.0,-1.0,0.0,47857664.0,0.0,0.0,-1.0,-1.0,-1.0,0.0,0.0,1
0.0,65.0,53.167,-1.0,-1.0,-1.0,-1.0,-1.0,-1.0,0.0,47857664.0,0.0,0.0,-1.0,-1.0,-1.0,0.0,0.0,1
0.0,22.0,20.416,-1.0,-1.0,-1.0,-1.0,-1.0,-1.0,0.0,47857664.0,0.0,0.0,-1.0,-1.0,-1.0,0.0,0.0,1
0.0,59.0,52.667,-1.0,-1.0,-1.0,-1.0,-1.0,-1.0,0.0,47857664.0,0.0,0.0,-1.0,-1.0,-1.0,0.0,0.0,1
0.0,64.0,56.625,-1.0,-1.0,-1.0,-1.0,-1.0,-1.0,0.0,47857664.0,0.0,0.0,-1.0,-1.0,-1.0,0.0,0.0,1
0.0,54.0,48.125,-1.0,-1.0,-1.0,-1.0,-1.0,-1.0,0.0,47857664.0,0.0,0.0,-1.0,-1.0,-1.0,0.0,0.0,1
0.0,45.0,39.666,-1.0,-1.0,-1.0,-1.0,-1.0,-1.0,0.0,47857664.0,0.0,0.0,-1.0,-1.0,-1.0,0.0,0.0,1
0.0,62.0,54.292,-1.0,-1.0,-1.0,-1.0,-1.0,-1.0,0.0,47857664.0,0.0,0.0,-1.0,-1.0,-1.0,0.0,0.0,1
0.0,57.0,50.125,-1.0,-1.0,-1.0,-1.0,-1.0,-1.0,0.0,47857664.0,0.0,0.0,-1.0,-1.0,-1.0,0.0,0.0,1
0.0,57.0,50.25,-1.0,-1.0,-1.0,-1.0,-1.0,-1.0,0.0,47857664.0,0.0,0.0,-1.0,-1.0,-1.0,0.0,0.0,1
0.0,49.0,43.833,-1.0,-1.0,-1.0,-1.0,-1.0,-1.0,0.0,47857664.0,0.0,0.0,-1.0,-1.0,-1.0,0.0,0.0,1
0.0,51.0,45.875,-1.0,-1.0,-1.0,-1.0,-1.0,-1.0,0.0,47857664.0,0.0,0.0,-1.0,-1.0,-1.0,0.0,0.0,1
1.0,28.0,29.958,-1.0,-1.0,-1.0,-1.0,-1.0,-1.0,0.0,47857664.0,0.0,0.0,-1.0,-1.0,-1.0,0.0,0.0,1
0.0,15.0,14.292,-1.0,-1.0,-1.0,-1.0,-1.0,-1.0,0.0,47857664.0,0.0,0.0,-1.0,-1.0,-1.0,0.0,0.0,1
0.0,93.0,84.958,-1.0,-1.0,-1.0,-1.0,-1.0,-1.0,0.0,47857664.0,0.0,0.0,-1.0,-1.0,-1.0,0.0,0.0,1
0.0,60.0,53.917,-1.0,-1.0,-1.0,-1.0,-1.0,-1.0,0.0,47857664.0,0.0,0.0,-1.0,-1.0,-1.0,0.0,0.0,1
0.0,51.0,45.792,-1.0,-1.0,-1.0,-1.0,-1.0,-1.0,0.0,47857664.0,0.0,0.0,-1.0,-1.0,-1.0,0.0,0.0,1
0.0,43.0,38.791,-1.0,-1.0,-1.0,-1.0,-1.0,-1.0,0.0,47857664.0,0.0,0.0,-1.0,-1.0,-1.0,0.0,0.0,1
0.0,45.0,41.042,-1.0,-1.0,-1.0,-1.0,-1.0,-1.0,0.0,47857664.0,0.0,0.0,-1.0,-1.0,-1.0,0.0,0.0,1
1.0,64.0,65.916,-1.0,-1.0,-1.0,-1.0,-1.0,-1.0,0.0,47857664.0,0.0,0.0,-1.0,-1.0,-1.0,0.0,0.0,1
0.0,52.0,44.0,-1.0,-1.0,-1.0,-1.0,-1.0,-1.0,0.0,47857664.0,0.0,0.0,-1.0,-1.0,-1.0,0.0,0.0,1
0.0,52.0,45.375,-1.0,-1.0,-1.0,-1.0,-1.0,-1.0,0.0,47857664.0,0.0,0.0,-1.0,-1.0,-1.0,0.0,0.0,1
0.0,46.0,41.625,-1.0,-1.0,-1.0,-1.0,-1.0,-1.0,0.0,47857664.0,0.0,0.0,-1.0,-1.0,-1.0,0.0,0.0,1
0.0,51.0,45.5,-1.0,-1.0,-1.0,-1.0,-1.0,-1.0,0.0,47857664.0,0.0,0.0,-1.0,-1.0,-1.0,0.0,0.0,1
0.0,44.0,40.292,-1.0,-1.0,-1.0,-1.0,-1.0,-1.0,0.0,47857664.0,0.0,0.0,-1.0,-1.0,-1.0,0.0,0.0,1
0.0,46.0,41.666,-1.0,-1.0,-1.0,-1.0,-1.0,-1.0,0.0,47857664.0,0.0,0.0,-1.0,-1.0,-1.0,0.0,0.0,1
0.0,43.0,38.542,-1.0,-1.0,-1.0,-1.0,-1.0,-1.0,0.0,47857664.0,0.0,0.0,-1.0,-1.0,-1.0,0.0,0.0,1
0.0,42.0,37.541,-1.0,-1.0,-1.0,-1.0,-1.0,-1.0,0.0,47857664.0,0.0,0.0,-1.0,-1.0,-1.0,0.0,0.0,1
0.0,46.0,41.125,-1.0,-1.0,-1.0,-1.0,-1.0,-1.0,0.0,47857664.0,0.0,0.0,-1.0,-1.0,-1.0,0.0,0.0,1
0.0,61.0,52.5,-1.0,-1.0,-1.0,-1.0,-1.0,-1.0,0.0,47857664.0,0.0,0.0,-1.0,-1.0,-1.0,0.0,0.0,1
1.0,64.0,84.0,-1.0,-1.0,-1.0,-1.0,-1.0,-1.0,0.0,47857664.0,0.0,0.0,-1.0,-1.0,-1.0,0.0,0.0,1
0.0,57.0,50.292,-1.0,-1.0,-1.0,-1.0,-1.0,-1.0,0.0,47857664.0,0.0,0.0,-1.0,-1.0,-1.0,0.0,0.0,1
0.0,56.0,50.625,-1.0,-1.0,-1.0,-1.0,-1.0,-1.0,0.0,47857664.0,0.0,0.0,-1.0,-1.0,-1.0,0.0,0.0,1
0.0,62.0,53.708,-1.0,-1.0,-1.0,-1.0,-1.0,-1.0,0.0,47857664.0,0.0,0.0,-1.0,-1.0,-1.0,0.0,0.0,1
0.0,56.0,50.334,-1.0,-1.0,-1.0,-1.0,-1.0,-1.0,0.0,47857664.0,0.0,0.0,-1.0,-1.0,-1.0,0.0,0.0,1
0.0,52.0,46.959,-1.0,-1.0,-1.0,-1.0,-1.0,-1.0,0.0,47857664.0,0.0,0.0,-1.0,-1.0,-1.0,0.0,0.0,1
0.0,56.0,47.792,-1.0,-1.0,-1.0,-1.0,-1.0,-1.0,0.0,47857664.0,0.0,0.0,-1.0,-1.0,-1.0,0.0,0.0,1
0.0,57.0,51.209,-1.0,-1.0,-1.0,-1.0,-1.0,-1.0,0.0,47857664.0,0.0,0.0,-1.0,-1.0,-1.0,0.0,0.0,1
1.0,63.0,63.5,-1.0,-1.0,-1.0,-1.0,-1.0,-1.0,0.0,47857664.0,0.0,0.0,-1.0,-1.0,-1.0,0.0,0.0,1
0.0,56.0,50.792,-1.0,-1.0,-1.0,-1.0,-1.0,-1.0,0.0,47857664.0,0.0,0.0,-1.0,-1.0,-1.0,0.0,0.0,1
0.0,63.0,56.917,-1.0,-1.0,-1.0,-1.0,-1.0,-1.0,0.0,47857664.0,0.0,0.0,-1.0,-1.0,-1.0,0.0,0.0,1
0.0,59.0,50.083,-1.0,-1.0,-1.0,-1.0,-1.0,-1.0,0.0,47857664.0,0.0,0.0,-1.0,-1.0,-1.0,0.0,0.0,1
0.0,53.0,46.708,-1.0,-1.0,-1.0,-1.0,-1.0,-1.0,0.0,47857664.0,0.0,0.0,-1.0,-1.0,-1.0,0.0,0.0,1
0.0,55.0,47.167,-1.0,-1.0,-1.0,-1.0,-1.0,-1.0,0.0,47857664.0,0.0,0.0,-1.0,-1.0,-1.0,0.0,0.0,1
1.0,58.0,86.25,-1.0,-1.0,-1.0,-1.0,-1.0,-1.0,0.0,47857664.0,0.0,0.0,-1.0,-1.0,-1.0,0.0,0.0,1
0.0,56.0,49.334,-1.0,-1.0,-1.0,-1.0,-1.0,-1.0,0.0,47857664.0,0.0,0.0,-1.0,-1.0,-1.0,0.0,0.0,1
0.0,62.0,54.708,-1.0,-1.0,-1.0,-1.0,-1.0,-1.0,0.0,47857664.0,0.0,0.0,-1.0,-1.0,-1.0,0.0,0.0,1
0.0,57.0,48.75,-1.0,-1.0,-1.0,-1.0,-1.0,-1.0,0.0,47857664.0,0.0,0.0,-1.0,-1.0,-1.0,0.0,0.0,1
0.0,55.0,48.958,-1.0,-1.0,-1.0,-1.0,-1.0,-1.0,0.0,47857664.0,0.0,0.0,-1.0,-1.0,-1.0,0.0,0.0,1
0.0,60.0,51.917,-1.0,-1.0,-1.0,-1.0,-1.0,-1.0,0.0,47857664.0,0.0,0.0,-1.0,-1.0,-1.0,0.0,0.0,1
0.0,64.0,52.375,-1.0,-1.0,-1.0,-1.0,-1.0,-1.0,0.0,47857664.0,0.0,0.0,-1.0,-1.0,-1.0,0.0,0.0,1
0.0,62.0,50.208,-1.0,-1.0,-1.0,-1.0,-1.0,-1.0,0.0,47857664.0,0.0,0.0,-1.0,-1.0,-1.0,0.0,0.0,1
0.0,58.0,51.375,-1.0,-1.0,-1.0,-1.0,-1.0,-1.0,0.0,47857664.0,0.0,0.0,-1.0,-1.0,-1.0,0.0,0.0,1
0.0,53.0,46.625,-1.0,-1.0,-1.0,-1.0,-1.0,-1.0,0.0,47857664.0,0.0,0.0,-1.0,-1.0,-1.0,0.0,0.0,1
1.0,72.0,91.917,-1.0,-1.0,-1.0,-1.0,-1.0,-1.0,0.0,47857664.0,0.0,0.0,-1.0,-1.0,-1.0,0.0,0.0,1
0.0,100.0,91.5,-1.0,-1.0,-1.0,-1.0,-1.0,-1.0,0.0,47857664.0,0.0,0.0,-1.0,-1.0,-1.0,0.0,0.0,1
0.0,52.0,46.584,-1.0,-1.0,-1.0,-1.0,-1.0,-1.0,0.0,47857664.0,0.0,0.0,-1.0,-1.0,-1.0,0.0,0.0,1
1.0,49.0,146.417,-1.0,-1.0,-1.0,-1.0,-1.0,-1.0,0.0,47857664.0,0.0,0.0,-1.0,-1.0,-1.0,0.0,0.0,1
2.0,51.0,274.042,-1.0,-1.0,-1.0,-1.0,-1.0,-1.0,0.0,47857664.0,0.0,0.0,-1.0,-1.0,-1.0,0.0,0.0,1
0.0,47.0,42.417,-1.0,-1.0,-1.0,-1.0,-1.0,-1.0,0.0,47857664.0,0.0,0.0,-1.0,-1.0,-1.0,0.0,0.0,1
0.0,68.0,61.791,-1.0,-1.0,-1.0,-1.0,-1.0,-1.0,0.0,47857664.0,0.0,0.0,-1.0,-1.0,-1.0,0.0,0.0,1
0.0,86.0,79.042,-1.0,-1.0,-1.0,-1.0,-1.0,-1.0,0.0,47857664.0,0.0,0.0,-1.0,-1.0,-1.0,0.0,0.0,1
0.0,75.0,69.5,-1.0,-1.0,-1.0,-1.0,-1.0,-1.0,0.0,47857664.0,0.0,0.0,-1.0,-1.0,-1.0,0.0,0.0,1
0.0,67.0,61.125,-1.0,-1.0,-1.0,-1.0,-1.0,-1.0,0.0,47857664.0,0.0,0.0,-1.0,-1.0,-1.0,0.0,0.0,1
0.0,110.0,100.792,-1.0,-1.0,-1.0,-1.0,-1.0,-1.0,0.0,47857664.0,0.0,0.0,-1.0,-1.0,-1.0,0.0,0.0,1
0.0,118.0,108.667,-1.0,-1.0,-1.0,-1.0,-1.0,-1.0,0.0,47857664.0,0.0,0.0,-1.0,-1.0,-1.0,0.0,0.0,1
0.0,43.0,39.083,-1.0,-1.0,-1.0,-1.0,-1.0,-1.0,0.0,47857664.0,0.0,0.0,-1.0,-1.0,-1.0,0.0,0.0,1
3.0,101.0,137.458,-1.0,-1.0,-1.0,-1.0,-1.0,-1.0,0.0,47857664.0,0.0,0.0,-1.0,-1.0,-1.0,0.0,0.0,1
0.0,104.0,95.583,-1.0,-1.0,-1.0,-1.0,-1.0,-1.0,0.0,47857664.0,0.0,0.0,-1.0,-1.0,-1.0,0.0,0.0,1
1.0,82.0,171.375,-1.0,-1.0,-1.0,-1.0,-1.0,-1.0,0.0,47857664.0,0.0,0.0,-1.0,-1.0,-1.0,0.0,0.0,1
1.0,65.0,139.958,-1.0,-1.0,-1.0,-1.0,-1.0,-1.0,0.0,47857664.0,0.0,0.0,-1.0,-1.0,-1.0,0.0,0.0,1
0.0,57.0,53.166,-1.0,-1.0,-1.0,-1.0,-1.0,-1.0,0.0,47857664.0,0.0,0.0,-1.0,-1.0,-1.0,0.0,0.0,1
5.0,111.0,861.584,-1.0,-1.0,-1.0,-1.0,-1.0,-1.0,0.0,47857664.0,0.0,0.0,-1.0,-1.0,-1.0,0.0,0.0,1
0.0,40.0,36.666,-1.0,-1.0,-1.0,-1.0,-1.0,-1.0,0.0,47857664.0,0.0,0.0,-1.0,-1.0,-1.0,0.0,0.0,1
0.0,62.0,54.708,-1.0,-1.0,-1.0,-1.0,-1.0,-1.0,0.0,47857664.0,0.0,0.0,-1.0,-1.0,-1.0,0.0,0.0,1
0.0,36.0,33.542,-1.0,-1.0,-1.0,-1.0,-1.0,-1.0,0.0,47857664.0,0.0,0.0,-1.0,-1.0,-1.0,0.0,0.0,1
0.0,41.0,36.917,-1.0,-1.0,-1.0,-1.0,-1.0,-1.0,0.0,47857664.0,0.0,0.0,-1.0,-1.0,-1.0,0.0,0.0,1
0.0,45.0,40.375,-1.0,-1.0,-1.0,-1.0,-1.0,-1.0,0.0,47857664.0,0.0,0.0,-1.0,-1.0,-1.0,0.0,0.0,1
0.0,37.0,34.666,-1.0,-1.0,-1.0,-1.0,-1.0,-1.0,0.0,47857664.0,0.0,0.0,-1.0,-1.0,-1.0,0.0,0.0,1
0.0,41.0,37.542,-1.0,-1.0,-1.0,-1.0,-1.0,-1.0,0.0,47857664.0,0.0,0.0,-1.0,-1.0,-1.0,0.0,0.0,1
0.0,39.0,37.833,-1.0,-1.0,-1.0,-1.0,-1.0,-1.0,0.0,47857664.0,0.0,0.0,-1.0,-1.0,-1.0,0.0,0.0,1
0.0,41.0,37.333,-1.0,-1.0,-1.0,-1.0,-1.0,-1.0,0.0,47857664.0,0.0,0.0,-1.0,-1.0,-1.0,0.0,0.0,1
0.0,54.0,47.209,-1.0,-1.0,-1.0,-1.0,-1.0,-1.0,0.0,47857664.0,0.0,0.0,-1.0,-1.0,-1.0,0.0,0.0,1
0.0,45.0,40.375,-1.0,-1.0,-1.0,-1.0,-1.0,-1.0,0.0,47857664.0,0.0,0.0,-1.0,-1.0,-1.0,0.0,0.0,1
0.0,57.0,55.0,-1.0,-1.0,-1.0,-1.0,-1.0,-1.0,0.0,47857664.0,0.0,0.0,-1.0,-1.0,-1.0,0.0,0.0,1
0.0,65.0,59.125,-1.0,-1.0,-1.0,-1.0,-1.0,-1.0,0.0,47857664.0,0.0,0.0,-1.0,-1.0,-1.0,0.0,0.0,1
0.0,37.0,35.667,-1.0,-1.0,-1.0,-1.0,-1.0,-1.0,0.0,47857664.0,0.0,0.0,-1.0,-1.0,-1.0,0.0,0.0,1
0.0,39.0,37.208,-1.0,-1.0,-1.0,-1.0,-1.0,-1.0,0.0,47857664.0,0.0,0.0,-1.0,-1.0,-1.0,0.0,0.0,1
0.0,44.0,39.958,-1.0,-1.0,-1.0,-1.0,-1.0,-1.0,0.0,47857664.0,0.0,0.0,-1.0,-1.0,-1.0,0.0,0.0,1
1.0,39.0,54.833,-1.0,-1.0,-1.0,-1.0,-1.0,-1.0,0.0,47857664.0,0.0,0.0,-1.0,-1.0,-1.0,0.0,0.0,1
0.0,39.0,35.708,-1.0,-1.0,-1.0,-1.0,-1.0,-1.0,0.0,47857664.0,0.0,0.0,-1.0,-1.0,-1.0,0.0,0.0,1
0.0,47.0,43.666,-1.0,-1.0,-1.0,-1.0,-1.0,-1.0,0.0,47857664.0,0.0,0.0,-1.0,-1.0,-1.0,0.0,0.0,1
1.0,81.0,1502.958,-1.0,-1.0,-1.0,-1.0,-1.0,-1.0,0.0,47857664.0,0.0,0.0,-1.0,-1.0,-1.0,0.0,0.0,1
0.0,52.0,48.709,-1.0,-1.0,-1.0,-1.0,-1.0,-1.0,0.0,47857664.0,0.0,0.0,-1.0,-1.0,-1.0,0.0,0.0,1
0.0,94.0,86.209,-1.0,-1.0,-1.0,-1.0,-1.0,-1.0,0.0,47857664.0,0.0,0.0,-1.0,-1.0,-1.0,0.0,0.0,1
0.0,65.0,60.583,-1.0,-1.0,-1.0,-1.0,-1.0,-1.0,0.0,47857664.0,0.0,0.0,-1.0,-1.0,-1.0,0.0,0.0,1
0.0,45.0,42.125,-1.0,-1.0,-1.0,-1.0,-1.0,-1.0,0.0,47857664.0,0.0,0.0,-1.0,-1.0,-1.0,0.0,0.0,1
0.0,33.0,29.5,-1.0,-1.0,-1.0,-1.0,-1.0,-1.0,0.0,47857664.0,0.0,0.0,-1.0,-1.0,-1.0,0.0,0.0,1
0.0,49.0,43.708,-1.0,-1.0,-1.0,-1.0,-1.0,-1.0,0.0,47857664.0,0.0,0.0,-1.0,-1.0,-1.0,0.0,0.0,1
0.0,61.0,57.458,-1.0,-1.0,-1.0,-1.0,-1.0,-1.0,0.0,47857664.0,0.0,0.0,-1.0,-1.0,-1.0,0.0,0.0,1
0.0,56.0,50.375,-1.0,-1.0,-1.0,-1.0,-1.0,-1.0,0.0,47857664.0,0.0,0.0,-1.0,-1.0,-1.0,0.0,0.0,1
0.0,51.0,45.583,-1.0,-1.0,-1.0,-1.0,-1.0,-1.0,0.0,47857664.0,0.0,0.0,-1.0,-1.0,-1.0,0.0,0.0,1
0.0,59.0,51.167,-1.0,-1.0,-1.0,-1.0,-1.0,-1.0,0.0,47857664.0,0.0,0.0,-1.0,-1.0,-1.0,0.0,0.0,1
1.0,64.0,174.041,-1.0,-1.0,-1.0,-1.0,-1.0,-1.0,0.0,47857664.0,0.0,0.0,-1.0,-1.0,-1.0,0.0,0.0,1
0.0,52.0,47.292,-1.0,-1.0,-1.0,-1.0,-1.0,-1.0,0.0,47857664.0,0.0,0.0,-1.0,-1.0,-1.0,0.0,0.0,1
0.0,55.0,48.542,-1.0,-1.0,-1.0,-1.0,-1.0,-1.0,0.0,47857664.0,0.0,0.0,-1.0,-1.0,-1.0,0.0,0.0,1
0.0,49.0,42.333,-1.0,-1.0,-1.0,-1.0,-1.0,-1.0,0.0,47857664.0,0.0,0.0,-1.0,-1.0,-1.0,0.0,0.0,1
0.0,50.0,45.125,-1.0,-1.0,-1.0,-1.0,-1.0,-1.0,0.0,47857664.0,0.0,0.0,-1.0,-1.0,-1.0,0.0,0.0,1
0.0,77.0,69.417,-1.0,-1.0,-1.0,-1.0,-1.0,-1.0,0.0,47857664.0,0.0,0.0,-1.0,-1.0,-1.0,0.0,0.0,1
0.0,30.0,27.167,-1.0,-1.0,-1.0,-1.0,-1.0,-1.0,0.0,47857664.0,0.0,0.0,-1.0,-1.0,-1.0,0.0,0.0,1
0.0,54.0,48.792,-1.0,-1.0,-1.0,-1.0,-1.0,-1.0,0.0,47857664.0,0.0,0.0,-1.0,-1.0,-1.0,0.0,0.0,1
0.0,23.0,21.25,-1.0,-1.0,-1.0,-1.0,-1.0,-1.0,0.0,47857664.0,0.0,0.0,-1.0,-1.0,-1.0,0.0,0.0,1
0.0,65.0,58.584,-1.0,-1.0,-1.0,-1.0,-1.0,-1.0,0.0,47857664.0,0.0,0.0,-1.0,-1.0,-1.0,0.0,0.0,1
0.0,51.0,46.417,-1.0,-1.0,-1.0,-1.0,-1.0,-1.0,0.0,47857664.0,0.0,0.0,-1.0,-1.0,-1.0,0.0,0.0,1
0.0,52.0,47.292,-1.0,-1.0,-1.0,-1.0,-1.0,-1.0,0.0,47857664.0,0.0,0.0,-1.0,-1.0,-1.0,0.0,0.0,1
0.0,43.0,39.0,-1.0,-1.0,-1.0,-1.0,-1.0,-1.0,0.0,47857664.0,0.0,0.0,-1.0,-1.0,-1.0,0.0,0.0,1
0.0,50.0,44.75,-1.0,-1.0,-1.0,-1.0,-1.0,-1.0,0.0,47857664.0,0.0,0.0,-1.0,-1.0,-1.0,0.0,0.0,1
1.0,59.0,62.333,-1.0,-1.0,-1.0,-1.0,-1.0,-1.0,0.0,47857664.0,0.0,0.0,-1.0,-1.0,-1.0,0.0,0.0,1
0.0,58.0,53.625,-1.0,-1.0,-1.0,-1.0,-1.0,-1.0,0.0,47857664.0,0.0,0.0,-1.0,-1.0,-1.0,0.0,0.0,1
0.0,50.0,43.834,-1.0,-1.0,-1.0,-1.0,-1.0,-1.0,0.0,47857664.0,0.0,0.0,-1.0,-1.0,-1.0,0.0,0.0,1
0.0,42.0,38.541,-1.0,-1.0,-1.0,-1.0,-1.0,-1.0,0.0,47857664.0,0.0,0.0,-1.0,-1.0,-1.0,0.0,0.0,1
2.0,57.0,64.167,-1.0,-1.0,-1.0,-1.0,-1.0,-1.0,0.0,47857664.0,0.0,0.0,-1.0,-1.0,-1.0,0.0,0.0,1
0.0,47.0,43.417,-1.0,-1.0,-1.0,-1.0,-1.0,-1.0,0.0,47857664.0,0.0,0.0,-1.0,-1.0,-1.0,0.0,0.0,1
0.0,70.0,63.625,-1.0,-1.0,-1.0,-1.0,-1.0,-1.0,0.0,47857664.0,0.0,0.0,-1.0,-1.0,-1.0,0.0,0.0,1
0.0,24.0,22.25,-1.0,-1.0,-1.0,-1.0,-1.0,-1.0,0.0,47857664.0,0.0,0.0,-1.0,-1.0,-1.0,0.0,0.0,1
0.0,15.0,14.833,-1.0,-1.0,-1.0,-1.0,-1.0,-1.0,0.0,47857664.0,0.0,0.0,-1.0,-1.0,-1.0,0.0,0.0,1
7.0,93.0,368.834,-1.0,-1.0,-1.0,-1.0,-1.0,-1.0,0.0,47857664.0,0.0,0.0,-1.0,-1.0,-1.0,0.0,0.0,1
0.0,81.0,75.0,-1.0,-1.0,-1.0,-1.0,-1.0,-1.0,0.0,47857664.0,0.0,0.0,-1.0,-1.0,-1.0,0.0,0.0,1
0.0,50.0,46.416,-1.0,-1.0,-1.0,-1.0,-1.0,-1.0,0.0,47857664.0,0.0,0.0,-1.0,-1.0,-1.0,0.0,0.0,1
1.0,86.0,97.375,-1.0,-1.0,-1.0,-1.0,-1.0,-1.0,0.0,47857664.0,0.0,0.0,-1.0,-1.0,-1.0,0.0,0.0,1
0.0,94.0,86.0,-1.0,-1.0,-1.0,-1.0,-1.0,-1.0,0.0,47857664.0,0.0,0.0,-1.0,-1.0,-1.0,0.0,0.0,1
0.0,101.0,93.375,-1.0,-1.0,-1.0,-1.0,-1.0,-1.0,0.0,47857664.0,0.0,0.0,-1.0,-1.0,-1.0,0.0,0.0,1
0.0,83.0,75.583,-1.0,-1.0,-1.0,-1.0,-1.0,-1.0,0.0,47857664.0,0.0,0.0,-1.0,-1.0,-1.0,0.0,0.0,1
0.0,47.0,43.292,-1.0,-1.0,-1.0,-1.0,-1.0,-1.0,0.0,47857664.0,0.0,0.0,-1.0,-1.0,-1.0,0.0,0.0,1
2.0,45.0,335.334,-1.0,-1.0,-1.0,-1.0,-1.0,-1.0,0.0,47857664.0,0.0,0.0,-1.0,-1.0,-1.0,0.0,0.0,1
0.0,37.0,35.208,-1.0,-1.0,-1.0,-1.0,-1.0,-1.0,0.0,47857664.0,0.0,0.0,-1.0,-1.0,-1.0,0.0,0.0,1
0.0,112.0,101.042,-1.0,-1.0,-1.0,-1.0,-1.0,-1.0,0.0,47857664.0,0.0,0.0,-1.0,-1.0,-1.0,0.0,0.0,1
2.0,76.0,1649.667,-1.0,-1.0,-1.0,-1.0,-1.0,-1.0,0.0,47857664.0,0.0,0.0,-1.0,-1.0,-1.0,0.0,0.0,1
0.0,58.0,55.083,-1.0,-1.0,-1.0,-1.0,-1.0,-1.0,0.0,47857664.0,0.0,0.0,-1.0,-1.0,-1.0,0.0,0.0,1
1.0,84.0,1407.334,-1.0,-1.0,-1.0,-1.0,-1.0,-1.0,0.0,47857664.0,0.0,0.0,-1.0,-1.0,-1.0,0.0,0.0,1
0.0,89.0,82.583,-1.0,-1.0,-1.0,-1.0,-1.0,-1.0,0.0,47857664.0,0.0,0.0,-1.0,-1.0,-1.0,0.0,0.0,1
0.0,29.0,26.5,-1.0,-1.0,-1.0,-1.0,-1.0,-1.0,0.0,47857664.0,0.0,0.0,-1.0,-1.0,-1.0,0.0,0.0,1
0.0,20.0,20.084,-1.0,-1.0,-1.0,-1.0,-1.0,-1.0,0.0,47857664.0,0.0,0.0,-1.0,-1.0,-1.0,0.0,0.0,1
0.0,35.0,31.791,-1.0,-1.0,-1.0,-1.0,-1.0,-1.0,0.0,47857664.0,0.0,0.0,-1.0,-1.0,-1.0,0.0,0.0,1
0.0,24.0,22.0,-1.0,-1.0,-1.0,-1.0,-1.0,-1.0,0.0,47857664.0,0.0,0.0,-1.0,-1.0,-1.0,0.0,0.0,1
0.0,54.0,50.25,-1.0,-1.0,-1.0,-1.0,-1.0,-1.0,0.0,47857664.0,0.0,0.0,-1.0,-1.0,-1.0,0.0,0.0,1
0.0,24.0,22.667,-1.0,-1.0,-1.0,-1.0,-1.0,-1.0,0.0,47857664.0,0.0,0.0,-1.0,-1.0,-1.0,0.0,0.0,1
0.0,23.0,20.916,-1.0,-1.0,-1.0,-1.0,-1.0,-1.0,0.0,47857664.0,0.0,0.0,-1.0,-1.0,-1.0,0.0,0.0,1
3.0,105.0,260.333,-1.0,-1.0,-1.0,-1.0,-1.0,-1.0,0.0,47857664.0,0.0,0.0,-1.0,-1.0,-1.0,0.0,0.0,1
0.0,71.0,63.209,-1.0,-1.0,-1.0,-1.0,-1.0,-1.0,0.0,47857664.0,0.0,0.0,-1.0,-1.0,-1.0,0.0,0.0,1
0.0,46.0,39.833,-1.0,-1.0,-1.0,-1.0,-1.0,-1.0,0.0,47857664.0,0.0,0.0,-1.0,-1.0,-1.0,0.0,0.0,1
0.0,53.0,49.375,-1.0,-1.0,-1.0,-1.0,-1.0,-1.0,0.0,47857664.0,0.0,0.0,-1.0,-1.0,-1.0,0.0,0.0,1
0.0,121.0,110.25,-1.0,-1.0,-1.0,-1.0,-1.0,-1.0,0.0,47857664.0,0.0,0.0,-1.0,-1.0,-1.0,0.0,0.0,1
1.0,91.0,110.125,-1.0,-1.0,-1.0,-1.0,-1.0,-1.0,0.0,47857664.0,0.0,0.0,-1.0,-1.0,-1.0,0.0,0.0,1
4.0,119.0,587.792,-1.0,-1.0,-1.0,-1.0,-1.0,-1.0,0.0,47857664.0,0.0,0.0,-1.0,-1.0,-1.0,0.0,0.0,1
0.0,81.0,73.542,-1.0,-1.0,-1.0,-1.0,-1.0,-1.0,0.0,47857664.0,0.0,0.0,-1.0,-1.0,-1.0,0.0,0.0,1
0.0,45.0,38.666,-1.0,-1.0,-1.0,-1.0,-1.0,-1.0,0.0,47857664.0,0.0,0.0,-1.0,-1.0,-1.0,0.0,0.0,1
0.0,45.0,43.0,-1.0,-1.0,-1.0,-1.0,-1.0,-1.0,0.0,47857664.0,0.0,0.0,-1.0,-1.0,-1.0,0.0,0.0,1
0.0,42.0,38.125,-1.0,-1.0,-1.0,-1.0,-1.0,-1.0,0.0,47857664.0,0.0,0.0,-1.0,-1.0,-1.0,0.0,0.0,1
0.0,98.0,89.5,-1.0,-1.0,-1.0,-1.0,-1.0,-1.0,0.0,47857664.0,0.0,0.0,-1.0,-1.0,-1.0,0.0,0.0,1
0.0,39.0,36.125,-1.0,-1.0,-1.0,-1.0,-1.0,-1.0,0.0,47857664.0,0.0,0.0,-1.0,-1.0,-1.0,0.0,0.0,1
0.0,91.0,83.708,-1.0,-1.0,-1.0,-1.0,-1.0,-1.0,0.0,47857664.0,0.0,0.0,-1.0,-1.0,-1.0,0.0,0.0,1
0.0,65.0,56.333,-1.0,-1.0,-1.0,-1.0,-1.0,-1.0,0.0,47857664.0,0.0,0.0,-1.0,-1.0,-1.0,0.0,0.0,1
0.0,36.0,34.333,-1.0,-1.0,-1.0,-1.0,-1.0,-1.0,0.0,47857664.0,0.0,0.0,-1.0,-1.0,-1.0,0.0,0.0,1
0.0,35.0,31.875,-1.0,-1.0,-1.0,-1.0,-1.0,-1.0,0.0,47857664.0,0.0,0.0,-1.0,-1.0,-1.0,0.0,0.0,1
0.0,31.0,29.5,-1.0,-1.0,-1.0,-1.0,-1.0,-1.0,0.0,47857664.0,0.0,0.0,-1.0,-1.0,-1.0,0.0,0.0,1
2.0,64.0,126.792,-1.0,-1.0,-1.0,-1.0,-1.0,-1.0,0.0,47857664.0,0.0,0.0,-1.0,-1.0,-1.0,0.0,0.0,1
1.0,66.0,128.208,-1.0,-1.0,-1.0,-1.0,-1.0,-1.0,0.0,47857664.0,0.0,0.0,-1.0,-1.0,-1.0,0.0,0.0,1
0.0,60.0,54.709,-1.0,-1.0,-1.0,-1.0,-1.0,-1.0,0.0,47857664.0,0.0,0.0,-1.0,-1.0,-1.0,0.0,0.0,1
0.0,74.0,66.5,-1.0,-1.0,-1.0,-1.0,-1.0,-1.0,0.0,47857664.0,0.0,0.0,-1.0,-1.0,-1.0,0.0,0.0,1
0.0,49.0,43.666,-1.0,-1.0,-1.0,-1.0,-1.0,-1.0,0.0,47857664.0,0.0,0.0,-1.0,-1.0,-1.0,0.0,0.0,1
0.0,34.0,31.334,-1.0,-1.0,-1.0,-1.0,-1.0,-1.0,0.0,47857664.0,0.0,0.0,-1.0,-1.0,-1.0,0.0,0.0,1
0.0,27.0,25.917,-1.0,-1.0,-1.0,-1.0,-1.0,-1.0,0.0,47857664.0,0.0,0.0,-1.0,-1.0,-1.0,0.0,0.0,1
0.0,27.0,24.458,-1.0,-1.0,-1.0,-1.0,-1.0,-1.0,0.0,47857664.0,0.0,0.0,-1.0,-1.0,-1.0,0.0,0.0,1
0.0,78.0,72.25,-1.0,-1.0,-1.0,-1.0,-1.0,-1.0,0.0,47857664.0,0.0,0.0,-1.0,-1.0,-1.0,0.0,0.0,1
0.0,50.0,47.5,-1.0,-1.0,-1.0,-1.0,-1.0,-1.0,0.0,47857664.0,0.0,0.0,-1.0,-1.0,-1.0,0.0,0.0,1
0.0,48.0,45.0,-1.0,-1.0,-1.0,-1.0,-1.0,-1.0,0.0,47857664.0,0.0,0.0,-1.0,-1.0,-1.0,0.0,0.0,1
0.0,77.0,68.042,-1.0,-1.0,-1.0,-1.0,-1.0,-1.0,0.0,47857664.0,0.0,0.0,-1.0,-1.0,-1.0,0.0,0.0,1
0.0,50.0,45.375,-1.0,-1.0,-1.0,-1.0,-1.0,-1.0,0.0,47857664.0,0.0,0.0,-1.0,-1.0,-1.0,0.0,0.0,1
0.0,39.0,36.292,-1.0,-1.0,-1.0,-1.0,-1.0,-1.0,0.0,47857664.0,0.0,0.0,-1.0,-1.0,-1.0,0.0,0.0,1
0.0,40.0,37.916,-1.0,-1.0,-1.0,-1.0,-1.0,-1.0,0.0,47857664.0,0.0,0.0,-1.0,-1.0,-1.0,0.0,0.0,1
2.0,119.0,156.209,-1.0,-1.0,-1.0,-1.0,-1.0,-1.0,0.0,47857664.0,0.0,0.0,-1.0,-1.0,-1.0,0.0,0.0,1
0.0,77.0,70.541,-1.0,-1.0,-1.0,-1.0,-1.0,-1.0,0.0,47857664.0,0.0,0.0,-1.0,-1.0,-1.0,0.0,0.0,1
1.0,74.0,156.125,-1.0,-1.0,-1.0,-1.0,-1.0,-1.0,0.0,47857664.0,0.0,0.0,-1.0,-1.0,-1.0,0.0,0.0,1
0.0,63.0,60.0,-1.0,-1.0,-1.0,-1.0,-1.0,-1.0,0.0,47857664.0,0.0,0.0,-1.0,-1.0,-1.0,0.0,0.0,1
0.0,76.0,67.459,-1.0,-1.0,-1.0,-1.0,-1.0,-1.0,0.0,47857664.0,0.0,0.0,-1.0,-1.0,-1.0,0.0,0.0,1
0.0,41.0,38.375,-1.0,-1.0,-1.0,-1.0,-1.0,-1.0,0.0,47857664.0,0.0,0.0,-1.0,-1.0,-1.0,0.0,0.0,1
0.0,39.0,37.625,-1.0,-1.0,-1.0,-1.0,-1.0,-1.0,0.0,47857664.0,0.0,0.0,-1.0,-1.0,-1.0,0.0,0.0,1
0.0,79.0,73.042,-1.0,-1.0,-1.0,-1.0,-1.0,-1.0,0.0,47857664.0,0.0,0.0,-1.0,-1.0,-1.0,0.0,0.0,1
0.0,55.0,51.0,-1.0,-1.0,-1.0,-1.0,-1.0,-1.0,0.0,47857664.0,0.0,0.0,-1.0,-1.0,-1.0,0.0,0.0,1
0.0,29.0,27.125,-1.0,-1.0,-1.0,-1.0,-1.0,-1.0,0.0,47857664.0,0.0,0.0,-1.0,-1.0,-1.0,0.0,0.0,1
0.0,53.0,47.375,-1.0,-1.0,-1.0,-1.0,-1.0,-1.0,0.0,47857664.0,0.0,0.0,-1.0,-1.0,-1.0,0.0,0.0,1
0.0,64.0,61.042,-1.0,-1.0,-1.0,-1.0,-1.0,-1.0,0.0,47857664.0,0.0,0.0,-1.0,-1.0,-1.0,0.0,0.0,1
0.0,68.0,62.417,-1.0,-1.0,-1.0,-1.0,-1.0,-1.0,0.0,47857664.0,0.0,0.0,-1.0,-1.0,-1.0,0.0,0.0,1
0.0,86.0,76.0,-1.0,-1.0,-1.0,-1.0,-1.0,-1.0,0.0,47857664.0,0.0,0.0,-1.0,-1.0,-1.0,0.0,0.0,1
0.0,40.0,37.917,-1.0,-1.0,-1.0,-1.0,-1.0,-1.0,0.0,47857664.0,0.0,0.0,-1.0,-1.0,-1.0,0.0,0.0,1
0.0,36.0,33.583,-1.0,-1.0,-1.0,-1.0,-1.0,-1.0,0.0,47857664.0,0.0,0.0,-1.0,-1.0,-1.0,0.0,0.0,1
0.0,88.0,80.875,-1.0,-1.0,-1.0,-1.0,-1.0,-1.0,0.0,47857664.0,0.0,0.0,-1.0,-1.0,-1.0,0.0,0.0,1
0.0,69.0,62.958,-1.0,-1.0,-1.0,-1.0,-1.0,-1.0,0.0,47857664.0,0.0,0.0,-1.0,-1.0,-1.0,0.0,0.0,1
1.0,52.0,42.792,-1.0,-1.0,-1.0,-1.0,-1.0,-1.0,0.0,47857664.0,0.0,0.0,-1.0,-1.0,-1.0,0.0,0.0,1
1.0,99.0,193.25,-1.0,-1.0,-1.0,-1.0,-1.0,-1.0,0.0,47857664.0,0.0,0.0,-1.0,-1.0,-1.0,0.0,0.0,1
0.0,58.0,53.042,-1.0,-1.0,-1.0,-1.0,-1.0,-1.0,0.0,47857664.0,0.0,0.0,-1.0,-1.0,-1.0,0.0,0.0,1
4.0,71.0,591.042,-1.0,-1.0,-1.0,-1.0,-1.0,-1.0,0.0,47857664.0,0.0,0.0,-1.0,-1.0,-1.0,0.0,0.0,1
4.0,114.0,237.167,-1.0,-1.0,-1.0,-1.0,-1.0,-1.0,0.0,47857664.0,0.0,0.0,-1.0,-1.0,-1.0,0.0,0.0,1
0.0,74.0,66.166,-1.0,-1.0,-1.0,-1.0,-1.0,-1.0,0.0,47857664.0,0.0,0.0,-1.0,-1.0,-1.0,0.0,0.0,1
0.0,59.0,55.834,-1.0,-1.0,-1.0,-1.0,-1.0,-1.0,0.0,47857664.0,0.0,0.0,-1.0,-1.0,-1.0,0.0,0.0,1
0.0,79.0,70.875,-1.0,-1.0,-1.0,-1.0,-1.0,-1.0,0.0,47857664.0,0.0,0.0,-1.0,-1.0,-1.0,0.0,0.0,1
0.0,65.0,58.458,-1.0,-1.0,-1.0,-1.0,-1.0,-1.0,0.0,47857664.0,0.0,0.0,-1.0,-1.0,-1.0,0.0,0.0,1
0.0,31.0,27.459,-1.0,-1.0,-1.0,-1.0,-1.0,-1.0,0.0,47857664.0,0.0,0.0,-1.0,-1.0,-1.0,0.0,0.0,1
0.0,53.0,47.292,-1.0,-1.0,-1.0,-1.0,-1.0,-1.0,0.0,47857664.0,0.0,0.0,-1.0,-1.0,-1.0,0.0,0.0,1
0.0,75.0,68.333,-1.0,-1.0,-1.0,-1.0,-1.0,-1.0,0.0,47857664.0,0.0,0.0,-1.0,-1.0,-1.0,0.0,0.0,1
0.0,52.0,47.458,-1.0,-1.0,-1.0,-1.0,-1.0,-1.0,0.0,47857664.0,0.0,0.0,-1.0,-1.0,-1.0,0.0,0.0,1
0.0,44.0,39.917,-1.0,-1.0,-1.0,-1.0,-1.0,-1.0,0.0,47857664.0,0.0,0.0,-1.0,-1.0,-1.0,0.0,0.0,1
0.0,53.0,45.416,-1.0,-1.0,-1.0,-1.0,-1.0,-1.0,0.0,47857664.0,0.0,0.0,-1.0,-1.0,-1.0,0.0,0.0,1
0.0,52.0,47.916,-1.0,-1.0,-1.0,-1.0,-1.0,-1.0,0.0,47857664.0,0.0,0.0,-1.0,-1.0,-1.0,0.0,0.0,1
0.0,45.0,41.75,-1.0,-1.0,-1.0,-1.0,-1.0,-1.0,0.0,47857664.0,0.0,0.0,-1.0,-1.0,-1.0,0.0,0.0,1
0.0,36.0,33.833,-1.0,-1.0,-1.0,-1.0,-1.0,-1.0,0.0,47857664.0,0.0,0.0,-1.0,-1.0,-1.0,0.0,0.0,1
0.0,35.0,33.167,-1.0,-1.0,-1.0,-1.0,-1.0,-1.0,0.0,47857664.0,0.0,0.0,-1.0,-1.0,-1.0,0.0,0.0,1
1.0,49.0,48.125,-1.0,-1.0,-1.0,-1.0,-1.0,-1.0,0.0,47857664.0,0.0,0.0,-1.0,-1.0,-1.0,0.0,0.0,1
0.0,59.0,53.542,-1.0,-1.0,-1.0,-1.0,-1.0,-1.0,0.0,47874048.0,0.0,0.0,-1.0,-1.0,-1.0,0.0,0.0,1
0.0,50.0,45.542,-1.0,-1.0,-1.0,-1.0,-1.0,-1.0,0.0,47874048.0,0.0,0.0,-1.0,-1.0,-1.0,0.0,0.0,1
0.0,39.0,36.625,-1.0,-1.0,-1.0,-1.0,-1.0,-1.0,0.0,47874048.0,0.0,0.0,-1.0,-1.0,-1.0,0.0,0.0,1
0.0,38.0,35.958,-1.0,-1.0,-1.0,-1.0,-1.0,-1.0,0.0,47874048.0,0.0,0.0,-1.0,-1.0,-1.0,0.0,0.0,1
0.0,44.0,40.0,-1.0,-1.0,-1.0,-1.0,-1.0,-1.0,0.0,47874048.0,0.0,0.0,-1.0,-1.0,-1.0,0.0,0.0,1
1.0,56.0,285.583,-1.0,-1.0,-1.0,-1.0,-1.0,-1.0,0.0,47874048.0,0.0,0.0,-1.0,-1.0,-1.0,0.0,0.0,1
0.0,46.0,41.584,-1.0,-1.0,-1.0,-1.0,-1.0,-1.0,0.0,47890432.0,0.0,0.0,-1.0,-1.0,-1.0,0.0,0.0,1
0.0,41.0,38.417,-1.0,-1.0,-1.0,-1.0,-1.0,-1.0,0.0,47890432.0,0.0,0.0,-1.0,-1.0,-1.0,0.0,0.0,1
0.0,40.0,37.625,-1.0,-1.0,-1.0,-1.0,-1.0,-1.0,0.0,47906816.0,0.0,0.0,-1.0,-1.0,-1.0,0.0,0.0,1
0.0,38.0,35.541,-1.0,-1.0,-1.0,-1.0,-1.0,-1.0,0.0,47906816.0,0.0,0.0,-1.0,-1.0,-1.0,0.0,0.0,1
0.0,42.0,39.083,-1.0,-1.0,-1.0,-1.0,-1.0,-1.0,0.0,47906816.0,0.0,0.0,-1.0,-1.0,-1.0,0.0,0.0,1
0.0,27.0,25.25,-1.0,-1.0,-1.0,-1.0,-1.0,-1.0,0.0,47906816.0,0.0,0.0,-1.0,-1.0,-1.0,0.0,0.0,1
0.0,53.0,46.208,-1.0,-1.0,-1.0,-1.0,-1.0,-1.0,0.0,47906816.0,0.0,0.0,-1.0,-1.0,-1.0,0.0,0.0,1
0.0,57.0,51.625,-1.0,-1.0,-1.0,-1.0,-1.0,-1.0,0.0,47923200.0,0.0,0.0,-1.0,-1.0,-1.0,0.0,0.0,1
0.0,40.0,36.875,-1.0,-1.0,-1.0,-1.0,-1.0,-1.0,0.0,47923200.0,0.0,0.0,-1.0,-1.0,-1.0,0.0,0.0,1
2.0,49.0,186.542,-1.0,-1.0,-1.0,-1.0,-1.0,-1.0,0.0,47923200.0,0.0,0.0,-1.0,-1.0,-1.0,0.0,0.0,1
0.0,43.0,39.666,-1.0,-1.0,-1.0,-1.0,-1.0,-1.0,0.0,47923200.0,0.0,0.0,-1.0,-1.0,-1.0,0.0,0.0,1
0.0,48.0,44.208,-1.0,-1.0,-1.0,-1.0,-1.0,-1.0,0.0,47939584.0,0.0,0.0,-1.0,-1.0,-1.0,0.0,0.0,1
1.0,49.0,56.459,-1.0,-1.0,-1.0,-1.0,-1.0,-1.0,0.0,47939584.0,0.0,0.0,-1.0,-1.0,-1.0,0.0,0.0,1
0.0,44.0,39.917,-1.0,-1.0,-1.0,-1.0,-1.0,-1.0,0.0,47939584.0,0.0,0.0,-1.0,-1.0,-1.0,0.0,0.0,1
0.0,41.0,37.25,-1.0,-1.0,-1.0,-1.0,-1.0,-1.0,0.0,47939584.0,0.0,0.0,-1.0,-1.0,-1.0,0.0,0.0,1
0.0,55.0,49.125,-1.0,-1.0,-1.0,-1.0,-1.0,-1.0,0.0,47939584.0,0.0,0.0,-1.0,-1.0,-1.0,0.0,0.0,1
1.0,44.0,58.917,-1.0,-1.0,-1.0,-1.0,-1.0,-1.0,0.0,47939584.0,0.0,0.0,-1.0,-1.0,-1.0,0.0,0.0,1
0.0,27.0,25.25,-1.0,-1.0,-1.0,-1.0,-1.0,-1.0,0.0,47939584.0,0.0,0.0,-1.0,-1.0,-1.0,0.0,0.0,1
0.0,17.0,16.792,-1.0,-1.0,-1.0,-1.0,-1.0,-1.0,0.0,47939584.0,0.0,0.0,-1.0,-1.0,-1.0,0.0,0.0,1
0.0,51.0,49.0,-1.0,-1.0,-1.0,-1.0,-1.0,-1.0,0.0,47939584.0,0.0,0.0,-1.0,-1.0,-1.0,0.0,0.0,1
0.0,71.0,63.792,-1.0,-1.0,-1.0,-1.0,-1.0,-1.0,0.0,47939584.0,0.0,0.0,-1.0,-1.0,-1.0,0.0,0.0,1
0.0,70.0,60.959,-1.0,-1.0,-1.0,-1.0,-1.0,-1.0,0.0,47939584.0,0.0,0.0,-1.0,-1.0,-1.0,0.0,0.0,1
0.0,57.0,50.667,-1.0,-1.0,-1.0,-1.0,-1.0,-1.0,0.0,47939584.0,0.0,0.0,-1.0,-1.0,-1.0,0.0,0.0,1
0.0,52.0,47.584,-1.0,-1.0,-1.0,-1.0,-1.0,-1.0,0.0,47939584.0,0.0,0.0,-1.0,-1.0,-1.0,0.0,0.0,1
0.0,68.0,62.333,-1.0,-1.0,-1.0,-1.0,-1.0,-1.0,0.0,47939584.0,0.0,0.0,-1.0,-1.0,-1.0,0.0,0.0,1
0.0,55.0,49.208,-1.0,-1.0,-1.0,-1.0,-1.0,-1.0,0.0,47939584.0,0.0,0.0,-1.0,-1.0,-1.0,0.0,0.0,1
0.0,48.0,42.709,-1.0,-1.0,-1.0,-1.0,-1.0,-1.0,0.0,47939584.0,0.0,0.0,-1.0,-1.0,-1.0,0.0,0.0,1
0.0,37.0,35.958,-1.0,-1.0,-1.0,-1.0,-1.0,-1.0,0.0,47939584.0,0.0,0.0,-1.0,-1.0,-1.0,0.0,0.0,1
0.0,42.0,37.541,-1.0,-1.0,-1.0,-1.0,-1.0,-1.0,0.0,47955968.0,0.0,0.0,-1.0,-1.0,-1.0,0.0,0.0,1
0.0,36.0,33.375,-1.0,-1.0,-1.0,-1.0,-1.0,-1.0,0.0,47955968.0,0.0,0.0,-1.0,-1.0,-1.0,0.0,0.0,1
0.0,32.0,31.125,-1.0,-1.0,-1.0,-1.0,-1.0,-1.0,0.0,47955968.0,0.0,0.0,-1.0,-1.0,-1.0,0.0,0.0,1
0.0,47.0,41.667,-1.0,-1.0,-1.0,-1.0,-1.0,-1.0,0.0,47955968.0,0.0,0.0,-1.0,-1.0,-1.0,0.0,0.0,1
0.0,44.0,39.833,-1.0,-1.0,-1.0,-1.0,-1.0,-1.0,0.0,47955968.0,0.0,0.0,-1.0,-1.0,-1.0,0.0,0.0,1
0.0,42.0,39.0,-1.0,-1.0,-1.0,-1.0,-1.0,-1.0,0.0,47955968.0,0.0,0.0,-1.0,-1.0,-1.0,0.0,0.0,1
0.0,50.0,47.416,-1.0,-1.0,-1.0,-1.0,-1.0,-1.0,0.0,47955968.0,0.0,0.0,-1.0,-1.0,-1.0,0.0,0.0,1
0.0,44.0,40.375,-1.0,-1.0,-1.0,-1.0,-1.0,-1.0,0.0,47972352.0,0.0,0.0,-1.0,-1.0,-1.0,0.0,0.0,1
0.0,45.0,40.5,-1.0,-1.0,-1.0,-1.0,-1.0,-1.0,0.0,47972352.0,0.0,0.0,-1.0,-1.0,-1.0,0.0,0.0,1
1.0,44.0,41.584,-1.0,-1.0,-1.0,-1.0,-1.0,-1.0,0.0,47988736.0,0.0,0.0,-1.0,-1.0,-1.0,0.0,0.0,1
0.0,67.0,63.292,-1.0,-1.0,-1.0,-1.0,-1.0,-1.0,0.0,47988736.0,0.0,0.0,-1.0,-1.0,-1.0,0.0,0.0,1
0.0,48.0,44.708,-1.0,-1.0,-1.0,-1.0,-1.0,-1.0,0.0,47988736.0,0.0,0.0,-1.0,-1.0,-1.0,0.0,0.0,1
0.0,45.0,41.25,-1.0,-1.0,-1.0,-1.0,-1.0,-1.0,0.0,47988736.0,0.0,0.0,-1.0,-1.0,-1.0,0.0,0.0,1
0.0,37.0,35.625,-1.0,-1.0,-1.0,-1.0,-1.0,-1.0,0.0,47988736.0,0.0,0.0,-1.0,-1.0,-1.0,0.0,0.0,1
0.0,49.0,44.917,-1.0,-1.0,-1.0,-1.0,-1.0,-1.0,0.0,48005120.0,0.0,0.0,-1.0,-1.0,-1.0,0.0,0.0,1
0.0,53.0,48.583,-1.0,-1.0,-1.0,-1.0,-1.0,-1.0,0.0,48005120.0,0.0,0.0,-1.0,-1.0,-1.0,0.0,0.0,1
0.0,43.0,39.625,-1.0,-1.0,-1.0,-1.0,-1.0,-1.0,0.0,48005120.0,0.0,0.0,-1.0,-1.0,-1.0,0.0,0.0,1
0.0,56.0,50.166,-1.0,-1.0,-1.0,-1.0,-1.0,-1.0,0.0,48021504.0,0.0,0.0,-1.0,-1.0,-1.0,0.0,0.0,1
0.0,52.0,45.417,-1.0,-1.0,-1.0,-1.0,-1.0,-1.0,0.0,48021504.0,0.0,0.0,-1.0,-1.0,-1.0,0.0,0.0,1
0.0,54.0,45.5,-1.0,-1.0,-1.0,-1.0,-1.0,-1.0,0.0,48021504.0,0.0,0.0,-1.0,-1.0,-1.0,0.0,0.0,1
1.0,24.0,25.084,-1.0,-1.0,-1.0,-1.0,-1.0,-1.0,0.0,48021504.0,0.0,0.0,-1.0,-1.0,-1.0,0.0,0.0,1
0.0,43.0,38.666,-1.0,-1.0,-1.0,-1.0,-1.0,-1.0,0.0,48021504.0,0.0,0.0,-1.0,-1.0,-1.0,0.0,0.0,1
0.0,36.0,34.5,-1.0,-1.0,-1.0,-1.0,-1.0,-1.0,0.0,48021504.0,0.0,0.0,-1.0,-1.0,-1.0,0.0,0.0,1
0.0,48.0,42.875,-1.0,-1.0,-1.0,-1.0,-1.0,-1.0,0.0,48021504.0,0.0,0.0,-1.0,-1.0,-1.0,0.0,0.0,1
0.0,51.0,47.208,-1.0,-1.0,-1.0,-1.0,-1.0,-1.0,0.0,48021504.0,0.0,0.0,-1.0,-1.0,-1.0,0.0,0.0,1
0.0,46.0,42.709,-1.0,-1.0,-1.0,-1.0,-1.0,-1.0,0.0,48021504.0,0.0,0.0,-1.0,-1.0,-1.0,0.0,0.0,1
0.0,51.0,46.792,-1.0,-1.0,-1.0,-1.0,-1.0,-1.0,0.0,48021504.0,0.0,0.0,-1.0,-1.0,-1.0,0.0,0.0,1
0.0,48.0,43.083,-1.0,-1.0,-1.0,-1.0,-1.0,-1.0,0.0,48021504.0,0.0,0.0,-1.0,-1.0,-1.0,0.0,0.0,1
0.0,42.0,39.25,-1.0,-1.0,-1.0,-1.0,-1.0,-1.0,0.0,48021504.0,0.0,0.0,-1.0,-1.0,-1.0,0.0,0.0,1
0.0,49.0,43.708,-1.0,-1.0,-1.0,-1.0,-1.0,-1.0,0.0,48021504.0,0.0,0.0,-1.0,-1.0,-1.0,0.0,0.0,1
0.0,51.0,44.917,-1.0,-1.0,-1.0,-1.0,-1.0,-1.0,0.0,48021504.0,0.0,0.0,-1.0,-1.0,-1.0,0.0,0.0,1
0.0,45.0,40.416,-1.0,-1.0,-1.0,-1.0,-1.0,-1.0,0.0,48021504.0,0.0,0.0,-1.0,-1.0,-1.0,0.0,0.0,1
0.0,58.0,53.584,-1.0,-1.0,-1.0,-1.0,-1.0,-1.0,0.0,48021504.0,0.0,0.0,-1.0,-1.0,-1.0,0.0,0.0,1
0.0,47.0,43.291,-1.0,-1.0,-1.0,-1.0,-1.0,-1.0,0.0,48021504.0,0.0,0.0,-1.0,-1.0,-1.0,0.0,0.0,1
0.0,40.0,37.584,-1.0,-1.0,-1.0,-1.0,-1.0,-1.0,0.0,48037888.0,0.0,0.0,-1.0,-1.0,-1.0,0.0,0.0,1
0.0,37.0,35.916,-1.0,-1.0,-1.0,-1.0,-1.0,-1.0,0.0,48037888.0,0.0,0.0,-1.0,-1.0,-1.0,0.0,0.0,1
1.0,46.0,58.25,-1.0,-1.0,-1.0,-1.0,-1.0,-1.0,0.0,48054272.0,0.0,0.0,-1.0,-1.0,-1.0,0.0,0.0,1
0.0,46.0,42.0,-1.0,-1.0,-1.0,-1.0,-1.0,-1.0,0.0,48054272.0,0.0,0.0,-1.0,-1.0,-1.0,0.0,0.0,1
0.0,42.0,38.667,-1.0,-1.0,-1.0,-1.0,-1.0,-1.0,0.0,48054272.0,0.0,0.0,-1.0,-1.0,-1.0,0.0,0.0,1
0.0,41.0,37.167,-1.0,-1.0,-1.0,-1.0,-1.0,-1.0,0.0,48054272.0,0.0,0.0,-1.0,-1.0,-1.0,0.0,0.0,1
0.0,44.0,41.334,-1.0,-1.0,-1.0,-1.0,-1.0,-1.0,0.0,48054272.0,0.0,0.0,-1.0,-1.0,-1.0,0.0,0.0,1
0.0,49.0,43.458,-1.0,-1.0,-1.0,-1.0,-1.0,-1.0,0.0,48054272.0,0.0,0.0,-1.0,-1.0,-1.0,0.0,0.0,1
0.0,59.0,53.417,-1.0,-1.0,-1.0,-1.0,-1.0,-1.0,0.0,48054272.0,0.0,0.0,-1.0,-1.0,-1.0,0.0,0.0,1
0.0,47.0,42.666,-1.0,-1.0,-1.0,-1.0,-1.0,-1.0,0.0,48054272.0,0.0,0.0,-1.0,-1.0,-1.0,0.0,0.0,1
0.0,57.0,50.875,-1.0,-1.0,-1.0,-1.0,-1.0,-1.0,0.0,48054272.0,0.0,0.0,-1.0,-1.0,-1.0,0.0,0.0,1
0.0,50.0,47.25,-1.0,-1.0,-1.0,-1.0,-1.0,-1.0,0.0,48070656.0,0.0,0.0,-1.0,-1.0,-1.0,0.0,0.0,1
0.0,59.0,53.125,-1.0,-1.0,-1.0,-1.0,-1.0,-1.0,0.0,48070656.0,0.0,0.0,-1.0,-1.0,-1.0,0.0,0.0,1
0.0,52.0,46.667,-1.0,-1.0,-1.0,-1.0,-1.0,-1.0,0.0,48070656.0,0.0,0.0,-1.0,-1.0,-1.0,0.0,0.0,1
0.0,43.0,39.542,-1.0,-1.0,-1.0,-1.0,-1.0,-1.0,0.0,48070656.0,0.0,0.0,-1.0,-1.0,-1.0,0.0,0.0,1
0.0,50.0,44.75,-1.0,-1.0,-1.0,-1.0,-1.0,-1.0,0.0,48070656.0,0.0,0.0,-1.0,-1.0,-1.0,0.0,0.0,1
0.0,53.0,47.333,-1.0,-1.0,-1.0,-1.0,-1.0,-1.0,0.0,48070656.0,0.0,0.0,-1.0,-1.0,-1.0,0.0,0.0,1
0.0,52.0,47.417,-1.0,-1.0,-1.0,-1.0,-1.0,-1.0,0.0,48087040.0,0.0,0.0,-1.0,-1.0,-1.0,0.0,0.0,1
0.0,49.0,45.042,-1.0,-1.0,-1.0,-1.0,-1.0,-1.0,0.0,48087040.0,0.0,0.0,-1.0,-1.0,-1.0,0.0,0.0,1
0.0,55.0,49.208,-1.0,-1.0,-1.0,-1.0,-1.0,-1.0,0.0,48087040.0,0.0,0.0,-1.0,-1.0,-1.0,0.0,0.0,1
0.0,40.0,36.792,-1.0,-1.0,-1.0,-1.0,-1.0,-1.0,0.0,48103424.0,0.0,0.0,-1.0,-1.0,-1.0,0.0,0.0,1
0.0,22.0,22.208,-1.0,-1.0,-1.0,-1.0,-1.0,-1.0,0.0,48103424.0,0.0,0.0,-1.0,-1.0,-1.0,0.0,0.0,1
0.0,50.0,44.375,-1.0,-1.0,-1.0,-1.0,-1.0,-1.0,0.0,48103424.0,0.0,0.0,-1.0,-1.0,-1.0,0.0,0.0,1
1.0,79.0,533.833,-1.0,-1.0,-1.0,-1.0,-1.0,-1.0,0.0,48103424.0,0.0,0.0,-1.0,-1.0,-1.0,0.0,0.0,1
0.0,60.0,53.5,-1.0,-1.0,-1.0,-1.0,-1.0,-1.0,0.0,48103424.0,0.0,0.0,-1.0,-1.0,-1.0,0.0,0.0,1
0.0,54.0,47.292,-1.0,-1.0,-1.0,-1.0,-1.0,-1.0,0.0,48103424.0,0.0,0.0,-1.0,-1.0,-1.0,0.0,0.0,1
0.0,50.0,44.875,-1.0,-1.0,-1.0,-1.0,-1.0,-1.0,0.0,48103424.0,0.0,0.0,-1.0,-1.0,-1.0,0.0,0.0,1
0.0,19.0,18.791,-1.0,-1.0,-1.0,-1.0,-1.0,-1.0,0.0,48103424.0,0.0,0.0,-1.0,-1.0,-1.0,0.0,0.0,1
0.0,63.0,56.167,-1.0,-1.0,-1.0,-1.0,-1.0,-1.0,0.0,48103424.0,0.0,0.0,-1.0,-1.0,-1.0,0.0,0.0,1
0.0,57.0,51.917,-1.0,-1.0,-1.0,-1.0,-1.0,-1.0,0.0,48103424.0,0.0,0.0,-1.0,-1.0,-1.0,0.0,0.0,1
0.0,57.0,49.208,-1.0,-1.0,-1.0,-1.0,-1.0,-1.0,0.0,48119808.0,0.0,0.0,-1.0,-1.0,-1.0,0.0,0.0,1
0.0,56.0,50.166,-1.0,-1.0,-1.0,-1.0,-1.0,-1.0,0.0,48119808.0,0.0,0.0,-1.0,-1.0,-1.0,0.0,0.0,1
0.0,42.0,38.75,-1.0,-1.0,-1.0,-1.0,-1.0,-1.0,0.0,48119808.0,0.0,0.0,-1.0,-1.0,-1.0,0.0,0.0,1
1.0,55.0,54.542,-1.0,-1.0,-1.0,-1.0,-1.0,-1.0,0.0,48119808.0,0.0,0.0,-1.0,-1.0,-1.0,0.0,0.0,1
0.0,56.0,49.792,-1.0,-1.0,-1.0,-1.0,-1.0,-1.0,0.0,48136192.0,0.0,0.0,-1.0,-1.0,-1.0,0.0,0.0,1
0.0,36.0,32.708,-1.0,-1.0,-1.0,-1.0,-1.0,-1.0,0.0,48136192.0,0.0,0.0,-1.0,-1.0,-1.0,0.0,0.0,1
0.0,45.0,41.0,-1.0,-1.0,-1.0,-1.0,-1.0,-1.0,0.0,48136192.0,0.0,0.0,-1.0,-1.0,-1.0,0.0,0.0,1
0.0,29.0,25.417,-1.0,-1.0,-1.0,-1.0,-1.0,-1.0,0.0,48136192.0,0.0,0.0,-1.0,-1.0,-1.0,0.0,0.0,1
1.0,74.0,152.792,-1.0,-1.0,-1.0,-1.0,-1.0,-1.0,0.0,48136192.0,0.0,0.0,-1.0,-1.0,-1.0,0.0,0.0,1
1.0,63.0,192.708,-1.0,-1.0,-1.0,-1.0,-1.0,-1.0,0.0,48136192.0,0.0,0.0,-1.0,-1.0,-1.0,0.0,0.0,1
0.0,53.0,49.292,-1.0,-1.0,-1.0,-1.0,-1.0,-1.0,0.0,48136192.0,0.0,0.0,-1.0,-1.0,-1.0,0.0,0.0,1
0.0,40.0,37.542,-1.0,-1.0,-1.0,-1.0,-1.0,-1.0,0.0,48136192.0,0.0,0.0,-1.0,-1.0,-1.0,0.0,0.0,1
0.0,45.0,37.167,-1.0,-1.0,-1.0,-1.0,-1.0,-1.0,0.0,48136192.0,0.0,0.0,-1.0,-1.0,-1.0,0.0,0.0,1
0.0,38.0,34.042,-1.0,-1.0,-1.0,-1.0,-1.0,-1.0,0.0,48136192.0,0.0,0.0,-1.0,-1.0,-1.0,0.0,0.0,1
0.0,36.0,34.25,-1.0,-1.0,-1.0,-1.0,-1.0,-1.0,0.0,48136192.0,0.0,0.0,-1.0,-1.0,-1.0,0.0,0.0,1
0.0,33.0,31.208,-1.0,-1.0,-1.0,-1.0,-1.0,-1.0,0.0,48136192.0,0.0,0.0,-1.0,-1.0,-1.0,0.0,0.0,1
0.0,49.0,45.375,-1.0,-1.0,-1.0,-1.0,-1.0,-1.0,0.0,48152576.0,0.0,0.0,-1.0,-1.0,-1.0,0.0,0.0,1
1.0,61.0,73.416,-1.0,-1.0,-1.0,-1.0,-1.0,-1.0,0.0,48168960.0,0.0,0.0,-1.0,-1.0,-1.0,0.0,0.0,1
0.0,49.0,44.417,-1.0,-1.0,-1.0,-1.0,-1.0,-1.0,0.0,48168960.0,0.0,0.0,-1.0,-1.0,-1.0,0.0,0.0,1
0.0,47.0,41.625,-1.0,-1.0,-1.0,-1.0,-1.0,-1.0,0.0,48168960.0,0.0,0.0,-1.0,-1.0,-1.0,0.0,0.0,1
1.0,53.0,81.25,-1.0,-1.0,-1.0,-1.0,-1.0,-1.0,0.0,48168960.0,0.0,0.0,-1.0,-1.0,-1.0,0.0,0.0,1
0.0,47.0,42.167,-1.0,-1.0,-1.0,-1.0,-1.0,-1.0,0.0,48185344.0,0.0,0.0,-1.0,-1.0,-1.0,0.0,0.0,1
0.0,41.0,37.75,-1.0,-1.0,-1.0,-1.0,-1.0,-1.0,0.0,48185344.0,0.0,0.0,-1.0,-1.0,-1.0,0.0,0.0,1
1.0,45.0,48.875,-1.0,-1.0,-1.0,-1.0,-1.0,-1.0,0.0,48185344.0,0.0,0.0,-1.0,-1.0,-1.0,0.0,0.0,1
0.0,41.0,38.291,-1.0,-1.0,-1.0,-1.0,-1.0,-1.0,0.0,48185344.0,0.0,0.0,-1.0,-1.0,-1.0,0.0,0.0,1
0.0,72.0,65.958,-1.0,-1.0,-1.0,-1.0,-1.0,-1.0,0.0,48185344.0,0.0,0.0,-1.0,-1.0,-1.0,0.0,0.0,1
0.0,47.0,43.167,-1.0,-1.0,-1.0,-1.0,-1.0,-1.0,0.0,48185344.0,0.0,0.0,-1.0,-1.0,-1.0,0.0,0.0,1
0.0,40.0,37.75,-1.0,-1.0,-1.0,-1.0,-1.0,-1.0,0.0,48185344.0,0.0,0.0,-1.0,-1.0,-1.0,0.0,0.0,1
0.0,52.0,45.791,-1.0,-1.0,-1.0,-1.0,-1.0,-1.0,0.0,48201728.0,0.0,0.0,-1.0,-1.0,-1.0,0.0,0.0,1
0.0,54.0,49.917,-1.0,-1.0,-1.0,-1.0,-1.0,-1.0,0.0,48201728.0,0.0,0.0,-1.0,-1.0,-1.0,0.0,0.0,1
0.0,52.0,46.584,-1.0,-1.0,-1.0,-1.0,-1.0,-1.0,0.0,48218112.0,0.0,0.0,-1.0,-1.0,-1.0,0.0,0.0,1
0.0,48.0,43.708,-1.0,-1.0,-1.0,-1.0,-1.0,-1.0,0.0,48218112.0,0.0,0.0,-1.0,-1.0,-1.0,0.0,0.0,1
7.0,77.0,404.542,-1.0,-1.0,-1.0,-1.0,-1.0,-1.0,0.0,48218112.0,0.0,0.0,-1.0,-1.0,-1.0,0.0,0.0,1
3.0,75.0,101.083,-1.0,-1.0,-1.0,-1.0,-1.0,-1.0,0.0,48218112.0,0.0,0.0,-1.0,-1.0,-1.0,0.0,0.0,1
1.0,26.0,429.334,-1.0,-1.0,-1.0,-1.0,-1.0,-1.0,0.0,48218112.0,0.0,0.0,-1.0,-1.0,-1.0,0.0,0.0,1
1.0,67.0,115.083,-1.0,-1.0,-1.0,-1.0,-1.0,-1.0,0.0,48218112.0,0.0,0.0,-1.0,-1.0,-1.0,0.0,0.0,1
3.0,37.0,125.75,-1.0,-1.0,-1.0,-1.0,-1.0,-1.0,0.0,48218112.0,0.0,0.0,-1.0,-1.0,-1.0,0.0,0.0,1
3.0,73.0,110.5,-1.0,-1.0,-1.0,-1.0,-1.0,-1.0,0.0,48218112.0,0.0,0.0,-1.0,-1.0,-1.0,0.0,0.0,1
3.0,52.0,322.833,-1.0,-1.0,-1.0,-1.0,-1.0,-1.0,0.0,48234496.0,0.0,0.0,-1.0,-1.0,-1.0,0.0,0.0,1
2.0,68.0,92.708,-1.0,-1.0,-1.0,-1.0,-1.0,-1.0,0.0,48234496.0,0.0,0.0,-1.0,-1.0,-1.0,0.0,0.0,1
0.0,50.0,45.75,-1.0,-1.0,-1.0,-1.0,-1.0,-1.0,0.0,48234496.0,0.0,0.0,-1.0,-1.0,-1.0,0.0,0.0,1
0.0,54.0,48.0,-1.0,-1.0,-1.0,-1.0,-1.0,-1.0,0.0,48234496.0,0.0,0.0,-1.0,-1.0,-1.0,0.0,0.0,1
0.0,55.0,49.208,-1.0,-1.0,-1.0,-1.0,-1.0,-1.0,0.0,48234496.0,0.0,0.0,-1.0,-1.0,-1.0,0.0,0.0,1
0.0,46.0,40.166,-1.0,-1.0,-1.0,-1.0,-1.0,-1.0,0.0,48234496.0,0.0,0.0,-1.0,-1.0,-1.0,0.0,0.0,1
0.0,36.0,34.292,-1.0,-1.0,-1.0,-1.0,-1.0,-1.0,0.0,48234496.0,0.0,0.0,-1.0,-1.0,-1.0,0.0,0.0,1
0.0,52.0,46.917,-1.0,-1.0,-1.0,-1.0,-1.0,-1.0,0.0,48234496.0,0.0,0.0,-1.0,-1.0,-1.0,0.0,0.0,1
0.0,51.0,45.0,-1.0,-1.0,-1.0,-1.0,-1.0,-1.0,0.0,48234496.0,0.0,0.0,-1.0,-1.0,-1.0,0.0,0.0,1
0.0,35.0,32.541,-1.0,-1.0,-1.0,-1.0,-1.0,-1.0,0.0,48234496.0,0.0,0.0,-1.0,-1.0,-1.0,0.0,0.0,1
1.0,51.0,61.417,-1.0,-1.0,-1.0,-1.0,-1.0,-1.0,0.0,48234496.0,0.0,0.0,-1.0,-1.0,-1.0,0.0,0.0,1
0.0,25.0,23.042,-1.0,-1.0,-1.0,-1.0,-1.0,-1.0,0.0,48234496.0,0.0,0.0,-1.0,-1.0,-1.0,0.0,0.0,1
1.0,54.0,71.458,-1.0,-1.0,-1.0,-1.0,-1.0,-1.0,0.0,48234496.0,0.0,0.0,-1.0,-1.0,-1.0,0.0,0.0,1
1.0,59.0,76.792,-1.0,-1.0,-1.0,-1.0,-1.0,-1.0,0.0,48234496.0,0.0,0.0,-1.0,-1.0,-1.0,0.0,0.0,1
2.0,94.0,236.375,-1.0,-1.0,-1.0,-1.0,-1.0,-1.0,0.0,48234496.0,0.0,0.0,-1.0,-1.0,-1.0,0.0,0.0,1
1.0,69.0,116.792,-1.0,-1.0,-1.0,-1.0,-1.0,-1.0,0.0,48234496.0,0.0,0.0,-1.0,-1.0,-1.0,0.0,0.0,1
2.0,70.0,77.25,-1.0,-1.0,-1.0,-1.0,-1.0,-1.0,0.0,48250880.0,0.0,0.0,-1.0,-1.0,-1.0,0.0,0.0,1
2.0,33.0,375.75,-1.0,-1.0,-1.0,-1.0,-1.0,-1.0,0.0,48267264.0,0.0,0.0,-1.0,-1.0,-1.0,0.0,0.0,1
3.0,37.0,156.042,-1.0,-1.0,-1.0,-1.0,-1.0,-1.0,0.0,48267264.0,0.0,0.0,-1.0,-1.0,-1.0,0.0,0.0,1
1.0,70.0,138.625,-1.0,-1.0,-1.0,-1.0,-1.0,-1.0,0.0,48283648.0,0.0,0.0,-1.0,-1.0,-1.0,0.0,0.0,1
0.0,55.0,51.334,-1.0,-1.0,-1.0,-1.0,-1.0,-1.0,0.0,48283648.0,0.0,0.0,-1.0,-1.0,-1.0,0.0,0.0,1
0.0,61.0,55.958,-1.0,-1.0,-1.0,-1.0,-1.0,-1.0,0.0,48283648.0,0.0,0.0,-1.0,-1.0,-1.0,0.0,0.0,1
1.0,27.0,47.291,-1.0,-1.0,-1.0,-1.0,-1.0,-1.0,0.0,48283648.0,0.0,0.0,-1.0,-1.0,-1.0,0.0,0.0,1
1.0,18.0,32.333,-1.0,-1.0,-1.0,-1.0,-1.0,-1.0,0.0,48283648.0,0.0,0.0,-1.0,-1.0,-1.0,0.0,0.0,1
0.0,106.0,96.667,-1.0,-1.0,-1.0,-1.0,-1.0,-1.0,0.0,48283648.0,0.0,0.0,-1.0,-1.0,-1.0,0.0,0.0,1
0.0,35.0,32.625,-1.0,-1.0,-1.0,-1.0,-1.0,-1.0,0.0,48283648.0,0.0,0.0,-1.0,-1.0,-1.0,0.0,0.0,1
0.0,86.0,78.958,-1.0,-1.0,-1.0,-1.0,-1.0,-1.0,0.0,48283648.0,0.0,0.0,-1.0,-1.0,-1.0,0.0,0.0,1
1.0,30.0,25.25,-1.0,-1.0,-1.0,-1.0,-1.0,-1.0,0.0,48283648.0,0.0,0.0,-1.0,-1.0,-1.0,0.0,0.0,1
0.0,112.0,102.208,-1.0,-1.0,-1.0,-1.0,-1.0,-1.0,0.0,48283648.0,0.0,0.0,-1.0,-1.0,-1.0,0.0,0.0,1
3.0,126.0,220.5,-1.0,-1.0,-1.0,-1.0,-1.0,-1.0,0.0,48283648.0,0.0,0.0,-1.0,-1.0,-1.0,0.0,0.0,1
1.0,64.0,101.834,-1.0,-1.0,-1.0,-1.0,-1.0,-1.0,0.0,48283648.0,0.0,0.0,-1.0,-1.0,-1.0,0.0,0.0,1
1.0,61.0,94.125,-1.0,-1.0,-1.0,-1.0,-1.0,-1.0,0.0,48283648.0,0.0,0.0,-1.0,-1.0,-1.0,0.0,0.0,1
5.0,63.0,264.167,-1.0,-1.0,-1.0,-1.0,-1.0,-1.0,0.0,48300032.0,0.0,0.0,-1.0,-1.0,-1.0,0.0,0.0,1
0.0,75.0,68.75,-1.0,-1.0,-1.0,-1.0,-1.0,-1.0,0.0,48300032.0,0.0,0.0,-1.0,-1.0,-1.0,0.0,0.0,1
0.0,21.0,19.166,-1.0,-1.0,-1.0,-1.0,-1.0,-1.0,0.0,48316416.0,0.0,0.0,-1.0,-1.0,-1.0,0.0,0.0,1
0.0,81.0,72.791,-1.0,-1.0,-1.0,-1.0,-1.0,-1.0,0.0,48316416.0,0.0,0.0,-1.0,-1.0,-1.0,0.0,0.0,1
0.0,56.0,52.041,-1.0,-1.0,-1.0,-1.0,-1.0,-1.0,0.0,48316416.0,0.0,0.0,-1.0,-1.0,-1.0,0.0,0.0,1
0.0,50.0,47.042,-1.0,-1.0,-1.0,-1.0,-1.0,-1.0,0.0,48316416.0,0.0,0.0,-1.0,-1.0,-1.0,0.0,0.0,1
0.0,21.0,19.708,-1.0,-1.0,-1.0,-1.0,-1.0,-1.0,0.0,48316416.0,0.0,0.0,-1.0,-1.0,-1.0,0.0,0.0,1
0.0,50.0,45.583,-1.0,-1.0,-1.0,-1.0,-1.0,-1.0,0.0,48316416.0,0.0,0.0,-1.0,-1.0,-1.0,0.0,0.0,1
0.0,56.0,50.625,-1.0,-1.0,-1.0,-1.0,-1.0,-1.0,0.0,48316416.0,0.0,0.0,-1.0,-1.0,-1.0,0.0,0.0,1
0.0,48.0,42.875,-1.0,-1.0,-1.0,-1.0,-1.0,-1.0,0.0,48316416.0,0.0,0.0,-1.0,-1.0,-1.0,0.0,0.0,1
0.0,45.0,40.708,-1.0,-1.0,-1.0,-1.0,-1.0,-1.0,0.0,48316416.0,0.0,0.0,-1.0,-1.0,-1.0,0.0,0.0,1
0.0,51.0,46.375,-1.0,-1.0,-1.0,-1.0,-1.0,-1.0,0.0,48316416.0,0.0,0.0,-1.0,-1.0,-1.0,0.0,0.0,1
0.0,37.0,34.292,-1.0,-1.0,-1.0,-1.0,-1.0,-1.0,0.0,48316416.0,0.0,0.0,-1.0,-1.0,-1.0,0.0,0.0,1
0.0,38.0,35.458,-1.0,-1.0,-1.0,-1.0,-1.0,-1.0,0.0,48316416.0,0.0,0.0,-1.0,-1.0,-1.0,0.0,0.0,1
0.0,32.0,30.542,-1.0,-1.0,-1.0,-1.0,-1.0,-1.0,0.0,48316416.0,0.0,0.0,-1.0,-1.0,-1.0,0.0,0.0,1
0.0,31.0,29.709,-1.0,-1.0,-1.0,-1.0,-1.0,-1.0,0.0,48332800.0,0.0,0.0,-1.0,-1.0,-1.0,0.0,0.0,1
0.0,33.0,31.791,-1.0,-1.0,-1.0,-1.0,-1.0,-1.0,0.0,48332800.0,0.0,0.0,-1.0,-1.0,-1.0,0.0,0.0,1
0.0,34.0,32.834,-1.0,-1.0,-1.0,-1.0,-1.0,-1.0,0.0,48332800.0,0.0,0.0,-1.0,-1.0,-1.0,0.0,0.0,1
0.0,53.0,46.541,-1.0,-1.0,-1.0,-1.0,-1.0,-1.0,0.0,48332800.0,0.0,0.0,-1.0,-1.0,-1.0,0.0,0.0,1
0.0,42.0,37.916,-1.0,-1.0,-1.0,-1.0,-1.0,-1.0,0.0,48349184.0,0.0,0.0,-1.0,-1.0,-1.0,0.0,0.0,1
0.0,46.0,40.542,-1.0,-1.0,-1.0,-1.0,-1.0,-1.0,0.0,48365568.0,0.0,0.0,-1.0,-1.0,-1.0,0.0,0.0,1
0.0,70.0,62.375,-1.0,-1.0,-1.0,-1.0,-1.0,-1.0,0.0,48365568.0,0.0,0.0,-1.0,-1.0,-1.0,0.0,0.0,1
0.0,45.0,41.208,-1.0,-1.0,-1.0,-1.0,-1.0,-1.0,0.0,48365568.0,0.0,0.0,-1.0,-1.0,-1.0,0.0,0.0,1
0.0,42.0,38.417,-1.0,-1.0,-1.0,-1.0,-1.0,-1.0,0.0,48365568.0,0.0,0.0,-1.0,-1.0,-1.0,0.0,0.0,1
0.0,45.0,41.709,-1.0,-1.0,-1.0,-1.0,-1.0,-1.0,0.0,48365568.0,0.0,0.0,-1.0,-1.0,-1.0,0.0,0.0,1
0.0,49.0,45.042,-1.0,-1.0,-1.0,-1.0,-1.0,-1.0,0.0,48365568.0,0.0,0.0,-1.0,-1.0,-1.0,0.0,0.0,1
0.0,31.0,27.0,-1.0,-1.0,-1.0,-1.0,-1.0,-1.0,0.0,48365568.0,0.0,0.0,-1.0,-1.0,-1.0,0.0,0.0,1
0.0,43.0,39.25,-1.0,-1.0,-1.0,-1.0,-1.0,-1.0,0.0,48365568.0,0.0,0.0,-1.0,-1.0,-1.0,0.0,0.0,1
0.0,42.0,38.5,-1.0,-1.0,-1.0,-1.0,-1.0,-1.0,0.0,48365568.0,0.0,0.0,-1.0,-1.0,-1.0,0.0,0.0,1
0.0,49.0,44.333,-1.0,-1.0,-1.0,-1.0,-1.0,-1.0,0.0,48365568.0,0.0,0.0,-1.0,-1.0,-1.0,0.0,0.0,1
0.0,33.0,31.958,-1.0,-1.0,-1.0,-1.0,-1.0,-1.0,0.0,48365568.0,0.0,0.0,-1.0,-1.0,-1.0,0.0,0.0,1
0.0,32.0,30.375,-1.0,-1.0,-1.0,-1.0,-1.0,-1.0,0.0,48365568.0,0.0,0.0,-1.0,-1.0,-1.0,0.0,0.0,1
0.0,55.0,49.209,-1.0,-1.0,-1.0,-1.0,-1.0,-1.0,0.0,48365568.0,0.0,0.0,-1.0,-1.0,-1.0,0.0,0.0,1
0.0,18.0,17.25,-1.0,-1.0,-1.0,-1.0,-1.0,-1.0,0.0,48365568.0,0.0,0.0,-1.0,-1.0,-1.0,0.0,0.0,1
0.0,37.0,34.584,-1.0,-1.0,-1.0,-1.0,-1.0,-1.0,0.0,48365568.0,0.0,0.0,-1.0,-1.0,-1.0,0.0,0.0,1
0.0,31.0,29.666,-1.0,-1.0,-1.0,-1.0,-1.0,-1.0,0.0,48365568.0,0.0,0.0,-1.0,-1.0,-1.0,0.0,0.0,1
0.0,34.0,32.375,-1.0,-1.0,-1.0,-1.0,-1.0,-1.0,0.0,48381952.0,0.0,0.0,-1.0,-1.0,-1.0,0.0,0.0,1
0.0,34.0,33.042,-1.0,-1.0,-1.0,-1.0,-1.0,-1.0,0.0,48381952.0,0.0,0.0,-1.0,-1.0,-1.0,0.0,0.0,1
0.0,42.0,38.917,-1.0,-1.0,-1.0,-1.0,-1.0,-1.0,0.0,48381952.0,0.0,0.0,-1.0,-1.0,-1.0,0.0,0.0,1
0.0,34.0,32.042,-1.0,-1.0,-1.0,-1.0,-1.0,-1.0,0.0,48381952.0,0.0,0.0,-1.0,-1.0,-1.0,0.0,0.0,1
0.0,35.0,33.25,-1.0,-1.0,-1.0,-1.0,-1.0,-1.0,0.0,48398336.0,0.0,0.0,-1.0,-1.0,-1.0,0.0,0.0,1
0.0,39.0,35.666,-1.0,-1.0,-1.0,-1.0,-1.0,-1.0,0.0,48398336.0,0.0,0.0,-1.0,-1.0,-1.0,0.0,0.0,1
0.0,43.0,39.667,-1.0,-1.0,-1.0,-1.0,-1.0,-1.0,0.0,48398336.0,0.0,0.0,-1.0,-1.0,-1.0,0.0,0.0,1
1.0,54.0,202.375,-1.0,-1.0,-1.0,-1.0,-1.0,-1.0,0.0,48414720.0,0.0,0.0,-1.0,-1.0,-1.0,0.0,0.0,1
0.0,48.0,42.5,-1.0,-1.0,-1.0,-1.0,-1.0,-1.0,0.0,48414720.0,0.0,0.0,-1.0,-1.0,-1.0,0.0,0.0,1
0.0,32.0,30.791,-1.0,-1.0,-1.0,-1.0,-1.0,-1.0,0.0,48414720.0,0.0,0.0,-1.0,-1.0,-1.0,0.0,0.0,1
0.0,29.0,28.958,-1.0,-1.0,-1.0,-1.0,-1.0,-1.0,0.0,48414720.0,0.0,0.0,-1.0,-1.0,-1.0,0.0,0.0,1
0.0,30.0,28.917,-1.0,-1.0,-1.0,-1.0,-1.0,-1.0,0.0,48414720.0,0.0,0.0,-1.0,-1.0,-1.0,0.0,0.0,1
0.0,33.0,32.041,-1.0,-1.0,-1.0,-1.0,-1.0,-1.0,0.0,48414720.0,0.0,0.0,-1.0,-1.0,-1.0,0.0,0.0,1
0.0,72.0,64.958,-1.0,-1.0,-1.0,-1.0,-1.0,-1.0,0.0,48414720.0,0.0,0.0,-1.0,-1.0,-1.0,0.0,0.0,1
0.0,33.0,30.709,-1.0,-1.0,-1.0,-1.0,-1.0,-1.0,0.0,48414720.0,0.0,0.0,-1.0,-1.0,-1.0,0.0,0.0,1
0.0,31.0,28.916,-1.0,-1.0,-1.0,-1.0,-1.0,-1.0,0.0,48414720.0,0.0,0.0,-1.0,-1.0,-1.0,0.0,0.0,1
0.0,53.0,48.875,-1.0,-1.0,-1.0,-1.0,-1.0,-1.0,0.0,48414720.0,0.0,0.0,-1.0,-1.0,-1.0,0.0,0.0,1
0.0,37.0,35.125,-1.0,-1.0,-1.0,-1.0,-1.0,-1.0,0.0,48431104.0,0.0,0.0,-1.0,-1.0,-1.0,0.0,0.0,1
0.0,35.0,32.0,-1.0,-1.0,-1.0,-1.0,-1.0,-1.0,0.0,48431104.0,0.0,0.0,-1.0,-1.0,-1.0,0.0,0.0,1
0.0,32.0,30.541,-1.0,-1.0,-1.0,-1.0,-1.0,-1.0,0.0,48431104.0,0.0,0.0,-1.0,-1.0,-1.0,0.0,0.0,1
0.0,31.0,29.291,-1.0,-1.0,-1.0,-1.0,-1.0,-1.0,0.0,48431104.0,0.0,0.0,-1.0,-1.0,-1.0,0.0,0.0,1
0.0,33.0,32.0,-1.0,-1.0,-1.0,-1.0,-1.0,-1.0,0.0,48447488.0,0.0,0.0,-1.0,-1.0,-1.0,0.0,0.0,1
0.0,37.0,34.625,-1.0,-1.0,-1.0,-1.0,-1.0,-1.0,0.0,48447488.0,0.0,0.0,-1.0,-1.0,-1.0,0.0,0.0,1
0.0,37.0,34.25,-1.0,-1.0,-1.0,-1.0,-1.0,-1.0,0.0,48447488.0,0.0,0.0,-1.0,-1.0,-1.0,0.0,0.0,1
0.0,47.0,40.083,-1.0,-1.0,-1.0,-1.0,-1.0,-1.0,0.0,48447488.0,0.0,0.0,-1.0,-1.0,-1.0,0.0,0.0,1
0.0,38.0,35.792,-1.0,-1.0,-1.0,-1.0,-1.0,-1.0,0.0,48447488.0,0.0,0.0,-1.0,-1.0,-1.0,0.0,0.0,1
0.0,31.0,29.875,-1.0,-1.0,-1.0,-1.0,-1.0,-1.0,0.0,48447488.0,0.0,0.0,-1.0,-1.0,-1.0,0.0,0.0,1
0.0,54.0,47.666,-1.0,-1.0,-1.0,-1.0,-1.0,-1.0,0.0,48447488.0,0.0,0.0,-1.0,-1.0,-1.0,0.0,0.0,1
0.0,40.0,36.166,-1.0,-1.0,-1.0,-1.0,-1.0,-1.0,0.0,48447488.0,0.0,0.0,-1.0,-1.0,-1.0,0.0,0.0,1
0.0,37.0,33.334,-1.0,-1.0,-1.0,-1.0,-1.0,-1.0,0.0,48447488.0,0.0,0.0,-1.0,-1.0,-1.0,0.0,0.0,1
0.0,31.0,29.125,-1.0,-1.0,-1.0,-1.0,-1.0,-1.0,0.0,48447488.0,0.0,0.0,-1.0,-1.0,-1.0,0.0,0.0,1
0.0,39.0,35.375,-1.0,-1.0,-1.0,-1.0,-1.0,-1.0,0.0,48447488.0,0.0,0.0,-1.0,-1.0,-1.0,0.0,0.0,1
0.0,34.0,32.416,-1.0,-1.0,-1.0,-1.0,-1.0,-1.0,0.0,48447488.0,0.0,0.0,-1.0,-1.0,-1.0,0.0,0.0,1
0.0,32.0,30.209,-1.0,-1.0,-1.0,-1.0,-1.0,-1.0,0.0,48447488.0,0.0,0.0,-1.0,-1.0,-1.0,0.0,0.0,1
0.0,36.0,33.958,-1.0,-1.0,-1.0,-1.0,-1.0,-1.0,0.0,48463872.0,0.0,0.0,-1.0,-1.0,-1.0,0.0,0.0,1
0.0,43.0,39.792,-1.0,-1.0,-1.0,-1.0,-1.0,-1.0,0.0,48463872.0,0.0,0.0,-1.0,-1.0,-1.0,0.0,0.0,1
0.0,46.0,42.667,-1.0,-1.0,-1.0,-1.0,-1.0,-1.0,0.0,48480256.0,0.0,0.0,-1.0,-1.0,-1.0,0.0,0.0,1
0.0,53.0,48.625,-1.0,-1.0,-1.0,-1.0,-1.0,-1.0,0.0,48480256.0,0.0,0.0,-1.0,-1.0,-1.0,0.0,0.0,1
0.0,43.0,38.041,-1.0,-1.0,-1.0,-1.0,-1.0,-1.0,0.0,48480256.0,0.0,0.0,-1.0,-1.0,-1.0,0.0,0.0,1
0.0,44.0,40.417,-1.0,-1.0,-1.0,-1.0,-1.0,-1.0,0.0,48480256.0,0.0,0.0,-1.0,-1.0,-1.0,0.0,0.0,1
0.0,42.0,38.917,-1.0,-1.0,-1.0,-1.0,-1.0,-1.0,0.0,48480256.0,0.0,0.0,-1.0,-1.0,-1.0,0.0,0.0,1
0.0,45.0,41.667,-1.0,-1.0,-1.0,-1.0,-1.0,-1.0,0.0,48480256.0,0.0,0.0,-1.0,-1.0,-1.0,0.0,0.0,1
0.0,42.0,39.083,-1.0,-1.0,-1.0,-1.0,-1.0,-1.0,0.0,48480256.0,0.0,0.0,-1.0,-1.0,-1.0,0.0,0.0,1
0.0,42.0,37.084,-1.0,-1.0,-1.0,-1.0,-1.0,-1.0,0.0,48480256.0,0.0,0.0,-1.0,-1.0,-1.0,0.0,0.0,1
0.0,40.0,37.375,-1.0,-1.0,-1.0,-1.0,-1.0,-1.0,0.0,48496640.0,0.0,0.0,-1.0,-1.0,-1.0,0.0,0.0,1
0.0,44.0,39.458,-1.0,-1.0,-1.0,-1.0,-1.0,-1.0,0.0,48496640.0,0.0,0.0,-1.0,-1.0,-1.0,0.0,0.0,1
0.0,38.0,35.709,-1.0,-1.0,-1.0,-1.0,-1.0,-1.0,0.0,48496640.0,0.0,0.0,-1.0,-1.0,-1.0,0.0,0.0,1
1.0,38.0,204.708,-1.0,-1.0,-1.0,-1.0,-1.0,-1.0,0.0,48496640.0,0.0,0.0,-1.0,-1.0,-1.0,0.0,0.0,1
0.0,43.0,39.125,-1.0,-1.0,-1.0,-1.0,-1.0,-1.0,0.0,48496640.0,0.0,0.0,-1.0,-1.0,-1.0,0.0,0.0,1
0.0,32.0,30.75,-1.0,-1.0,-1.0,-1.0,-1.0,-1.0,0.0,48496640.0,0.0,0.0,-1.0,-1.0,-1.0,0.0,0.0,1
0.0,39.0,35.958,-1.0,-1.0,-1.0,-1.0,-1.0,-1.0,0.0,48496640.0,0.0,0.0,-1.0,-1.0,-1.0,0.0,0.0,1
0.0,39.0,35.292,-1.0,-1.0,-1.0,-1.0,-1.0,-1.0,0.0,48513024.0,0.0,0.0,-1.0,-1.0,-1.0,0.0,0.0,1
0.0,31.0,29.083,-1.0,-1.0,-1.0,-1.0,-1.0,-1.0,0.0,48513024.0,0.0,0.0,-1.0,-1.0,-1.0,0.0,0.0,1
0.0,34.0,31.583,-1.0,-1.0,-1.0,-1.0,-1.0,-1.0,0.0,48513024.0,0.0,0.0,-1.0,-1.0,-1.0,0.0,0.0,1
0.0,36.0,33.875,-1.0,-1.0,-1.0,-1.0,-1.0,-1.0,0.0,48513024.0,0.0,0.0,-1.0,-1.0,-1.0,0.0,0.0,1
0.0,34.0,31.25,-1.0,-1.0,-1.0,-1.0,-1.0,-1.0,0.0,48513024.0,0.0,0.0,-1.0,-1.0,-1.0,0.0,0.0,1
0.0,37.0,33.792,-1.0,-1.0,-1.0,-1.0,-1.0,-1.0,0.0,48513024.0,0.0,0.0,-1.0,-1.0,-1.0,0.0,0.0,1
0.0,35.0,31.958,-1.0,-1.0,-1.0,-1.0,-1.0,-1.0,0.0,48529408.0,0.0,0.0,-1.0,-1.0,-1.0,0.0,0.0,1
0.0,43.0,39.0,-1.0,-1.0,-1.0,-1.0,-1.0,-1.0,0.0,48529408.0,0.0,0.0,-1.0,-1.0,-1.0,0.0,0.0,1
0.0,45.0,40.0,-1.0,-1.0,-1.0,-1.0,-1.0,-1.0,0.0,48529408.0,0.0,0.0,-1.0,-1.0,-1.0,0.0,0.0,1
0.0,41.0,37.292,-1.0,-1.0,-1.0,-1.0,-1.0,-1.0,0.0,48529408.0,0.0,0.0,-1.0,-1.0,-1.0,0.0,0.0,1
0.0,37.0,34.333,-1.0,-1.0,-1.0,-1.0,-1.0,-1.0,0.0,48529408.0,0.0,0.0,-1.0,-1.0,-1.0,0.0,0.0,1
0.0,31.0,30.084,-1.0,-1.0,-1.0,-1.0,-1.0,-1.0,0.0,48529408.0,0.0,0.0,-1.0,-1.0,-1.0,0.0,0.0,1
0.0,33.0,31.416,-1.0,-1.0,-1.0,-1.0,-1.0,-1.0,0.0,48529408.0,0.0,0.0,-1.0,-1.0,-1.0,0.0,0.0,1
0.0,42.0,37.792,-1.0,-1.0,-1.0,-1.0,-1.0,-1.0,0.0,48545792.0,0.0,0.0,-1.0,-1.0,-1.0,0.0,0.0,1
0.0,34.0,28.375,-1.0,-1.0,-1.0,-1.0,-1.0,-1.0,0.0,48545792.0,0.0,0.0,-1.0,-1.0,-1.0,0.0,0.0,1
0.0,42.0,40.083,-1.0,-1.0,-1.0,-1.0,-1.0,-1.0,0.0,48545792.0,0.0,0.0,-1.0,-1.0,-1.0,0.0,0.0,1
0.0,53.0,49.75,-1.0,-1.0,-1.0,-1.0,-1.0,-1.0,0.0,48545792.0,0.0,0.0,-1.0,-1.0,-1.0,0.0,0.0,1
0.0,47.0,42.375,-1.0,-1.0,-1.0,-1.0,-1.0,-1.0,0.0,48562176.0,0.0,0.0,-1.0,-1.0,-1.0,0.0,0.0,1
0.0,33.0,31.625,-1.0,-1.0,-1.0,-1.0,-1.0,-1.0,0.0,48562176.0,0.0,0.0,-1.0,-1.0,-1.0,0.0,0.0,1
0.0,33.0,32.208,-1.0,-1.0,-1.0,-1.0,-1.0,-1.0,0.0,48562176.0,0.0,0.0,-1.0,-1.0,-1.0,0.0,0.0,1
0.0,60.0,53.375,-1.0,-1.0,-1.0,-1.0,-1.0,-1.0,0.0,48562176.0,0.0,0.0,-1.0,-1.0,-1.0,0.0,0.0,1
0.0,38.0,34.916,-1.0,-1.0,-1.0,-1.0,-1.0,-1.0,0.0,48562176.0,0.0,0.0,-1.0,-1.0,-1.0,0.0,0.0,1
0.0,38.0,35.625,-1.0,-1.0,-1.0,-1.0,-1.0,-1.0,0.0,48562176.0,0.0,0.0,-1.0,-1.0,-1.0,0.0,0.0,1
0.0,46.0,41.958,-1.0,-1.0,-1.0,-1.0,-1.0,-1.0,0.0,48562176.0,0.0,0.0,-1.0,-1.0,-1.0,0.0,0.0,1
0.0,33.0,30.75,-1.0,-1.0,-1.0,-1.0,-1.0,-1.0,0.0,48562176.0,0.0,0.0,-1.0,-1.0,-1.0,0.0,0.0,1
0.0,17.0,16.375,-1.0,-1.0,-1.0,-1.0,-1.0,-1.0,0.0,48562176.0,0.0,0.0,-1.0,-1.0,-1.0,0.0,0.0,1
0.0,40.0,35.167,-1.0,-1.0,-1.0,-1.0,-1.0,-1.0,0.0,48562176.0,0.0,0.0,-1.0,-1.0,-1.0,0.0,0.0,1
0.0,45.0,39.666,-1.0,-1.0,-1.0,-1.0,-1.0,-1.0,0.0,48578560.0,0.0,0.0,-1.0,-1.0,-1.0,0.0,0.0,1
0.0,35.0,33.583,-1.0,-1.0,-1.0,-1.0,-1.0,-1.0,0.0,48578560.0,0.0,0.0,-1.0,-1.0,-1.0,0.0,0.0,1
0.0,31.0,29.834,-1.0,-1.0,-1.0,-1.0,-1.0,-1.0,0.0,48578560.0,0.0,0.0,-1.0,-1.0,-1.0,0.0,0.0,1
0.0,51.0,45.583,-1.0,-1.0,-1.0,-1.0,-1.0,-1.0,0.0,48578560.0,0.0,0.0,-1.0,-1.0,-1.0,0.0,0.0,1
0.0,31.0,29.666,-1.0,-1.0,-1.0,-1.0,-1.0,-1.0,0.0,48578560.0,0.0,0.0,-1.0,-1.0,-1.0,0.0,0.0,1
0.0,32.0,30.417,-1.0,-1.0,-1.0,-1.0,-1.0,-1.0,0.0,48578560.0,0.0,0.0,-1.0,-1.0,-1.0,0.0,0.0,1
0.0,39.0,35.209,-1.0,-1.0,-1.0,-1.0,-1.0,-1.0,0.0,48594944.0,0.0,0.0,-1.0,-1.0,-1.0,0.0,0.0,1
0.0,38.0,35.958,-1.0,-1.0,-1.0,-1.0,-1.0,-1.0,0.0,48611328.0,0.0,0.0,-1.0,-1.0,-1.0,0.0,0.0,1
2.0,39.0,45.291,-1.0,-1.0,-1.0,-1.0,-1.0,-1.0,0.0,48611328.0,0.0,0.0,-1.0,-1.0,-1.0,0.0,0.0,1
0.0,15.0,15.333,-1.0,-1.0,-1.0,-1.0,-1.0,-1.0,0.0,48611328.0,0.0,0.0,-1.0,-1.0,-1.0,0.0,0.0,1
1.0,50.0,47.167,-1.0,-1.0,-1.0,-1.0,-1.0,-1.0,0.0,48611328.0,0.0,0.0,-1.0,-1.0,-1.0,0.0,0.0,1
0.0,49.0,44.083,-1.0,-1.0,-1.0,-1.0,-1.0,-1.0,0.0,48611328.0,0.0,0.0,-1.0,-1.0,-1.0,0.0,0.0,1
0.0,21.0,18.542,-1.0,-1.0,-1.0,-1.0,-1.0,-1.0,0.0,48611328.0,0.0,0.0,-1.0,-1.0,-1.0,0.0,0.0,1
1.0,16.0,94.666,-1.0,-1.0,-1.0,-1.0,-1.0,-1.0,0.0,48611328.0,0.0,0.0,-1.0,-1.0,-1.0,0.0,0.0,1
0.0,14.0,13.875,-1.0,-1.0,-1.0,-1.0,-1.0,-1.0,0.0,48627712.0,0.0,0.0,-1.0,-1.0,-1.0,0.0,0.0,1
0.0,85.0,73.708,-1.0,-1.0,-1.0,-1.0,-1.0,-1.0,0.0,48627712.0,0.0,0.0,-1.0,-1.0,-1.0,0.0,0.0,1
0.0,65.0,57.375,-1.0,-1.0,-1.0,-1.0,-1.0,-1.0,0.0,48644096.0,0.0,0.0,-1.0,-1.0,-1.0,0.0,0.0,1
0.0,23.0,21.708,-1.0,-1.0,-1.0,-1.0,-1.0,-1.0,0.0,48644096.0,0.0,0.0,-1.0,-1.0,-1.0,0.0,0.0,1
0.0,64.0,55.584,-1.0,-1.0,-1.0,-1.0,-1.0,-1.0,0.0,48644096.0,0.0,0.0,-1.0,-1.0,-1.0,0.0,0.0,1
0.0,54.0,47.917,-1.0,-1.0,-1.0,-1.0,-1.0,-1.0,0.0,48644096.0,0.0,0.0,-1.0,-1.0,-1.0,0.0,0.0,1
0.0,20.0,18.167,-1.0,-1.0,-1.0,-1.0,-1.0,-1.0,0.0,48644096.0,0.0,0.0,-1.0,-1.0,-1.0,0.0,0.0,1
0.0,52.0,46.792,-1.0,-1.0,-1.0,-1.0,-1.0,-1.0,0.0,48644096.0,0.0,0.0,-1.0,-1.0,-1.0,0.0,0.0,1
0.0,57.0,50.625,-1.0,-1.0,-1.0,-1.0,-1.0,-1.0,0.0,48644096.0,0.0,0.0,-1.0,-1.0,-1.0,0.0,0.0,1
0.0,68.0,59.167,-1.0,-1.0,-1.0,-1.0,-1.0,-1.0,0.0,48644096.0,0.0,0.0,-1.0,-1.0,-1.0,0.0,0.0,1
0.0,72.0,63.667,-1.0,-1.0,-1.0,-1.0,-1.0,-1.0,0.0,48660480.0,0.0,0.0,-1.0,-1.0,-1.0,0.0,0.0,1
0.0,62.0,55.542,-1.0,-1.0,-1.0,-1.0,-1.0,-1.0,0.0,48660480.0,0.0,0.0,-1.0,-1.0,-1.0,0.0,0.0,1
0.0,57.0,50.334,-1.0,-1.0,-1.0,-1.0,-1.0,-1.0,0.0,48660480.0,0.0,0.0,-1.0,-1.0,-1.0,0.0,0.0,1
1.0,67.0,58.625,-1.0,-1.0,-1.0,-1.0,-1.0,-1.0,0.0,48660480.0,0.0,0.0,-1.0,-1.0,-1.0,0.0,0.0,1
0.0,44.0,41.375,-1.0,-1.0,-1.0,-1.0,-1.0,-1.0,0.0,48660480.0,0.0,0.0,-1.0,-1.0,-1.0,0.0,0.0,1
0.0,39.0,36.375,-1.0,-1.0,-1.0,-1.0,-1.0,-1.0,0.0,48660480.0,0.0,0.0,-1.0,-1.0,-1.0,0.0,0.0,1
0.0,58.0,51.167,-1.0,-1.0,-1.0,-1.0,-1.0,-1.0,0.0,48660480.0,0.0,0.0,-1.0,-1.0,-1.0,0.0,0.0,1
0.0,34.0,31.0,-1.0,-1.0,-1.0,-1.0,-1.0,-1.0,0.0,48660480.0,0.0,0.0,-1.0,-1.0,-1.0,0.0,0.0,1
0.0,57.0,51.458,-1.0,-1.0,-1.0,-1.0,-1.0,-1.0,0.0,48660480.0,0.0,0.0,-1.0,-1.0,-1.0,0.0,0.0,1
1.0,53.0,137.125,-1.0,-1.0,-1.0,-1.0,-1.0,-1.0,0.0,48660480.0,0.0,0.0,-1.0,-1.0,-1.0,0.0,0.0,1
0.0,42.0,38.709,-1.0,-1.0,-1.0,-1.0,-1.0,-1.0,0.0,48660480.0,0.0,0.0,-1.0,-1.0,-1.0,0.0,0.0,1
0.0,41.0,37.875,-1.0,-1.0,-1.0,-1.0,-1.0,-1.0,0.0,48660480.0,0.0,0.0,-1.0,-1.0,-1.0,0.0,0.0,1
0.0,49.0,44.458,-1.0,-1.0,-1.0,-1.0,-1.0,-1.0,0.0,48660480.0,0.0,0.0,-1.0,-1.0,-1.0,0.0,0.0,1
0.0,25.0,22.167,-1.0,-1.0,-1.0,-1.0,-1.0,-1.0,0.0,48660480.0,0.0,0.0,-1.0,-1.0,-1.0,0.0,0.0,1
0.0,16.0,14.666,-1.0,-1.0,-1.0,-1.0,-1.0,-1.0,0.0,48660480.0,0.0,0.0,-1.0,-1.0,-1.0,0.0,0.0,1
0.0,21.0,18.458,-1.0,-1.0,-1.0,-1.0,-1.0,-1.0,0.0,48660480.0,0.0,0.0,-1.0,-1.0,-1.0,0.0,0.0,1
0.0,16.0,16.083,-1.0,-1.0,-1.0,-1.0,-1.0,-1.0,0.0,48660480.0,0.0,0.0,-1.0,-1.0,-1.0,0.0,0.0,1
0.0,15.0,15.542,-1.0,-1.0,-1.0,-1.0,-1.0,-1.0,0.0,48676864.0,0.0,0.0,-1.0,-1.0,-1.0,0.0,0.0,1
1.0,19.0,98.917,-1.0,-1.0,-1.0,-1.0,-1.0,-1.0,0.0,48676864.0,0.0,0.0,-1.0,-1.0,-1.0,0.0,0.0,1
0.0,91.0,85.917,-1.0,-1.0,-1.0,-1.0,-1.0,-1.0,0.0,48693248.0,0.0,0.0,-1.0,-1.0,-1.0,0.0,0.0,1
0.0,23.0,21.917,-1.0,-1.0,-1.0,-1.0,-1.0,-1.0,0.0,48693248.0,0.0,0.0,-1.0,-1.0,-1.0,0.0,0.0,1
0.0,61.0,57.292,-1.0,-1.0,-1.0,-1.0,-1.0,-1.0,0.0,48693248.0,0.0,0.0,-1.0,-1.0,-1.0,0.0,0.0,1
1.0,107.0,107.917,-1.0,-1.0,-1.0,-1.0,-1.0,-1.0,0.0,48709632.0,0.0,0.0,-1.0,-1.0,-1.0,0.0,0.0,1
0.0,71.0,64.041,-1.0,-1.0,-1.0,-1.0,-1.0,-1.0,0.0,48709632.0,0.0,0.0,-1.0,-1.0,-1.0,0.0,0.0,1
0.0,47.0,42.75,-1.0,-1.0,-1.0,-1.0,-1.0,-1.0,0.0,48709632.0,0.0,0.0,-1.0,-1.0,-1.0,0.0,0.0,1
1.0,56.0,288.541,-1.0,-1.0,-1.0,-1.0,-1.0,-1.0,0.0,48709632.0,0.0,0.0,-1.0,-1.0,-1.0,0.0,0.0,1
1.0,75.0,82.958,-1.0,-1.0,-1.0,-1.0,-1.0,-1.0,0.0,48709632.0,0.0,0.0,-1.0,-1.0,-1.0,0.0,0.0,1
0.0,57.0,50.916,-1.0,-1.0,-1.0,-1.0,-1.0,-1.0,0.0,48709632.0,0.0,0.0,-1.0,-1.0,-1.0,0.0,0.0,1
0.0,37.0,34.292,-1.0,-1.0,-1.0,-1.0,-1.0,-1.0,0.0,48726016.0,0.0,0.0,-1.0,-1.0,-1.0,0.0,0.0,1
0.0,39.0,36.417,-1.0,-1.0,-1.0,-1.0,-1.0,-1.0,0.0,48726016.0,0.0,0.0,-1.0,-1.0,-1.0,0.0,0.0,1
1.0,37.0,121.5,-1.0,-1.0,-1.0,-1.0,-1.0,-1.0,0.0,48726016.0,0.0,0.0,-1.0,-1.0,-1.0,0.0,0.0,1
3.0,49.0,68.667,-1.0,-1.0,-1.0,-1.0,-1.0,-1.0,0.0,48726016.0,0.0,0.0,-1.0,-1.0,-1.0,0.0,0.0,1
4.0,43.0,78.667,-1.0,-1.0,-1.0,-1.0,-1.0,-1.0,0.0,48726016.0,0.0,0.0,-1.0,-1.0,-1.0,0.0,0.0,1
0.0,16.0,15.542,-1.0,-1.0,-1.0,-1.0,-1.0,-1.0,0.0,48726016.0,0.0,0.0,-1.0,-1.0,-1.0,0.0,0.0,1
0.0,14.0,13.625,-1.0,-1.0,-1.0,-1.0,-1.0,-1.0,0.0,48742400.0,0.0,0.0,-1.0,-1.0,-1.0,0.0,0.0,1
3.0,69.0,309.709,-1.0,-1.0,-1.0,-1.0,-1.0,-1.0,0.0,48742400.0,0.0,0.0,-1.0,-1.0,-1.0,0.0,0.0,1
2.0,23.0,95.375,-1.0,-1.0,-1.0,-1.0,-1.0,-1.0,0.0,48742400.0,0.0,0.0,-1.0,-1.0,-1.0,0.0,0.0,1
2.0,66.0,170.625,-1.0,-1.0,-1.0,-1.0,-1.0,-1.0,0.0,48742400.0,0.0,0.0,-1.0,-1.0,-1.0,0.0,0.0,1
0.0,51.0,46.583,-1.0,-1.0,-1.0,-1.0,-1.0,-1.0,0.0,48742400.0,0.0,0.0,-1.0,-1.0,-1.0,0.0,0.0,1
0.0,54.0,48.625,-1.0,-1.0,-1.0,-1.0,-1.0,-1.0,0.0,48742400.0,0.0,0.0,-1.0,-1.0,-1.0,0.0,0.0,1
0.0,21.0,19.375,-1.0,-1.0,-1.0,-1.0,-1.0,-1.0,0.0,48742400.0,0.0,0.0,-1.0,-1.0,-1.0,0.0,0.0,1
1.0,19.0,133.625,-1.0,-1.0,-1.0,-1.0,-1.0,-1.0,0.0,48742400.0,0.0,0.0,-1.0,-1.0,-1.0,0.0,0.0,1
0.0,73.0,65.542,-1.0,-1.0,-1.0,-1.0,-1.0,-1.0,0.0,48742400.0,0.0,0.0,-1.0,-1.0,-1.0,0.0,0.0,1
0.0,24.0,20.791,-1.0,-1.0,-1.0,-1.0,-1.0,-1.0,0.0,48742400.0,0.0,0.0,-1.0,-1.0,-1.0,0.0,0.0,1
0.0,77.0,69.125,-1.0,-1.0,-1.0,-1.0,-1.0,-1.0,0.0,48742400.0,0.0,0.0,-1.0,-1.0,-1.0,0.0,0.0,1
2.0,26.0,82.416,-1.0,-1.0,-1.0,-1.0,-1.0,-1.0,0.0,48742400.0,0.0,0.0,-1.0,-1.0,-1.0,0.0,0.0,1
0.0,59.0,52.5,-1.0,-1.0,-1.0,-1.0,-1.0,-1.0,0.0,48742400.0,0.0,0.0,-1.0,-1.0,-1.0,0.0,0.0,1
0.0,63.0,59.459,-1.0,-1.0,-1.0,-1.0,-1.0,-1.0,0.0,48758784.0,0.0,0.0,-1.0,-1.0,-1.0,0.0,0.0,1
1.0,63.0,181.125,-1.0,-1.0,-1.0,-1.0,-1.0,-1.0,0.0,48758784.0,0.0,0.0,-1.0,-1.0,-1.0,0.0,0.0,1
0.0,65.0,59.667,-1.0,-1.0,-1.0,-1.0,-1.0,-1.0,0.0,48758784.0,0.0,0.0,-1.0,-1.0,-1.0,0.0,0.0,1
0.0,49.0,46.959,-1.0,-1.0,-1.0,-1.0,-1.0,-1.0,0.0,48758784.0,0.0,0.0,-1.0,-1.0,-1.0,0.0,0.0,1
3.0,35.0,107.333,-1.0,-1.0,-1.0,-1.0,-1.0,-1.0,0.0,48775168.0,0.0,0.0,-1.0,-1.0,-1.0,0.0,0.0,1
3.0,31.0,1168.5,-1.0,-1.0,-1.0,-1.0,-1.0,-1.0,0.0,48775168.0,0.0,0.0,-1.0,-1.0,-1.0,0.0,0.0,1
1.0,81.0,155.917,-1.0,-1.0,-1.0,-1.0,-1.0,-1.0,0.0,48775168.0,0.0,0.0,-1.0,-1.0,-1.0,0.0,0.0,1
0.0,24.0,23.167,-1.0,-1.0,-1.0,-1.0,-1.0,-1.0,0.0,48775168.0,0.0,0.0,-1.0,-1.0,-1.0,0.0,0.0,1
0.0,82.0,74.375,-1.0,-1.0,-1.0,-1.0,-1.0,-1.0,0.0,48775168.0,0.0,0.0,-1.0,-1.0,-1.0,0.0,0.0,1
0.0,20.0,19.375,-1.0,-1.0,-1.0,-1.0,-1.0,-1.0,0.0,48775168.0,0.0,0.0,-1.0,-1.0,-1.0,0.0,0.0,1
0.0,15.0,15.542,-1.0,-1.0,-1.0,-1.0,-1.0,-1.0,0.0,48775168.0,0.0,0.0,-1.0,-1.0,-1.0,0.0,0.0,1
0.0,82.0,74.708,-1.0,-1.0,-1.0,-1.0,-1.0,-1.0,0.0,48775168.0,0.0,0.0,-1.0,-1.0,-1.0,0.0,0.0,1
0.0,57.0,52.959,-1.0,-1.0,-1.0,-1.0,-1.0,-1.0,0.0,48775168.0,0.0,0.0,-1.0,-1.0,-1.0,0.0,0.0,1
0.0,42.0,39.375,-1.0,-1.0,-1.0,-1.0,-1.0,-1.0,0.0,48775168.0,0.0,0.0,-1.0,-1.0,-1.0,0.0,0.0,1
0.0,20.0,18.625,-1.0,-1.0,-1.0,-1.0,-1.0,-1.0,0.0,48775168.0,0.0,0.0,-1.0,-1.0,-1.0,0.0,0.0,1
0.0,13.0,13.417,-1.0,-1.0,-1.0,-1.0,-1.0,-1.0,0.0,48791552.0,0.0,0.0,-1.0,-1.0,-1.0,0.0,0.0,1
0.0,71.0,67.667,-1.0,-1.0,-1.0,-1.0,-1.0,-1.0,0.0,48791552.0,0.0,0.0,-1.0,-1.0,-1.0,0.0,0.0,1
1.0,80.0,297.125,-1.0,-1.0,-1.0,-1.0,-1.0,-1.0,0.0,48807936.0,0.0,0.0,-1.0,-1.0,-1.0,0.0,0.0,1
0.0,67.0,60.5,-1.0,-1.0,-1.0,-1.0,-1.0,-1.0,0.0,48807936.0,0.0,0.0,-1.0,-1.0,-1.0,0.0,0.0,1
0.0,62.0,55.625,-1.0,-1.0,-1.0,-1.0,-1.0,-1.0,0.0,48807936.0,0.0,0.0,-1.0,-1.0,-1.0,0.0,0.0,1
0.0,43.0,37.458,-1.0,-1.0,-1.0,-1.0,-1.0,-1.0,0.0,48807936.0,0.0,0.0,-1.0,-1.0,-1.0,0.0,0.0,1
0.0,43.0,41.125,-1.0,-1.0,-1.0,-1.0,-1.0,-1.0,0.0,48824320.0,0.0,0.0,-1.0,-1.0,-1.0,0.0,0.0,1
0.0,81.0,73.917,-1.0,-1.0,-1.0,-1.0,-1.0,-1.0,0.0,48824320.0,0.0,0.0,-1.0,-1.0,-1.0,0.0,0.0,1
0.0,71.0,64.917,-1.0,-1.0,-1.0,-1.0,-1.0,-1.0,0.0,48824320.0,0.0,0.0,-1.0,-1.0,-1.0,0.0,0.0,1
0.0,57.0,51.875,-1.0,-1.0,-1.0,-1.0,-1.0,-1.0,0.0,48824320.0,0.0,0.0,-1.0,-1.0,-1.0,0.0,0.0,1
4.0,83.0,146.875,-1.0,-1.0,-1.0,-1.0,-1.0,-1.0,0.0,48824320.0,0.0,0.0,-1.0,-1.0,-1.0,0.0,0.0,1
0.0,47.0,45.625,-1.0,-1.0,-1.0,-1.0,-1.0,-1.0,0.0,48824320.0,0.0,0.0,-1.0,-1.0,-1.0,0.0,0.0,1
4.0,101.0,179.75,-1.0,-1.0,-1.0,-1.0,-1.0,-1.0,0.0,48824320.0,0.0,0.0,-1.0,-1.0,-1.0,0.0,0.0,1
0.0,27.0,25.042,-1.0,-1.0,-1.0,-1.0,-1.0,-1.0,0.0,48840704.0,0.0,0.0,-1.0,-1.0,-1.0,0.0,0.0,1
0.0,94.0,86.5,-1.0,-1.0,-1.0,-1.0,-1.0,-1.0,0.0,48857088.0,0.0,0.0,-1.0,-1.0,-1.0,0.0,0.0,1
0.0,61.0,56.25,-1.0,-1.0,-1.0,-1.0,-1.0,-1.0,0.0,48857088.0,0.0,0.0,-1.0,-1.0,-1.0,0.0,0.0,1
0.0,50.0,45.917,-1.0,-1.0,-1.0,-1.0,-1.0,-1.0,0.0,48857088.0,0.0,0.0,-1.0,-1.0,-1.0,0.0,0.0,1
0.0,50.0,44.791,-1.0,-1.0,-1.0,-1.0,-1.0,-1.0,0.0,48857088.0,0.0,0.0,-1.0,-1.0,-1.0,0.0,0.0,1
0.0,25.0,23.292,-1.0,-1.0,-1.0,-1.0,-1.0,-1.0,0.0,48857088.0,0.0,0.0,-1.0,-1.0,-1.0,0.0,0.0,1
0.0,68.0,62.041,-1.0,-1.0,-1.0,-1.0,-1.0,-1.0,0.0,48857088.0,0.0,0.0,-1.0,-1.0,-1.0,0.0,0.0,1
0.0,17.0,15.667,-1.0,-1.0,-1.0,-1.0,-1.0,-1.0,0.0,48857088.0,0.0,0.0,-1.0,-1.0,-1.0,0.0,0.0,1
0.0,78.0,71.667,-1.0,-1.0,-1.0,-1.0,-1.0,-1.0,0.0,48857088.0,0.0,0.0,-1.0,-1.0,-1.0,0.0,0.0,1
0.0,53.0,47.917,-1.0,-1.0,-1.0,-1.0,-1.0,-1.0,0.0,48857088.0,0.0,0.0,-1.0,-1.0,-1.0,0.0,0.0,1
1.0,24.0,128.208,-1.0,-1.0,-1.0,-1.0,-1.0,-1.0,0.0,48873472.0,0.0,0.0,-1.0,-1.0,-1.0,0.0,0.0,1
0.0,14.0,13.458,-1.0,-1.0,-1.0,-1.0,-1.0,-1.0,0.0,48873472.0,0.0,0.0,-1.0,-1.0,-1.0,0.0,0.0,1
0.0,17.0,15.583,-1.0,-1.0,-1.0,-1.0,-1.0,-1.0,0.0,48873472.0,0.0,0.0,-1.0,-1.0,-1.0,0.0,0.0,1
0.0,15.0,14.583,-1.0,-1.0,-1.0,-1.0,-1.0,-1.0,0.0,48873472.0,0.0,0.0,-1.0,-1.0,-1.0,0.0,0.0,1
2.0,58.0,154.916,-1.0,-1.0,-1.0,-1.0,-1.0,-1.0,0.0,48873472.0,0.0,0.0,-1.0,-1.0,-1.0,0.0,0.0,1
1.0,29.0,35.666,-1.0,-1.0,-1.0,-1.0,-1.0,-1.0,0.0,48873472.0,0.0,0.0,-1.0,-1.0,-1.0,0.0,0.0,1
1.0,24.0,27.708,-1.0,-1.0,-1.0,-1.0,-1.0,-1.0,0.0,48873472.0,0.0,0.0,-1.0,-1.0,-1.0,0.0,0.0,1
1.0,25.0,62.959,-1.0,-1.0,-1.0,-1.0,-1.0,-1.0,0.0,48873472.0,0.0,0.0,-1.0,-1.0,-1.0,0.0,0.0,1
1.0,105.0,100.166,-1.0,-1.0,-1.0,-1.0,-1.0,-1.0,0.0,48873472.0,0.0,0.0,-1.0,-1.0,-1.0,0.0,0.0,1
2.0,29.0,125.209,-1.0,-1.0,-1.0,-1.0,-1.0,-1.0,0.0,48873472.0,0.0,0.0,-1.0,-1.0,-1.0,0.0,0.0,1
1.0,17.0,95.708,-1.0,-1.0,-1.0,-1.0,-1.0,-1.0,0.0,48873472.0,0.0,0.0,-1.0,-1.0,-1.0,0.0,0.0,1
0.0,82.0,74.708,-1.0,-1.0,-1.0,-1.0,-1.0,-1.0,0.0,48873472.0,0.0,0.0,-1.0,-1.0,-1.0,0.0,0.0,1
0.0,41.0,36.834,-1.0,-1.0,-1.0,-1.0,-1.0,-1.0,0.0,48873472.0,0.0,0.0,-1.0,-1.0,-1.0,0.0,0.0,1
0.0,20.0,19.208,-1.0,-1.0,-1.0,-1.0,-1.0,-1.0,0.0,48873472.0,0.0,0.0,-1.0,-1.0,-1.0,0.0,0.0,1
0.0,89.0,81.125,-1.0,-1.0,-1.0,-1.0,-1.0,-1.0,0.0,48873472.0,0.0,0.0,-1.0,-1.0,-1.0,0.0,0.0,1
0.0,75.0,68.625,-1.0,-1.0,-1.0,-1.0,-1.0,-1.0,0.0,48873472.0,0.0,0.0,-1.0,-1.0,-1.0,0.0,0.0,1
3.0,48.0,90.875,-1.0,-1.0,-1.0,-1.0,-1.0,-1.0,0.0,48889856.0,0.0,0.0,-1.0,-1.0,-1.0,0.0,0.0,1
2.0,93.0,181.625,-1.0,-1.0,-1.0,-1.0,-1.0,-1.0,0.0,48922624.0,0.0,0.0,-1.0,-1.0,-1.0,0.0,0.0,1
0.0,75.0,69.667,-1.0,-1.0,-1.0,-1.0,-1.0,-1.0,0.0,48922624.0,0.0,0.0,-1.0,-1.0,-1.0,0.0,0.0,1
4.0,46.0,425.5,-1.0,-1.0,-1.0,-1.0,-1.0,-1.0,0.0,48939008.0,0.0,0.0,-1.0,-1.0,-1.0,0.0,0.0,1
1.0,22.0,90.583,-1.0,-1.0,-1.0,-1.0,-1.0,-1.0,0.0,48939008.0,0.0,0.0,-1.0,-1.0,-1.0,0.0,0.0,1
1.0,18.0,230.583,-1.0,-1.0,-1.0,-1.0,-1.0,-1.0,0.0,48939008.0,0.0,0.0,-1.0,-1.0,-1.0,0.0,0.0,1
0.0,14.0,13.833,-1.0,-1.0,-1.0,-1.0,-1.0,-1.0,0.0,48939008.0,0.0,0.0,-1.0,-1.0,-1.0,0.0,0.0,1
1.0,82.0,136.292,-1.0,-1.0,-1.0,-1.0,-1.0,-1.0,0.0,48939008.0,0.0,0.0,-1.0,-1.0,-1.0,0.0,0.0,1
2.0,25.0,104.375,-1.0,-1.0,-1.0,-1.0,-1.0,-1.0,0.0,48939008.0,0.0,0.0,-1.0,-1.0,-1.0,0.0,0.0,1
0.0,95.0,88.834,-1.0,-1.0,-1.0,-1.0,-1.0,-1.0,0.0,48939008.0,0.0,0.0,-1.0,-1.0,-1.0,0.0,0.0,1
0.0,20.0,19.041,-1.0,-1.0,-1.0,-1.0,-1.0,-1.0,0.0,48939008.0,0.0,0.0,-1.0,-1.0,-1.0,0.0,0.0,1
0.0,14.0,13.583,-1.0,-1.0,-1.0,-1.0,-1.0,-1.0,0.0,48939008.0,0.0,0.0,-1.0,-1.0,-1.0,0.0,0.0,1
0.0,79.0,72.0,-1.0,-1.0,-1.0,-1.0,-1.0,-1.0,0.0,48939008.0,0.0,0.0,-1.0,-1.0,-1.0,0.0,0.0,1
0.0,18.0,17.458,-1.0,-1.0,-1.0,-1.0,-1.0,-1.0,0.0,48939008.0,0.0,0.0,-1.0,-1.0,-1.0,0.0,0.0,1
0.0,58.0,51.416,-1.0,-1.0,-1.0,-1.0,-1.0,-1.0,0.0,48939008.0,0.0,0.0,-1.0,-1.0,-1.0,0.0,0.0,1
0.0,24.0,21.542,-1.0,-1.0,-1.0,-1.0,-1.0,-1.0,0.0,48939008.0,0.0,0.0,-1.0,-1.0,-1.0,0.0,0.0,1
5.0,51.0,141.708,-1.0,-1.0,-1.0,-1.0,-1.0,-1.0,0.0,48939008.0,0.0,0.0,-1.0,-1.0,-1.0,0.0,0.0,1
0.0,54.0,52.542,-1.0,-1.0,-1.0,-1.0,-1.0,-1.0,0.0,48939008.0,0.0,0.0,-1.0,-1.0,-1.0,0.0,0.0,1
0.0,52.0,48.042,-1.0,-1.0,-1.0,-1.0,-1.0,-1.0,0.0,48955392.0,0.0,0.0,-1.0,-1.0,-1.0,0.0,0.0,1
0.0,19.0,17.75,-1.0,-1.0,-1.0,-1.0,-1.0,-1.0,0.0,48955392.0,0.0,0.0,-1.0,-1.0,-1.0,0.0,0.0,1
0.0,54.0,47.542,-1.0,-1.0,-1.0,-1.0,-1.0,-1.0,0.0,48955392.0,0.0,0.0,-1.0,-1.0,-1.0,0.0,0.0,1
0.0,20.0,18.667,-1.0,-1.0,-1.0,-1.0,-1.0,-1.0,0.0,48955392.0,0.0,0.0,-1.0,-1.0,-1.0,0.0,0.0,1
0.0,60.0,52.833,-1.0,-1.0,-1.0,-1.0,-1.0,-1.0,0.0,48955392.0,0.0,0.0,-1.0,-1.0,-1.0,0.0,0.0,1
0.0,38.0,35.292,-1.0,-1.0,-1.0,-1.0,-1.0,-1.0,0.0,48955392.0,0.0,0.0,-1.0,-1.0,-1.0,0.0,0.0,1
0.0,22.0,20.75,-1.0,-1.0,-1.0,-1.0,-1.0,-1.0,0.0,48955392.0,0.0,0.0,-1.0,-1.0,-1.0,0.0,0.0,1
0.0,16.0,15.334,-1.0,-1.0,-1.0,-1.0,-1.0,-1.0,0.0,48955392.0,0.0,0.0,-1.0,-1.0,-1.0,0.0,0.0,1
0.0,79.0,71.25,-1.0,-1.0,-1.0,-1.0,-1.0,-1.0,0.0,48955392.0,0.0,0.0,-1.0,-1.0,-1.0,0.0,0.0,1
0.0,17.0,17.208,-1.0,-1.0,-1.0,-1.0,-1.0,-1.0,0.0,48955392.0,0.0,0.0,-1.0,-1.0,-1.0,0.0,0.0,1
0.0,68.0,61.0,-1.0,-1.0,-1.0,-1.0,-1.0,-1.0,0.0,48955392.0,0.0,0.0,-1.0,-1.0,-1.0,0.0,0.0,1
0.0,30.0,25.375,-1.0,-1.0,-1.0,-1.0,-1.0,-1.0,0.0,48955392.0,0.0,0.0,-1.0,-1.0,-1.0,0.0,0.0,1
0.0,52.0,47.792,-1.0,-1.0,-1.0,-1.0,-1.0,-1.0,0.0,48955392.0,0.0,0.0,-1.0,-1.0,-1.0,0.0,0.0,1
0.0,28.0,24.916,-1.0,-1.0,-1.0,-1.0,-1.0,-1.0,0.0,48971776.0,0.0,0.0,-1.0,-1.0,-1.0,0.0,0.0,1
0.0,23.0,21.125,-1.0,-1.0,-1.0,-1.0,-1.0,-1.0,0.0,48971776.0,0.0,0.0,-1.0,-1.0,-1.0,0.0,0.0,1
2.0,67.0,1798.709,-1.0,-1.0,-1.0,-1.0,-1.0,-1.0,0.0,48971776.0,0.0,0.0,-1.0,-1.0,-1.0,0.0,0.0,1
0.0,17.0,16.125,-1.0,-1.0,-1.0,-1.0,-1.0,-1.0,0.0,48971776.0,0.0,0.0,-1.0,-1.0,-1.0,0.0,0.0,1
0.0,79.0,72.292,-1.0,-1.0,-1.0,-1.0,-1.0,-1.0,0.0,48988160.0,0.0,0.0,-1.0,-1.0,-1.0,0.0,0.0,1
0.0,22.0,21.0,-1.0,-1.0,-1.0,-1.0,-1.0,-1.0,0.0,49004544.0,0.0,0.0,-1.0,-1.0,-1.0,0.0,0.0,1
0.0,15.0,13.959,-1.0,-1.0,-1.0,-1.0,-1.0,-1.0,0.0,49004544.0,0.0,0.0,-1.0,-1.0,-1.0,0.0,0.0,1
0.0,75.0,66.667,-1.0,-1.0,-1.0,-1.0,-1.0,-1.0,0.0,49004544.0,0.0,0.0,-1.0,-1.0,-1.0,0.0,0.0,1
0.0,50.0,45.25,-1.0,-1.0,-1.0,-1.0,-1.0,-1.0,0.0,49004544.0,0.0,0.0,-1.0,-1.0,-1.0,0.0,0.0,1
0.0,18.0,17.458,-1.0,-1.0,-1.0,-1.0,-1.0,-1.0,0.0,49004544.0,0.0,0.0,-1.0,-1.0,-1.0,0.0,0.0,1
0.0,81.0,71.292,-1.0,-1.0,-1.0,-1.0,-1.0,-1.0,0.0,49020928.0,0.0,0.0,-1.0,-1.0,-1.0,0.0,0.0,1
0.0,65.0,58.583,-1.0,-1.0,-1.0,-1.0,-1.0,-1.0,0.0,49020928.0,0.0,0.0,-1.0,-1.0,-1.0,0.0,0.0,1
0.0,18.0,18.125,-1.0,-1.0,-1.0,-1.0,-1.0,-1.0,0.0,49020928.0,0.0,0.0,-1.0,-1.0,-1.0,0.0,0.0,1
0.0,72.0,64.042,-1.0,-1.0,-1.0,-1.0,-1.0,-1.0,0.0,49020928.0,0.0,0.0,-1.0,-1.0,-1.0,0.0,0.0,1
0.0,66.0,59.125,-1.0,-1.0,-1.0,-1.0,-1.0,-1.0,0.0,49020928.0,0.0,0.0,-1.0,-1.0,-1.0,0.0,0.0,1
0.0,21.0,19.416,-1.0,-1.0,-1.0,-1.0,-1.0,-1.0,0.0,49020928.0,0.0,0.0,-1.0,-1.0,-1.0,0.0,0.0,1
0.0,15.0,14.5,-1.0,-1.0,-1.0,-1.0,-1.0,-1.0,0.0,49020928.0,0.0,0.0,-1.0,-1.0,-1.0,0.0,0.0,1
0.0,14.0,13.666,-1.0,-1.0,-1.0,-1.0,-1.0,-1.0,0.0,49020928.0,0.0,0.0,-1.0,-1.0,-1.0,0.0,0.0,1
0.0,101.0,91.542,-1.0,-1.0,-1.0,-1.0,-1.0,-1.0,0.0,49020928.0,0.0,0.0,-1.0,-1.0,-1.0,0.0,0.0,1
2.0,41.0,150.791,-1.0,-1.0,-1.0,-1.0,-1.0,-1.0,0.0,49020928.0,0.0,0.0,-1.0,-1.0,-1.0,0.0,0.0,1
0.0,54.0,50.083,-1.0,-1.0,-1.0,-1.0,-1.0,-1.0,0.0,49020928.0,0.0,0.0,-1.0,-1.0,-1.0,0.0,0.0,1
0.0,61.0,55.209,-1.0,-1.0,-1.0,-1.0,-1.0,-1.0,0.0,49037312.0,0.0,0.0,-1.0,-1.0,-1.0,0.0,0.0,1
1.0,26.0,26.792,-1.0,-1.0,-1.0,-1.0,-1.0,-1.0,0.0,49037312.0,0.0,0.0,-1.0,-1.0,-1.0,0.0,0.0,1
0.0,67.0,61.167,-1.0,-1.0,-1.0,-1.0,-1.0,-1.0,0.0,49037312.0,0.0,0.0,-1.0,-1.0,-1.0,0.0,0.0,1
0.0,56.0,50.125,-1.0,-1.0,-1.0,-1.0,-1.0,-1.0,0.0,49037312.0,0.0,0.0,-1.0,-1.0,-1.0,0.0,0.0,1
0.0,50.0,45.417,-1.0,-1.0,-1.0,-1.0,-1.0,-1.0,0.0,49037312.0,0.0,0.0,-1.0,-1.0,-1.0,0.0,0.0,1
0.0,43.0,38.875,-1.0,-1.0,-1.0,-1.0,-1.0,-1.0,0.0,49037312.0,0.0,0.0,-1.0,-1.0,-1.0,0.0,0.0,1
1.0,47.0,46.333,-1.0,-1.0,-1.0,-1.0,-1.0,-1.0,0.0,49037312.0,0.0,0.0,-1.0,-1.0,-1.0,0.0,0.0,1
0.0,37.0,33.958,-1.0,-1.0,-1.0,-1.0,-1.0,-1.0,0.0,49053696.0,0.0,0.0,-1.0,-1.0,-1.0,0.0,0.0,1
0.0,53.0,48.084,-1.0,-1.0,-1.0,-1.0,-1.0,-1.0,0.0,49053696.0,0.0,0.0,-1.0,-1.0,-1.0,0.0,0.0,1
0.0,27.0,23.75,-1.0,-1.0,-1.0,-1.0,-1.0,-1.0,0.0,49053696.0,0.0,0.0,-1.0,-1.0,-1.0,0.0,0.0,1
0.0,63.0,56.291,-1.0,-1.0,-1.0,-1.0,-1.0,-1.0,0.0,49053696.0,0.0,0.0,-1.0,-1.0,-1.0,0.0,0.0,1
0.0,71.0,64.667,-1.0,-1.0,-1.0,-1.0,-1.0,-1.0,0.0,49053696.0,0.0,0.0,-1.0,-1.0,-1.0,0.0,0.0,1
0.0,45.0,41.833,-1.0,-1.0,-1.0,-1.0,-1.0,-1.0,0.0,49053696.0,0.0,0.0,-1.0,-1.0,-1.0,0.0,0.0,1
0.0,33.0,32.417,-1.0,-1.0,-1.0,-1.0,-1.0,-1.0,0.0,49053696.0,0.0,0.0,-1.0,-1.0,-1.0,0.0,0.0,1
0.0,35.0,32.75,-1.0,-1.0,-1.0,-1.0,-1.0,-1.0,0.0,49053696.0,0.0,0.0,-1.0,-1.0,-1.0,0.0,0.0,1
0.0,17.0,15.459,-1.0,-1.0,-1.0,-1.0,-1.0,-1.0,0.0,49053696.0,0.0,0.0,-1.0,-1.0,-1.0,0.0,0.0,1
0.0,59.0,49.292,-1.0,-1.0,-1.0,-1.0,-1.0,-1.0,0.0,49053696.0,0.0,0.0,-1.0,-1.0,-1.0,0.0,0.0,1
0.0,41.0,37.125,-1.0,-1.0,-1.0,-1.0,-1.0,-1.0,0.0,49070080.0,0.0,0.0,-1.0,-1.0,-1.0,0.0,0.0,1
0.0,46.0,42.458,-1.0,-1.0,-1.0,-1.0,-1.0,-1.0,0.0,49070080.0,0.0,0.0,-1.0,-1.0,-1.0,0.0,0.0,1
0.0,46.0,41.666,-1.0,-1.0,-1.0,-1.0,-1.0,-1.0,0.0,49070080.0,0.0,0.0,-1.0,-1.0,-1.0,0.0,0.0,1
0.0,43.0,38.083,-1.0,-1.0,-1.0,-1.0,-1.0,-1.0,0.0,49070080.0,0.0,0.0,-1.0,-1.0,-1.0,0.0,0.0,1
0.0,39.0,36.167,-1.0,-1.0,-1.0,-1.0,-1.0,-1.0,0.0,49086464.0,0.0,0.0,-1.0,-1.0,-1.0,0.0,0.0,1
0.0,32.0,30.417,-1.0,-1.0,-1.0,-1.0,-1.0,-1.0,0.0,49086464.0,0.0,0.0,-1.0,-1.0,-1.0,0.0,0.0,1
0.0,36.0,34.375,-1.0,-1.0,-1.0,-1.0,-1.0,-1.0,0.0,49086464.0,0.0,0.0,-1.0,-1.0,-1.0,0.0,0.0,1
0.0,41.0,35.292,-1.0,-1.0,-1.0,-1.0,-1.0,-1.0,0.0,49086464.0,0.0,0.0,-1.0,-1.0,-1.0,0.0,0.0,1
0.0,41.0,37.709,-1.0,-1.0,-1.0,-1.0,-1.0,-1.0,0.0,49086464.0,0.0,0.0,-1.0,-1.0,-1.0,0.0,0.0,1
0.0,47.0,43.542,-1.0,-1.0,-1.0,-1.0,-1.0,-1.0,0.0,49086464.0,0.0,0.0,-1.0,-1.0,-1.0,0.0,0.0,1
0.0,24.0,22.375,-1.0,-1.0,-1.0,-1.0,-1.0,-1.0,0.0,49086464.0,0.0,0.0,-1.0,-1.0,-1.0,0.0,0.0,1
0.0,48.0,43.833,-1.0,-1.0,-1.0,-1.0,-1.0,-1.0,0.0,49086464.0,0.0,0.0,-1.0,-1.0,-1.0,0.0,0.0,1
0.0,58.0,53.541,-1.0,-1.0,-1.0,-1.0,-1.0,-1.0,0.0,49102848.0,0.0,0.0,-1.0,-1.0,-1.0,0.0,0.0,1
0.0,37.0,34.792,-1.0,-1.0,-1.0,-1.0,-1.0,-1.0,0.0,49102848.0,0.0,0.0,-1.0,-1.0,-1.0,0.0,0.0,1
0.0,39.0,35.75,-1.0,-1.0,-1.0,-1.0,-1.0,-1.0,0.0,49102848.0,0.0,0.0,-1.0,-1.0,-1.0,0.0,0.0,1
0.0,20.0,18.958,-1.0,-1.0,-1.0,-1.0,-1.0,-1.0,0.0,49102848.0,0.0,0.0,-1.0,-1.0,-1.0,0.0,0.0,1
0.0,42.0,38.833,-1.0,-1.0,-1.0,-1.0,-1.0,-1.0,0.0,49102848.0,0.0,0.0,-1.0,-1.0,-1.0,0.0,0.0,1
0.0,23.0,21.333,-1.0,-1.0,-1.0,-1.0,-1.0,-1.0,0.0,49119232.0,0.0,0.0,-1.0,-1.0,-1.0,0.0,0.0,1
0.0,61.0,52.792,-1.0,-1.0,-1.0,-1.0,-1.0,-1.0,0.0,49119232.0,0.0,0.0,-1.0,-1.0,-1.0,0.0,0.0,1
0.0,52.0,46.833,-1.0,-1.0,-1.0,-1.0,-1.0,-1.0,0.0,49135616.0,0.0,0.0,-1.0,-1.0,-1.0,0.0,0.0,1
0.0,52.0,46.458,-1.0,-1.0,-1.0,-1.0,-1.0,-1.0,0.0,49135616.0,0.0,0.0,-1.0,-1.0,-1.0,0.0,0.0,1
0.0,20.0,19.041,-1.0,-1.0,-1.0,-1.0,-1.0,-1.0,0.0,49135616.0,0.0,0.0,-1.0,-1.0,-1.0,0.0,0.0,1
0.0,68.0,61.042,-1.0,-1.0,-1.0,-1.0,-1.0,-1.0,0.0,49135616.0,0.0,0.0,-1.0,-1.0,-1.0,0.0,0.0,1
0.0,40.0,35.666,-1.0,-1.0,-1.0,-1.0,-1.0,-1.0,0.0,49135616.0,0.0,0.0,-1.0,-1.0,-1.0,0.0,0.0,1
0.0,37.0,34.291,-1.0,-1.0,-1.0,-1.0,-1.0,-1.0,0.0,49135616.0,0.0,0.0,-1.0,-1.0,-1.0,0.0,0.0,1
0.0,34.0,32.416,-1.0,-1.0,-1.0,-1.0,-1.0,-1.0,0.0,49135616.0,0.0,0.0,-1.0,-1.0,-1.0,0.0,0.0,1
0.0,48.0,43.5,-1.0,-1.0,-1.0,-1.0,-1.0,-1.0,0.0,49135616.0,0.0,0.0,-1.0,-1.0,-1.0,0.0,0.0,1
0.0,24.0,22.125,-1.0,-1.0,-1.0,-1.0,-1.0,-1.0,0.0,49135616.0,0.0,0.0,-1.0,-1.0,-1.0,0.0,0.0,1
0.0,60.0,53.417,-1.0,-1.0,-1.0,-1.0,-1.0,-1.0,0.0,49135616.0,0.0,0.0,-1.0,-1.0,-1.0,0.0,0.0,1
0.0,18.0,17.5,-1.0,-1.0,-1.0,-1.0,-1.0,-1.0,0.0,49135616.0,0.0,0.0,-1.0,-1.0,-1.0,0.0,0.0,1
0.0,52.0,45.583,-1.0,-1.0,-1.0,-1.0,-1.0,-1.0,0.0,49135616.0,0.0,0.0,-1.0,-1.0,-1.0,0.0,0.0,1
1.0,51.0,240.042,-1.0,-1.0,-1.0,-1.0,-1.0,-1.0,0.0,49135616.0,0.0,0.0,-1.0,-1.0,-1.0,0.0,0.0,1
0.0,21.0,20.542,-1.0,-1.0,-1.0,-1.0,-1.0,-1.0,0.0,49135616.0,0.0,0.0,-1.0,-1.0,-1.0,0.0,0.0,1
0.0,14.0,14.041,-1.0,-1.0,-1.0,-1.0,-1.0,-1.0,0.0,49135616.0,0.0,0.0,-1.0,-1.0,-1.0,0.0,0.0,1
0.0,67.0,60.0,-1.0,-1.0,-1.0,-1.0,-1.0,-1.0,0.0,49152000.0,0.0,0.0,-1.0,-1.0,-1.0,0.0,0.0,1
0.0,49.0,42.333,-1.0,-1.0,-1.0,-1.0,-1.0,-1.0,0.0,49152000.0,0.0,0.0,-1.0,-1.0,-1.0,0.0,0.0,1
0.0,45.0,39.791,-1.0,-1.0,-1.0,-1.0,-1.0,-1.0,0.0,49152000.0,0.0,0.0,-1.0,-1.0,-1.0,0.0,0.0,1
0.0,44.0,41.167,-1.0,-1.0,-1.0,-1.0,-1.0,-1.0,0.0,49152000.0,0.0,0.0,-1.0,-1.0,-1.0,0.0,0.0,1
0.0,18.0,16.875,-1.0,-1.0,-1.0,-1.0,-1.0,-1.0,0.0,49152000.0,0.0,0.0,-1.0,-1.0,-1.0,0.0,0.0,1
0.0,52.0,47.75,-1.0,-1.0,-1.0,-1.0,-1.0,-1.0,0.0,49152000.0,0.0,0.0,-1.0,-1.0,-1.0,0.0,0.0,1
0.0,46.0,40.667,-1.0,-1.0,-1.0,-1.0,-1.0,-1.0,0.0,49168384.0,0.0,0.0,-1.0,-1.0,-1.0,0.0,0.0,1
0.0,33.0,31.0,-1.0,-1.0,-1.0,-1.0,-1.0,-1.0,0.0,49168384.0,0.0,0.0,-1.0,-1.0,-1.0,0.0,0.0,1
0.0,44.0,39.333,-1.0,-1.0,-1.0,-1.0,-1.0,-1.0,0.0,49168384.0,0.0,0.0,-1.0,-1.0,-1.0,0.0,0.0,1
0.0,46.0,41.292,-1.0,-1.0,-1.0,-1.0,-1.0,-1.0,0.0,49168384.0,0.0,0.0,-1.0,-1.0,-1.0,0.0,0.0,1
0.0,50.0,43.667,-1.0,-1.0,-1.0,-1.0,-1.0,-1.0,0.0,49168384.0,0.0,0.0,-1.0,-1.0,-1.0,0.0,0.0,1
0.0,51.0,45.416,-1.0,-1.0,-1.0,-1.0,-1.0,-1.0,0.0,49168384.0,0.0,0.0,-1.0,-1.0,-1.0,0.0,0.0,1
0.0,53.0,46.958,-1.0,-1.0,-1.0,-1.0,-1.0,-1.0,0.0,49168384.0,0.0,0.0,-1.0,-1.0,-1.0,0.0,0.0,1
0.0,48.0,43.792,-1.0,-1.0,-1.0,-1.0,-1.0,-1.0,0.0,49184768.0,0.0,0.0,-1.0,-1.0,-1.0,0.0,0.0,1
0.0,47.0,41.833,-1.0,-1.0,-1.0,-1.0,-1.0,-1.0,0.0,49184768.0,0.0,0.0,-1.0,-1.0,-1.0,0.0,0.0,1
0.0,19.0,17.833,-1.0,-1.0,-1.0,-1.0,-1.0,-1.0,0.0,49184768.0,0.0,0.0,-1.0,-1.0,-1.0,0.0,0.0,1
0.0,15.0,14.417,-1.0,-1.0,-1.0,-1.0,-1.0,-1.0,0.0,49184768.0,0.0,0.0,-1.0,-1.0,-1.0,0.0,0.0,1
0.0,56.0,50.0,-1.0,-1.0,-1.0,-1.0,-1.0,-1.0,0.0,49201152.0,0.0,0.0,-1.0,-1.0,-1.0,0.0,0.0,1
0.0,43.0,38.417,-1.0,-1.0,-1.0,-1.0,-1.0,-1.0,0.0,49217536.0,0.0,0.0,-1.0,-1.0,-1.0,0.0,0.0,1
0.0,40.0,36.5,-1.0,-1.0,-1.0,-1.0,-1.0,-1.0,0.0,49217536.0,0.0,0.0,-1.0,-1.0,-1.0,0.0,0.0,1
0.0,20.0,19.25,-1.0,-1.0,-1.0,-1.0,-1.0,-1.0,0.0,49217536.0,0.0,0.0,-1.0,-1.0,-1.0,0.0,0.0,1
0.0,65.0,57.042,-1.0,-1.0,-1.0,-1.0,-1.0,-1.0,0.0,49217536.0,0.0,0.0,-1.0,-1.0,-1.0,0.0,0.0,1
0.0,18.0,16.959,-1.0,-1.0,-1.0,-1.0,-1.0,-1.0,0.0,49217536.0,0.0,0.0,-1.0,-1.0,-1.0,0.0,0.0,1
0.0,14.0,13.458,-1.0,-1.0,-1.0,-1.0,-1.0,-1.0,0.0,49217536.0,0.0,0.0,-1.0,-1.0,-1.0,0.0,0.0,1
0.0,13.0,13.5,-1.0,-1.0,-1.0,-1.0,-1.0,-1.0,0.0,49217536.0,0.0,0.0,-1.0,-1.0,-1.0,0.0,0.0,1
0.0,14.0,13.625,-1.0,-1.0,-1.0,-1.0,-1.0,-1.0,0.0,49217536.0,0.0,0.0,-1.0,-1.0,-1.0,0.0,0.0,1
0.0,14.0,13.584,-1.0,-1.0,-1.0,-1.0,-1.0,-1.0,0.0,49217536.0,0.0,0.0,-1.0,-1.0,-1.0,0.0,0.0,1
0.0,112.0,98.459,-1.0,-1.0,-1.0,-1.0,-1.0,-1.0,0.0,49217536.0,0.0,0.0,-1.0,-1.0,-1.0,0.0,0.0,1
0.0,73.0,64.833,-1.0,-1.0,-1.0,-1.0,-1.0,-1.0,0.0,49217536.0,0.0,0.0,-1.0,-1.0,-1.0,0.0,0.0,1
0.0,61.0,52.75,-1.0,-1.0,-1.0,-1.0,-1.0,-1.0,0.0,49217536.0,0.0,0.0,-1.0,-1.0,-1.0,0.0,0.0,1
0.0,46.0,40.875,-1.0,-1.0,-1.0,-1.0,-1.0,-1.0,0.0,49217536.0,0.0,0.0,-1.0,-1.0,-1.0,0.0,0.0,1
0.0,38.0,36.584,-1.0,-1.0,-1.0,-1.0,-1.0,-1.0,0.0,49217536.0,0.0,0.0,-1.0,-1.0,-1.0,0.0,0.0,1
0.0,24.0,22.25,-1.0,-1.0,-1.0,-1.0,-1.0,-1.0,0.0,49217536.0,0.0,0.0,-1.0,-1.0,-1.0,0.0,0.0,1
0.0,13.0,13.458,-1.0,-1.0,-1.0,-1.0,-1.0,-1.0,0.0,49217536.0,0.0,0.0,-1.0,-1.0,-1.0,0.0,0.0,1
0.0,72.0,62.875,-1.0,-1.0,-1.0,-1.0,-1.0,-1.0,0.0,49233920.0,0.0,0.0,-1.0,-1.0,-1.0,0.0,0.0,1
0.0,47.0,43.667,-1.0,-1.0,-1.0,-1.0,-1.0,-1.0,0.0,49233920.0,0.0,0.0,-1.0,-1.0,-1.0,0.0,0.0,1
0.0,43.0,39.291,-1.0,-1.0,-1.0,-1.0,-1.0,-1.0,0.0,49233920.0,0.0,0.0,-1.0,-1.0,-1.0,0.0,0.0,1
0.0,21.0,19.625,-1.0,-1.0,-1.0,-1.0,-1.0,-1.0,0.0,49233920.0,0.0,0.0,-1.0,-1.0,-1.0,0.0,0.0,1
0.0,19.0,18.417,-1.0,-1.0,-1.0,-1.0,-1.0,-1.0,0.0,49233920.0,0.0,0.0,-1.0,-1.0,-1.0,0.0,0.0,1
0.0,107.0,97.083,-1.0,-1.0,-1.0,-1.0,-1.0,-1.0,0.0,49233920.0,0.0,0.0,-1.0,-1.0,-1.0,0.0,0.0,1
0.0,66.0,58.708,-1.0,-1.0,-1.0,-1.0,-1.0,-1.0,0.0,49233920.0,0.0,0.0,-1.0,-1.0,-1.0,0.0,0.0,1
0.0,51.0,45.125,-1.0,-1.0,-1.0,-1.0,-1.0,-1.0,0.0,49250304.0,0.0,0.0,-1.0,-1.0,-1.0,0.0,0.0,1
0.0,46.0,41.292,-1.0,-1.0,-1.0,-1.0,-1.0,-1.0,0.0,49250304.0,0.0,0.0,-1.0,-1.0,-1.0,0.0,0.0,1
0.0,18.0,16.584,-1.0,-1.0,-1.0,-1.0,-1.0,-1.0,0.0,49266688.0,0.0,0.0,-1.0,-1.0,-1.0,0.0,0.0,1
0.0,60.0,52.542,-1.0,-1.0,-1.0,-1.0,-1.0,-1.0,0.0,49266688.0,0.0,0.0,-1.0,-1.0,-1.0,0.0,0.0,1
1.0,22.0,104.209,-1.0,-1.0,-1.0,-1.0,-1.0,-1.0,0.0,49266688.0,0.0,0.0,-1.0,-1.0,-1.0,0.0,0.0,1
0.0,14.0,13.417,-1.0,-1.0,-1.0,-1.0,-1.0,-1.0,0.0,49266688.0,0.0,0.0,-1.0,-1.0,-1.0,0.0,0.0,1
1.0,49.0,98.0,-1.0,-1.0,-1.0,-1.0,-1.0,-1.0,0.0,49266688.0,0.0,0.0,-1.0,-1.0,-1.0,0.0,0.0,1
0.0,20.0,18.708,-1.0,-1.0,-1.0,-1.0,-1.0,-1.0,0.0,49266688.0,0.0,0.0,-1.0,-1.0,-1.0,0.0,0.0,1
0.0,76.0,68.875,-1.0,-1.0,-1.0,-1.0,-1.0,-1.0,0.0,49266688.0,0.0,0.0,-1.0,-1.0,-1.0,0.0,0.0,1
0.0,50.0,45.291,-1.0,-1.0,-1.0,-1.0,-1.0,-1.0,0.0,49266688.0,0.0,0.0,-1.0,-1.0,-1.0,0.0,0.0,1
0.0,66.0,58.708,-1.0,-1.0,-1.0,-1.0,-1.0,-1.0,0.0,49283072.0,0.0,0.0,-1.0,-1.0,-1.0,0.0,0.0,1
0.0,48.0,42.292,-1.0,-1.0,-1.0,-1.0,-1.0,-1.0,0.0,49283072.0,0.0,0.0,-1.0,-1.0,-1.0,0.0,0.0,1
0.0,53.0,44.292,-1.0,-1.0,-1.0,-1.0,-1.0,-1.0,0.0,49283072.0,0.0,0.0,-1.0,-1.0,-1.0,0.0,0.0,1
0.0,56.0,50.625,-1.0,-1.0,-1.0,-1.0,-1.0,-1.0,0.0,49283072.0,0.0,0.0,-1.0,-1.0,-1.0,0.0,0.0,1
0.0,53.0,46.542,-1.0,-1.0,-1.0,-1.0,-1.0,-1.0,0.0,49283072.0,0.0,0.0,-1.0,-1.0,-1.0,0.0,0.0,1
0.0,58.0,45.458,-1.0,-1.0,-1.0,-1.0,-1.0,-1.0,0.0,49283072.0,0.0,0.0,-1.0,-1.0,-1.0,0.0,0.0,1
0.0,27.0,24.5,-1.0,-1.0,-1.0,-1.0,-1.0,-1.0,0.0,49283072.0,0.0,0.0,-1.0,-1.0,-1.0,0.0,0.0,1
0.0,85.0,76.166,-1.0,-1.0,-1.0,-1.0,-1.0,-1.0,0.0,49299456.0,0.0,0.0,-1.0,-1.0,-1.0,0.0,0.0,1
0.0,66.0,57.916,-1.0,-1.0,-1.0,-1.0,-1.0,-1.0,0.0,49299456.0,0.0,0.0,-1.0,-1.0,-1.0,0.0,0.0,1
0.0,24.0,21.166,-1.0,-1.0,-1.0,-1.0,-1.0,-1.0,0.0,49299456.0,0.0,0.0,-1.0,-1.0,-1.0,0.0,0.0,1
0.0,15.0,15.208,-1.0,-1.0,-1.0,-1.0,-1.0,-1.0,0.0,49299456.0,0.0,0.0,-1.0,-1.0,-1.0,0.0,0.0,1
0.0,96.0,88.084,-1.0,-1.0,-1.0,-1.0,-1.0,-1.0,0.0,49299456.0,0.0,0.0,-1.0,-1.0,-1.0,0.0,0.0,1
0.0,64.0,57.083,-1.0,-1.0,-1.0,-1.0,-1.0,-1.0,0.0,49299456.0,0.0,0.0,-1.0,-1.0,-1.0,0.0,0.0,1
0.0,54.0,47.875,-1.0,-1.0,-1.0,-1.0,-1.0,-1.0,0.0,49299456.0,0.0,0.0,-1.0,-1.0,-1.0,0.0,0.0,1
0.0,61.0,52.917,-1.0,-1.0,-1.0,-1.0,-1.0,-1.0,0.0,49299456.0,0.0,0.0,-1.0,-1.0,-1.0,0.0,0.0,1
0.0,45.0,40.709,-1.0,-1.0,-1.0,-1.0,-1.0,-1.0,0.0,49299456.0,0.0,0.0,-1.0,-1.0,-1.0,0.0,0.0,1
0.0,51.0,45.792,-1.0,-1.0,-1.0,-1.0,-1.0,-1.0,0.0,49299456.0,0.0,0.0,-1.0,-1.0,-1.0,0.0,0.0,1
0.0,18.0,17.583,-1.0,-1.0,-1.0,-1.0,-1.0,-1.0,0.0,49315840.0,0.0,0.0,-1.0,-1.0,-1.0,0.0,0.0,1
0.0,58.0,51.666,-1.0,-1.0,-1.0,-1.0,-1.0,-1.0,0.0,49315840.0,0.0,0.0,-1.0,-1.0,-1.0,0.0,0.0,1
0.0,54.0,48.292,-1.0,-1.0,-1.0,-1.0,-1.0,-1.0,0.0,49332224.0,0.0,0.0,-1.0,-1.0,-1.0,0.0,0.0,1
0.0,55.0,48.375,-1.0,-1.0,-1.0,-1.0,-1.0,-1.0,0.0,49332224.0,0.0,0.0,-1.0,-1.0,-1.0,0.0,0.0,1
0.0,41.0,38.167,-1.0,-1.0,-1.0,-1.0,-1.0,-1.0,0.0,49332224.0,0.0,0.0,-1.0,-1.0,-1.0,0.0,0.0,1
1.0,51.0,43.792,-1.0,-1.0,-1.0,-1.0,-1.0,-1.0,0.0,49332224.0,0.0,0.0,-1.0,-1.0,-1.0,0.0,0.0,1
0.0,51.0,46.041,-1.0,-1.0,-1.0,-1.0,-1.0,-1.0,0.0,49332224.0,0.0,0.0,-1.0,-1.0,-1.0,0.0,0.0,1
0.0,59.0,52.917,-1.0,-1.0,-1.0,-1.0,-1.0,-1.0,0.0,49332224.0,0.0,0.0,-1.0,-1.0,-1.0,0.0,0.0,1
1.0,70.0,49.75,-1.0,-1.0,-1.0,-1.0,-1.0,-1.0,0.0,49332224.0,0.0,0.0,-1.0,-1.0,-1.0,0.0,0.0,1
0.0,19.0,17.791,-1.0,-1.0,-1.0,-1.0,-1.0,-1.0,0.0,49332224.0,0.0,0.0,-1.0,-1.0,-1.0,0.0,0.0,1
0.0,53.0,45.875,-1.0,-1.0,-1.0,-1.0,-1.0,-1.0,0.0,49332224.0,0.0,0.0,-1.0,-1.0,-1.0,0.0,0.0,1
0.0,48.0,42.541,-1.0,-1.0,-1.0,-1.0,-1.0,-1.0,0.0,49348608.0,0.0,0.0,-1.0,-1.0,-1.0,0.0,0.0,1
0.0,49.0,43.542,-1.0,-1.0,-1.0,-1.0,-1.0,-1.0,0.0,49348608.0,0.0,0.0,-1.0,-1.0,-1.0,0.0,0.0,1
0.0,59.0,52.25,-1.0,-1.0,-1.0,-1.0,-1.0,-1.0,0.0,49348608.0,0.0,0.0,-1.0,-1.0,-1.0,0.0,0.0,1
0.0,54.0,48.709,-1.0,-1.0,-1.0,-1.0,-1.0,-1.0,0.0,49348608.0,0.0,0.0,-1.0,-1.0,-1.0,0.0,0.0,1
0.0,62.0,55.167,-1.0,-1.0,-1.0,-1.0,-1.0,-1.0,0.0,49348608.0,0.0,0.0,-1.0,-1.0,-1.0,0.0,0.0,1
0.0,49.0,43.75,-1.0,-1.0,-1.0,-1.0,-1.0,-1.0,0.0,49348608.0,0.0,0.0,-1.0,-1.0,-1.0,0.0,0.0,1
0.0,56.0,47.209,-1.0,-1.0,-1.0,-1.0,-1.0,-1.0,0.0,49364992.0,0.0,0.0,-1.0,-1.0,-1.0,0.0,0.0,1
1.0,50.0,40.709,-1.0,-1.0,-1.0,-1.0,-1.0,-1.0,0.0,49364992.0,0.0,0.0,-1.0,-1.0,-1.0,0.0,0.0,1
0.0,56.0,51.375,-1.0,-1.0,-1.0,-1.0,-1.0,-1.0,0.0,49364992.0,0.0,0.0,-1.0,-1.0,-1.0,0.0,0.0,1
0.0,55.0,47.959,-1.0,-1.0,-1.0,-1.0,-1.0,-1.0,0.0,49364992.0,0.0,0.0,-1.0,-1.0,-1.0,0.0,0.0,1
0.0,53.0,48.625,-1.0,-1.0,-1.0,-1.0,-1.0,-1.0,0.0,49364992.0,0.0,0.0,-1.0,-1.0,-1.0,0.0,0.0,1
0.0,54.0,47.417,-1.0,-1.0,-1.0,-1.0,-1.0,-1.0,0.0,49364992.0,0.0,0.0,-1.0,-1.0,-1.0,0.0,0.0,1
0.0,54.0,47.375,-1.0,-1.0,-1.0,-1.0,-1.0,-1.0,0.0,49364992.0,0.0,0.0,-1.0,-1.0,-1.0,0.0,0.0,1
0.0,68.0,59.834,-1.0,-1.0,-1.0,-1.0,-1.0,-1.0,0.0,49364992.0,0.0,0.0,-1.0,-1.0,-1.0,0.0,0.0,1
0.0,53.0,47.166,-1.0,-1.0,-1.0,-1.0,-1.0,-1.0,0.0,49364992.0,0.0,0.0,-1.0,-1.0,-1.0,0.0,0.0,1
0.0,50.0,43.791,-1.0,-1.0,-1.0,-1.0,-1.0,-1.0,0.0,49364992.0,0.0,0.0,-1.0,-1.0,-1.0,0.0,0.0,1
0.0,53.0,46.875,-1.0,-1.0,-1.0,-1.0,-1.0,-1.0,0.0,49364992.0,0.0,0.0,-1.0,-1.0,-1.0,0.0,0.0,1
1.0,55.0,60.959,-1.0,-1.0,-1.0,-1.0,-1.0,-1.0,0.0,49364992.0,0.0,0.0,-1.0,-1.0,-1.0,0.0,0.0,1
0.0,52.0,46.833,-1.0,-1.0,-1.0,-1.0,-1.0,-1.0,0.0,49364992.0,0.0,0.0,-1.0,-1.0,-1.0,0.0,0.0,1
0.0,56.0,48.291,-1.0,-1.0,-1.0,-1.0,-1.0,-1.0,0.0,49397760.0,0.0,0.0,-1.0,-1.0,-1.0,0.0,0.0,1
0.0,59.0,50.459,-1.0,-1.0,-1.0,-1.0,-1.0,-1.0,0.0,49397760.0,0.0,0.0,-1.0,-1.0,-1.0,0.0,0.0,1
0.0,47.0,42.75,-1.0,-1.0,-1.0,-1.0,-1.0,-1.0,0.0,49397760.0,0.0,0.0,-1.0,-1.0,-1.0,0.0,0.0,1
0.0,51.0,45.0,-1.0,-1.0,-1.0,-1.0,-1.0,-1.0,0.0,49397760.0,0.0,0.0,-1.0,-1.0,-1.0,0.0,0.0,1
0.0,56.0,50.583,-1.0,-1.0,-1.0,-1.0,-1.0,-1.0,0.0,49414144.0,0.0,0.0,-1.0,-1.0,-1.0,0.0,0.0,1
0.0,51.0,45.209,-1.0,-1.0,-1.0,-1.0,-1.0,-1.0,0.0,49414144.0,0.0,0.0,-1.0,-1.0,-1.0,0.0,0.0,1
0.0,56.0,49.5,-1.0,-1.0,-1.0,-1.0,-1.0,-1.0,0.0,49414144.0,0.0,0.0,-1.0,-1.0,-1.0,0.0,0.0,1
0.0,51.0,45.208,-1.0,-1.0,-1.0,-1.0,-1.0,-1.0,0.0,49414144.0,0.0,0.0,-1.0,-1.0,-1.0,0.0,0.0,1
0.0,48.0,43.209,-1.0,-1.0,-1.0,-1.0,-1.0,-1.0,0.0,49414144.0,0.0,0.0,-1.0,-1.0,-1.0,0.0,0.0,1
0.0,56.0,47.666,-1.0,-1.0,-1.0,-1.0,-1.0,-1.0,0.0,49414144.0,0.0,0.0,-1.0,-1.0,-1.0,0.0,0.0,1
0.0,85.0,74.25,-1.0,-1.0,-1.0,-1.0,-1.0,-1.0,0.0,49414144.0,0.0,0.0,-1.0,-1.0,-1.0,0.0,0.0,1
1.0,40.0,38.542,-1.0,-1.0,-1.0,-1.0,-1.0,-1.0,0.0,49414144.0,0.0,0.0,-1.0,-1.0,-1.0,0.0,0.0,1
0.0,52.0,45.208,-1.0,-1.0,-1.0,-1.0,-1.0,-1.0,0.0,49414144.0,0.0,0.0,-1.0,-1.0,-1.0,0.0,0.0,1
1.0,64.0,61.042,-1.0,-1.0,-1.0,-1.0,-1.0,-1.0,0.0,49414144.0,0.0,0.0,-1.0,-1.0,-1.0,0.0,0.0,1
0.0,54.0,47.875,-1.0,-1.0,-1.0,-1.0,-1.0,-1.0,0.0,49414144.0,0.0,0.0,-1.0,-1.0,-1.0,0.0,0.0,1
0.0,46.0,42.792,-1.0,-1.0,-1.0,-1.0,-1.0,-1.0,0.0,49414144.0,0.0,0.0,-1.0,-1.0,-1.0,0.0,0.0,1
0.0,47.0,42.417,-1.0,-1.0,-1.0,-1.0,-1.0,-1.0,0.0,49414144.0,0.0,0.0,-1.0,-1.0,-1.0,0.0,0.0,1
0.0,49.0,43.792,-1.0,-1.0,-1.0,-1.0,-1.0,-1.0,0.0,49430528.0,0.0,0.0,-1.0,-1.0,-1.0,0.0,0.0,1
0.0,49.0,42.917,-1.0,-1.0,-1.0,-1.0,-1.0,-1.0,0.0,49430528.0,0.0,0.0,-1.0,-1.0,-1.0,0.0,0.0,1
0.0,54.0,46.625,-1.0,-1.0,-1.0,-1.0,-1.0,-1.0,0.0,49430528.0,0.0,0.0,-1.0,-1.0,-1.0,0.0,0.0,1
0.0,66.0,53.917,-1.0,-1.0,-1.0,-1.0,-1.0,-1.0,0.0,49430528.0,0.0,0.0,-1.0,-1.0,-1.0,0.0,0.0,1
1.0,67.0,66.0,-1.0,-1.0,-1.0,-1.0,-1.0,-1.0,0.0,49446912.0,0.0,0.0,-1.0,-1.0,-1.0,0.0,0.0,1
0.0,53.0,47.167,-1.0,-1.0,-1.0,-1.0,-1.0,-1.0,0.0,49446912.0,0.0,0.0,-1.0,-1.0,-1.0,0.0,0.0,1
0.0,58.0,50.959,-1.0,-1.0,-1.0,-1.0,-1.0,-1.0,0.0,49446912.0,0.0,0.0,-1.0,-1.0,-1.0,0.0,0.0,1
0.0,56.0,50.0,-1.0,-1.0,-1.0,-1.0,-1.0,-1.0,0.0,49446912.0,0.0,0.0,-1.0,-1.0,-1.0,0.0,0.0,1
0.0,51.0,44.792,-1.0,-1.0,-1.0,-1.0,-1.0,-1.0,0.0,49446912.0,0.0,0.0,-1.0,-1.0,-1.0,0.0,0.0,1
0.0,54.0,46.292,-1.0,-1.0,-1.0,-1.0,-1.0,-1.0,0.0,49446912.0,0.0,0.0,-1.0,-1.0,-1.0,0.0,0.0,1
1.0,75.0,88.292,-1.0,-1.0,-1.0,-1.0,-1.0,-1.0,0.0,49446912.0,0.0,0.0,-1.0,-1.0,-1.0,0.0,0.0,1
0.0,54.0,44.875,-1.0,-1.0,-1.0,-1.0,-1.0,-1.0,0.0,49463296.0,0.0,0.0,-1.0,-1.0,-1.0,0.0,0.0,1
0.0,56.0,49.0,-1.0,-1.0,-1.0,-1.0,-1.0,-1.0,0.0,49463296.0,0.0,0.0,-1.0,-1.0,-1.0,0.0,0.0,1
0.0,57.0,51.916,-1.0,-1.0,-1.0,-1.0,-1.0,-1.0,0.0,49463296.0,0.0,0.0,-1.0,-1.0,-1.0,0.0,0.0,1
0.0,65.0,58.334,-1.0,-1.0,-1.0,-1.0,-1.0,-1.0,0.0,49463296.0,0.0,0.0,-1.0,-1.0,-1.0,0.0,0.0,1
0.0,62.0,56.791,-1.0,-1.0,-1.0,-1.0,-1.0,-1.0,0.0,49463296.0,0.0,0.0,-1.0,-1.0,-1.0,0.0,0.0,1
0.0,61.0,52.791,-1.0,-1.0,-1.0,-1.0,-1.0,-1.0,0.0,49463296.0,0.0,0.0,-1.0,-1.0,-1.0,0.0,0.0,1
0.0,55.0,48.0,-1.0,-1.0,-1.0,-1.0,-1.0,-1.0,0.0,49463296.0,0.0,0.0,-1.0,-1.0,-1.0,0.0,0.0,1
0.0,66.0,60.792,-1.0,-1.0,-1.0,-1.0,-1.0,-1.0,0.0,49463296.0,0.0,0.0,-1.0,-1.0,-1.0,0.0,0.0,1
0.0,53.0,46.625,-1.0,-1.0,-1.0,-1.0,-1.0,-1.0,0.0,49463296.0,0.0,0.0,-1.0,-1.0,-1.0,0.0,0.0,1
0.0,55.0,49.25,-1.0,-1.0,-1.0,-1.0,-1.0,-1.0,0.0,49463296.0,0.0,0.0,-1.0,-1.0,-1.0,0.0,0.0,1
0.0,48.0,43.5,-1.0,-1.0,-1.0,-1.0,-1.0,-1.0,0.0,49479680.0,0.0,0.0,-1.0,-1.0,-1.0,0.0,0.0,1
0.0,49.0,44.417,-1.0,-1.0,-1.0,-1.0,-1.0,-1.0,0.0,49479680.0,0.0,0.0,-1.0,-1.0,-1.0,0.0,0.0,1
0.0,44.0,39.708,-1.0,-1.0,-1.0,-1.0,-1.0,-1.0,0.0,49496064.0,0.0,0.0,-1.0,-1.0,-1.0,0.0,0.0,1
0.0,48.0,43.0,-1.0,-1.0,-1.0,-1.0,-1.0,-1.0,0.0,49496064.0,0.0,0.0,-1.0,-1.0,-1.0,0.0,0.0,1
0.0,56.0,49.875,-1.0,-1.0,-1.0,-1.0,-1.0,-1.0,0.0,49496064.0,0.0,0.0,-1.0,-1.0,-1.0,0.0,0.0,1
0.0,53.0,48.458,-1.0,-1.0,-1.0,-1.0,-1.0,-1.0,0.0,49496064.0,0.0,0.0,-1.0,-1.0,-1.0,0.0,0.0,1
0.0,50.0,43.875,-1.0,-1.0,-1.0,-1.0,-1.0,-1.0,0.0,49496064.0,0.0,0.0,-1.0,-1.0,-1.0,0.0,0.0,1
0.0,60.0,52.75,-1.0,-1.0,-1.0,-1.0,-1.0,-1.0,0.0,49496064.0,0.0,0.0,-1.0,-1.0,-1.0,0.0,0.0,1
0.0,60.0,52.583,-1.0,-1.0,-1.0,-1.0,-1.0,-1.0,0.0,49496064.0,0.0,0.0,-1.0,-1.0,-1.0,0.0,0.0,1
0.0,69.0,55.958,-1.0,-1.0,-1.0,-1.0,-1.0,-1.0,0.0,49496064.0,0.0,0.0,-1.0,-1.0,-1.0,0.0,0.0,1
0.0,68.0,59.041,-1.0,-1.0,-1.0,-1.0,-1.0,-1.0,0.0,49496064.0,0.0,0.0,-1.0,-1.0,-1.0,0.0,0.0,1
0.0,62.0,56.417,-1.0,-1.0,-1.0,-1.0,-1.0,-1.0,0.0,49496064.0,0.0,0.0,-1.0,-1.0,-1.0,0.0,0.0,1
0.0,58.0,51.416,-1.0,-1.0,-1.0,-1.0,-1.0,-1.0,0.0,49496064.0,0.0,0.0,-1.0,-1.0,-1.0,0.0,0.0,1
0.0,28.0,25.917,-1.0,-1.0,-1.0,-1.0,-1.0,-1.0,0.0,49496064.0,0.0,0.0,-1.0,-1.0,-1.0,0.0,0.0,1
0.0,71.0,62.5,-1.0,-1.0,-1.0,-1.0,-1.0,-1.0,0.0,49496064.0,0.0,0.0,-1.0,-1.0,-1.0,0.0,0.0,1
0.0,73.0,62.167,-1.0,-1.0,-1.0,-1.0,-1.0,-1.0,0.0,49496064.0,0.0,0.0,-1.0,-1.0,-1.0,0.0,0.0,1
0.0,49.0,44.542,-1.0,-1.0,-1.0,-1.0,-1.0,-1.0,0.0,49512448.0,0.0,0.0,-1.0,-1.0,-1.0,0.0,0.0,1
0.0,66.0,56.209,-1.0,-1.0,-1.0,-1.0,-1.0,-1.0,0.0,49528832.0,0.0,0.0,-1.0,-1.0,-1.0,0.0,0.0,1
0.0,64.0,54.583,-1.0,-1.0,-1.0,-1.0,-1.0,-1.0,0.0,49528832.0,0.0,0.0,-1.0,-1.0,-1.0,0.0,0.0,1
0.0,56.0,49.417,-1.0,-1.0,-1.0,-1.0,-1.0,-1.0,0.0,49545216.0,0.0,0.0,-1.0,-1.0,-1.0,0.0,0.0,1
0.0,52.0,45.25,-1.0,-1.0,-1.0,-1.0,-1.0,-1.0,0.0,49545216.0,0.0,0.0,-1.0,-1.0,-1.0,0.0,0.0,1
0.0,44.0,40.625,-1.0,-1.0,-1.0,-1.0,-1.0,-1.0,0.0,49545216.0,0.0,0.0,-1.0,-1.0,-1.0,0.0,0.0,1
1.0,66.0,569.291,-1.0,-1.0,-1.0,-1.0,-1.0,-1.0,0.0,49545216.0,0.0,0.0,-1.0,-1.0,-1.0,0.0,0.0,1
0.0,47.0,42.5,-1.0,-1.0,-1.0,-1.0,-1.0,-1.0,0.0,49545216.0,0.0,0.0,-1.0,-1.0,-1.0,0.0,0.0,1
0.0,46.0,40.041,-1.0,-1.0,-1.0,-1.0,-1.0,-1.0,0.0,49545216.0,0.0,0.0,-1.0,-1.0,-1.0,0.0,0.0,1
0.0,45.0,40.958,-1.0,-1.0,-1.0,-1.0,-1.0,-1.0,0.0,49545216.0,0.0,0.0,-1.0,-1.0,-1.0,0.0,0.0,1
0.0,49.0,42.708,-1.0,-1.0,-1.0,-1.0,-1.0,-1.0,0.0,49545216.0,0.0,0.0,-1.0,-1.0,-1.0,0.0,0.0,1
0.0,54.0,48.708,-1.0,-1.0,-1.0,-1.0,-1.0,-1.0,0.0,49545216.0,0.0,0.0,-1.0,-1.0,-1.0,0.0,0.0,1
0.0,34.0,31.542,-1.0,-1.0,-1.0,-1.0,-1.0,-1.0,0.0,49545216.0,0.0,0.0,-1.0,-1.0,-1.0,0.0,0.0,1
0.0,51.0,43.792,-1.0,-1.0,-1.0,-1.0,-1.0,-1.0,0.0,49545216.0,0.0,0.0,-1.0,-1.0,-1.0,0.0,0.0,1
0.0,50.0,44.083,-1.0,-1.0,-1.0,-1.0,-1.0,-1.0,0.0,49545216.0,0.0,0.0,-1.0,-1.0,-1.0,0.0,0.0,1
0.0,44.0,39.209,-1.0,-1.0,-1.0,-1.0,-1.0,-1.0,0.0,49545216.0,0.0,0.0,-1.0,-1.0,-1.0,0.0,0.0,1
0.0,47.0,41.042,-1.0,-1.0,-1.0,-1.0,-1.0,-1.0,0.0,49545216.0,0.0,0.0,-1.0,-1.0,-1.0,0.0,0.0,1
0.0,35.0,33.042,-1.0,-1.0,-1.0,-1.0,-1.0,-1.0,0.0,49545216.0,0.0,0.0,-1.0,-1.0,-1.0,0.0,0.0,1
0.0,42.0,36.167,-1.0,-1.0,-1.0,-1.0,-1.0,-1.0,0.0,49561600.0,0.0,0.0,-1.0,-1.0,-1.0,0.0,0.0,1
0.0,54.0,47.334,-1.0,-1.0,-1.0,-1.0,-1.0,-1.0,0.0,49561600.0,0.0,0.0,-1.0,-1.0,-1.0,0.0,0.0,1
0.0,43.0,39.084,-1.0,-1.0,-1.0,-1.0,-1.0,-1.0,0.0,49561600.0,0.0,0.0,-1.0,-1.0,-1.0,0.0,0.0,1
0.0,41.0,37.583,-1.0,-1.0,-1.0,-1.0,-1.0,-1.0,0.0,49561600.0,0.0,0.0,-1.0,-1.0,-1.0,0.0,0.0,1
0.0,59.0,48.917,-1.0,-1.0,-1.0,-1.0,-1.0,-1.0,0.0,49561600.0,0.0,0.0,-1.0,-1.0,-1.0,0.0,0.0,1
0.0,55.0,48.125,-1.0,-1.0,-1.0,-1.0,-1.0,-1.0,0.0,49561600.0,0.0,0.0,-1.0,-1.0,-1.0,0.0,0.0,1
0.0,56.0,49.167,-1.0,-1.0,-1.0,-1.0,-1.0,-1.0,0.0,49561600.0,0.0,0.0,-1.0,-1.0,-1.0,0.0,0.0,1
1.0,63.0,180.542,-1.0,-1.0,-1.0,-1.0,-1.0,-1.0,0.0,49561600.0,0.0,0.0,-1.0,-1.0,-1.0,0.0,0.0,1
0.0,67.0,56.166,-1.0,-1.0,-1.0,-1.0,-1.0,-1.0,0.0,49577984.0,0.0,0.0,-1.0,-1.0,-1.0,0.0,0.0,1
0.0,60.0,55.25,-1.0,-1.0,-1.0,-1.0,-1.0,-1.0,0.0,49577984.0,0.0,0.0,-1.0,-1.0,-1.0,0.0,0.0,1
0.0,54.0,47.083,-1.0,-1.0,-1.0,-1.0,-1.0,-1.0,0.0,49577984.0,0.0,0.0,-1.0,-1.0,-1.0,0.0,0.0,1
0.0,58.0,52.042,-1.0,-1.0,-1.0,-1.0,-1.0,-1.0,0.0,49577984.0,0.0,0.0,-1.0,-1.0,-1.0,0.0,0.0,1
0.0,61.0,53.75,-1.0,-1.0,-1.0,-1.0,-1.0,-1.0,0.0,49577984.0,0.0,0.0,-1.0,-1.0,-1.0,0.0,0.0,1
0.0,67.0,59.958,-1.0,-1.0,-1.0,-1.0,-1.0,-1.0,0.0,49594368.0,0.0,0.0,-1.0,-1.0,-1.0,0.0,0.0,1
0.0,57.0,50.0,-1.0,-1.0,-1.0,-1.0,-1.0,-1.0,0.0,49594368.0,0.0,0.0,-1.0,-1.0,-1.0,0.0,0.0,1
0.0,53.0,47.542,-1.0,-1.0,-1.0,-1.0,-1.0,-1.0,0.0,49594368.0,0.0,0.0,-1.0,-1.0,-1.0,0.0,0.0,1
0.0,63.0,58.25,-1.0,-1.0,-1.0,-1.0,-1.0,-1.0,0.0,49594368.0,0.0,0.0,-1.0,-1.0,-1.0,0.0,0.0,1
1.0,72.0,142.625,-1.0,-1.0,-1.0,-1.0,-1.0,-1.0,0.0,49610752.0,0.0,0.0,-1.0,-1.0,-1.0,0.0,0.0,1
2.0,98.0,107.167,-1.0,-1.0,-1.0,-1.0,-1.0,-1.0,0.0,49627136.0,0.0,0.0,-1.0,-1.0,-1.0,0.0,0.0,1
0.0,55.0,48.667,-1.0,-1.0,-1.0,-1.0,-1.0,-1.0,0.0,49627136.0,0.0,0.0,-1.0,-1.0,-1.0,0.0,0.0,1
0.0,63.0,52.75,-1.0,-1.0,-1.0,-1.0,-1.0,-1.0,0.0,49627136.0,0.0,0.0,-1.0,-1.0,-1.0,0.0,0.0,1
0.0,62.0,51.875,-1.0,-1.0,-1.0,-1.0,-1.0,-1.0,0.0,49627136.0,0.0,0.0,-1.0,-1.0,-1.0,0.0,0.0,1
0.0,61.0,53.0,-1.0,-1.0,-1.0,-1.0,-1.0,-1.0,0.0,49627136.0,0.0,0.0,-1.0,-1.0,-1.0,0.0,0.0,1
0.0,49.0,44.459,-1.0,-1.0,-1.0,-1.0,-1.0,-1.0,0.0,49627136.0,0.0,0.0,-1.0,-1.0,-1.0,0.0,0.0,1
0.0,53.0,45.125,-1.0,-1.0,-1.0,-1.0,-1.0,-1.0,0.0,49627136.0,0.0,0.0,-1.0,-1.0,-1.0,0.0,0.0,1
0.0,51.0,45.958,-1.0,-1.0,-1.0,-1.0,-1.0,-1.0,0.0,49627136.0,0.0,0.0,-1.0,-1.0,-1.0,0.0,0.0,1
0.0,53.0,46.791,-1.0,-1.0,-1.0,-1.0,-1.0,-1.0,0.0,49627136.0,0.0,0.0,-1.0,-1.0,-1.0,0.0,0.0,1
0.0,52.0,46.291,-1.0,-1.0,-1.0,-1.0,-1.0,-1.0,0.0,49627136.0,0.0,0.0,-1.0,-1.0,-1.0,0.0,0.0,1
0.0,54.0,47.167,-1.0,-1.0,-1.0,-1.0,-1.0,-1.0,0.0,49627136.0,0.0,0.0,-1.0,-1.0,-1.0,0.0,0.0,1
0.0,54.0,46.0,-1.0,-1.0,-1.0,-1.0,-1.0,-1.0,0.0,49627136.0,0.0,0.0,-1.0,-1.0,-1.0,0.0,0.0,1
0.0,50.0,42.958,-1.0,-1.0,-1.0,-1.0,-1.0,-1.0,0.0,49627136.0,0.0,0.0,-1.0,-1.0,-1.0,0.0,0.0,1
0.0,65.0,56.208,-1.0,-1.0,-1.0,-1.0,-1.0,-1.0,0.0,49627136.0,0.0,0.0,-1.0,-1.0,-1.0,0.0,0.0,1
0.0,51.0,44.791,-1.0,-1.0,-1.0,-1.0,-1.0,-1.0,0.0,49627136.0,0.0,0.0,-1.0,-1.0,-1.0,0.0,0.0,1
0.0,52.0,45.458,-1.0,-1.0,-1.0,-1.0,-1.0,-1.0,0.0,49627136.0,0.0,0.0,-1.0,-1.0,-1.0,0.0,0.0,1
0.0,44.0,39.667,-1.0,-1.0,-1.0,-1.0,-1.0,-1.0,0.0,49643520.0,0.0,0.0,-1.0,-1.0,-1.0,0.0,0.0,1
0.0,49.0,45.542,-1.0,-1.0,-1.0,-1.0,-1.0,-1.0,0.0,49643520.0,0.0,0.0,-1.0,-1.0,-1.0,0.0,0.0,1
0.0,51.0,45.916,-1.0,-1.0,-1.0,-1.0,-1.0,-1.0,0.0,49643520.0,0.0,0.0,-1.0,-1.0,-1.0,0.0,0.0,1
0.0,51.0,46.167,-1.0,-1.0,-1.0,-1.0,-1.0,-1.0,0.0,49643520.0,0.0,0.0,-1.0,-1.0,-1.0,0.0,0.0,1
1.0,53.0,92.833,-1.0,-1.0,-1.0,-1.0,-1.0,-1.0,0.0,49643520.0,0.0,0.0,-1.0,-1.0,-1.0,0.0,0.0,1
0.0,50.0,43.625,-1.0,-1.0,-1.0,-1.0,-1.0,-1.0,0.0,49643520.0,0.0,0.0,-1.0,-1.0,-1.0,0.0,0.0,1
0.0,63.0,54.041,-1.0,-1.0,-1.0,-1.0,-1.0,-1.0,0.0,49643520.0,0.0,0.0,-1.0,-1.0,-1.0,0.0,0.0,1
0.0,50.0,44.083,-1.0,-1.0,-1.0,-1.0,-1.0,-1.0,0.0,49659904.0,0.0,0.0,-1.0,-1.0,-1.0,0.0,0.0,1
0.0,53.0,46.209,-1.0,-1.0,-1.0,-1.0,-1.0,-1.0,0.0,49659904.0,0.0,0.0,-1.0,-1.0,-1.0,0.0,0.0,1
0.0,48.0,43.041,-1.0,-1.0,-1.0,-1.0,-1.0,-1.0,0.0,49659904.0,0.0,0.0,-1.0,-1.0,-1.0,0.0,0.0,1
0.0,69.0,65.416,-1.0,-1.0,-1.0,-1.0,-1.0,-1.0,0.0,49659904.0,0.0,0.0,-1.0,-1.0,-1.0,0.0,0.0,1
0.0,56.0,50.417,-1.0,-1.0,-1.0,-1.0,-1.0,-1.0,0.0,49659904.0,0.0,0.0,-1.0,-1.0,-1.0,0.0,0.0,1
0.0,59.0,51.5,-1.0,-1.0,-1.0,-1.0,-1.0,-1.0,0.0,49659904.0,0.0,0.0,-1.0,-1.0,-1.0,0.0,0.0,1
0.0,63.0,57.75,-1.0,-1.0,-1.0,-1.0,-1.0,-1.0,0.0,49659904.0,0.0,0.0,-1.0,-1.0,-1.0,0.0,0.0,1
0.0,59.0,52.416,-1.0,-1.0,-1.0,-1.0,-1.0,-1.0,0.0,49676288.0,0.0,0.0,-1.0,-1.0,-1.0,0.0,0.0,1
0.0,62.0,55.542,-1.0,-1.0,-1.0,-1.0,-1.0,-1.0,0.0,49676288.0,0.0,0.0,-1.0,-1.0,-1.0,0.0,0.0,1
0.0,58.0,51.5,-1.0,-1.0,-1.0,-1.0,-1.0,-1.0,0.0,49676288.0,0.0,0.0,-1.0,-1.0,-1.0,0.0,0.0,1
0.0,60.0,52.209,-1.0,-1.0,-1.0,-1.0,-1.0,-1.0,0.0,49692672.0,0.0,0.0,-1.0,-1.0,-1.0,0.0,0.0,1
0.0,64.0,52.208,-1.0,-1.0,-1.0,-1.0,-1.0,-1.0,0.0,49692672.0,0.0,0.0,-1.0,-1.0,-1.0,0.0,0.0,1
0.0,71.0,65.25,-1.0,-1.0,-1.0,-1.0,-1.0,-1.0,0.0,49692672.0,0.0,0.0,-1.0,-1.0,-1.0,0.0,0.0,1
0.0,56.0,50.166,-1.0,-1.0,-1.0,-1.0,-1.0,-1.0,0.0,49692672.0,0.0,0.0,-1.0,-1.0,-1.0,0.0,0.0,1
0.0,74.0,66.959,-1.0,-1.0,-1.0,-1.0,-1.0,-1.0,0.0,49709056.0,0.0,0.0,-1.0,-1.0,-1.0,0.0,0.0,1
0.0,63.0,55.166,-1.0,-1.0,-1.0,-1.0,-1.0,-1.0,0.0,49709056.0,0.0,0.0,-1.0,-1.0,-1.0,0.0,0.0,1
2.0,88.0,95.166,-1.0,-1.0,-1.0,-1.0,-1.0,-1.0,0.0,49709056.0,0.0,0.0,-1.0,-1.0,-1.0,0.0,0.0,1
0.0,38.0,34.125,-1.0,-1.0,-1.0,-1.0,-1.0,-1.0,0.0,49709056.0,0.0,0.0,-1.0,-1.0,-1.0,0.0,0.0,1
0.0,60.0,53.667,-1.0,-1.0,-1.0,-1.0,-1.0,-1.0,0.0,49709056.0,0.0,0.0,-1.0,-1.0,-1.0,0.0,0.0,1
0.0,91.0,81.584,-1.0,-1.0,-1.0,-1.0,-1.0,-1.0,0.0,49709056.0,0.0,0.0,-1.0,-1.0,-1.0,0.0,0.0,1
0.0,64.0,57.167,-1.0,-1.0,-1.0,-1.0,-1.0,-1.0,0.0,49709056.0,0.0,0.0,-1.0,-1.0,-1.0,0.0,0.0,1
0.0,64.0,52.5,-1.0,-1.0,-1.0,-1.0,-1.0,-1.0,0.0,49709056.0,0.0,0.0,-1.0,-1.0,-1.0,0.0,0.0,1
0.0,55.0,45.916,-1.0,-1.0,-1.0,-1.0,-1.0,-1.0,0.0,49709056.0,0.0,0.0,-1.0,-1.0,-1.0,0.0,0.0,1
0.0,63.0,54.542,-1.0,-1.0,-1.0,-1.0,-1.0,-1.0,0.0,49709056.0,0.0,0.0,-1.0,-1.0,-1.0,0.0,0.0,1
0.0,52.0,45.208,-1.0,-1.0,-1.0,-1.0,-1.0,-1.0,0.0,49709056.0,0.0,0.0,-1.0,-1.0,-1.0,0.0,0.0,1
7.0,152.0,377.792,-1.0,-1.0,-1.0,-1.0,-1.0,-1.0,0.0,49709056.0,0.0,0.0,-1.0,-1.0,-1.0,0.0,0.0,1
0.0,70.0,65.0,-1.0,-1.0,-1.0,-1.0,-1.0,-1.0,0.0,49709056.0,0.0,0.0,-1.0,-1.0,-1.0,0.0,0.0,1
0.0,71.0,63.042,-1.0,-1.0,-1.0,-1.0,-1.0,-1.0,0.0,49725440.0,0.0,0.0,-1.0,-1.0,-1.0,0.0,0.0,1
0.0,63.0,53.959,-1.0,-1.0,-1.0,-1.0,-1.0,-1.0,0.0,49725440.0,0.0,0.0,-1.0,-1.0,-1.0,0.0,0.0,1
0.0,57.0,52.209,-1.0,-1.0,-1.0,-1.0,-1.0,-1.0,0.0,49741824.0,0.0,0.0,-1.0,-1.0,-1.0,0.0,0.0,1
0.0,55.0,49.167,-1.0,-1.0,-1.0,-1.0,-1.0,-1.0,0.0,49741824.0,0.0,0.0,-1.0,-1.0,-1.0,0.0,0.0,1
0.0,61.0,52.834,-1.0,-1.0,-1.0,-1.0,-1.0,-1.0,0.0,49741824.0,0.0,0.0,-1.0,-1.0,-1.0,0.0,0.0,1
0.0,59.0,53.208,-1.0,-1.0,-1.0,-1.0,-1.0,-1.0,0.0,49741824.0,0.0,0.0,-1.0,-1.0,-1.0,0.0,0.0,1
0.0,67.0,60.375,-1.0,-1.0,-1.0,-1.0,-1.0,-1.0,0.0,49741824.0,0.0,0.0,-1.0,-1.0,-1.0,0.0,0.0,1
0.0,63.0,53.208,-1.0,-1.0,-1.0,-1.0,-1.0,-1.0,0.0,49741824.0,0.0,0.0,-1.0,-1.0,-1.0,0.0,0.0,1
0.0,32.0,28.5,-1.0,-1.0,-1.0,-1.0,-1.0,-1.0,0.0,49741824.0,0.0,0.0,-1.0,-1.0,-1.0,0.0,0.0,1
0.0,61.0,54.292,-1.0,-1.0,-1.0,-1.0,-1.0,-1.0,0.0,49741824.0,0.0,0.0,-1.0,-1.0,-1.0,0.0,0.0,1
0.0,60.0,54.917,-1.0,-1.0,-1.0,-1.0,-1.0,-1.0,0.0,49741824.0,0.0,0.0,-1.0,-1.0,-1.0,0.0,0.0,1
0.0,56.0,48.75,-1.0,-1.0,-1.0,-1.0,-1.0,-1.0,0.0,49741824.0,0.0,0.0,-1.0,-1.0,-1.0,0.0,0.0,1
0.0,58.0,50.334,-1.0,-1.0,-1.0,-1.0,-1.0,-1.0,0.0,49741824.0,0.0,0.0,-1.0,-1.0,-1.0,0.0,0.0,1
0.0,52.0,45.75,-1.0,-1.0,-1.0,-1.0,-1.0,-1.0,0.0,49741824.0,0.0,0.0,-1.0,-1.0,-1.0,0.0,0.0,1
0.0,61.0,53.334,-1.0,-1.0,-1.0,-1.0,-1.0,-1.0,0.0,49741824.0,0.0,0.0,-1.0,-1.0,-1.0,0.0,0.0,1
0.0,58.0,51.042,-1.0,-1.0,-1.0,-1.0,-1.0,-1.0,0.0,49741824.0,0.0,0.0,-1.0,-1.0,-1.0,0.0,0.0,1
0.0,57.0,50.083,-1.0,-1.0,-1.0,-1.0,-1.0,-1.0,0.0,49741824.0,0.0,0.0,-1.0,-1.0,-1.0,0.0,0.0,1
0.0,48.0,43.458,-1.0,-1.0,-1.0,-1.0,-1.0,-1.0,0.0,49758208.0,0.0,0.0,-1.0,-1.0,-1.0,0.0,0.0,1
0.0,48.0,42.875,-1.0,-1.0,-1.0,-1.0,-1.0,-1.0,0.0,49758208.0,0.0,0.0,-1.0,-1.0,-1.0,0.0,0.0,1
0.0,41.0,36.875,-1.0,-1.0,-1.0,-1.0,-1.0,-1.0,0.0,49758208.0,0.0,0.0,-1.0,-1.0,-1.0,0.0,0.0,1
0.0,46.0,39.459,-1.0,-1.0,-1.0,-1.0,-1.0,-1.0,0.0,49774592.0,0.0,0.0,-1.0,-1.0,-1.0,0.0,0.0,1
0.0,61.0,50.875,-1.0,-1.0,-1.0,-1.0,-1.0,-1.0,0.0,49774592.0,0.0,0.0,-1.0,-1.0,-1.0,0.0,0.0,1
0.0,59.0,52.292,-1.0,-1.0,-1.0,-1.0,-1.0,-1.0,0.0,49774592.0,0.0,0.0,-1.0,-1.0,-1.0,0.0,0.0,1
0.0,58.0,49.5,-1.0,-1.0,-1.0,-1.0,-1.0,-1.0,0.0,49790976.0,0.0,0.0,-1.0,-1.0,-1.0,0.0,0.0,1
0.0,57.0,48.875,-1.0,-1.0,-1.0,-1.0,-1.0,-1.0,0.0,49790976.0,0.0,0.0,-1.0,-1.0,-1.0,0.0,0.0,1
0.0,66.0,54.041,-1.0,-1.0,-1.0,-1.0,-1.0,-1.0,0.0,49790976.0,0.0,0.0,-1.0,-1.0,-1.0,0.0,0.0,1
0.0,56.0,46.625,-1.0,-1.0,-1.0,-1.0,-1.0,-1.0,0.0,49790976.0,0.0,0.0,-1.0,-1.0,-1.0,0.0,0.0,1
0.0,54.0,45.209,-1.0,-1.0,-1.0,-1.0,-1.0,-1.0,0.0,49790976.0,0.0,0.0,-1.0,-1.0,-1.0,0.0,0.0,1
0.0,54.0,46.583,-1.0,-1.0,-1.0,-1.0,-1.0,-1.0,0.0,49790976.0,0.0,0.0,-1.0,-1.0,-1.0,0.0,0.0,1
0.0,60.0,52.75,-1.0,-1.0,-1.0,-1.0,-1.0,-1.0,0.0,49790976.0,0.0,0.0,-1.0,-1.0,-1.0,0.0,0.0,1
0.0,59.0,53.125,-1.0,-1.0,-1.0,-1.0,-1.0,-1.0,0.0,49807360.0,0.0,0.0,-1.0,-1.0,-1.0,0.0,0.0,1
0.0,57.0,50.958,-1.0,-1.0,-1.0,-1.0,-1.0,-1.0,0.0,49807360.0,0.0,0.0,-1.0,-1.0,-1.0,0.0,0.0,1
0.0,76.0,69.791,-1.0,-1.0,-1.0,-1.0,-1.0,-1.0,0.0,49807360.0,0.0,0.0,-1.0,-1.0,-1.0,0.0,0.0,1
0.0,58.0,51.0,-1.0,-1.0,-1.0,-1.0,-1.0,-1.0,0.0,49807360.0,0.0,0.0,-1.0,-1.0,-1.0,0.0,0.0,1
0.0,65.0,56.375,-1.0,-1.0,-1.0,-1.0,-1.0,-1.0,0.0,49823744.0,0.0,0.0,-1.0,-1.0,-1.0,0.0,0.0,1
0.0,61.0,51.75,-1.0,-1.0,-1.0,-1.0,-1.0,-1.0,0.0,49823744.0,0.0,0.0,-1.0,-1.0,-1.0,0.0,0.0,1
0.0,61.0,53.875,-1.0,-1.0,-1.0,-1.0,-1.0,-1.0,0.0,49823744.0,0.0,0.0,-1.0,-1.0,-1.0,0.0,0.0,1
0.0,56.0,48.333,-1.0,-1.0,-1.0,-1.0,-1.0,-1.0,0.0,49823744.0,0.0,0.0,-1.0,-1.0,-1.0,0.0,0.0,1
0.0,62.0,54.583,-1.0,-1.0,-1.0,-1.0,-1.0,-1.0,0.0,49823744.0,0.0,0.0,-1.0,-1.0,-1.0,0.0,0.0,1
0.0,62.0,54.792,-1.0,-1.0,-1.0,-1.0,-1.0,-1.0,0.0,49823744.0,0.0,0.0,-1.0,-1.0,-1.0,0.0,0.0,1
0.0,58.0,51.916,-1.0,-1.0,-1.0,-1.0,-1.0,-1.0,0.0,49823744.0,0.0,0.0,-1.0,-1.0,-1.0,0.0,0.0,1
0.0,60.0,52.208,-1.0,-1.0,-1.0,-1.0,-1.0,-1.0,0.0,49823744.0,0.0,0.0,-1.0,-1.0,-1.0,0.0,0.0,1
0.0,55.0,46.75,-1.0,-1.0,-1.0,-1.0,-1.0,-1.0,0.0,49823744.0,0.0,0.0,-1.0,-1.0,-1.0,0.0,0.0,1
0.0,63.0,53.75,-1.0,-1.0,-1.0,-1.0,-1.0,-1.0,0.0,49823744.0,0.0,0.0,-1.0,-1.0,-1.0,0.0,0.0,1
2.0,68.0,69.25,-1.0,-1.0,-1.0,-1.0,-1.0,-1.0,0.0,49823744.0,0.0,0.0,-1.0,-1.0,-1.0,0.0,0.0,1
0.0,57.0,51.459,-1.0,-1.0,-1.0,-1.0,-1.0,-1.0,0.0,49823744.0,0.0,0.0,-1.0,-1.0,-1.0,0.0,0.0,1
0.0,59.0,52.417,-1.0,-1.0,-1.0,-1.0,-1.0,-1.0,0.0,49823744.0,0.0,0.0,-1.0,-1.0,-1.0,0.0,0.0,1
0.0,63.0,55.208,-1.0,-1.0,-1.0,-1.0,-1.0,-1.0,0.0,49823744.0,0.0,0.0,-1.0,-1.0,-1.0,0.0,0.0,1
0.0,65.0,58.625,-1.0,-1.0,-1.0,-1.0,-1.0,-1.0,0.0,49823744.0,0.0,0.0,-1.0,-1.0,-1.0,0.0,0.0,1
0.0,62.0,55.125,-1.0,-1.0,-1.0,-1.0,-1.0,-1.0,0.0,49823744.0,0.0,0.0,-1.0,-1.0,-1.0,0.0,0.0,1
0.0,61.0,52.791,-1.0,-1.0,-1.0,-1.0,-1.0,-1.0,0.0,49823744.0,0.0,0.0,-1.0,-1.0,-1.0,0.0,0.0,1
0.0,56.0,49.083,-1.0,-1.0,-1.0,-1.0,-1.0,-1.0,0.0,49840128.0,0.0,0.0,-1.0,-1.0,-1.0,0.0,0.0,1
0.0,59.0,53.125,-1.0,-1.0,-1.0,-1.0,-1.0,-1.0,0.0,49840128.0,0.0,0.0,-1.0,-1.0,-1.0,0.0,0.0,1
0.0,52.0,47.0,-1.0,-1.0,-1.0,-1.0,-1.0,-1.0,0.0,49840128.0,0.0,0.0,-1.0,-1.0,-1.0,0.0,0.0,1
0.0,51.0,46.0,-1.0,-1.0,-1.0,-1.0,-1.0,-1.0,0.0,49840128.0,0.0,0.0,-1.0,-1.0,-1.0,0.0,0.0,1
1.0,51.0,78.916,-1.0,-1.0,-1.0,-1.0,-1.0,-1.0,0.0,49840128.0,0.0,0.0,-1.0,-1.0,-1.0,0.0,0.0,1
0.0,59.0,52.667,-1.0,-1.0,-1.0,-1.0,-1.0,-1.0,0.0,49840128.0,0.0,0.0,-1.0,-1.0,-1.0,0.0,0.0,1
0.0,54.0,46.917,-1.0,-1.0,-1.0,-1.0,-1.0,-1.0,0.0,49840128.0,0.0,0.0,-1.0,-1.0,-1.0,0.0,0.0,1
0.0,51.0,47.625,-1.0,-1.0,-1.0,-1.0,-1.0,-1.0,0.0,49856512.0,0.0,0.0,-1.0,-1.0,-1.0,0.0,0.0,1
0.0,66.0,59.75,-1.0,-1.0,-1.0,-1.0,-1.0,-1.0,0.0,49856512.0,0.0,0.0,-1.0,-1.0,-1.0,0.0,0.0,1
0.0,63.0,57.292,-1.0,-1.0,-1.0,-1.0,-1.0,-1.0,0.0,49889280.0,0.0,0.0,-1.0,-1.0,-1.0,0.0,0.0,1
0.0,65.0,57.708,-1.0,-1.0,-1.0,-1.0,-1.0,-1.0,0.0,49889280.0,0.0,0.0,-1.0,-1.0,-1.0,0.0,0.0,1
0.0,63.0,53.583,-1.0,-1.0,-1.0,-1.0,-1.0,-1.0,0.0,49889280.0,0.0,0.0,-1.0,-1.0,-1.0,0.0,0.0,1
0.0,60.0,53.875,-1.0,-1.0,-1.0,-1.0,-1.0,-1.0,0.0,49889280.0,0.0,0.0,-1.0,-1.0,-1.0,0.0,0.0,1
0.0,60.0,51.625,-1.0,-1.0,-1.0,-1.0,-1.0,-1.0,0.0,49889280.0,0.0,0.0,-1.0,-1.0,-1.0,0.0,0.0,1
0.0,60.0,54.791,-1.0,-1.0,-1.0,-1.0,-1.0,-1.0,0.0,49889280.0,0.0,0.0,-1.0,-1.0,-1.0,0.0,0.0,1
0.0,57.0,51.208,-1.0,-1.0,-1.0,-1.0,-1.0,-1.0,0.0,49889280.0,0.0,0.0,-1.0,-1.0,-1.0,0.0,0.0,1
0.0,61.0,53.875,-1.0,-1.0,-1.0,-1.0,-1.0,-1.0,0.0,49889280.0,0.0,0.0,-1.0,-1.0,-1.0,0.0,0.0,1
0.0,73.0,61.25,-1.0,-1.0,-1.0,-1.0,-1.0,-1.0,0.0,49905664.0,0.0,0.0,-1.0,-1.0,-1.0,0.0,0.0,1
0.0,64.0,54.375,-1.0,-1.0,-1.0,-1.0,-1.0,-1.0,0.0,49905664.0,0.0,0.0,-1.0,-1.0,-1.0,0.0,0.0,1
0.0,63.0,55.458,-1.0,-1.0,-1.0,-1.0,-1.0,-1.0,0.0,49905664.0,0.0,0.0,-1.0,-1.0,-1.0,0.0,0.0,1
0.0,71.0,60.125,-1.0,-1.0,-1.0,-1.0,-1.0,-1.0,0.0,49905664.0,0.0,0.0,-1.0,-1.0,-1.0,0.0,0.0,1
0.0,62.0,56.625,-1.0,-1.0,-1.0,-1.0,-1.0,-1.0,0.0,49905664.0,0.0,0.0,-1.0,-1.0,-1.0,0.0,0.0,1
1.0,66.0,76.209,-1.0,-1.0,-1.0,-1.0,-1.0,-1.0,0.0,49905664.0,0.0,0.0,-1.0,-1.0,-1.0,0.0,0.0,1
0.0,57.0,51.291,-1.0,-1.0,-1.0,-1.0,-1.0,-1.0,0.0,49905664.0,0.0,0.0,-1.0,-1.0,-1.0,0.0,0.0,1
0.0,63.0,52.167,-1.0,-1.0,-1.0,-1.0,-1.0,-1.0,0.0,49905664.0,0.0,0.0,-1.0,-1.0,-1.0,0.0,0.0,1
0.0,55.0,46.375,-1.0,-1.0,-1.0,-1.0,-1.0,-1.0,0.0,49905664.0,0.0,0.0,-1.0,-1.0,-1.0,0.0,0.0,1
0.0,53.0,45.083,-1.0,-1.0,-1.0,-1.0,-1.0,-1.0,0.0,49905664.0,0.0,0.0,-1.0,-1.0,-1.0,0.0,0.0,1
0.0,51.0,44.0,-1.0,-1.0,-1.0,-1.0,-1.0,-1.0,0.0,49905664.0,0.0,0.0,-1.0,-1.0,-1.0,0.0,0.0,1
0.0,54.0,49.542,-1.0,-1.0,-1.0,-1.0,-1.0,-1.0,0.0,49905664.0,0.0,0.0,-1.0,-1.0,-1.0,0.0,0.0,1
0.0,69.0,56.959,-1.0,-1.0,-1.0,-1.0,-1.0,-1.0,0.0,49905664.0,0.0,0.0,-1.0,-1.0,-1.0,0.0,0.0,1
0.0,60.0,53.375,-1.0,-1.0,-1.0,-1.0,-1.0,-1.0,0.0,49905664.0,0.0,0.0,-1.0,-1.0,-1.0,0.0,0.0,1
0.0,59.0,52.625,-1.0,-1.0,-1.0,-1.0,-1.0,-1.0,0.0,49905664.0,0.0,0.0,-1.0,-1.0,-1.0,0.0,0.0,1
0.0,61.0,54.042,-1.0,-1.0,-1.0,-1.0,-1.0,-1.0,0.0,49905664.0,0.0,0.0,-1.0,-1.0,-1.0,0.0,0.0,1
0.0,56.0,49.083,-1.0,-1.0,-1.0,-1.0,-1.0,-1.0,0.0,49905664.0,0.0,0.0,-1.0,-1.0,-1.0,0.0,0.0,1
1.0,60.0,105.375,-1.0,-1.0,-1.0,-1.0,-1.0,-1.0,0.0,49922048.0,0.0,0.0,-1.0,-1.0,-1.0,0.0,0.0,1
0.0,61.0,54.25,-1.0,-1.0,-1.0,-1.0,-1.0,-1.0,0.0,49922048.0,0.0,0.0,-1.0,-1.0,-1.0,0.0,0.0,1
0.0,58.0,51.458,-1.0,-1.0,-1.0,-1.0,-1.0,-1.0,0.0,49938432.0,0.0,0.0,-1.0,-1.0,-1.0,0.0,0.0,1
0.0,58.0,51.0,-1.0,-1.0,-1.0,-1.0,-1.0,-1.0,0.0,49938432.0,0.0,0.0,-1.0,-1.0,-1.0,0.0,0.0,1
0.0,49.0,44.833,-1.0,-1.0,-1.0,-1.0,-1.0,-1.0,0.0,49938432.0,0.0,0.0,-1.0,-1.0,-1.0,0.0,0.0,1
0.0,42.0,38.583,-1.0,-1.0,-1.0,-1.0,-1.0,-1.0,0.0,49938432.0,0.0,0.0,-1.0,-1.0,-1.0,0.0,0.0,1
0.0,48.0,44.167,-1.0,-1.0,-1.0,-1.0,-1.0,-1.0,0.0,49938432.0,0.0,0.0,-1.0,-1.0,-1.0,0.0,0.0,1
0.0,54.0,47.042,-1.0,-1.0,-1.0,-1.0,-1.0,-1.0,0.0,49938432.0,0.0,0.0,-1.0,-1.0,-1.0,0.0,0.0,1
1.0,42.0,303.167,-1.0,-1.0,-1.0,-1.0,-1.0,-1.0,0.0,49938432.0,0.0,0.0,-1.0,-1.0,-1.0,0.0,0.0,1
0.0,56.0,50.25,-1.0,-1.0,-1.0,-1.0,-1.0,-1.0,0.0,49938432.0,0.0,0.0,-1.0,-1.0,-1.0,0.0,0.0,1
0.0,77.0,69.208,-1.0,-1.0,-1.0,-1.0,-1.0,-1.0,0.0,49938432.0,0.0,0.0,-1.0,-1.0,-1.0,0.0,0.0,1
0.0,68.0,60.333,-1.0,-1.0,-1.0,-1.0,-1.0,-1.0,0.0,49954816.0,0.0,0.0,-1.0,-1.0,-1.0,0.0,0.0,1
0.0,58.0,52.5,-1.0,-1.0,-1.0,-1.0,-1.0,-1.0,0.0,49954816.0,0.0,0.0,-1.0,-1.0,-1.0,0.0,0.0,1
0.0,84.0,77.0,-1.0,-1.0,-1.0,-1.0,-1.0,-1.0,0.0,49954816.0,0.0,0.0,-1.0,-1.0,-1.0,0.0,0.0,1
0.0,63.0,56.292,-1.0,-1.0,-1.0,-1.0,-1.0,-1.0,0.0,49954816.0,0.0,0.0,-1.0,-1.0,-1.0,0.0,0.0,1
0.0,58.0,51.666,-1.0,-1.0,-1.0,-1.0,-1.0,-1.0,0.0,49971200.0,0.0,0.0,-1.0,-1.0,-1.0,0.0,0.0,1
0.0,47.0,43.708,-1.0,-1.0,-1.0,-1.0,-1.0,-1.0,0.0,49971200.0,0.0,0.0,-1.0,-1.0,-1.0,0.0,0.0,1
0.0,49.0,45.25,-1.0,-1.0,-1.0,-1.0,-1.0,-1.0,0.0,49987584.0,0.0,0.0,-1.0,-1.0,-1.0,0.0,0.0,1
0.0,54.0,48.625,-1.0,-1.0,-1.0,-1.0,-1.0,-1.0,0.0,49987584.0,0.0,0.0,-1.0,-1.0,-1.0,0.0,0.0,1
1.0,41.0,35.5,-1.0,-1.0,-1.0,-1.0,-1.0,-1.0,0.0,49987584.0,0.0,0.0,-1.0,-1.0,-1.0,0.0,0.0,1
0.0,48.0,43.208,-1.0,-1.0,-1.0,-1.0,-1.0,-1.0,0.0,49987584.0,0.0,0.0,-1.0,-1.0,-1.0,0.0,0.0,1
0.0,53.0,47.042,-1.0,-1.0,-1.0,-1.0,-1.0,-1.0,0.0,49987584.0,0.0,0.0,-1.0,-1.0,-1.0,0.0,0.0,1
0.0,71.0,45.458,-1.0,-1.0,-1.0,-1.0,-1.0,-1.0,0.0,49987584.0,0.0,0.0,-1.0,-1.0,-1.0,0.0,0.0,1
0.0,56.0,48.125,-1.0,-1.0,-1.0,-1.0,-1.0,-1.0,0.0,49987584.0,0.0,0.0,-1.0,-1.0,-1.0,0.0,0.0,1
0.0,47.0,41.459,-1.0,-1.0,-1.0,-1.0,-1.0,-1.0,0.0,49987584.0,0.0,0.0,-1.0,-1.0,-1.0,0.0,0.0,1
0.0,62.0,53.5,-1.0,-1.0,-1.0,-1.0,-1.0,-1.0,0.0,49987584.0,0.0,0.0,-1.0,-1.0,-1.0,0.0,0.0,1
0.0,55.0,47.792,-1.0,-1.0,-1.0,-1.0,-1.0,-1.0,0.0,49987584.0,0.0,0.0,-1.0,-1.0,-1.0,0.0,0.0,1
0.0,54.0,48.0,-1.0,-1.0,-1.0,-1.0,-1.0,-1.0,0.0,49987584.0,0.0,0.0,-1.0,-1.0,-1.0,0.0,0.0,1
0.0,48.0,42.417,-1.0,-1.0,-1.0,-1.0,-1.0,-1.0,0.0,49987584.0,0.0,0.0,-1.0,-1.0,-1.0,0.0,0.0,1
0.0,54.0,50.083,-1.0,-1.0,-1.0,-1.0,-1.0,-1.0,0.0,49987584.0,0.0,0.0,-1.0,-1.0,-1.0,0.0,0.0,1
0.0,69.0,61.833,-1.0,-1.0,-1.0,-1.0,-1.0,-1.0,0.0,50003968.0,0.0,0.0,-1.0,-1.0,-1.0,0.0,0.0,1
0.0,63.0,55.375,-1.0,-1.0,-1.0,-1.0,-1.0,-1.0,0.0,50003968.0,0.0,0.0,-1.0,-1.0,-1.0,0.0,0.0,1
0.0,59.0,53.417,-1.0,-1.0,-1.0,-1.0,-1.0,-1.0,0.0,50003968.0,0.0,0.0,-1.0,-1.0,-1.0,0.0,0.0,1
0.0,65.0,58.334,-1.0,-1.0,-1.0,-1.0,-1.0,-1.0,0.0,50003968.0,0.0,0.0,-1.0,-1.0,-1.0,0.0,0.0,1
0.0,58.0,49.25,-1.0,-1.0,-1.0,-1.0,-1.0,-1.0,0.0,50020352.0,0.0,0.0,-1.0,-1.0,-1.0,0.0,0.0,1
0.0,59.0,51.791,-1.0,-1.0,-1.0,-1.0,-1.0,-1.0,0.0,50020352.0,0.0,0.0,-1.0,-1.0,-1.0,0.0,0.0,1
0.0,78.0,68.791,-1.0,-1.0,-1.0,-1.0,-1.0,-1.0,0.0,50020352.0,0.0,0.0,-1.0,-1.0,-1.0,0.0,0.0,1
0.0,76.0,68.292,-1.0,-1.0,-1.0,-1.0,-1.0,-1.0,0.0,50020352.0,0.0,0.0,-1.0,-1.0,-1.0,0.0,0.0,1
0.0,82.0,74.791,-1.0,-1.0,-1.0,-1.0,-1.0,-1.0,0.0,50020352.0,0.0,0.0,-1.0,-1.0,-1.0,0.0,0.0,1
0.0,68.0,62.042,-1.0,-1.0,-1.0,-1.0,-1.0,-1.0,0.0,50020352.0,0.0,0.0,-1.0,-1.0,-1.0,0.0,0.0,1
0.0,64.0,56.625,-1.0,-1.0,-1.0,-1.0,-1.0,-1.0,0.0,50020352.0,0.0,0.0,-1.0,-1.0,-1.0,0.0,0.0,1
0.0,57.0,50.458,-1.0,-1.0,-1.0,-1.0,-1.0,-1.0,0.0,50020352.0,0.0,0.0,-1.0,-1.0,-1.0,0.0,0.0,1
0.0,64.0,55.542,-1.0,-1.0,-1.0,-1.0,-1.0,-1.0,0.0,50020352.0,0.0,0.0,-1.0,-1.0,-1.0,0.0,0.0,1
0.0,61.0,55.083,-1.0,-1.0,-1.0,-1.0,-1.0,-1.0,0.0,50020352.0,0.0,0.0,-1.0,-1.0,-1.0,0.0,0.0,1
0.0,64.0,55.166,-1.0,-1.0,-1.0,-1.0,-1.0,-1.0,0.0,50020352.0,0.0,0.0,-1.0,-1.0,-1.0,0.0,0.0,1
0.0,59.0,51.917,-1.0,-1.0,-1.0,-1.0,-1.0,-1.0,0.0,50020352.0,0.0,0.0,-1.0,-1.0,-1.0,0.0,0.0,1
0.0,60.0,53.958,-1.0,-1.0,-1.0,-1.0,-1.0,-1.0,0.0,50020352.0,0.0,0.0,-1.0,-1.0,-1.0,0.0,0.0,1
0.0,61.0,51.25,-1.0,-1.0,-1.0,-1.0,-1.0,-1.0,0.0,50036736.0,0.0,0.0,-1.0,-1.0,-1.0,0.0,0.0,1
0.0,60.0,52.0,-1.0,-1.0,-1.0,-1.0,-1.0,-1.0,0.0,50036736.0,0.0,0.0,-1.0,-1.0,-1.0,0.0,0.0,1
1.0,65.0,152.375,-1.0,-1.0,-1.0,-1.0,-1.0,-1.0,0.0,50036736.0,0.0,0.0,-1.0,-1.0,-1.0,0.0,0.0,1
0.0,59.0,50.583,-1.0,-1.0,-1.0,-1.0,-1.0,-1.0,0.0,50036736.0,0.0,0.0,-1.0,-1.0,-1.0,0.0,0.0,1
0.0,54.0,49.292,-1.0,-1.0,-1.0,-1.0,-1.0,-1.0,0.0,50053120.0,0.0,0.0,-1.0,-1.0,-1.0,0.0,0.0,1
0.0,55.0,48.959,-1.0,-1.0,-1.0,-1.0,-1.0,-1.0,0.0,50053120.0,0.0,0.0,-1.0,-1.0,-1.0,0.0,0.0,1
0.0,59.0,52.291,-1.0,-1.0,-1.0,-1.0,-1.0,-1.0,0.0,50053120.0,0.0,0.0,-1.0,-1.0,-1.0,0.0,0.0,1
0.0,56.0,50.292,-1.0,-1.0,-1.0,-1.0,-1.0,-1.0,0.0,50053120.0,0.0,0.0,-1.0,-1.0,-1.0,0.0,0.0,1
0.0,61.0,53.75,-1.0,-1.0,-1.0,-1.0,-1.0,-1.0,0.0,50069504.0,0.0,0.0,-1.0,-1.0,-1.0,0.0,0.0,1
6.0,85.0,166.0,-1.0,-1.0,-1.0,-1.0,-1.0,-1.0,0.0,50069504.0,0.0,0.0,-1.0,-1.0,-1.0,0.0,0.0,1
0.0,45.0,40.166,-1.0,-1.0,-1.0,-1.0,-1.0,-1.0,0.0,50069504.0,0.0,0.0,-1.0,-1.0,-1.0,0.0,0.0,1
6.0,84.0,312.25,-1.0,-1.0,-1.0,-1.0,-1.0,-1.0,0.0,50085888.0,0.0,0.0,-1.0,-1.0,-1.0,0.0,0.0,1
0.0,51.0,46.791,-1.0,-1.0,-1.0,-1.0,-1.0,-1.0,0.0,50085888.0,0.0,0.0,-1.0,-1.0,-1.0,0.0,0.0,1
0.0,43.0,39.166,-1.0,-1.0,-1.0,-1.0,-1.0,-1.0,0.0,50085888.0,0.0,0.0,-1.0,-1.0,-1.0,0.0,0.0,1
0.0,65.0,54.5,-1.0,-1.0,-1.0,-1.0,-1.0,-1.0,0.0,50085888.0,0.0,0.0,-1.0,-1.0,-1.0,0.0,0.0,1
1.0,63.0,74.792,-1.0,-1.0,-1.0,-1.0,-1.0,-1.0,0.0,50085888.0,0.0,0.0,-1.0,-1.0,-1.0,0.0,0.0,1
0.0,51.0,45.25,-1.0,-1.0,-1.0,-1.0,-1.0,-1.0,0.0,50085888.0,0.0,0.0,-1.0,-1.0,-1.0,0.0,0.0,1
0.0,60.0,52.458,-1.0,-1.0,-1.0,-1.0,-1.0,-1.0,0.0,50085888.0,0.0,0.0,-1.0,-1.0,-1.0,0.0,0.0,1
0.0,69.0,59.417,-1.0,-1.0,-1.0,-1.0,-1.0,-1.0,0.0,50085888.0,0.0,0.0,-1.0,-1.0,-1.0,0.0,0.0,1
0.0,60.0,54.291,-1.0,-1.0,-1.0,-1.0,-1.0,-1.0,0.0,50085888.0,0.0,0.0,-1.0,-1.0,-1.0,0.0,0.0,1
0.0,53.0,46.833,-1.0,-1.0,-1.0,-1.0,-1.0,-1.0,0.0,50085888.0,0.0,0.0,-1.0,-1.0,-1.0,0.0,0.0,1
0.0,43.0,38.334,-1.0,-1.0,-1.0,-1.0,-1.0,-1.0,0.0,50102272.0,0.0,0.0,-1.0,-1.0,-1.0,0.0,0.0,1
0.0,50.0,44.5,-1.0,-1.0,-1.0,-1.0,-1.0,-1.0,0.0,50102272.0,0.0,0.0,-1.0,-1.0,-1.0,0.0,0.0,1
0.0,52.0,45.417,-1.0,-1.0,-1.0,-1.0,-1.0,-1.0,0.0,50102272.0,0.0,0.0,-1.0,-1.0,-1.0,0.0,0.0,1
0.0,52.0,45.667,-1.0,-1.0,-1.0,-1.0,-1.0,-1.0,0.0,50102272.0,0.0,0.0,-1.0,-1.0,-1.0,0.0,0.0,1
0.0,53.0,47.459,-1.0,-1.0,-1.0,-1.0,-1.0,-1.0,0.0,50102272.0,0.0,0.0,-1.0,-1.0,-1.0,0.0,0.0,1
0.0,50.0,44.709,-1.0,-1.0,-1.0,-1.0,-1.0,-1.0,0.0,50102272.0,0.0,0.0,-1.0,-1.0,-1.0,0.0,0.0,1
0.0,60.0,52.083,-1.0,-1.0,-1.0,-1.0,-1.0,-1.0,0.0,50102272.0,0.0,0.0,-1.0,-1.0,-1.0,0.0,0.0,1
0.0,61.0,56.042,-1.0,-1.0,-1.0,-1.0,-1.0,-1.0,0.0,50102272.0,0.0,0.0,-1.0,-1.0,-1.0,0.0,0.0,1
0.0,61.0,53.208,-1.0,-1.0,-1.0,-1.0,-1.0,-1.0,0.0,50102272.0,0.0,0.0,-1.0,-1.0,-1.0,0.0,0.0,1
0.0,62.0,55.459,-1.0,-1.0,-1.0,-1.0,-1.0,-1.0,0.0,50102272.0,0.0,0.0,-1.0,-1.0,-1.0,0.0,0.0,1
0.0,63.0,55.625,-1.0,-1.0,-1.0,-1.0,-1.0,-1.0,0.0,50102272.0,0.0,0.0,-1.0,-1.0,-1.0,0.0,0.0,1
0.0,62.0,56.334,-1.0,-1.0,-1.0,-1.0,-1.0,-1.0,0.0,50102272.0,0.0,0.0,-1.0,-1.0,-1.0,0.0,0.0,1
0.0,64.0,55.875,-1.0,-1.0,-1.0,-1.0,-1.0,-1.0,0.0,50102272.0,0.0,0.0,-1.0,-1.0,-1.0,0.0,0.0,1
0.0,61.0,55.125,-1.0,-1.0,-1.0,-1.0,-1.0,-1.0,0.0,50102272.0,0.0,0.0,-1.0,-1.0,-1.0,0.0,0.0,1
0.0,40.0,36.084,-1.0,-1.0,-1.0,-1.0,-1.0,-1.0,0.0,50102272.0,0.0,0.0,-1.0,-1.0,-1.0,0.0,0.0,1
0.0,56.0,49.875,-1.0,-1.0,-1.0,-1.0,-1.0,-1.0,0.0,50102272.0,0.0,0.0,-1.0,-1.0,-1.0,0.0,0.0,1
0.0,60.0,52.0,-1.0,-1.0,-1.0,-1.0,-1.0,-1.0,0.0,50118656.0,0.0,0.0,-1.0,-1.0,-1.0,0.0,0.0,1
0.0,56.0,49.25,-1.0,-1.0,-1.0,-1.0,-1.0,-1.0,0.0,50135040.0,0.0,0.0,-1.0,-1.0,-1.0,0.0,0.0,1
0.0,68.0,57.333,-1.0,-1.0,-1.0,-1.0,-1.0,-1.0,0.0,50135040.0,0.0,0.0,-1.0,-1.0,-1.0,0.0,0.0,1
0.0,55.0,49.0,-1.0,-1.0,-1.0,-1.0,-1.0,-1.0,0.0,50151424.0,0.0,0.0,-1.0,-1.0,-1.0,0.0,0.0,1
0.0,53.0,46.583,-1.0,-1.0,-1.0,-1.0,-1.0,-1.0,0.0,50151424.0,0.0,0.0,-1.0,-1.0,-1.0,0.0,0.0,1
0.0,58.0,51.0,-1.0,-1.0,-1.0,-1.0,-1.0,-1.0,0.0,50151424.0,0.0,0.0,-1.0,-1.0,-1.0,0.0,0.0,1
0.0,57.0,48.208,-1.0,-1.0,-1.0,-1.0,-1.0,-1.0,0.0,50151424.0,0.0,0.0,-1.0,-1.0,-1.0,0.0,0.0,1
0.0,69.0,55.292,-1.0,-1.0,-1.0,-1.0,-1.0,-1.0,0.0,50151424.0,0.0,0.0,-1.0,-1.0,-1.0,0.0,0.0,1
0.0,64.0,54.583,-1.0,-1.0,-1.0,-1.0,-1.0,-1.0,0.0,50151424.0,0.0,0.0,-1.0,-1.0,-1.0,0.0,0.0,1
0.0,66.0,58.625,-1.0,-1.0,-1.0,-1.0,-1.0,-1.0,0.0,50151424.0,0.0,0.0,-1.0,-1.0,-1.0,0.0,0.0,1
0.0,55.0,49.042,-1.0,-1.0,-1.0,-1.0,-1.0,-1.0,0.0,50151424.0,0.0,0.0,-1.0,-1.0,-1.0,0.0,0.0,1
0.0,59.0,52.083,-1.0,-1.0,-1.0,-1.0,-1.0,-1.0,0.0,50167808.0,0.0,0.0,-1.0,-1.0,-1.0,0.0,0.0,1
2.0,81.0,154.291,-1.0,-1.0,-1.0,-1.0,-1.0,-1.0,0.0,50167808.0,0.0,0.0,-1.0,-1.0,-1.0,0.0,0.0,1
0.0,56.0,48.625,-1.0,-1.0,-1.0,-1.0,-1.0,-1.0,0.0,50167808.0,0.0,0.0,-1.0,-1.0,-1.0,0.0,0.0,1
0.0,88.0,80.25,-1.0,-1.0,-1.0,-1.0,-1.0,-1.0,0.0,50167808.0,0.0,0.0,-1.0,-1.0,-1.0,0.0,0.0,1
0.0,58.0,51.792,-1.0,-1.0,-1.0,-1.0,-1.0,-1.0,0.0,50167808.0,0.0,0.0,-1.0,-1.0,-1.0,0.0,0.0,1
0.0,58.0,51.209,-1.0,-1.0,-1.0,-1.0,-1.0,-1.0,0.0,50167808.0,0.0,0.0,-1.0,-1.0,-1.0,0.0,0.0,1
0.0,60.0,52.625,-1.0,-1.0,-1.0,-1.0,-1.0,-1.0,0.0,50167808.0,0.0,0.0,-1.0,-1.0,-1.0,0.0,0.0,1
0.0,57.0,52.583,-1.0,-1.0,-1.0,-1.0,-1.0,-1.0,0.0,50184192.0,0.0,0.0,-1.0,-1.0,-1.0,0.0,0.0,1
0.0,27.0,23.917,-1.0,-1.0,-1.0,-1.0,-1.0,-1.0,0.0,50184192.0,0.0,0.0,-1.0,-1.0,-1.0,0.0,0.0,1
0.0,55.0,48.75,-1.0,-1.0,-1.0,-1.0,-1.0,-1.0,0.0,50184192.0,0.0,0.0,-1.0,-1.0,-1.0,0.0,0.0,1
0.0,62.0,56.042,-1.0,-1.0,-1.0,-1.0,-1.0,-1.0,0.0,50184192.0,0.0,0.0,-1.0,-1.0,-1.0,0.0,0.0,1
0.0,55.0,49.458,-1.0,-1.0,-1.0,-1.0,-1.0,-1.0,0.0,50184192.0,0.0,0.0,-1.0,-1.0,-1.0,0.0,0.0,1
0.0,51.0,43.666,-1.0,-1.0,-1.0,-1.0,-1.0,-1.0,0.0,50184192.0,0.0,0.0,-1.0,-1.0,-1.0,0.0,0.0,1
0.0,67.0,59.083,-1.0,-1.0,-1.0,-1.0,-1.0,-1.0,0.0,50184192.0,0.0,0.0,-1.0,-1.0,-1.0,0.0,0.0,1
0.0,56.0,48.667,-1.0,-1.0,-1.0,-1.0,-1.0,-1.0,0.0,50184192.0,0.0,0.0,-1.0,-1.0,-1.0,0.0,0.0,1
0.0,59.0,50.667,-1.0,-1.0,-1.0,-1.0,-1.0,-1.0,0.0,50184192.0,0.0,0.0,-1.0,-1.0,-1.0,0.0,0.0,1
0.0,65.0,52.542,-1.0,-1.0,-1.0,-1.0,-1.0,-1.0,0.0,50184192.0,0.0,0.0,-1.0,-1.0,-1.0,0.0,0.0,1
0.0,61.0,54.375,-1.0,-1.0,-1.0,-1.0,-1.0,-1.0,0.0,50184192.0,0.0,0.0,-1.0,-1.0,-1.0,0.0,0.0,1
0.0,65.0,55.0,-1.0,-1.0,-1.0,-1.0,-1.0,-1.0,0.0,50184192.0,0.0,0.0,-1.0,-1.0,-1.0,0.0,0.0,1
0.0,57.0,50.292,-1.0,-1.0,-1.0,-1.0,-1.0,-1.0,0.0,50184192.0,0.0,0.0,-1.0,-1.0,-1.0,0.0,0.0,1
0.0,63.0,55.125,-1.0,-1.0,-1.0,-1.0,-1.0,-1.0,0.0,50200576.0,0.0,0.0,-1.0,-1.0,-1.0,0.0,0.0,1
0.0,71.0,58.25,-1.0,-1.0,-1.0,-1.0,-1.0,-1.0,0.0,50200576.0,0.0,0.0,-1.0,-1.0,-1.0,0.0,0.0,1
0.0,58.0,51.834,-1.0,-1.0,-1.0,-1.0,-1.0,-1.0,0.0,50200576.0,0.0,0.0,-1.0,-1.0,-1.0,0.0,0.0,1
0.0,50.0,44.083,-1.0,-1.0,-1.0,-1.0,-1.0,-1.0,0.0,50200576.0,0.0,0.0,-1.0,-1.0,-1.0,0.0,0.0,1
1.0,51.0,43.208,-1.0,-1.0,-1.0,-1.0,-1.0,-1.0,0.0,50216960.0,0.0,0.0,-1.0,-1.0,-1.0,0.0,0.0,1
0.0,48.0,42.666,-1.0,-1.0,-1.0,-1.0,-1.0,-1.0,0.0,50233344.0,0.0,0.0,-1.0,-1.0,-1.0,0.0,0.0,1
0.0,53.0,46.458,-1.0,-1.0,-1.0,-1.0,-1.0,-1.0,0.0,50233344.0,0.0,0.0,-1.0,-1.0,-1.0,0.0,0.0,1
0.0,56.0,48.75,-1.0,-1.0,-1.0,-1.0,-1.0,-1.0,0.0,50233344.0,0.0,0.0,-1.0,-1.0,-1.0,0.0,0.0,1
0.0,59.0,50.0,-1.0,-1.0,-1.0,-1.0,-1.0,-1.0,0.0,50233344.0,0.0,0.0,-1.0,-1.0,-1.0,0.0,0.0,1
0.0,57.0,48.292,-1.0,-1.0,-1.0,-1.0,-1.0,-1.0,0.0,50233344.0,0.0,0.0,-1.0,-1.0,-1.0,0.0,0.0,1
0.0,54.0,47.541,-1.0,-1.0,-1.0,-1.0,-1.0,-1.0,0.0,50233344.0,0.0,0.0,-1.0,-1.0,-1.0,0.0,0.0,1
0.0,25.0,21.833,-1.0,-1.0,-1.0,-1.0,-1.0,-1.0,0.0,50233344.0,0.0,0.0,-1.0,-1.0,-1.0,0.0,0.0,1
0.0,70.0,64.042,-1.0,-1.0,-1.0,-1.0,-1.0,-1.0,0.0,50233344.0,0.0,0.0,-1.0,-1.0,-1.0,0.0,0.0,1
0.0,62.0,52.875,-1.0,-1.0,-1.0,-1.0,-1.0,-1.0,0.0,50233344.0,0.0,0.0,-1.0,-1.0,-1.0,0.0,0.0,1
0.0,62.0,53.875,-1.0,-1.0,-1.0,-1.0,-1.0,-1.0,0.0,50233344.0,0.0,0.0,-1.0,-1.0,-1.0,0.0,0.0,1
0.0,60.0,54.791,-1.0,-1.0,-1.0,-1.0,-1.0,-1.0,0.0,50233344.0,0.0,0.0,-1.0,-1.0,-1.0,0.0,0.0,1
0.0,65.0,58.917,-1.0,-1.0,-1.0,-1.0,-1.0,-1.0,0.0,50233344.0,0.0,0.0,-1.0,-1.0,-1.0,0.0,0.0,1
1.0,47.0,75.917,-1.0,-1.0,-1.0,-1.0,-1.0,-1.0,0.0,50233344.0,0.0,0.0,-1.0,-1.0,-1.0,0.0,0.0,1
0.0,65.0,54.833,-1.0,-1.0,-1.0,-1.0,-1.0,-1.0,0.0,50233344.0,0.0,0.0,-1.0,-1.0,-1.0,0.0,0.0,1
0.0,59.0,51.792,-1.0,-1.0,-1.0,-1.0,-1.0,-1.0,0.0,50233344.0,0.0,0.0,-1.0,-1.0,-1.0,0.0,0.0,1
0.0,65.0,58.709,-1.0,-1.0,-1.0,-1.0,-1.0,-1.0,0.0,50249728.0,0.0,0.0,-1.0,-1.0,-1.0,0.0,0.0,1
1.0,22.0,60.0,-1.0,-1.0,-1.0,-1.0,-1.0,-1.0,0.0,50266112.0,0.0,0.0,-1.0,-1.0,-1.0,0.0,0.0,1
0.0,64.0,54.625,-1.0,-1.0,-1.0,-1.0,-1.0,-1.0,0.0,50266112.0,0.0,0.0,-1.0,-1.0,-1.0,0.0,0.0,1
0.0,62.0,53.041,-1.0,-1.0,-1.0,-1.0,-1.0,-1.0,0.0,50266112.0,0.0,0.0,-1.0,-1.0,-1.0,0.0,0.0,1
0.0,62.0,54.542,-1.0,-1.0,-1.0,-1.0,-1.0,-1.0,0.0,50266112.0,0.0,0.0,-1.0,-1.0,-1.0,0.0,0.0,1
0.0,61.0,53.333,-1.0,-1.0,-1.0,-1.0,-1.0,-1.0,0.0,50266112.0,0.0,0.0,-1.0,-1.0,-1.0,0.0,0.0,1
0.0,59.0,53.083,-1.0,-1.0,-1.0,-1.0,-1.0,-1.0,0.0,50266112.0,0.0,0.0,-1.0,-1.0,-1.0,0.0,0.0,1
0.0,56.0,48.708,-1.0,-1.0,-1.0,-1.0,-1.0,-1.0,0.0,50266112.0,0.0,0.0,-1.0,-1.0,-1.0,0.0,0.0,1
0.0,50.0,45.166,-1.0,-1.0,-1.0,-1.0,-1.0,-1.0,0.0,50282496.0,0.0,0.0,-1.0,-1.0,-1.0,0.0,0.0,1
0.0,50.0,44.708,-1.0,-1.0,-1.0,-1.0,-1.0,-1.0,0.0,50282496.0,0.0,0.0,-1.0,-1.0,-1.0,0.0,0.0,1
0.0,60.0,51.708,-1.0,-1.0,-1.0,-1.0,-1.0,-1.0,0.0,50282496.0,0.0,0.0,-1.0,-1.0,-1.0,0.0,0.0,1
0.0,61.0,52.584,-1.0,-1.0,-1.0,-1.0,-1.0,-1.0,0.0,50282496.0,0.0,0.0,-1.0,-1.0,-1.0,0.0,0.0,1
0.0,58.0,51.542,-1.0,-1.0,-1.0,-1.0,-1.0,-1.0,0.0,50282496.0,0.0,0.0,-1.0,-1.0,-1.0,0.0,0.0,1
0.0,21.0,19.334,-1.0,-1.0,-1.0,-1.0,-1.0,-1.0,0.0,50282496.0,0.0,0.0,-1.0,-1.0,-1.0,0.0,0.0,1
0.0,82.0,68.125,-1.0,-1.0,-1.0,-1.0,-1.0,-1.0,0.0,50282496.0,0.0,0.0,-1.0,-1.0,-1.0,0.0,0.0,1
0.0,74.0,64.708,-1.0,-1.0,-1.0,-1.0,-1.0,-1.0,0.0,50282496.0,0.0,0.0,-1.0,-1.0,-1.0,0.0,0.0,1
0.0,64.0,55.958,-1.0,-1.0,-1.0,-1.0,-1.0,-1.0,0.0,50282496.0,0.0,0.0,-1.0,-1.0,-1.0,0.0,0.0,1
0.0,60.0,49.834,-1.0,-1.0,-1.0,-1.0,-1.0,-1.0,0.0,50282496.0,0.0,0.0,-1.0,-1.0,-1.0,0.0,0.0,1
0.0,65.0,57.041,-1.0,-1.0,-1.0,-1.0,-1.0,-1.0,0.0,50298880.0,0.0,0.0,-1.0,-1.0,-1.0,0.0,0.0,1
0.0,57.0,47.875,-1.0,-1.0,-1.0,-1.0,-1.0,-1.0,0.0,50298880.0,0.0,0.0,-1.0,-1.0,-1.0,0.0,0.0,1
0.0,61.0,54.041,-1.0,-1.0,-1.0,-1.0,-1.0,-1.0,0.0,50298880.0,0.0,0.0,-1.0,-1.0,-1.0,0.0,0.0,1
0.0,61.0,54.584,-1.0,-1.0,-1.0,-1.0,-1.0,-1.0,0.0,50298880.0,0.0,0.0,-1.0,-1.0,-1.0,0.0,0.0,1
0.0,52.0,46.875,-1.0,-1.0,-1.0,-1.0,-1.0,-1.0,0.0,50315264.0,0.0,0.0,-1.0,-1.0,-1.0,0.0,0.0,1
0.0,54.0,45.416,-1.0,-1.0,-1.0,-1.0,-1.0,-1.0,0.0,50315264.0,0.0,0.0,-1.0,-1.0,-1.0,0.0,0.0,1
0.0,22.0,21.833,-1.0,-1.0,-1.0,-1.0,-1.0,-1.0,0.0,50315264.0,0.0,0.0,-1.0,-1.0,-1.0,0.0,0.0,1
0.0,83.0,76.208,-1.0,-1.0,-1.0,-1.0,-1.0,-1.0,0.0,50315264.0,0.0,0.0,-1.0,-1.0,-1.0,0.0,0.0,1
0.0,70.0,59.375,-1.0,-1.0,-1.0,-1.0,-1.0,-1.0,0.0,50315264.0,0.0,0.0,-1.0,-1.0,-1.0,0.0,0.0,1
0.0,59.0,53.458,-1.0,-1.0,-1.0,-1.0,-1.0,-1.0,0.0,50315264.0,0.0,0.0,-1.0,-1.0,-1.0,0.0,0.0,1
0.0,61.0,52.917,-1.0,-1.0,-1.0,-1.0,-1.0,-1.0,0.0,50315264.0,0.0,0.0,-1.0,-1.0,-1.0,0.0,0.0,1
0.0,58.0,51.083,-1.0,-1.0,-1.0,-1.0,-1.0,-1.0,0.0,50315264.0,0.0,0.0,-1.0,-1.0,-1.0,0.0,0.0,1
0.0,58.0,51.625,-1.0,-1.0,-1.0,-1.0,-1.0,-1.0,0.0,50315264.0,0.0,0.0,-1.0,-1.0,-1.0,0.0,0.0,1
0.0,56.0,49.25,-1.0,-1.0,-1.0,-1.0,-1.0,-1.0,0.0,50315264.0,0.0,0.0,-1.0,-1.0,-1.0,0.0,0.0,1
0.0,57.0,49.916,-1.0,-1.0,-1.0,-1.0,-1.0,-1.0,0.0,50315264.0,0.0,0.0,-1.0,-1.0,-1.0,0.0,0.0,1
1.0,68.0,52.666,-1.0,-1.0,-1.0,-1.0,-1.0,-1.0,0.0,50315264.0,0.0,0.0,-1.0,-1.0,-1.0,0.0,0.0,1
0.0,55.0,49.292,-1.0,-1.0,-1.0,-1.0,-1.0,-1.0,0.0,50315264.0,0.0,0.0,-1.0,-1.0,-1.0,0.0,0.0,1
0.0,18.0,17.292,-1.0,-1.0,-1.0,-1.0,-1.0,-1.0,0.0,50331648.0,0.0,0.0,-1.0,-1.0,-1.0,0.0,0.0,1
0.0,64.0,56.333,-1.0,-1.0,-1.0,-1.0,-1.0,-1.0,0.0,50331648.0,0.0,0.0,-1.0,-1.0,-1.0,0.0,0.0,1
0.0,73.0,63.417,-1.0,-1.0,-1.0,-1.0,-1.0,-1.0,0.0,50348032.0,0.0,0.0,-1.0,-1.0,-1.0,0.0,0.0,1
0.0,58.0,51.125,-1.0,-1.0,-1.0,-1.0,-1.0,-1.0,0.0,50348032.0,0.0,0.0,-1.0,-1.0,-1.0,0.0,0.0,1
0.0,60.0,50.583,-1.0,-1.0,-1.0,-1.0,-1.0,-1.0,0.0,50348032.0,0.0,0.0,-1.0,-1.0,-1.0,0.0,0.0,1
0.0,50.0,45.917,-1.0,-1.0,-1.0,-1.0,-1.0,-1.0,0.0,50364416.0,0.0,0.0,-1.0,-1.0,-1.0,0.0,0.0,1
0.0,58.0,52.209,-1.0,-1.0,-1.0,-1.0,-1.0,-1.0,0.0,50364416.0,0.0,0.0,-1.0,-1.0,-1.0,0.0,0.0,1
0.0,55.0,48.416,-1.0,-1.0,-1.0,-1.0,-1.0,-1.0,0.0,50364416.0,0.0,0.0,-1.0,-1.0,-1.0,0.0,0.0,1
0.0,55.0,48.25,-1.0,-1.0,-1.0,-1.0,-1.0,-1.0,0.0,50364416.0,0.0,0.0,-1.0,-1.0,-1.0,0.0,0.0,1
0.0,59.0,51.708,-1.0,-1.0,-1.0,-1.0,-1.0,-1.0,0.0,50364416.0,0.0,0.0,-1.0,-1.0,-1.0,0.0,0.0,1
0.0,59.0,51.5,-1.0,-1.0,-1.0,-1.0,-1.0,-1.0,0.0,50364416.0,0.0,0.0,-1.0,-1.0,-1.0,0.0,0.0,1
0.0,60.0,52.541,-1.0,-1.0,-1.0,-1.0,-1.0,-1.0,0.0,50364416.0,0.0,0.0,-1.0,-1.0,-1.0,0.0,0.0,1
0.0,57.0,50.208,-1.0,-1.0,-1.0,-1.0,-1.0,-1.0,0.0,50364416.0,0.0,0.0,-1.0,-1.0,-1.0,0.0,0.0,1
0.0,58.0,50.542,-1.0,-1.0,-1.0,-1.0,-1.0,-1.0,0.0,50364416.0,0.0,0.0,-1.0,-1.0,-1.0,0.0,0.0,1
0.0,59.0,52.0,-1.0,-1.0,-1.0,-1.0,-1.0,-1.0,0.0,50364416.0,0.0,0.0,-1.0,-1.0,-1.0,0.0,0.0,1
0.0,56.0,49.958,-1.0,-1.0,-1.0,-1.0,-1.0,-1.0,0.0,50364416.0,0.0,0.0,-1.0,-1.0,-1.0,0.0,0.0,1
0.0,64.0,57.459,-1.0,-1.0,-1.0,-1.0,-1.0,-1.0,0.0,50364416.0,0.0,0.0,-1.0,-1.0,-1.0,0.0,0.0,1
0.0,58.0,51.75,-1.0,-1.0,-1.0,-1.0,-1.0,-1.0,0.0,50380800.0,0.0,0.0,-1.0,-1.0,-1.0,0.0,0.0,1
0.0,64.0,57.708,-1.0,-1.0,-1.0,-1.0,-1.0,-1.0,0.0,50380800.0,0.0,0.0,-1.0,-1.0,-1.0,0.0,0.0,1
0.0,62.0,53.25,-1.0,-1.0,-1.0,-1.0,-1.0,-1.0,0.0,50380800.0,0.0,0.0,-1.0,-1.0,-1.0,0.0,0.0,1
0.0,58.0,51.916,-1.0,-1.0,-1.0,-1.0,-1.0,-1.0,0.0,50380800.0,0.0,0.0,-1.0,-1.0,-1.0,0.0,0.0,1
0.0,59.0,52.084,-1.0,-1.0,-1.0,-1.0,-1.0,-1.0,0.0,50380800.0,0.0,0.0,-1.0,-1.0,-1.0,0.0,0.0,1
0.0,65.0,55.25,-1.0,-1.0,-1.0,-1.0,-1.0,-1.0,0.0,50380800.0,0.0,0.0,-1.0,-1.0,-1.0,0.0,0.0,1
0.0,60.0,51.666,-1.0,-1.0,-1.0,-1.0,-1.0,-1.0,0.0,50397184.0,0.0,0.0,-1.0,-1.0,-1.0,0.0,0.0,1
0.0,65.0,59.083,-1.0,-1.0,-1.0,-1.0,-1.0,-1.0,0.0,50397184.0,0.0,0.0,-1.0,-1.0,-1.0,0.0,0.0,1
0.0,64.0,57.75,-1.0,-1.0,-1.0,-1.0,-1.0,-1.0,0.0,50397184.0,0.0,0.0,-1.0,-1.0,-1.0,0.0,0.0,1
0.0,59.0,51.459,-1.0,-1.0,-1.0,-1.0,-1.0,-1.0,0.0,50397184.0,0.0,0.0,-1.0,-1.0,-1.0,0.0,0.0,1
0.0,61.0,50.542,-1.0,-1.0,-1.0,-1.0,-1.0,-1.0,0.0,50397184.0,0.0,0.0,-1.0,-1.0,-1.0,0.0,0.0,1
0.0,70.0,60.917,-1.0,-1.0,-1.0,-1.0,-1.0,-1.0,0.0,50397184.0,0.0,0.0,-1.0,-1.0,-1.0,0.0,0.0,1
0.0,59.0,51.083,-1.0,-1.0,-1.0,-1.0,-1.0,-1.0,0.0,50397184.0,0.0,0.0,-1.0,-1.0,-1.0,0.0,0.0,1
0.0,62.0,55.916,-1.0,-1.0,-1.0,-1.0,-1.0,-1.0,0.0,50413568.0,0.0,0.0,-1.0,-1.0,-1.0,0.0,0.0,1
0.0,54.0,46.083,-1.0,-1.0,-1.0,-1.0,-1.0,-1.0,0.0,50413568.0,0.0,0.0,-1.0,-1.0,-1.0,0.0,0.0,1
0.0,23.0,21.917,-1.0,-1.0,-1.0,-1.0,-1.0,-1.0,0.0,50413568.0,0.0,0.0,-1.0,-1.0,-1.0,0.0,0.0,1
1.0,112.0,110.083,-1.0,-1.0,-1.0,-1.0,-1.0,-1.0,0.0,50413568.0,0.0,0.0,-1.0,-1.0,-1.0,0.0,0.0,1
0.0,76.0,69.458,-1.0,-1.0,-1.0,-1.0,-1.0,-1.0,0.0,50429952.0,0.0,0.0,-1.0,-1.0,-1.0,0.0,0.0,1
0.0,63.0,56.083,-1.0,-1.0,-1.0,-1.0,-1.0,-1.0,0.0,50429952.0,0.0,0.0,-1.0,-1.0,-1.0,0.0,0.0,1
0.0,101.0,89.542,-1.0,-1.0,-1.0,-1.0,-1.0,-1.0,0.0,50429952.0,0.0,0.0,-1.0,-1.0,-1.0,0.0,0.0,1
1.0,77.0,120.667,-1.0,-1.0,-1.0,-1.0,-1.0,-1.0,0.0,50429952.0,0.0,0.0,-1.0,-1.0,-1.0,0.0,0.0,1
0.0,57.0,49.833,-1.0,-1.0,-1.0,-1.0,-1.0,-1.0,0.0,50429952.0,0.0,0.0,-1.0,-1.0,-1.0,0.0,0.0,1
0.0,53.0,48.542,-1.0,-1.0,-1.0,-1.0,-1.0,-1.0,0.0,50429952.0,0.0,0.0,-1.0,-1.0,-1.0,0.0,0.0,1
0.0,49.0,43.75,-1.0,-1.0,-1.0,-1.0,-1.0,-1.0,0.0,50429952.0,0.0,0.0,-1.0,-1.0,-1.0,0.0,0.0,1
0.0,59.0,49.833,-1.0,-1.0,-1.0,-1.0,-1.0,-1.0,0.0,50429952.0,0.0,0.0,-1.0,-1.0,-1.0,0.0,0.0,1
0.0,54.0,48.291,-1.0,-1.0,-1.0,-1.0,-1.0,-1.0,0.0,50429952.0,0.0,0.0,-1.0,-1.0,-1.0,0.0,0.0,1
0.0,47.0,42.666,-1.0,-1.0,-1.0,-1.0,-1.0,-1.0,0.0,50429952.0,0.0,0.0,-1.0,-1.0,-1.0,0.0,0.0,1
0.0,51.0,44.5,-1.0,-1.0,-1.0,-1.0,-1.0,-1.0,0.0,50429952.0,0.0,0.0,-1.0,-1.0,-1.0,0.0,0.0,1
0.0,62.0,53.333,-1.0,-1.0,-1.0,-1.0,-1.0,-1.0,0.0,50446336.0,0.0,0.0,-1.0,-1.0,-1.0,0.0,0.0,1
0.0,63.0,52.834,-1.0,-1.0,-1.0,-1.0,-1.0,-1.0,0.0,50446336.0,0.0,0.0,-1.0,-1.0,-1.0,0.0,0.0,1
0.0,60.0,52.209,-1.0,-1.0,-1.0,-1.0,-1.0,-1.0,0.0,50446336.0,0.0,0.0,-1.0,-1.0,-1.0,0.0,0.0,1
0.0,61.0,55.625,-1.0,-1.0,-1.0,-1.0,-1.0,-1.0,0.0,50446336.0,0.0,0.0,-1.0,-1.0,-1.0,0.0,0.0,1
0.0,56.0,46.042,-1.0,-1.0,-1.0,-1.0,-1.0,-1.0,0.0,50446336.0,0.0,0.0,-1.0,-1.0,-1.0,0.0,0.0,1
0.0,62.0,54.875,-1.0,-1.0,-1.0,-1.0,-1.0,-1.0,0.0,50446336.0,0.0,0.0,-1.0,-1.0,-1.0,0.0,0.0,1
0.0,72.0,65.416,-1.0,-1.0,-1.0,-1.0,-1.0,-1.0,0.0,50462720.0,0.0,0.0,-1.0,-1.0,-1.0,0.0,0.0,1
0.0,60.0,50.208,-1.0,-1.0,-1.0,-1.0,-1.0,-1.0,0.0,50462720.0,0.0,0.0,-1.0,-1.0,-1.0,0.0,0.0,1
0.0,56.0,48.583,-1.0,-1.0,-1.0,-1.0,-1.0,-1.0,0.0,50462720.0,0.0,0.0,-1.0,-1.0,-1.0,0.0,0.0,1
0.0,59.0,53.0,-1.0,-1.0,-1.0,-1.0,-1.0,-1.0,0.0,50462720.0,0.0,0.0,-1.0,-1.0,-1.0,0.0,0.0,1
0.0,61.0,51.083,-1.0,-1.0,-1.0,-1.0,-1.0,-1.0,0.0,50462720.0,0.0,0.0,-1.0,-1.0,-1.0,0.0,0.0,1
0.0,61.0,51.167,-1.0,-1.0,-1.0,-1.0,-1.0,-1.0,0.0,50462720.0,0.0,0.0,-1.0,-1.0,-1.0,0.0,0.0,1
0.0,64.0,52.583,-1.0,-1.0,-1.0,-1.0,-1.0,-1.0,0.0,50462720.0,0.0,0.0,-1.0,-1.0,-1.0,0.0,0.0,1
0.0,61.0,52.834,-1.0,-1.0,-1.0,-1.0,-1.0,-1.0,0.0,50479104.0,0.0,0.0,-1.0,-1.0,-1.0,0.0,0.0,1
0.0,55.0,48.0,-1.0,-1.0,-1.0,-1.0,-1.0,-1.0,0.0,50479104.0,0.0,0.0,-1.0,-1.0,-1.0,0.0,0.0,1
0.0,55.0,49.041,-1.0,-1.0,-1.0,-1.0,-1.0,-1.0,0.0,50495488.0,0.0,0.0,-1.0,-1.0,-1.0,0.0,0.0,1
0.0,76.0,67.209,-1.0,-1.0,-1.0,-1.0,-1.0,-1.0,0.0,50495488.0,0.0,0.0,-1.0,-1.0,-1.0,0.0,0.0,1
0.0,57.0,50.458,-1.0,-1.0,-1.0,-1.0,-1.0,-1.0,0.0,50495488.0,0.0,0.0,-1.0,-1.0,-1.0,0.0,0.0,1
1.0,57.0,96.125,-1.0,-1.0,-1.0,-1.0,-1.0,-1.0,0.0,50495488.0,0.0,0.0,-1.0,-1.0,-1.0,0.0,0.0,1
0.0,63.0,52.625,-1.0,-1.0,-1.0,-1.0,-1.0,-1.0,0.0,50495488.0,0.0,0.0,-1.0,-1.0,-1.0,0.0,0.0,1
0.0,60.0,51.292,-1.0,-1.0,-1.0,-1.0,-1.0,-1.0,0.0,50495488.0,0.0,0.0,-1.0,-1.0,-1.0,0.0,0.0,1
0.0,57.0,49.583,-1.0,-1.0,-1.0,-1.0,-1.0,-1.0,0.0,50495488.0,0.0,0.0,-1.0,-1.0,-1.0,0.0,0.0,1
0.0,57.0,50.833,-1.0,-1.0,-1.0,-1.0,-1.0,-1.0,0.0,50495488.0,0.0,0.0,-1.0,-1.0,-1.0,0.0,0.0,1
0.0,61.0,55.042,-1.0,-1.0,-1.0,-1.0,-1.0,-1.0,0.0,50511872.0,0.0,0.0,-1.0,-1.0,-1.0,0.0,0.0,1
0.0,49.0,44.042,-1.0,-1.0,-1.0,-1.0,-1.0,-1.0,0.0,50511872.0,0.0,0.0,-1.0,-1.0,-1.0,0.0,0.0,1
0.0,58.0,49.625,-1.0,-1.0,-1.0,-1.0,-1.0,-1.0,0.0,50511872.0,0.0,0.0,-1.0,-1.0,-1.0,0.0,0.0,1
2.0,69.0,139.875,-1.0,-1.0,-1.0,-1.0,-1.0,-1.0,0.0,50511872.0,0.0,0.0,-1.0,-1.0,-1.0,0.0,0.0,1
0.0,45.0,40.958,-1.0,-1.0,-1.0,-1.0,-1.0,-1.0,0.0,50511872.0,0.0,0.0,-1.0,-1.0,-1.0,0.0,0.0,1
1.0,52.0,56.75,-1.0,-1.0,-1.0,-1.0,-1.0,-1.0,0.0,50511872.0,0.0,0.0,-1.0,-1.0,-1.0,0.0,0.0,1
0.0,55.0,49.125,-1.0,-1.0,-1.0,-1.0,-1.0,-1.0,0.0,50511872.0,0.0,0.0,-1.0,-1.0,-1.0,0.0,0.0,1
0.0,58.0,48.916,-1.0,-1.0,-1.0,-1.0,-1.0,-1.0,0.0,50511872.0,0.0,0.0,-1.0,-1.0,-1.0,0.0,0.0,1
0.0,59.0,51.167,-1.0,-1.0,-1.0,-1.0,-1.0,-1.0,0.0,50511872.0,0.0,0.0,-1.0,-1.0,-1.0,0.0,0.0,1
0.0,54.0,49.125,-1.0,-1.0,-1.0,-1.0,-1.0,-1.0,0.0,50511872.0,0.0,0.0,-1.0,-1.0,-1.0,0.0,0.0,1
0.0,54.0,47.917,-1.0,-1.0,-1.0,-1.0,-1.0,-1.0,0.0,50511872.0,0.0,0.0,-1.0,-1.0,-1.0,0.0,0.0,1
0.0,64.0,54.0,-1.0,-1.0,-1.0,-1.0,-1.0,-1.0,0.0,50511872.0,0.0,0.0,-1.0,-1.0,-1.0,0.0,0.0,1
0.0,56.0,50.208,-1.0,-1.0,-1.0,-1.0,-1.0,-1.0,0.0,50511872.0,0.0,0.0,-1.0,-1.0,-1.0,0.0,0.0,1
0.0,54.0,48.167,-1.0,-1.0,-1.0,-1.0,-1.0,-1.0,0.0,50511872.0,0.0,0.0,-1.0,-1.0,-1.0,0.0,0.0,1
0.0,55.0,49.25,-1.0,-1.0,-1.0,-1.0,-1.0,-1.0,0.0,50511872.0,0.0,0.0,-1.0,-1.0,-1.0,0.0,0.0,1
0.0,58.0,50.0,-1.0,-1.0,-1.0,-1.0,-1.0,-1.0,0.0,50511872.0,0.0,0.0,-1.0,-1.0,-1.0,0.0,0.0,1
0.0,55.0,47.792,-1.0,-1.0,-1.0,-1.0,-1.0,-1.0,0.0,50511872.0,0.0,0.0,-1.0,-1.0,-1.0,0.0,0.0,1
0.0,57.0,50.542,-1.0,-1.0,-1.0,-1.0,-1.0,-1.0,0.0,50544640.0,0.0,0.0,-1.0,-1.0,-1.0,0.0,0.0,1
0.0,49.0,43.25,-1.0,-1.0,-1.0,-1.0,-1.0,-1.0,0.0,50544640.0,0.0,0.0,-1.0,-1.0,-1.0,0.0,0.0,1
0.0,112.0,102.209,-1.0,-1.0,-1.0,-1.0,-1.0,-1.0,0.0,50561024.0,0.0,0.0,-1.0,-1.0,-1.0,0.0,0.0,1
0.0,76.0,68.167,-1.0,-1.0,-1.0,-1.0,-1.0,-1.0,0.0,50561024.0,0.0,0.0,-1.0,-1.0,-1.0,0.0,0.0,1
0.0,119.0,110.208,-1.0,-1.0,-1.0,-1.0,-1.0,-1.0,0.0,50561024.0,0.0,0.0,-1.0,-1.0,-1.0,0.0,0.0,1
0.0,44.0,41.625,-1.0,-1.0,-1.0,-1.0,-1.0,-1.0,0.0,50561024.0,0.0,0.0,-1.0,-1.0,-1.0,0.0,0.0,1
0.0,105.0,96.167,-1.0,-1.0,-1.0,-1.0,-1.0,-1.0,0.0,50561024.0,0.0,0.0,-1.0,-1.0,-1.0,0.0,0.0,1
0.0,50.0,46.541,-1.0,-1.0,-1.0,-1.0,-1.0,-1.0,0.0,50561024.0,0.0,0.0,-1.0,-1.0,-1.0,0.0,0.0,1
0.0,44.0,39.542,-1.0,-1.0,-1.0,-1.0,-1.0,-1.0,0.0,50561024.0,0.0,0.0,-1.0,-1.0,-1.0,0.0,0.0,1
0.0,48.0,44.334,-1.0,-1.0,-1.0,-1.0,-1.0,-1.0,0.0,50561024.0,0.0,0.0,-1.0,-1.0,-1.0,0.0,0.0,1
0.0,49.0,46.333,-1.0,-1.0,-1.0,-1.0,-1.0,-1.0,0.0,50561024.0,0.0,0.0,-1.0,-1.0,-1.0,0.0,0.0,1
0.0,81.0,70.125,-1.0,-1.0,-1.0,-1.0,-1.0,-1.0,0.0,50577408.0,0.0,0.0,-1.0,-1.0,-1.0,0.0,0.0,1
0.0,71.0,59.583,-1.0,-1.0,-1.0,-1.0,-1.0,-1.0,0.0,50577408.0,0.0,0.0,-1.0,-1.0,-1.0,0.0,0.0,1
0.0,67.0,58.958,-1.0,-1.0,-1.0,-1.0,-1.0,-1.0,0.0,50577408.0,0.0,0.0,-1.0,-1.0,-1.0,0.0,0.0,1
0.0,46.0,42.083,-1.0,-1.0,-1.0,-1.0,-1.0,-1.0,0.0,50577408.0,0.0,0.0,-1.0,-1.0,-1.0,0.0,0.0,1
0.0,110.0,101.167,-1.0,-1.0,-1.0,-1.0,-1.0,-1.0,0.0,50577408.0,0.0,0.0,-1.0,-1.0,-1.0,0.0,0.0,1
0.0,74.0,67.917,-1.0,-1.0,-1.0,-1.0,-1.0,-1.0,0.0,50577408.0,0.0,0.0,-1.0,-1.0,-1.0,0.0,0.0,1
0.0,22.0,22.125,-1.0,-1.0,-1.0,-1.0,-1.0,-1.0,0.0,50593792.0,0.0,0.0,-1.0,-1.0,-1.0,0.0,0.0,1
0.0,63.0,56.709,-1.0,-1.0,-1.0,-1.0,-1.0,-1.0,0.0,50593792.0,0.0,0.0,-1.0,-1.0,-1.0,0.0,0.0,1
0.0,36.0,32.334,-1.0,-1.0,-1.0,-1.0,-1.0,-1.0,0.0,50593792.0,0.0,0.0,-1.0,-1.0,-1.0,0.0,0.0,1
1.0,93.0,126.375,-1.0,-1.0,-1.0,-1.0,-1.0,-1.0,0.0,50593792.0,0.0,0.0,-1.0,-1.0,-1.0,0.0,0.0,1
0.0,25.0,23.375,-1.0,-1.0,-1.0,-1.0,-1.0,-1.0,0.0,50593792.0,0.0,0.0,-1.0,-1.0,-1.0,0.0,0.0,1
0.0,15.0,15.375,-1.0,-1.0,-1.0,-1.0,-1.0,-1.0,0.0,50593792.0,0.0,0.0,-1.0,-1.0,-1.0,0.0,0.0,1
0.0,19.0,17.166,-1.0,-1.0,-1.0,-1.0,-1.0,-1.0,0.0,50593792.0,0.0,0.0,-1.0,-1.0,-1.0,0.0,0.0,1
0.0,102.0,91.667,-1.0,-1.0,-1.0,-1.0,-1.0,-1.0,0.0,50593792.0,0.0,0.0,-1.0,-1.0,-1.0,0.0,0.0,1
0.0,24.0,21.708,-1.0,-1.0,-1.0,-1.0,-1.0,-1.0,0.0,50593792.0,0.0,0.0,-1.0,-1.0,-1.0,0.0,0.0,1
0.0,75.0,69.459,-1.0,-1.0,-1.0,-1.0,-1.0,-1.0,0.0,50593792.0,0.0,0.0,-1.0,-1.0,-1.0,0.0,0.0,1
0.0,77.0,68.084,-1.0,-1.0,-1.0,-1.0,-1.0,-1.0,0.0,50593792.0,0.0,0.0,-1.0,-1.0,-1.0,0.0,0.0,1
0.0,35.0,33.667,-1.0,-1.0,-1.0,-1.0,-1.0,-1.0,0.0,50593792.0,0.0,0.0,-1.0,-1.0,-1.0,0.0,0.0,1
0.0,49.0,43.375,-1.0,-1.0,-1.0,-1.0,-1.0,-1.0,0.0,50593792.0,0.0,0.0,-1.0,-1.0,-1.0,0.0,0.0,1
0.0,84.0,73.541,-1.0,-1.0,-1.0,-1.0,-1.0,-1.0,0.0,50610176.0,0.0,0.0,-1.0,-1.0,-1.0,0.0,0.0,1
0.0,62.0,54.5,-1.0,-1.0,-1.0,-1.0,-1.0,-1.0,0.0,50610176.0,0.0,0.0,-1.0,-1.0,-1.0,0.0,0.0,1
0.0,68.0,61.125,-1.0,-1.0,-1.0,-1.0,-1.0,-1.0,0.0,50610176.0,0.0,0.0,-1.0,-1.0,-1.0,0.0,0.0,1
0.0,34.0,32.292,-1.0,-1.0,-1.0,-1.0,-1.0,-1.0,0.0,50610176.0,0.0,0.0,-1.0,-1.0,-1.0,0.0,0.0,1
0.0,34.0,33.042,-1.0,-1.0,-1.0,-1.0,-1.0,-1.0,0.0,50626560.0,0.0,0.0,-1.0,-1.0,-1.0,0.0,0.0,1
0.0,38.0,36.125,-1.0,-1.0,-1.0,-1.0,-1.0,-1.0,0.0,50626560.0,0.0,0.0,-1.0,-1.0,-1.0,0.0,0.0,1
0.0,72.0,66.583,-1.0,-1.0,-1.0,-1.0,-1.0,-1.0,0.0,50626560.0,0.0,0.0,-1.0,-1.0,-1.0,0.0,0.0,1
1.0,132.0,187.625,-1.0,-1.0,-1.0,-1.0,-1.0,-1.0,0.0,50626560.0,0.0,0.0,-1.0,-1.0,-1.0,0.0,0.0,1
0.0,78.0,70.375,-1.0,-1.0,-1.0,-1.0,-1.0,-1.0,0.0,50626560.0,0.0,0.0,-1.0,-1.0,-1.0,0.0,0.0,1
0.0,22.0,21.708,-1.0,-1.0,-1.0,-1.0,-1.0,-1.0,0.0,50626560.0,0.0,0.0,-1.0,-1.0,-1.0,0.0,0.0,1
0.0,21.0,19.667,-1.0,-1.0,-1.0,-1.0,-1.0,-1.0,0.0,50642944.0,0.0,0.0,-1.0,-1.0,-1.0,0.0,0.0,1
0.0,80.0,70.041,-1.0,-1.0,-1.0,-1.0,-1.0,-1.0,0.0,50642944.0,0.0,0.0,-1.0,-1.0,-1.0,0.0,0.0,1
0.0,68.0,60.125,-1.0,-1.0,-1.0,-1.0,-1.0,-1.0,0.0,50642944.0,0.0,0.0,-1.0,-1.0,-1.0,0.0,0.0,1
0.0,61.0,55.292,-1.0,-1.0,-1.0,-1.0,-1.0,-1.0,0.0,50642944.0,0.0,0.0,-1.0,-1.0,-1.0,0.0,0.0,1
0.0,25.0,23.75,-1.0,-1.0,-1.0,-1.0,-1.0,-1.0,0.0,50642944.0,0.0,0.0,-1.0,-1.0,-1.0,0.0,0.0,1
6.0,27.0,57.917,-1.0,-1.0,-1.0,-1.0,-1.0,-1.0,0.0,50642944.0,0.0,0.0,-1.0,-1.0,-1.0,0.0,0.0,1
0.0,87.0,75.75,-1.0,-1.0,-1.0,-1.0,-1.0,-1.0,0.0,50642944.0,0.0,0.0,-1.0,-1.0,-1.0,0.0,0.0,1
0.0,94.0,78.625,-1.0,-1.0,-1.0,-1.0,-1.0,-1.0,0.0,50659328.0,0.0,0.0,-1.0,-1.0,-1.0,0.0,0.0,1
0.0,62.0,55.084,-1.0,-1.0,-1.0,-1.0,-1.0,-1.0,0.0,50659328.0,0.0,0.0,-1.0,-1.0,-1.0,0.0,0.0,1
0.0,18.0,16.834,-1.0,-1.0,-1.0,-1.0,-1.0,-1.0,0.0,50659328.0,0.0,0.0,-1.0,-1.0,-1.0,0.0,0.0,1
1.0,19.0,35.5,-1.0,-1.0,-1.0,-1.0,-1.0,-1.0,0.0,50659328.0,0.0,0.0,-1.0,-1.0,-1.0,0.0,0.0,1
1.0,19.0,40.417,-1.0,-1.0,-1.0,-1.0,-1.0,-1.0,0.0,50675712.0,0.0,0.0,-1.0,-1.0,-1.0,0.0,0.0,1
0.0,113.0,102.042,-1.0,-1.0,-1.0,-1.0,-1.0,-1.0,0.0,50675712.0,0.0,0.0,-1.0,-1.0,-1.0,0.0,0.0,1
0.0,79.0,68.625,-1.0,-1.0,-1.0,-1.0,-1.0,-1.0,0.0,50675712.0,0.0,0.0,-1.0,-1.0,-1.0,0.0,0.0,1
0.0,55.0,49.917,-1.0,-1.0,-1.0,-1.0,-1.0,-1.0,0.0,50675712.0,0.0,0.0,-1.0,-1.0,-1.0,0.0,0.0,1
0.0,66.0,55.125,-1.0,-1.0,-1.0,-1.0,-1.0,-1.0,0.0,50675712.0,0.0,0.0,-1.0,-1.0,-1.0,0.0,0.0,1
0.0,59.0,52.625,-1.0,-1.0,-1.0,-1.0,-1.0,-1.0,0.0,50675712.0,0.0,0.0,-1.0,-1.0,-1.0,0.0,0.0,1
0.0,59.0,52.0,-1.0,-1.0,-1.0,-1.0,-1.0,-1.0,0.0,50675712.0,0.0,0.0,-1.0,-1.0,-1.0,0.0,0.0,1
0.0,43.0,38.75,-1.0,-1.0,-1.0,-1.0,-1.0,-1.0,0.0,50692096.0,0.0,0.0,-1.0,-1.0,-1.0,0.0,0.0,1
0.0,49.0,42.75,-1.0,-1.0,-1.0,-1.0,-1.0,-1.0,0.0,50692096.0,0.0,0.0,-1.0,-1.0,-1.0,0.0,0.0,1
0.0,49.0,44.709,-1.0,-1.0,-1.0,-1.0,-1.0,-1.0,0.0,50692096.0,0.0,0.0,-1.0,-1.0,-1.0,0.0,0.0,1
0.0,50.0,44.625,-1.0,-1.0,-1.0,-1.0,-1.0,-1.0,0.0,50692096.0,0.0,0.0,-1.0,-1.0,-1.0,0.0,0.0,1
0.0,49.0,43.0,-1.0,-1.0,-1.0,-1.0,-1.0,-1.0,0.0,50692096.0,0.0,0.0,-1.0,-1.0,-1.0,0.0,0.0,1
0.0,50.0,46.042,-1.0,-1.0,-1.0,-1.0,-1.0,-1.0,0.0,50692096.0,0.0,0.0,-1.0,-1.0,-1.0,0.0,0.0,1
0.0,48.0,42.875,-1.0,-1.0,-1.0,-1.0,-1.0,-1.0,0.0,50692096.0,0.0,0.0,-1.0,-1.0,-1.0,0.0,0.0,1
0.0,29.0,26.375,-1.0,-1.0,-1.0,-1.0,-1.0,-1.0,0.0,50692096.0,0.0,0.0,-1.0,-1.0,-1.0,0.0,0.0,1
0.0,54.0,46.875,-1.0,-1.0,-1.0,-1.0,-1.0,-1.0,0.0,50692096.0,0.0,0.0,-1.0,-1.0,-1.0,0.0,0.0,1
0.0,60.0,54.625,-1.0,-1.0,-1.0,-1.0,-1.0,-1.0,0.0,50692096.0,0.0,0.0,-1.0,-1.0,-1.0,0.0,0.0,1
0.0,25.0,22.667,-1.0,-1.0,-1.0,-1.0,-1.0,-1.0,0.0,50708480.0,0.0,0.0,-1.0,-1.0,-1.0,0.0,0.0,1
0.0,72.0,67.042,-1.0,-1.0,-1.0,-1.0,-1.0,-1.0,0.0,50708480.0,0.0,0.0,-1.0,-1.0,-1.0,0.0,0.0,1
0.0,60.0,53.208,-1.0,-1.0,-1.0,-1.0,-1.0,-1.0,0.0,50708480.0,0.0,0.0,-1.0,-1.0,-1.0,0.0,0.0,1
0.0,53.0,48.75,-1.0,-1.0,-1.0,-1.0,-1.0,-1.0,0.0,50708480.0,0.0,0.0,-1.0,-1.0,-1.0,0.0,0.0,1
5.0,63.0,97.5,-1.0,-1.0,-1.0,-1.0,-1.0,-1.0,0.0,50708480.0,0.0,0.0,-1.0,-1.0,-1.0,0.0,0.0,1
0.0,47.0,41.958,-1.0,-1.0,-1.0,-1.0,-1.0,-1.0,0.0,50708480.0,0.0,0.0,-1.0,-1.0,-1.0,0.0,0.0,1
4.0,60.0,342.792,-1.0,-1.0,-1.0,-1.0,-1.0,-1.0,0.0,50708480.0,0.0,0.0,-1.0,-1.0,-1.0,0.0,0.0,1
0.0,48.0,43.875,-1.0,-1.0,-1.0,-1.0,-1.0,-1.0,0.0,50708480.0,0.0,0.0,-1.0,-1.0,-1.0,0.0,0.0,1
0.0,42.0,38.958,-1.0,-1.0,-1.0,-1.0,-1.0,-1.0,0.0,50708480.0,0.0,0.0,-1.0,-1.0,-1.0,0.0,0.0,1
0.0,51.0,46.25,-1.0,-1.0,-1.0,-1.0,-1.0,-1.0,0.0,50708480.0,0.0,0.0,-1.0,-1.0,-1.0,0.0,0.0,1
0.0,67.0,60.583,-1.0,-1.0,-1.0,-1.0,-1.0,-1.0,0.0,50708480.0,0.0,0.0,-1.0,-1.0,-1.0,0.0,0.0,1
0.0,59.0,51.792,-1.0,-1.0,-1.0,-1.0,-1.0,-1.0,0.0,50708480.0,0.0,0.0,-1.0,-1.0,-1.0,0.0,0.0,1
0.0,54.0,48.292,-1.0,-1.0,-1.0,-1.0,-1.0,-1.0,0.0,50724864.0,0.0,0.0,-1.0,-1.0,-1.0,0.0,0.0,1
0.0,68.0,60.5,-1.0,-1.0,-1.0,-1.0,-1.0,-1.0,0.0,50724864.0,0.0,0.0,-1.0,-1.0,-1.0,0.0,0.0,1
0.0,68.0,63.792,-1.0,-1.0,-1.0,-1.0,-1.0,-1.0,0.0,50724864.0,0.0,0.0,-1.0,-1.0,-1.0,0.0,0.0,1
0.0,55.0,49.625,-1.0,-1.0,-1.0,-1.0,-1.0,-1.0,0.0,50724864.0,0.0,0.0,-1.0,-1.0,-1.0,0.0,0.0,1
0.0,57.0,50.083,-1.0,-1.0,-1.0,-1.0,-1.0,-1.0,0.0,50741248.0,0.0,0.0,-1.0,-1.0,-1.0,0.0,0.0,1
0.0,42.0,38.209,-1.0,-1.0,-1.0,-1.0,-1.0,-1.0,0.0,50757632.0,0.0,0.0,-1.0,-1.0,-1.0,0.0,0.0,1
0.0,41.0,37.625,-1.0,-1.0,-1.0,-1.0,-1.0,-1.0,0.0,50757632.0,0.0,0.0,-1.0,-1.0,-1.0,0.0,0.0,1
0.0,44.0,39.25,-1.0,-1.0,-1.0,-1.0,-1.0,-1.0,0.0,50774016.0,0.0,0.0,-1.0,-1.0,-1.0,0.0,0.0,1
0.0,48.0,42.917,-1.0,-1.0,-1.0,-1.0,-1.0,-1.0,0.0,50774016.0,0.0,0.0,-1.0,-1.0,-1.0,0.0,0.0,1
0.0,49.0,44.167,-1.0,-1.0,-1.0,-1.0,-1.0,-1.0,0.0,50774016.0,0.0,0.0,-1.0,-1.0,-1.0,0.0,0.0,1
0.0,47.0,41.292,-1.0,-1.0,-1.0,-1.0,-1.0,-1.0,0.0,50774016.0,0.0,0.0,-1.0,-1.0,-1.0,0.0,0.0,1
0.0,46.0,40.25,-1.0,-1.0,-1.0,-1.0,-1.0,-1.0,0.0,50774016.0,0.0,0.0,-1.0,-1.0,-1.0,0.0,0.0,1
0.0,48.0,41.75,-1.0,-1.0,-1.0,-1.0,-1.0,-1.0,0.0,50774016.0,0.0,0.0,-1.0,-1.0,-1.0,0.0,0.0,1
0.0,53.0,46.959,-1.0,-1.0,-1.0,-1.0,-1.0,-1.0,0.0,50774016.0,0.0,0.0,-1.0,-1.0,-1.0,0.0,0.0,1
0.0,51.0,45.333,-1.0,-1.0,-1.0,-1.0,-1.0,-1.0,0.0,50774016.0,0.0,0.0,-1.0,-1.0,-1.0,0.0,0.0,1
0.0,46.0,41.459,-1.0,-1.0,-1.0,-1.0,-1.0,-1.0,0.0,50774016.0,0.0,0.0,-1.0,-1.0,-1.0,0.0,0.0,1
0.0,59.0,52.333,-1.0,-1.0,-1.0,-1.0,-1.0,-1.0,0.0,50774016.0,0.0,0.0,-1.0,-1.0,-1.0,0.0,0.0,1
0.0,50.0,44.0,-1.0,-1.0,-1.0,-1.0,-1.0,-1.0,0.0,50774016.0,0.0,0.0,-1.0,-1.0,-1.0,0.0,0.0,1
0.0,61.0,56.042,-1.0,-1.0,-1.0,-1.0,-1.0,-1.0,0.0,50774016.0,0.0,0.0,-1.0,-1.0,-1.0,0.0,0.0,1
0.0,46.0,42.25,-1.0,-1.0,-1.0,-1.0,-1.0,-1.0,0.0,50774016.0,0.0,0.0,-1.0,-1.0,-1.0,0.0,0.0,1
0.0,55.0,50.167,-1.0,-1.0,-1.0,-1.0,-1.0,-1.0,0.0,50774016.0,0.0,0.0,-1.0,-1.0,-1.0,0.0,0.0,1
0.0,50.0,44.459,-1.0,-1.0,-1.0,-1.0,-1.0,-1.0,0.0,50774016.0,0.0,0.0,-1.0,-1.0,-1.0,0.0,0.0,1
0.0,53.0,46.292,-1.0,-1.0,-1.0,-1.0,-1.0,-1.0,0.0,50790400.0,0.0,0.0,-1.0,-1.0,-1.0,0.0,0.0,1
0.0,61.0,53.791,-1.0,-1.0,-1.0,-1.0,-1.0,-1.0,0.0,50790400.0,0.0,0.0,-1.0,-1.0,-1.0,0.0,0.0,1
0.0,56.0,51.0,-1.0,-1.0,-1.0,-1.0,-1.0,-1.0,0.0,50790400.0,0.0,0.0,-1.0,-1.0,-1.0,0.0,0.0,1
0.0,52.0,45.125,-1.0,-1.0,-1.0,-1.0,-1.0,-1.0,0.0,50790400.0,0.0,0.0,-1.0,-1.0,-1.0,0.0,0.0,1
0.0,61.0,53.292,-1.0,-1.0,-1.0,-1.0,-1.0,-1.0,0.0,50790400.0,0.0,0.0,-1.0,-1.0,-1.0,0.0,0.0,1
0.0,57.0,49.583,-1.0,-1.0,-1.0,-1.0,-1.0,-1.0,0.0,50790400.0,0.0,0.0,-1.0,-1.0,-1.0,0.0,0.0,1
0.0,49.0,43.292,-1.0,-1.0,-1.0,-1.0,-1.0,-1.0,0.0,50790400.0,0.0,0.0,-1.0,-1.0,-1.0,0.0,0.0,1
0.0,44.0,41.208,-1.0,-1.0,-1.0,-1.0,-1.0,-1.0,0.0,50790400.0,0.0,0.0,-1.0,-1.0,-1.0,0.0,0.0,1
0.0,56.0,49.25,-1.0,-1.0,-1.0,-1.0,-1.0,-1.0,0.0,50790400.0,0.0,0.0,-1.0,-1.0,-1.0,0.0,0.0,1
0.0,62.0,54.375,-1.0,-1.0,-1.0,-1.0,-1.0,-1.0,0.0,50790400.0,0.0,0.0,-1.0,-1.0,-1.0,0.0,0.0,1
0.0,33.0,28.834,-1.0,-1.0,-1.0,-1.0,-1.0,-1.0,0.0,50790400.0,0.0,0.0,-1.0,-1.0,-1.0,0.0,0.0,1
0.0,47.0,42.042,-1.0,-1.0,-1.0,-1.0,-1.0,-1.0,0.0,50790400.0,0.0,0.0,-1.0,-1.0,-1.0,0.0,0.0,1
0.0,84.0,71.125,-1.0,-1.0,-1.0,-1.0,-1.0,-1.0,0.0,50790400.0,0.0,0.0,-1.0,-1.0,-1.0,0.0,0.0,1
0.0,55.0,50.5,-1.0,-1.0,-1.0,-1.0,-1.0,-1.0,0.0,50806784.0,0.0,0.0,-1.0,-1.0,-1.0,0.0,0.0,1
0.0,58.0,51.708,-1.0,-1.0,-1.0,-1.0,-1.0,-1.0,0.0,50806784.0,0.0,0.0,-1.0,-1.0,-1.0,0.0,0.0,1
0.0,60.0,52.875,-1.0,-1.0,-1.0,-1.0,-1.0,-1.0,0.0,50806784.0,0.0,0.0,-1.0,-1.0,-1.0,0.0,0.0,1
0.0,56.0,49.583,-1.0,-1.0,-1.0,-1.0,-1.0,-1.0,0.0,50806784.0,0.0,0.0,-1.0,-1.0,-1.0,0.0,0.0,1
0.0,66.0,53.541,-1.0,-1.0,-1.0,-1.0,-1.0,-1.0,0.0,50823168.0,0.0,0.0,-1.0,-1.0,-1.0,0.0,0.0,1
0.0,64.0,55.5,-1.0,-1.0,-1.0,-1.0,-1.0,-1.0,0.0,50855936.0,0.0,0.0,-1.0,-1.0,-1.0,0.0,0.0,1
0.0,22.0,20.042,-1.0,-1.0,-1.0,-1.0,-1.0,-1.0,0.0,50855936.0,0.0,0.0,-1.0,-1.0,-1.0,0.0,0.0,1
0.0,63.0,58.25,-1.0,-1.0,-1.0,-1.0,-1.0,-1.0,0.0,50855936.0,0.0,0.0,-1.0,-1.0,-1.0,0.0,0.0,1
0.0,57.0,48.292,-1.0,-1.0,-1.0,-1.0,-1.0,-1.0,0.0,50855936.0,0.0,0.0,-1.0,-1.0,-1.0,0.0,0.0,1
0.0,58.0,50.417,-1.0,-1.0,-1.0,-1.0,-1.0,-1.0,0.0,50855936.0,0.0,0.0,-1.0,-1.0,-1.0,0.0,0.0,1
0.0,63.0,54.542,-1.0,-1.0,-1.0,-1.0,-1.0,-1.0,0.0,50855936.0,0.0,0.0,-1.0,-1.0,-1.0,0.0,0.0,1
0.0,54.0,47.875,-1.0,-1.0,-1.0,-1.0,-1.0,-1.0,0.0,50855936.0,0.0,0.0,-1.0,-1.0,-1.0,0.0,0.0,1
0.0,19.0,18.083,-1.0,-1.0,-1.0,-1.0,-1.0,-1.0,0.0,50855936.0,0.0,0.0,-1.0,-1.0,-1.0,0.0,0.0,1
0.0,70.0,63.333,-1.0,-1.0,-1.0,-1.0,-1.0,-1.0,0.0,50855936.0,0.0,0.0,-1.0,-1.0,-1.0,0.0,0.0,1
0.0,61.0,53.667,-1.0,-1.0,-1.0,-1.0,-1.0,-1.0,0.0,50855936.0,0.0,0.0,-1.0,-1.0,-1.0,0.0,0.0,1
0.0,59.0,51.625,-1.0,-1.0,-1.0,-1.0,-1.0,-1.0,0.0,50855936.0,0.0,0.0,-1.0,-1.0,-1.0,0.0,0.0,1
0.0,94.0,85.583,-1.0,-1.0,-1.0,-1.0,-1.0,-1.0,0.0,50855936.0,0.0,0.0,-1.0,-1.0,-1.0,0.0,0.0,1
0.0,86.0,79.625,-1.0,-1.0,-1.0,-1.0,-1.0,-1.0,0.0,50855936.0,0.0,0.0,-1.0,-1.0,-1.0,0.0,0.0,1
0.0,68.0,59.833,-1.0,-1.0,-1.0,-1.0,-1.0,-1.0,0.0,50855936.0,0.0,0.0,-1.0,-1.0,-1.0,0.0,0.0,1
0.0,61.0,52.75,-1.0,-1.0,-1.0,-1.0,-1.0,-1.0,0.0,50855936.0,0.0,0.0,-1.0,-1.0,-1.0,0.0,0.0,1
0.0,64.0,57.333,-1.0,-1.0,-1.0,-1.0,-1.0,-1.0,0.0,50855936.0,0.0,0.0,-1.0,-1.0,-1.0,0.0,0.0,1
0.0,62.0,55.875,-1.0,-1.0,-1.0,-1.0,-1.0,-1.0,0.0,50872320.0,0.0,0.0,-1.0,-1.0,-1.0,0.0,0.0,1
0.0,57.0,50.834,-1.0,-1.0,-1.0,-1.0,-1.0,-1.0,0.0,50872320.0,0.0,0.0,-1.0,-1.0,-1.0,0.0,0.0,1
0.0,27.0,25.209,-1.0,-1.0,-1.0,-1.0,-1.0,-1.0,0.0,50872320.0,0.0,0.0,-1.0,-1.0,-1.0,0.0,0.0,1
0.0,58.0,52.292,-1.0,-1.0,-1.0,-1.0,-1.0,-1.0,0.0,50872320.0,0.0,0.0,-1.0,-1.0,-1.0,0.0,0.0,1
0.0,61.0,54.417,-1.0,-1.0,-1.0,-1.0,-1.0,-1.0,0.0,50872320.0,0.0,0.0,-1.0,-1.0,-1.0,0.0,0.0,1
0.0,52.0,44.333,-1.0,-1.0,-1.0,-1.0,-1.0,-1.0,0.0,50872320.0,0.0,0.0,-1.0,-1.0,-1.0,0.0,0.0,1
0.0,51.0,45.25,-1.0,-1.0,-1.0,-1.0,-1.0,-1.0,0.0,50872320.0,0.0,0.0,-1.0,-1.0,-1.0,0.0,0.0,1
0.0,54.0,48.5,-1.0,-1.0,-1.0,-1.0,-1.0,-1.0,0.0,50888704.0,0.0,0.0,-1.0,-1.0,-1.0,0.0,0.0,1
1.0,70.0,60.375,-1.0,-1.0,-1.0,-1.0,-1.0,-1.0,0.0,50888704.0,0.0,0.0,-1.0,-1.0,-1.0,0.0,0.0,1
0.0,19.0,17.709,-1.0,-1.0,-1.0,-1.0,-1.0,-1.0,0.0,50888704.0,0.0,0.0,-1.0,-1.0,-1.0,0.0,0.0,1
0.0,60.0,54.25,-1.0,-1.0,-1.0,-1.0,-1.0,-1.0,0.0,50888704.0,0.0,0.0,-1.0,-1.0,-1.0,0.0,0.0,1
0.0,59.0,51.083,-1.0,-1.0,-1.0,-1.0,-1.0,-1.0,0.0,50888704.0,0.0,0.0,-1.0,-1.0,-1.0,0.0,0.0,1
0.0,44.0,39.792,-1.0,-1.0,-1.0,-1.0,-1.0,-1.0,0.0,50888704.0,0.0,0.0,-1.0,-1.0,-1.0,0.0,0.0,1
0.0,44.0,39.459,-1.0,-1.0,-1.0,-1.0,-1.0,-1.0,0.0,50888704.0,0.0,0.0,-1.0,-1.0,-1.0,0.0,0.0,1
0.0,53.0,46.875,-1.0,-1.0,-1.0,-1.0,-1.0,-1.0,0.0,50888704.0,0.0,0.0,-1.0,-1.0,-1.0,0.0,0.0,1
0.0,50.0,45.708,-1.0,-1.0,-1.0,-1.0,-1.0,-1.0,0.0,50888704.0,0.0,0.0,-1.0,-1.0,-1.0,0.0,0.0,1
0.0,65.0,59.584,-1.0,-1.0,-1.0,-1.0,-1.0,-1.0,0.0,50888704.0,0.0,0.0,-1.0,-1.0,-1.0,0.0,0.0,1
0.0,64.0,58.167,-1.0,-1.0,-1.0,-1.0,-1.0,-1.0,0.0,50905088.0,0.0,0.0,-1.0,-1.0,-1.0,0.0,0.0,1
0.0,62.0,54.75,-1.0,-1.0,-1.0,-1.0,-1.0,-1.0,0.0,50905088.0,0.0,0.0,-1.0,-1.0,-1.0,0.0,0.0,1
0.0,49.0,43.25,-1.0,-1.0,-1.0,-1.0,-1.0,-1.0,0.0,50905088.0,0.0,0.0,-1.0,-1.0,-1.0,0.0,0.0,1
0.0,55.0,47.5,-1.0,-1.0,-1.0,-1.0,-1.0,-1.0,0.0,50905088.0,0.0,0.0,-1.0,-1.0,-1.0,0.0,0.0,1
0.0,57.0,49.958,-1.0,-1.0,-1.0,-1.0,-1.0,-1.0,0.0,50921472.0,0.0,0.0,-1.0,-1.0,-1.0,0.0,0.0,1
0.0,65.0,54.5,-1.0,-1.0,-1.0,-1.0,-1.0,-1.0,0.0,50921472.0,0.0,0.0,-1.0,-1.0,-1.0,0.0,0.0,1
0.0,24.0,21.417,-1.0,-1.0,-1.0,-1.0,-1.0,-1.0,0.0,50921472.0,0.0,0.0,-1.0,-1.0,-1.0,0.0,0.0,1
0.0,14.0,13.833,-1.0,-1.0,-1.0,-1.0,-1.0,-1.0,0.0,50937856.0,0.0,0.0,-1.0,-1.0,-1.0,0.0,0.0,1
0.0,79.0,69.792,-1.0,-1.0,-1.0,-1.0,-1.0,-1.0,0.0,50937856.0,0.0,0.0,-1.0,-1.0,-1.0,0.0,0.0,1
0.0,70.0,61.416,-1.0,-1.0,-1.0,-1.0,-1.0,-1.0,0.0,50937856.0,0.0,0.0,-1.0,-1.0,-1.0,0.0,0.0,1
0.0,57.0,51.333,-1.0,-1.0,-1.0,-1.0,-1.0,-1.0,0.0,50937856.0,0.0,0.0,-1.0,-1.0,-1.0,0.0,0.0,1
0.0,74.0,67.25,-1.0,-1.0,-1.0,-1.0,-1.0,-1.0,0.0,50937856.0,0.0,0.0,-1.0,-1.0,-1.0,0.0,0.0,1
0.0,58.0,52.125,-1.0,-1.0,-1.0,-1.0,-1.0,-1.0,0.0,50937856.0,0.0,0.0,-1.0,-1.0,-1.0,0.0,0.0,1
0.0,60.0,52.125,-1.0,-1.0,-1.0,-1.0,-1.0,-1.0,0.0,50937856.0,0.0,0.0,-1.0,-1.0,-1.0,0.0,0.0,1
0.0,50.0,45.125,-1.0,-1.0,-1.0,-1.0,-1.0,-1.0,0.0,50937856.0,0.0,0.0,-1.0,-1.0,-1.0,0.0,0.0,1
0.0,21.0,19.333,-1.0,-1.0,-1.0,-1.0,-1.0,-1.0,0.0,50937856.0,0.0,0.0,-1.0,-1.0,-1.0,0.0,0.0,1
0.0,48.0,42.167,-1.0,-1.0,-1.0,-1.0,-1.0,-1.0,0.0,50937856.0,0.0,0.0,-1.0,-1.0,-1.0,0.0,0.0,1
0.0,42.0,38.958,-1.0,-1.0,-1.0,-1.0,-1.0,-1.0,0.0,50954240.0,0.0,0.0,-1.0,-1.0,-1.0,0.0,0.0,1
0.0,41.0,37.541,-1.0,-1.0,-1.0,-1.0,-1.0,-1.0,0.0,50954240.0,0.0,0.0,-1.0,-1.0,-1.0,0.0,0.0,1
1.0,66.0,62.333,-1.0,-1.0,-1.0,-1.0,-1.0,-1.0,0.0,50970624.0,0.0,0.0,-1.0,-1.0,-1.0,0.0,0.0,1
0.0,69.0,58.791,-1.0,-1.0,-1.0,-1.0,-1.0,-1.0,0.0,50970624.0,0.0,0.0,-1.0,-1.0,-1.0,0.0,0.0,1
0.0,57.0,47.541,-1.0,-1.0,-1.0,-1.0,-1.0,-1.0,0.0,50970624.0,0.0,0.0,-1.0,-1.0,-1.0,0.0,0.0,1
0.0,56.0,48.833,-1.0,-1.0,-1.0,-1.0,-1.0,-1.0,0.0,50970624.0,0.0,0.0,-1.0,-1.0,-1.0,0.0,0.0,1
0.0,63.0,54.542,-1.0,-1.0,-1.0,-1.0,-1.0,-1.0,0.0,50970624.0,0.0,0.0,-1.0,-1.0,-1.0,0.0,0.0,1
0.0,56.0,51.625,-1.0,-1.0,-1.0,-1.0,-1.0,-1.0,0.0,50970624.0,0.0,0.0,-1.0,-1.0,-1.0,0.0,0.0,1
0.0,42.0,39.167,-1.0,-1.0,-1.0,-1.0,-1.0,-1.0,0.0,50970624.0,0.0,0.0,-1.0,-1.0,-1.0,0.0,0.0,1
0.0,52.0,46.292,-1.0,-1.0,-1.0,-1.0,-1.0,-1.0,0.0,50970624.0,0.0,0.0,-1.0,-1.0,-1.0,0.0,0.0,1
0.0,55.0,48.375,-1.0,-1.0,-1.0,-1.0,-1.0,-1.0,0.0,50970624.0,0.0,0.0,-1.0,-1.0,-1.0,0.0,0.0,1
0.0,56.0,49.291,-1.0,-1.0,-1.0,-1.0,-1.0,-1.0,0.0,50970624.0,0.0,0.0,-1.0,-1.0,-1.0,0.0,0.0,1
0.0,56.0,48.167,-1.0,-1.0,-1.0,-1.0,-1.0,-1.0,0.0,50970624.0,0.0,0.0,-1.0,-1.0,-1.0,0.0,0.0,1
0.0,52.0,45.333,-1.0,-1.0,-1.0,-1.0,-1.0,-1.0,0.0,50970624.0,0.0,0.0,-1.0,-1.0,-1.0,0.0,0.0,1
0.0,58.0,49.042,-1.0,-1.0,-1.0,-1.0,-1.0,-1.0,0.0,50970624.0,0.0,0.0,-1.0,-1.0,-1.0,0.0,0.0,1
0.0,59.0,51.042,-1.0,-1.0,-1.0,-1.0,-1.0,-1.0,0.0,50970624.0,0.0,0.0,-1.0,-1.0,-1.0,0.0,0.0,1
0.0,61.0,52.084,-1.0,-1.0,-1.0,-1.0,-1.0,-1.0,0.0,50970624.0,0.0,0.0,-1.0,-1.0,-1.0,0.0,0.0,1
1.0,67.0,94.292,-1.0,-1.0,-1.0,-1.0,-1.0,-1.0,0.0,50987008.0,0.0,0.0,-1.0,-1.0,-1.0,0.0,0.0,1
0.0,51.0,46.292,-1.0,-1.0,-1.0,-1.0,-1.0,-1.0,0.0,50987008.0,0.0,0.0,-1.0,-1.0,-1.0,0.0,0.0,1
0.0,27.0,24.75,-1.0,-1.0,-1.0,-1.0,-1.0,-1.0,0.0,50987008.0,0.0,0.0,-1.0,-1.0,-1.0,0.0,0.0,1
0.0,56.0,50.334,-1.0,-1.0,-1.0,-1.0,-1.0,-1.0,0.0,50987008.0,0.0,0.0,-1.0,-1.0,-1.0,0.0,0.0,1
1.0,64.0,155.166,-1.0,-1.0,-1.0,-1.0,-1.0,-1.0,0.0,50987008.0,0.0,0.0,-1.0,-1.0,-1.0,0.0,0.0,1
1.0,72.0,428.042,-1.0,-1.0,-1.0,-1.0,-1.0,-1.0,0.0,50987008.0,0.0,0.0,-1.0,-1.0,-1.0,0.0,0.0,1
0.0,55.0,48.917,-1.0,-1.0,-1.0,-1.0,-1.0,-1.0,0.0,51003392.0,0.0,0.0,-1.0,-1.0,-1.0,0.0,0.0,1
0.0,56.0,48.708,-1.0,-1.0,-1.0,-1.0,-1.0,-1.0,0.0,51003392.0,0.0,0.0,-1.0,-1.0,-1.0,0.0,0.0,1
0.0,48.0,43.042,-1.0,-1.0,-1.0,-1.0,-1.0,-1.0,0.0,51003392.0,0.0,0.0,-1.0,-1.0,-1.0,0.0,0.0,1
0.0,52.0,45.75,-1.0,-1.0,-1.0,-1.0,-1.0,-1.0,0.0,51003392.0,0.0,0.0,-1.0,-1.0,-1.0,0.0,0.0,1
0.0,60.0,54.417,-1.0,-1.0,-1.0,-1.0,-1.0,-1.0,0.0,51003392.0,0.0,0.0,-1.0,-1.0,-1.0,0.0,0.0,1
0.0,60.0,53.75,-1.0,-1.0,-1.0,-1.0,-1.0,-1.0,0.0,51003392.0,0.0,0.0,-1.0,-1.0,-1.0,0.0,0.0,1
0.0,58.0,51.333,-1.0,-1.0,-1.0,-1.0,-1.0,-1.0,0.0,51003392.0,0.0,0.0,-1.0,-1.0,-1.0,0.0,0.0,1
0.0,60.0,49.708,-1.0,-1.0,-1.0,-1.0,-1.0,-1.0,0.0,51036160.0,0.0,0.0,-1.0,-1.0,-1.0,0.0,0.0,1
0.0,63.0,54.708,-1.0,-1.0,-1.0,-1.0,-1.0,-1.0,0.0,51036160.0,0.0,0.0,-1.0,-1.0,-1.0,0.0,0.0,1
0.0,56.0,49.708,-1.0,-1.0,-1.0,-1.0,-1.0,-1.0,0.0,51036160.0,0.0,0.0,-1.0,-1.0,-1.0,0.0,0.0,1
0.0,60.0,48.625,-1.0,-1.0,-1.0,-1.0,-1.0,-1.0,0.0,51036160.0,0.0,0.0,-1.0,-1.0,-1.0,0.0,0.0,1
0.0,65.0,53.209,-1.0,-1.0,-1.0,-1.0,-1.0,-1.0,0.0,51052544.0,0.0,0.0,-1.0,-1.0,-1.0,0.0,0.0,1
0.0,60.0,52.709,-1.0,-1.0,-1.0,-1.0,-1.0,-1.0,0.0,51052544.0,0.0,0.0,-1.0,-1.0,-1.0,0.0,0.0,1
0.0,55.0,48.916,-1.0,-1.0,-1.0,-1.0,-1.0,-1.0,0.0,51052544.0,0.0,0.0,-1.0,-1.0,-1.0,0.0,0.0,1
0.0,60.0,54.833,-1.0,-1.0,-1.0,-1.0,-1.0,-1.0,0.0,51052544.0,0.0,0.0,-1.0,-1.0,-1.0,0.0,0.0,1
0.0,59.0,53.125,-1.0,-1.0,-1.0,-1.0,-1.0,-1.0,0.0,51052544.0,0.0,0.0,-1.0,-1.0,-1.0,0.0,0.0,1
0.0,62.0,54.042,-1.0,-1.0,-1.0,-1.0,-1.0,-1.0,0.0,51052544.0,0.0,0.0,-1.0,-1.0,-1.0,0.0,0.0,1
0.0,46.0,40.542,-1.0,-1.0,-1.0,-1.0,-1.0,-1.0,0.0,51052544.0,0.0,0.0,-1.0,-1.0,-1.0,0.0,0.0,1
0.0,59.0,51.667,-1.0,-1.0,-1.0,-1.0,-1.0,-1.0,0.0,51052544.0,0.0,0.0,-1.0,-1.0,-1.0,0.0,0.0,1
1.0,66.0,120.833,-1.0,-1.0,-1.0,-1.0,-1.0,-1.0,0.0,51052544.0,0.0,0.0,-1.0,-1.0,-1.0,0.0,0.0,1
0.0,64.0,53.917,-1.0,-1.0,-1.0,-1.0,-1.0,-1.0,0.0,51052544.0,0.0,0.0,-1.0,-1.0,-1.0,0.0,0.0,1
0.0,63.0,57.583,-1.0,-1.0,-1.0,-1.0,-1.0,-1.0,0.0,51052544.0,0.0,0.0,-1.0,-1.0,-1.0,0.0,0.0,1
0.0,63.0,52.375,-1.0,-1.0,-1.0,-1.0,-1.0,-1.0,0.0,51052544.0,0.0,0.0,-1.0,-1.0,-1.0,0.0,0.0,1
0.0,61.0,55.708,-1.0,-1.0,-1.0,-1.0,-1.0,-1.0,0.0,51052544.0,0.0,0.0,-1.0,-1.0,-1.0,0.0,0.0,1
0.0,55.0,51.208,-1.0,-1.0,-1.0,-1.0,-1.0,-1.0,0.0,51052544.0,0.0,0.0,-1.0,-1.0,-1.0,0.0,0.0,1
0.0,49.0,41.834,-1.0,-1.0,-1.0,-1.0,-1.0,-1.0,0.0,51052544.0,0.0,0.0,-1.0,-1.0,-1.0,0.0,0.0,1
0.0,52.0,45.75,-1.0,-1.0,-1.0,-1.0,-1.0,-1.0,0.0,51052544.0,0.0,0.0,-1.0,-1.0,-1.0,0.0,0.0,1
0.0,61.0,53.042,-1.0,-1.0,-1.0,-1.0,-1.0,-1.0,0.0,51052544.0,0.0,0.0,-1.0,-1.0,-1.0,0.0,0.0,1
0.0,69.0,58.791,-1.0,-1.0,-1.0,-1.0,-1.0,-1.0,0.0,51068928.0,0.0,0.0,-1.0,-1.0,-1.0,0.0,0.0,1
0.0,77.0,65.5,-1.0,-1.0,-1.0,-1.0,-1.0,-1.0,0.0,51068928.0,0.0,0.0,-1.0,-1.0,-1.0,0.0,0.0,1
0.0,52.0,43.667,-1.0,-1.0,-1.0,-1.0,-1.0,-1.0,0.0,51068928.0,0.0,0.0,-1.0,-1.0,-1.0,0.0,0.0,1
0.0,49.0,43.25,-1.0,-1.0,-1.0,-1.0,-1.0,-1.0,0.0,51068928.0,0.0,0.0,-1.0,-1.0,-1.0,0.0,0.0,1
0.0,56.0,49.917,-1.0,-1.0,-1.0,-1.0,-1.0,-1.0,0.0,51068928.0,0.0,0.0,-1.0,-1.0,-1.0,0.0,0.0,1
0.0,65.0,57.667,-1.0,-1.0,-1.0,-1.0,-1.0,-1.0,0.0,51068928.0,0.0,0.0,-1.0,-1.0,-1.0,0.0,0.0,1
0.0,55.0,48.0,-1.0,-1.0,-1.0,-1.0,-1.0,-1.0,0.0,51068928.0,0.0,0.0,-1.0,-1.0,-1.0,0.0,0.0,1
0.0,53.0,46.333,-1.0,-1.0,-1.0,-1.0,-1.0,-1.0,0.0,51085312.0,0.0,0.0,-1.0,-1.0,-1.0,0.0,0.0,1
0.0,27.0,24.792,-1.0,-1.0,-1.0,-1.0,-1.0,-1.0,0.0,51085312.0,0.0,0.0,-1.0,-1.0,-1.0,0.0,0.0,1
0.0,59.0,52.167,-1.0,-1.0,-1.0,-1.0,-1.0,-1.0,0.0,51101696.0,0.0,0.0,-1.0,-1.0,-1.0,0.0,0.0,1
0.0,60.0,53.25,-1.0,-1.0,-1.0,-1.0,-1.0,-1.0,0.0,51101696.0,0.0,0.0,-1.0,-1.0,-1.0,0.0,0.0,1
0.0,64.0,58.166,-1.0,-1.0,-1.0,-1.0,-1.0,-1.0,0.0,51101696.0,0.0,0.0,-1.0,-1.0,-1.0,0.0,0.0,1
0.0,67.0,59.75,-1.0,-1.0,-1.0,-1.0,-1.0,-1.0,0.0,51101696.0,0.0,0.0,-1.0,-1.0,-1.0,0.0,0.0,1
0.0,68.0,61.166,-1.0,-1.0,-1.0,-1.0,-1.0,-1.0,0.0,51101696.0,0.0,0.0,-1.0,-1.0,-1.0,0.0,0.0,1
0.0,59.0,48.5,-1.0,-1.0,-1.0,-1.0,-1.0,-1.0,0.0,51101696.0,0.0,0.0,-1.0,-1.0,-1.0,0.0,0.0,1
0.0,58.0,49.75,-1.0,-1.0,-1.0,-1.0,-1.0,-1.0,0.0,51101696.0,0.0,0.0,-1.0,-1.0,-1.0,0.0,0.0,1
0.0,64.0,58.125,-1.0,-1.0,-1.0,-1.0,-1.0,-1.0,0.0,51101696.0,0.0,0.0,-1.0,-1.0,-1.0,0.0,0.0,1
0.0,59.0,53.5,-1.0,-1.0,-1.0,-1.0,-1.0,-1.0,0.0,51118080.0,0.0,0.0,-1.0,-1.0,-1.0,0.0,0.0,1
0.0,62.0,53.917,-1.0,-1.0,-1.0,-1.0,-1.0,-1.0,0.0,51118080.0,0.0,0.0,-1.0,-1.0,-1.0,0.0,0.0,1
0.0,67.0,58.291,-1.0,-1.0,-1.0,-1.0,-1.0,-1.0,0.0,51134464.0,0.0,0.0,-1.0,-1.0,-1.0,0.0,0.0,1
0.0,74.0,60.541,-1.0,-1.0,-1.0,-1.0,-1.0,-1.0,0.0,51134464.0,0.0,0.0,-1.0,-1.0,-1.0,0.0,0.0,1
0.0,58.0,51.792,-1.0,-1.0,-1.0,-1.0,-1.0,-1.0,0.0,51134464.0,0.0,0.0,-1.0,-1.0,-1.0,0.0,0.0,1
0.0,54.0,48.417,-1.0,-1.0,-1.0,-1.0,-1.0,-1.0,0.0,51134464.0,0.0,0.0,-1.0,-1.0,-1.0,0.0,0.0,1
0.0,70.0,64.125,-1.0,-1.0,-1.0,-1.0,-1.0,-1.0,0.0,51134464.0,0.0,0.0,-1.0,-1.0,-1.0,0.0,0.0,1
0.0,46.0,42.542,-1.0,-1.0,-1.0,-1.0,-1.0,-1.0,0.0,51134464.0,0.0,0.0,-1.0,-1.0,-1.0,0.0,0.0,1
0.0,44.0,40.042,-1.0,-1.0,-1.0,-1.0,-1.0,-1.0,0.0,51134464.0,0.0,0.0,-1.0,-1.0,-1.0,0.0,0.0,1
0.0,42.0,38.334,-1.0,-1.0,-1.0,-1.0,-1.0,-1.0,0.0,51134464.0,0.0,0.0,-1.0,-1.0,-1.0,0.0,0.0,1
0.0,59.0,53.334,-1.0,-1.0,-1.0,-1.0,-1.0,-1.0,0.0,51134464.0,0.0,0.0,-1.0,-1.0,-1.0,0.0,0.0,1
0.0,53.0,47.75,-1.0,-1.0,-1.0,-1.0,-1.0,-1.0,0.0,51134464.0,0.0,0.0,-1.0,-1.0,-1.0,0.0,0.0,1
0.0,60.0,53.542,-1.0,-1.0,-1.0,-1.0,-1.0,-1.0,0.0,51134464.0,0.0,0.0,-1.0,-1.0,-1.0,0.0,0.0,1
0.0,65.0,57.333,-1.0,-1.0,-1.0,-1.0,-1.0,-1.0,0.0,51134464.0,0.0,0.0,-1.0,-1.0,-1.0,0.0,0.0,1
0.0,64.0,57.0,-1.0,-1.0,-1.0,-1.0,-1.0,-1.0,0.0,51134464.0,0.0,0.0,-1.0,-1.0,-1.0,0.0,0.0,1
0.0,63.0,55.417,-1.0,-1.0,-1.0,-1.0,-1.0,-1.0,0.0,51134464.0,0.0,0.0,-1.0,-1.0,-1.0,0.0,0.0,1
0.0,73.0,61.75,-1.0,-1.0,-1.0,-1.0,-1.0,-1.0,0.0,51134464.0,0.0,0.0,-1.0,-1.0,-1.0,0.0,0.0,1
0.0,70.0,58.0,-1.0,-1.0,-1.0,-1.0,-1.0,-1.0,0.0,51150848.0,0.0,0.0,-1.0,-1.0,-1.0,0.0,0.0,1
0.0,59.0,50.709,-1.0,-1.0,-1.0,-1.0,-1.0,-1.0,0.0,51150848.0,0.0,0.0,-1.0,-1.0,-1.0,0.0,0.0,1
0.0,68.0,58.458,-1.0,-1.0,-1.0,-1.0,-1.0,-1.0,0.0,51167232.0,0.0,0.0,-1.0,-1.0,-1.0,0.0,0.0,1
0.0,54.0,47.959,-1.0,-1.0,-1.0,-1.0,-1.0,-1.0,0.0,51167232.0,0.0,0.0,-1.0,-1.0,-1.0,0.0,0.0,1
0.0,53.0,47.458,-1.0,-1.0,-1.0,-1.0,-1.0,-1.0,0.0,51167232.0,0.0,0.0,-1.0,-1.0,-1.0,0.0,0.0,1
0.0,58.0,52.334,-1.0,-1.0,-1.0,-1.0,-1.0,-1.0,0.0,51167232.0,0.0,0.0,-1.0,-1.0,-1.0,0.0,0.0,1
0.0,61.0,53.333,-1.0,-1.0,-1.0,-1.0,-1.0,-1.0,0.0,51167232.0,0.0,0.0,-1.0,-1.0,-1.0,0.0,0.0,1
0.0,49.0,44.125,-1.0,-1.0,-1.0,-1.0,-1.0,-1.0,0.0,51167232.0,0.0,0.0,-1.0,-1.0,-1.0,0.0,0.0,1
0.0,49.0,43.209,-1.0,-1.0,-1.0,-1.0,-1.0,-1.0,0.0,51167232.0,0.0,0.0,-1.0,-1.0,-1.0,0.0,0.0,1
0.0,44.0,39.083,-1.0,-1.0,-1.0,-1.0,-1.0,-1.0,0.0,51167232.0,0.0,0.0,-1.0,-1.0,-1.0,0.0,0.0,1
0.0,48.0,42.125,-1.0,-1.0,-1.0,-1.0,-1.0,-1.0,0.0,51167232.0,0.0,0.0,-1.0,-1.0,-1.0,0.0,0.0,1
0.0,51.0,45.791,-1.0,-1.0,-1.0,-1.0,-1.0,-1.0,0.0,51183616.0,0.0,0.0,-1.0,-1.0,-1.0,0.0,0.0,1
0.0,61.0,55.75,-1.0,-1.0,-1.0,-1.0,-1.0,-1.0,0.0,51183616.0,0.0,0.0,-1.0,-1.0,-1.0,0.0,0.0,1
0.0,64.0,57.625,-1.0,-1.0,-1.0,-1.0,-1.0,-1.0,0.0,51183616.0,0.0,0.0,-1.0,-1.0,-1.0,0.0,0.0,1
0.0,64.0,56.375,-1.0,-1.0,-1.0,-1.0,-1.0,-1.0,0.0,51183616.0,0.0,0.0,-1.0,-1.0,-1.0,0.0,0.0,1
0.0,65.0,57.0,-1.0,-1.0,-1.0,-1.0,-1.0,-1.0,0.0,51183616.0,0.0,0.0,-1.0,-1.0,-1.0,0.0,0.0,1
0.0,60.0,52.75,-1.0,-1.0,-1.0,-1.0,-1.0,-1.0,0.0,51183616.0,0.0,0.0,-1.0,-1.0,-1.0,0.0,0.0,1
0.0,64.0,56.625,-1.0,-1.0,-1.0,-1.0,-1.0,-1.0,0.0,51200000.0,0.0,0.0,-1.0,-1.0,-1.0,0.0,0.0,1
0.0,63.0,55.417,-1.0,-1.0,-1.0,-1.0,-1.0,-1.0,0.0,51200000.0,0.0,0.0,-1.0,-1.0,-1.0,0.0,0.0,1
0.0,76.0,67.583,-1.0,-1.0,-1.0,-1.0,-1.0,-1.0,0.0,51200000.0,0.0,0.0,-1.0,-1.0,-1.0,0.0,0.0,1
0.0,60.0,54.666,-1.0,-1.0,-1.0,-1.0,-1.0,-1.0,0.0,51200000.0,0.0,0.0,-1.0,-1.0,-1.0,0.0,0.0,1
0.0,67.0,59.5,-1.0,-1.0,-1.0,-1.0,-1.0,-1.0,0.0,51200000.0,0.0,0.0,-1.0,-1.0,-1.0,0.0,0.0,1
0.0,69.0,61.583,-1.0,-1.0,-1.0,-1.0,-1.0,-1.0,0.0,51200000.0,0.0,0.0,-1.0,-1.0,-1.0,0.0,0.0,1
0.0,62.0,54.75,-1.0,-1.0,-1.0,-1.0,-1.0,-1.0,0.0,51200000.0,0.0,0.0,-1.0,-1.0,-1.0,0.0,0.0,1
0.0,56.0,50.75,-1.0,-1.0,-1.0,-1.0,-1.0,-1.0,0.0,51200000.0,0.0,0.0,-1.0,-1.0,-1.0,0.0,0.0,1
0.0,50.0,45.167,-1.0,-1.0,-1.0,-1.0,-1.0,-1.0,0.0,51216384.0,0.0,0.0,-1.0,-1.0,-1.0,0.0,0.0,1
0.0,69.0,57.542,-1.0,-1.0,-1.0,-1.0,-1.0,-1.0,0.0,51216384.0,0.0,0.0,-1.0,-1.0,-1.0,0.0,0.0,1
0.0,67.0,59.916,-1.0,-1.0,-1.0,-1.0,-1.0,-1.0,0.0,51216384.0,0.0,0.0,-1.0,-1.0,-1.0,0.0,0.0,1
0.0,60.0,51.875,-1.0,-1.0,-1.0,-1.0,-1.0,-1.0,0.0,51216384.0,0.0,0.0,-1.0,-1.0,-1.0,0.0,0.0,1
0.0,59.0,51.958,-1.0,-1.0,-1.0,-1.0,-1.0,-1.0,0.0,51216384.0,0.0,0.0,-1.0,-1.0,-1.0,0.0,0.0,1
0.0,55.0,48.458,-1.0,-1.0,-1.0,-1.0,-1.0,-1.0,0.0,51232768.0,0.0,0.0,-1.0,-1.0,-1.0,0.0,0.0,1
0.0,59.0,51.625,-1.0,-1.0,-1.0,-1.0,-1.0,-1.0,0.0,51232768.0,0.0,0.0,-1.0,-1.0,-1.0,0.0,0.0,1
0.0,59.0,51.458,-1.0,-1.0,-1.0,-1.0,-1.0,-1.0,0.0,51232768.0,0.0,0.0,-1.0,-1.0,-1.0,0.0,0.0,1
1.0,60.0,59.916,-1.0,-1.0,-1.0,-1.0,-1.0,-1.0,0.0,51232768.0,0.0,0.0,-1.0,-1.0,-1.0,0.0,0.0,1
0.0,56.0,49.0,-1.0,-1.0,-1.0,-1.0,-1.0,-1.0,0.0,51249152.0,0.0,0.0,-1.0,-1.0,-1.0,0.0,0.0,1
0.0,65.0,55.125,-1.0,-1.0,-1.0,-1.0,-1.0,-1.0,0.0,51249152.0,0.0,0.0,-1.0,-1.0,-1.0,0.0,0.0,1
0.0,55.0,47.25,-1.0,-1.0,-1.0,-1.0,-1.0,-1.0,0.0,51249152.0,0.0,0.0,-1.0,-1.0,-1.0,0.0,0.0,1
0.0,53.0,47.125,-1.0,-1.0,-1.0,-1.0,-1.0,-1.0,0.0,51249152.0,0.0,0.0,-1.0,-1.0,-1.0,0.0,0.0,1
0.0,71.0,63.0,-1.0,-1.0,-1.0,-1.0,-1.0,-1.0,0.0,51249152.0,0.0,0.0,-1.0,-1.0,-1.0,0.0,0.0,1
0.0,57.0,49.292,-1.0,-1.0,-1.0,-1.0,-1.0,-1.0,0.0,51249152.0,0.0,0.0,-1.0,-1.0,-1.0,0.0,0.0,1
0.0,67.0,60.875,-1.0,-1.0,-1.0,-1.0,-1.0,-1.0,0.0,51249152.0,0.0,0.0,-1.0,-1.0,-1.0,0.0,0.0,1
0.0,67.0,58.416,-1.0,-1.0,-1.0,-1.0,-1.0,-1.0,0.0,51249152.0,0.0,0.0,-1.0,-1.0,-1.0,0.0,0.0,1
0.0,62.0,52.334,-1.0,-1.0,-1.0,-1.0,-1.0,-1.0,0.0,51249152.0,0.0,0.0,-1.0,-1.0,-1.0,0.0,0.0,1
1.0,73.0,103.542,-1.0,-1.0,-1.0,-1.0,-1.0,-1.0,0.0,51249152.0,0.0,0.0,-1.0,-1.0,-1.0,0.0,0.0,1
0.0,47.0,40.875,-1.0,-1.0,-1.0,-1.0,-1.0,-1.0,0.0,51249152.0,0.0,0.0,-1.0,-1.0,-1.0,0.0,0.0,1
0.0,57.0,51.375,-1.0,-1.0,-1.0,-1.0,-1.0,-1.0,0.0,51249152.0,0.0,0.0,-1.0,-1.0,-1.0,0.0,0.0,1
0.0,55.0,49.208,-1.0,-1.0,-1.0,-1.0,-1.0,-1.0,0.0,51249152.0,0.0,0.0,-1.0,-1.0,-1.0,0.0,0.0,1
0.0,54.0,48.541,-1.0,-1.0,-1.0,-1.0,-1.0,-1.0,0.0,51265536.0,0.0,0.0,-1.0,-1.0,-1.0,0.0,0.0,1
0.0,65.0,56.375,-1.0,-1.0,-1.0,-1.0,-1.0,-1.0,0.0,51265536.0,0.0,0.0,-1.0,-1.0,-1.0,0.0,0.0,1
0.0,64.0,54.125,-1.0,-1.0,-1.0,-1.0,-1.0,-1.0,0.0,51265536.0,0.0,0.0,-1.0,-1.0,-1.0,0.0,0.0,1
0.0,56.0,49.75,-1.0,-1.0,-1.0,-1.0,-1.0,-1.0,0.0,51265536.0,0.0,0.0,-1.0,-1.0,-1.0,0.0,0.0,1
0.0,61.0,52.666,-1.0,-1.0,-1.0,-1.0,-1.0,-1.0,0.0,51281920.0,0.0,0.0,-1.0,-1.0,-1.0,0.0,0.0,1
0.0,58.0,51.917,-1.0,-1.0,-1.0,-1.0,-1.0,-1.0,0.0,51281920.0,0.0,0.0,-1.0,-1.0,-1.0,0.0,0.0,1
0.0,60.0,53.334,-1.0,-1.0,-1.0,-1.0,-1.0,-1.0,0.0,51281920.0,0.0,0.0,-1.0,-1.0,-1.0,0.0,0.0,1
0.0,70.0,58.792,-1.0,-1.0,-1.0,-1.0,-1.0,-1.0,0.0,51281920.0,0.0,0.0,-1.0,-1.0,-1.0,0.0,0.0,1
0.0,62.0,55.5,-1.0,-1.0,-1.0,-1.0,-1.0,-1.0,0.0,51281920.0,0.0,0.0,-1.0,-1.0,-1.0,0.0,0.0,1
0.0,60.0,49.875,-1.0,-1.0,-1.0,-1.0,-1.0,-1.0,0.0,51281920.0,0.0,0.0,-1.0,-1.0,-1.0,0.0,0.0,1
0.0,63.0,51.125,-1.0,-1.0,-1.0,-1.0,-1.0,-1.0,0.0,51281920.0,0.0,0.0,-1.0,-1.0,-1.0,0.0,0.0,1
0.0,65.0,55.083,-1.0,-1.0,-1.0,-1.0,-1.0,-1.0,0.0,51298304.0,0.0,0.0,-1.0,-1.0,-1.0,0.0,0.0,1
0.0,60.0,52.917,-1.0,-1.0,-1.0,-1.0,-1.0,-1.0,0.0,51298304.0,0.0,0.0,-1.0,-1.0,-1.0,0.0,0.0,1
0.0,68.0,57.125,-1.0,-1.0,-1.0,-1.0,-1.0,-1.0,0.0,51298304.0,0.0,0.0,-1.0,-1.0,-1.0,0.0,0.0,1
0.0,54.0,48.417,-1.0,-1.0,-1.0,-1.0,-1.0,-1.0,0.0,51298304.0,0.0,0.0,-1.0,-1.0,-1.0,0.0,0.0,1
0.0,63.0,53.292,-1.0,-1.0,-1.0,-1.0,-1.0,-1.0,0.0,51298304.0,0.0,0.0,-1.0,-1.0,-1.0,0.0,0.0,1
0.0,53.0,46.542,-1.0,-1.0,-1.0,-1.0,-1.0,-1.0,0.0,51298304.0,0.0,0.0,-1.0,-1.0,-1.0,0.0,0.0,1
0.0,57.0,51.916,-1.0,-1.0,-1.0,-1.0,-1.0,-1.0,0.0,51298304.0,0.0,0.0,-1.0,-1.0,-1.0,0.0,0.0,1
0.0,73.0,66.875,-1.0,-1.0,-1.0,-1.0,-1.0,-1.0,0.0,51314688.0,0.0,0.0,-1.0,-1.0,-1.0,0.0,0.0,1
0.0,61.0,54.833,-1.0,-1.0,-1.0,-1.0,-1.0,-1.0,0.0,51314688.0,0.0,0.0,-1.0,-1.0,-1.0,0.0,0.0,1
0.0,51.0,43.167,-1.0,-1.0,-1.0,-1.0,-1.0,-1.0,0.0,51314688.0,0.0,0.0,-1.0,-1.0,-1.0,0.0,0.0,1
0.0,65.0,55.417,-1.0,-1.0,-1.0,-1.0,-1.0,-1.0,0.0,51331072.0,0.0,0.0,-1.0,-1.0,-1.0,0.0,0.0,1
0.0,62.0,54.542,-1.0,-1.0,-1.0,-1.0,-1.0,-1.0,0.0,51331072.0,0.0,0.0,-1.0,-1.0,-1.0,0.0,0.0,1
0.0,59.0,53.375,-1.0,-1.0,-1.0,-1.0,-1.0,-1.0,0.0,51331072.0,0.0,0.0,-1.0,-1.0,-1.0,0.0,0.0,1
0.0,55.0,47.917,-1.0,-1.0,-1.0,-1.0,-1.0,-1.0,0.0,51331072.0,0.0,0.0,-1.0,-1.0,-1.0,0.0,0.0,1
0.0,59.0,52.041,-1.0,-1.0,-1.0,-1.0,-1.0,-1.0,0.0,51331072.0,0.0,0.0,-1.0,-1.0,-1.0,0.0,0.0,1
0.0,57.0,49.459,-1.0,-1.0,-1.0,-1.0,-1.0,-1.0,0.0,51331072.0,0.0,0.0,-1.0,-1.0,-1.0,0.0,0.0,1
0.0,53.0,47.958,-1.0,-1.0,-1.0,-1.0,-1.0,-1.0,0.0,51331072.0,0.0,0.0,-1.0,-1.0,-1.0,0.0,0.0,1
0.0,64.0,57.333,-1.0,-1.0,-1.0,-1.0,-1.0,-1.0,0.0,51331072.0,0.0,0.0,-1.0,-1.0,-1.0,0.0,0.0,1
0.0,32.0,30.042,-1.0,-1.0,-1.0,-1.0,-1.0,-1.0,0.0,51331072.0,0.0,0.0,-1.0,-1.0,-1.0,0.0,0.0,1
0.0,54.0,47.625,-1.0,-1.0,-1.0,-1.0,-1.0,-1.0,0.0,51331072.0,0.0,0.0,-1.0,-1.0,-1.0,0.0,0.0,1
0.0,73.0,65.458,-1.0,-1.0,-1.0,-1.0,-1.0,-1.0,0.0,51331072.0,0.0,0.0,-1.0,-1.0,-1.0,0.0,0.0,1
0.0,61.0,55.208,-1.0,-1.0,-1.0,-1.0,-1.0,-1.0,0.0,51331072.0,0.0,0.0,-1.0,-1.0,-1.0,0.0,0.0,1
0.0,59.0,53.625,-1.0,-1.0,-1.0,-1.0,-1.0,-1.0,0.0,51331072.0,0.0,0.0,-1.0,-1.0,-1.0,0.0,0.0,1
0.0,48.0,43.959,-1.0,-1.0,-1.0,-1.0,-1.0,-1.0,0.0,51331072.0,0.0,0.0,-1.0,-1.0,-1.0,0.0,0.0,1
0.0,47.0,42.75,-1.0,-1.0,-1.0,-1.0,-1.0,-1.0,0.0,51331072.0,0.0,0.0,-1.0,-1.0,-1.0,0.0,0.0,1
0.0,52.0,45.958,-1.0,-1.0,-1.0,-1.0,-1.0,-1.0,0.0,51331072.0,0.0,0.0,-1.0,-1.0,-1.0,0.0,0.0,1
0.0,45.0,40.5,-1.0,-1.0,-1.0,-1.0,-1.0,-1.0,0.0,51347456.0,0.0,0.0,-1.0,-1.0,-1.0,0.0,0.0,1
0.0,50.0,44.125,-1.0,-1.0,-1.0,-1.0,-1.0,-1.0,0.0,51363840.0,0.0,0.0,-1.0,-1.0,-1.0,0.0,0.0,1
0.0,48.0,42.958,-1.0,-1.0,-1.0,-1.0,-1.0,-1.0,0.0,51363840.0,0.0,0.0,-1.0,-1.0,-1.0,0.0,0.0,1
0.0,62.0,46.417,-1.0,-1.0,-1.0,-1.0,-1.0,-1.0,0.0,51380224.0,0.0,0.0,-1.0,-1.0,-1.0,0.0,0.0,1
0.0,60.0,53.375,-1.0,-1.0,-1.0,-1.0,-1.0,-1.0,0.0,51380224.0,0.0,0.0,-1.0,-1.0,-1.0,0.0,0.0,1
0.0,69.0,63.0,-1.0,-1.0,-1.0,-1.0,-1.0,-1.0,0.0,51380224.0,0.0,0.0,-1.0,-1.0,-1.0,0.0,0.0,1
1.0,62.0,84.792,-1.0,-1.0,-1.0,-1.0,-1.0,-1.0,0.0,51380224.0,0.0,0.0,-1.0,-1.0,-1.0,0.0,0.0,1
0.0,48.0,44.959,-1.0,-1.0,-1.0,-1.0,-1.0,-1.0,0.0,51380224.0,0.0,0.0,-1.0,-1.0,-1.0,0.0,0.0,1
1.0,56.0,46.459,-1.0,-1.0,-1.0,-1.0,-1.0,-1.0,0.0,51380224.0,0.0,0.0,-1.0,-1.0,-1.0,0.0,0.0,1
1.0,57.0,60.416,-1.0,-1.0,-1.0,-1.0,-1.0,-1.0,0.0,51380224.0,0.0,0.0,-1.0,-1.0,-1.0,0.0,0.0,1
0.0,50.0,45.709,-1.0,-1.0,-1.0,-1.0,-1.0,-1.0,0.0,51380224.0,0.0,0.0,-1.0,-1.0,-1.0,0.0,0.0,1
0.0,65.0,58.208,-1.0,-1.0,-1.0,-1.0,-1.0,-1.0,0.0,51380224.0,0.0,0.0,-1.0,-1.0,-1.0,0.0,0.0,1
0.0,55.0,48.959,-1.0,-1.0,-1.0,-1.0,-1.0,-1.0,0.0,51380224.0,0.0,0.0,-1.0,-1.0,-1.0,0.0,0.0,1
0.0,56.0,50.75,-1.0,-1.0,-1.0,-1.0,-1.0,-1.0,0.0,51380224.0,0.0,0.0,-1.0,-1.0,-1.0,0.0,0.0,1
0.0,60.0,53.917,-1.0,-1.0,-1.0,-1.0,-1.0,-1.0,0.0,51380224.0,0.0,0.0,-1.0,-1.0,-1.0,0.0,0.0,1
0.0,63.0,56.75,-1.0,-1.0,-1.0,-1.0,-1.0,-1.0,0.0,51380224.0,0.0,0.0,-1.0,-1.0,-1.0,0.0,0.0,1
1.0,65.0,97.625,-1.0,-1.0,-1.0,-1.0,-1.0,-1.0,0.0,51380224.0,0.0,0.0,-1.0,-1.0,-1.0,0.0,0.0,1
0.0,55.0,49.417,-1.0,-1.0,-1.0,-1.0,-1.0,-1.0,0.0,51380224.0,0.0,0.0,-1.0,-1.0,-1.0,0.0,0.0,1
0.0,61.0,51.333,-1.0,-1.0,-1.0,-1.0,-1.0,-1.0,0.0,51396608.0,0.0,0.0,-1.0,-1.0,-1.0,0.0,0.0,1
0.0,58.0,50.25,-1.0,-1.0,-1.0,-1.0,-1.0,-1.0,0.0,51396608.0,0.0,0.0,-1.0,-1.0,-1.0,0.0,0.0,1
0.0,59.0,50.042,-1.0,-1.0,-1.0,-1.0,-1.0,-1.0,0.0,51396608.0,0.0,0.0,-1.0,-1.0,-1.0,0.0,0.0,1
0.0,59.0,51.375,-1.0,-1.0,-1.0,-1.0,-1.0,-1.0,0.0,51412992.0,0.0,0.0,-1.0,-1.0,-1.0,0.0,0.0,1
0.0,63.0,55.292,-1.0,-1.0,-1.0,-1.0,-1.0,-1.0,0.0,51412992.0,0.0,0.0,-1.0,-1.0,-1.0,0.0,0.0,1
1.0,64.0,136.917,-1.0,-1.0,-1.0,-1.0,-1.0,-1.0,0.0,51412992.0,0.0,0.0,-1.0,-1.0,-1.0,0.0,0.0,1
0.0,62.0,53.583,-1.0,-1.0,-1.0,-1.0,-1.0,-1.0,0.0,51412992.0,0.0,0.0,-1.0,-1.0,-1.0,0.0,0.0,1
0.0,60.0,53.959,-1.0,-1.0,-1.0,-1.0,-1.0,-1.0,0.0,51412992.0,0.0,0.0,-1.0,-1.0,-1.0,0.0,0.0,1
0.0,24.0,21.75,-1.0,-1.0,-1.0,-1.0,-1.0,-1.0,0.0,51412992.0,0.0,0.0,-1.0,-1.0,-1.0,0.0,0.0,1
0.0,55.0,49.916,-1.0,-1.0,-1.0,-1.0,-1.0,-1.0,0.0,51412992.0,0.0,0.0,-1.0,-1.0,-1.0,0.0,0.0,1
0.0,62.0,51.041,-1.0,-1.0,-1.0,-1.0,-1.0,-1.0,0.0,51412992.0,0.0,0.0,-1.0,-1.0,-1.0,0.0,0.0,1
0.0,66.0,55.958,-1.0,-1.0,-1.0,-1.0,-1.0,-1.0,0.0,51412992.0,0.0,0.0,-1.0,-1.0,-1.0,0.0,0.0,1
0.0,69.0,60.833,-1.0,-1.0,-1.0,-1.0,-1.0,-1.0,0.0,51412992.0,0.0,0.0,-1.0,-1.0,-1.0,0.0,0.0,1
0.0,63.0,56.292,-1.0,-1.0,-1.0,-1.0,-1.0,-1.0,0.0,51429376.0,0.0,0.0,-1.0,-1.0,-1.0,0.0,0.0,1
0.0,56.0,50.584,-1.0,-1.0,-1.0,-1.0,-1.0,-1.0,0.0,51429376.0,0.0,0.0,-1.0,-1.0,-1.0,0.0,0.0,1
0.0,62.0,55.334,-1.0,-1.0,-1.0,-1.0,-1.0,-1.0,0.0,51429376.0,0.0,0.0,-1.0,-1.0,-1.0,0.0,0.0,1
0.0,61.0,52.875,-1.0,-1.0,-1.0,-1.0,-1.0,-1.0,0.0,51429376.0,0.0,0.0,-1.0,-1.0,-1.0,0.0,0.0,1
0.0,60.0,52.5,-1.0,-1.0,-1.0,-1.0,-1.0,-1.0,0.0,51445760.0,0.0,0.0,-1.0,-1.0,-1.0,0.0,0.0,1
1.0,52.0,70.166,-1.0,-1.0,-1.0,-1.0,-1.0,-1.0,0.0,51462144.0,0.0,0.0,-1.0,-1.0,-1.0,0.0,0.0,1
0.0,56.0,50.25,-1.0,-1.0,-1.0,-1.0,-1.0,-1.0,0.0,51462144.0,0.0,0.0,-1.0,-1.0,-1.0,0.0,0.0,1
0.0,24.0,23.25,-1.0,-1.0,-1.0,-1.0,-1.0,-1.0,0.0,51462144.0,0.0,0.0,-1.0,-1.0,-1.0,0.0,0.0,1
0.0,71.0,59.75,-1.0,-1.0,-1.0,-1.0,-1.0,-1.0,0.0,51462144.0,0.0,0.0,-1.0,-1.0,-1.0,0.0,0.0,1
0.0,56.0,49.333,-1.0,-1.0,-1.0,-1.0,-1.0,-1.0,0.0,51462144.0,0.0,0.0,-1.0,-1.0,-1.0,0.0,0.0,1
0.0,48.0,43.791,-1.0,-1.0,-1.0,-1.0,-1.0,-1.0,0.0,51462144.0,0.0,0.0,-1.0,-1.0,-1.0,0.0,0.0,1
0.0,54.0,47.5,-1.0,-1.0,-1.0,-1.0,-1.0,-1.0,0.0,51462144.0,0.0,0.0,-1.0,-1.0,-1.0,0.0,0.0,1
0.0,47.0,42.167,-1.0,-1.0,-1.0,-1.0,-1.0,-1.0,0.0,51462144.0,0.0,0.0,-1.0,-1.0,-1.0,0.0,0.0,1
0.0,56.0,49.0,-1.0,-1.0,-1.0,-1.0,-1.0,-1.0,0.0,51462144.0,0.0,0.0,-1.0,-1.0,-1.0,0.0,0.0,1
0.0,62.0,55.042,-1.0,-1.0,-1.0,-1.0,-1.0,-1.0,0.0,51462144.0,0.0,0.0,-1.0,-1.0,-1.0,0.0,0.0,1
0.0,61.0,53.958,-1.0,-1.0,-1.0,-1.0,-1.0,-1.0,0.0,51462144.0,0.0,0.0,-1.0,-1.0,-1.0,0.0,0.0,1
0.0,48.0,41.917,-1.0,-1.0,-1.0,-1.0,-1.0,-1.0,0.0,51462144.0,0.0,0.0,-1.0,-1.0,-1.0,0.0,0.0,1
0.0,42.0,38.667,-1.0,-1.0,-1.0,-1.0,-1.0,-1.0,0.0,51462144.0,0.0,0.0,-1.0,-1.0,-1.0,0.0,0.0,1
0.0,55.0,49.625,-1.0,-1.0,-1.0,-1.0,-1.0,-1.0,0.0,51462144.0,0.0,0.0,-1.0,-1.0,-1.0,0.0,0.0,1
0.0,54.0,47.125,-1.0,-1.0,-1.0,-1.0,-1.0,-1.0,0.0,51462144.0,0.0,0.0,-1.0,-1.0,-1.0,0.0,0.0,1
0.0,57.0,47.584,-1.0,-1.0,-1.0,-1.0,-1.0,-1.0,0.0,51462144.0,0.0,0.0,-1.0,-1.0,-1.0,0.0,0.0,1
0.0,64.0,55.625,-1.0,-1.0,-1.0,-1.0,-1.0,-1.0,0.0,51478528.0,0.0,0.0,-1.0,-1.0,-1.0,0.0,0.0,1
0.0,53.0,45.583,-1.0,-1.0,-1.0,-1.0,-1.0,-1.0,0.0,51478528.0,0.0,0.0,-1.0,-1.0,-1.0,0.0,0.0,1
0.0,63.0,53.583,-1.0,-1.0,-1.0,-1.0,-1.0,-1.0,0.0,51478528.0,0.0,0.0,-1.0,-1.0,-1.0,0.0,0.0,1
0.0,58.0,52.125,-1.0,-1.0,-1.0,-1.0,-1.0,-1.0,0.0,51478528.0,0.0,0.0,-1.0,-1.0,-1.0,0.0,0.0,1
0.0,67.0,56.583,-1.0,-1.0,-1.0,-1.0,-1.0,-1.0,0.0,51478528.0,0.0,0.0,-1.0,-1.0,-1.0,0.0,0.0,1
0.0,62.0,55.083,-1.0,-1.0,-1.0,-1.0,-1.0,-1.0,0.0,51478528.0,0.0,0.0,-1.0,-1.0,-1.0,0.0,0.0,1
0.0,57.0,50.375,-1.0,-1.0,-1.0,-1.0,-1.0,-1.0,0.0,51478528.0,0.0,0.0,-1.0,-1.0,-1.0,0.0,0.0,1
0.0,23.0,20.875,-1.0,-1.0,-1.0,-1.0,-1.0,-1.0,0.0,51494912.0,0.0,0.0,-1.0,-1.0,-1.0,0.0,0.0,1
0.0,65.0,54.167,-1.0,-1.0,-1.0,-1.0,-1.0,-1.0,0.0,51494912.0,0.0,0.0,-1.0,-1.0,-1.0,0.0,0.0,1
0.0,63.0,53.709,-1.0,-1.0,-1.0,-1.0,-1.0,-1.0,0.0,51511296.0,0.0,0.0,-1.0,-1.0,-1.0,0.0,0.0,1
0.0,69.0,55.791,-1.0,-1.0,-1.0,-1.0,-1.0,-1.0,0.0,51511296.0,0.0,0.0,-1.0,-1.0,-1.0,0.0,0.0,1
0.0,60.0,51.333,-1.0,-1.0,-1.0,-1.0,-1.0,-1.0,0.0,51511296.0,0.0,0.0,-1.0,-1.0,-1.0,0.0,0.0,1
0.0,55.0,49.291,-1.0,-1.0,-1.0,-1.0,-1.0,-1.0,0.0,51511296.0,0.0,0.0,-1.0,-1.0,-1.0,0.0,0.0,1
0.0,58.0,50.709,-1.0,-1.0,-1.0,-1.0,-1.0,-1.0,0.0,51511296.0,0.0,0.0,-1.0,-1.0,-1.0,0.0,0.0,1
0.0,58.0,51.625,-1.0,-1.0,-1.0,-1.0,-1.0,-1.0,0.0,51511296.0,0.0,0.0,-1.0,-1.0,-1.0,0.0,0.0,1
0.0,61.0,51.542,-1.0,-1.0,-1.0,-1.0,-1.0,-1.0,0.0,51511296.0,0.0,0.0,-1.0,-1.0,-1.0,0.0,0.0,1
0.0,62.0,54.667,-1.0,-1.0,-1.0,-1.0,-1.0,-1.0,0.0,51511296.0,0.0,0.0,-1.0,-1.0,-1.0,0.0,0.0,1
1.0,63.0,79.875,-1.0,-1.0,-1.0,-1.0,-1.0,-1.0,0.0,51527680.0,0.0,0.0,-1.0,-1.0,-1.0,0.0,0.0,1
0.0,20.0,19.0,-1.0,-1.0,-1.0,-1.0,-1.0,-1.0,0.0,51527680.0,0.0,0.0,-1.0,-1.0,-1.0,0.0,0.0,1
0.0,59.0,50.375,-1.0,-1.0,-1.0,-1.0,-1.0,-1.0,0.0,51527680.0,0.0,0.0,-1.0,-1.0,-1.0,0.0,0.0,1
0.0,67.0,54.792,-1.0,-1.0,-1.0,-1.0,-1.0,-1.0,0.0,51527680.0,0.0,0.0,-1.0,-1.0,-1.0,0.0,0.0,1
0.0,65.0,58.083,-1.0,-1.0,-1.0,-1.0,-1.0,-1.0,0.0,51544064.0,0.0,0.0,-1.0,-1.0,-1.0,0.0,0.0,1
0.0,60.0,53.416,-1.0,-1.0,-1.0,-1.0,-1.0,-1.0,0.0,51544064.0,0.0,0.0,-1.0,-1.0,-1.0,0.0,0.0,1
0.0,70.0,63.209,-1.0,-1.0,-1.0,-1.0,-1.0,-1.0,0.0,51544064.0,0.0,0.0,-1.0,-1.0,-1.0,0.0,0.0,1
0.0,58.0,50.25,-1.0,-1.0,-1.0,-1.0,-1.0,-1.0,0.0,51544064.0,0.0,0.0,-1.0,-1.0,-1.0,0.0,0.0,1
0.0,75.0,67.083,-1.0,-1.0,-1.0,-1.0,-1.0,-1.0,0.0,51544064.0,0.0,0.0,-1.0,-1.0,-1.0,0.0,0.0,1
0.0,100.0,86.708,-1.0,-1.0,-1.0,-1.0,-1.0,-1.0,0.0,51544064.0,0.0,0.0,-1.0,-1.0,-1.0,0.0,0.0,1
0.0,71.0,61.833,-1.0,-1.0,-1.0,-1.0,-1.0,-1.0,0.0,51544064.0,0.0,0.0,-1.0,-1.0,-1.0,0.0,0.0,1
0.0,60.0,51.625,-1.0,-1.0,-1.0,-1.0,-1.0,-1.0,0.0,51544064.0,0.0,0.0,-1.0,-1.0,-1.0,0.0,0.0,1
0.0,67.0,59.791,-1.0,-1.0,-1.0,-1.0,-1.0,-1.0,0.0,51544064.0,0.0,0.0,-1.0,-1.0,-1.0,0.0,0.0,1
0.0,59.0,52.625,-1.0,-1.0,-1.0,-1.0,-1.0,-1.0,0.0,51544064.0,0.0,0.0,-1.0,-1.0,-1.0,0.0,0.0,1
0.0,58.0,50.917,-1.0,-1.0,-1.0,-1.0,-1.0,-1.0,0.0,51544064.0,0.0,0.0,-1.0,-1.0,-1.0,0.0,0.0,1
0.0,61.0,52.291,-1.0,-1.0,-1.0,-1.0,-1.0,-1.0,0.0,51544064.0,0.0,0.0,-1.0,-1.0,-1.0,0.0,0.0,1
0.0,52.0,45.458,-1.0,-1.0,-1.0,-1.0,-1.0,-1.0,0.0,51544064.0,0.0,0.0,-1.0,-1.0,-1.0,0.0,0.0,1
0.0,42.0,38.625,-1.0,-1.0,-1.0,-1.0,-1.0,-1.0,0.0,51560448.0,0.0,0.0,-1.0,-1.0,-1.0,0.0,0.0,1
0.0,55.0,49.5,-1.0,-1.0,-1.0,-1.0,-1.0,-1.0,0.0,51560448.0,0.0,0.0,-1.0,-1.0,-1.0,0.0,0.0,1
0.0,63.0,55.833,-1.0,-1.0,-1.0,-1.0,-1.0,-1.0,0.0,51576832.0,0.0,0.0,-1.0,-1.0,-1.0,0.0,0.0,1
0.0,57.0,50.458,-1.0,-1.0,-1.0,-1.0,-1.0,-1.0,0.0,51576832.0,0.0,0.0,-1.0,-1.0,-1.0,0.0,0.0,1
0.0,65.0,56.833,-1.0,-1.0,-1.0,-1.0,-1.0,-1.0,0.0,51576832.0,0.0,0.0,-1.0,-1.0,-1.0,0.0,0.0,1
0.0,58.0,52.666,-1.0,-1.0,-1.0,-1.0,-1.0,-1.0,0.0,51576832.0,0.0,0.0,-1.0,-1.0,-1.0,0.0,0.0,1
0.0,57.0,49.125,-1.0,-1.0,-1.0,-1.0,-1.0,-1.0,0.0,51576832.0,0.0,0.0,-1.0,-1.0,-1.0,0.0,0.0,1
0.0,57.0,49.917,-1.0,-1.0,-1.0,-1.0,-1.0,-1.0,0.0,51576832.0,0.0,0.0,-1.0,-1.0,-1.0,0.0,0.0,1
0.0,45.0,40.0,-1.0,-1.0,-1.0,-1.0,-1.0,-1.0,0.0,51576832.0,0.0,0.0,-1.0,-1.0,-1.0,0.0,0.0,1
0.0,61.0,53.667,-1.0,-1.0,-1.0,-1.0,-1.0,-1.0,0.0,51576832.0,0.0,0.0,-1.0,-1.0,-1.0,0.0,0.0,1
0.0,54.0,44.25,-1.0,-1.0,-1.0,-1.0,-1.0,-1.0,0.0,51576832.0,0.0,0.0,-1.0,-1.0,-1.0,0.0,0.0,1
0.0,62.0,56.083,-1.0,-1.0,-1.0,-1.0,-1.0,-1.0,0.0,51576832.0,0.0,0.0,-1.0,-1.0,-1.0,0.0,0.0,1
0.0,54.0,46.375,-1.0,-1.0,-1.0,-1.0,-1.0,-1.0,0.0,51576832.0,0.0,0.0,-1.0,-1.0,-1.0,0.0,0.0,1
0.0,63.0,56.375,-1.0,-1.0,-1.0,-1.0,-1.0,-1.0,0.0,51576832.0,0.0,0.0,-1.0,-1.0,-1.0,0.0,0.0,1
0.0,62.0,55.583,-1.0,-1.0,-1.0,-1.0,-1.0,-1.0,0.0,51576832.0,0.0,0.0,-1.0,-1.0,-1.0,0.0,0.0,1
0.0,61.0,54.291,-1.0,-1.0,-1.0,-1.0,-1.0,-1.0,0.0,51593216.0,0.0,0.0,-1.0,-1.0,-1.0,0.0,0.0,1
0.0,61.0,52.042,-1.0,-1.0,-1.0,-1.0,-1.0,-1.0,0.0,51593216.0,0.0,0.0,-1.0,-1.0,-1.0,0.0,0.0,1
0.0,55.0,50.208,-1.0,-1.0,-1.0,-1.0,-1.0,-1.0,0.0,51609600.0,0.0,0.0,-1.0,-1.0,-1.0,0.0,0.0,1
0.0,71.0,59.667,-1.0,-1.0,-1.0,-1.0,-1.0,-1.0,0.0,51609600.0,0.0,0.0,-1.0,-1.0,-1.0,0.0,0.0,1
0.0,62.0,50.708,-1.0,-1.0,-1.0,-1.0,-1.0,-1.0,0.0,51609600.0,0.0,0.0,-1.0,-1.0,-1.0,0.0,0.0,1
0.0,64.0,56.958,-1.0,-1.0,-1.0,-1.0,-1.0,-1.0,0.0,51609600.0,0.0,0.0,-1.0,-1.0,-1.0,0.0,0.0,1
0.0,67.0,58.292,-1.0,-1.0,-1.0,-1.0,-1.0,-1.0,0.0,51609600.0,0.0,0.0,-1.0,-1.0,-1.0,0.0,0.0,1
0.0,61.0,54.791,-1.0,-1.0,-1.0,-1.0,-1.0,-1.0,0.0,51609600.0,0.0,0.0,-1.0,-1.0,-1.0,0.0,0.0,1
0.0,59.0,50.959,-1.0,-1.0,-1.0,-1.0,-1.0,-1.0,0.0,51625984.0,0.0,0.0,-1.0,-1.0,-1.0,0.0,0.0,1
0.0,51.0,46.208,-1.0,-1.0,-1.0,-1.0,-1.0,-1.0,0.0,51625984.0,0.0,0.0,-1.0,-1.0,-1.0,0.0,0.0,1
0.0,59.0,51.375,-1.0,-1.0,-1.0,-1.0,-1.0,-1.0,0.0,51642368.0,0.0,0.0,-1.0,-1.0,-1.0,0.0,0.0,1
0.0,63.0,53.5,-1.0,-1.0,-1.0,-1.0,-1.0,-1.0,0.0,51642368.0,0.0,0.0,-1.0,-1.0,-1.0,0.0,0.0,1
0.0,58.0,51.375,-1.0,-1.0,-1.0,-1.0,-1.0,-1.0,0.0,51642368.0,0.0,0.0,-1.0,-1.0,-1.0,0.0,0.0,1
0.0,56.0,49.75,-1.0,-1.0,-1.0,-1.0,-1.0,-1.0,0.0,51642368.0,0.0,0.0,-1.0,-1.0,-1.0,0.0,0.0,1
0.0,60.0,52.334,-1.0,-1.0,-1.0,-1.0,-1.0,-1.0,0.0,51642368.0,0.0,0.0,-1.0,-1.0,-1.0,0.0,0.0,1
0.0,65.0,54.708,-1.0,-1.0,-1.0,-1.0,-1.0,-1.0,0.0,51658752.0,0.0,0.0,-1.0,-1.0,-1.0,0.0,0.0,1
0.0,56.0,50.125,-1.0,-1.0,-1.0,-1.0,-1.0,-1.0,0.0,51658752.0,0.0,0.0,-1.0,-1.0,-1.0,0.0,0.0,1
0.0,58.0,51.333,-1.0,-1.0,-1.0,-1.0,-1.0,-1.0,0.0,51658752.0,0.0,0.0,-1.0,-1.0,-1.0,0.0,0.0,1
0.0,58.0,51.875,-1.0,-1.0,-1.0,-1.0,-1.0,-1.0,0.0,51658752.0,0.0,0.0,-1.0,-1.0,-1.0,0.0,0.0,1
0.0,62.0,54.333,-1.0,-1.0,-1.0,-1.0,-1.0,-1.0,0.0,51675136.0,0.0,0.0,-1.0,-1.0,-1.0,0.0,0.0,1
0.0,67.0,58.416,-1.0,-1.0,-1.0,-1.0,-1.0,-1.0,0.0,51675136.0,0.0,0.0,-1.0,-1.0,-1.0,0.0,0.0,1
0.0,58.0,49.875,-1.0,-1.0,-1.0,-1.0,-1.0,-1.0,0.0,51675136.0,0.0,0.0,-1.0,-1.0,-1.0,0.0,0.0,1
0.0,55.0,49.541,-1.0,-1.0,-1.0,-1.0,-1.0,-1.0,0.0,51675136.0,0.0,0.0,-1.0,-1.0,-1.0,0.0,0.0,1
0.0,50.0,43.125,-1.0,-1.0,-1.0,-1.0,-1.0,-1.0,0.0,51675136.0,0.0,0.0,-1.0,-1.0,-1.0,0.0,0.0,1
0.0,24.0,22.583,-1.0,-1.0,-1.0,-1.0,-1.0,-1.0,0.0,51675136.0,0.0,0.0,-1.0,-1.0,-1.0,0.0,0.0,1
0.0,57.0,50.166,-1.0,-1.0,-1.0,-1.0,-1.0,-1.0,0.0,51675136.0,0.0,0.0,-1.0,-1.0,-1.0,0.0,0.0,1
0.0,58.0,51.125,-1.0,-1.0,-1.0,-1.0,-1.0,-1.0,0.0,51675136.0,0.0,0.0,-1.0,-1.0,-1.0,0.0,0.0,1
0.0,64.0,56.792,-1.0,-1.0,-1.0,-1.0,-1.0,-1.0,0.0,51675136.0,0.0,0.0,-1.0,-1.0,-1.0,0.0,0.0,1
0.0,61.0,52.042,-1.0,-1.0,-1.0,-1.0,-1.0,-1.0,0.0,51675136.0,0.0,0.0,-1.0,-1.0,-1.0,0.0,0.0,1
0.0,63.0,54.833,-1.0,-1.0,-1.0,-1.0,-1.0,-1.0,0.0,51675136.0,0.0,0.0,-1.0,-1.0,-1.0,0.0,0.0,1
0.0,64.0,52.0,-1.0,-1.0,-1.0,-1.0,-1.0,-1.0,0.0,51675136.0,0.0,0.0,-1.0,-1.0,-1.0,0.0,0.0,1
0.0,56.0,49.584,-1.0,-1.0,-1.0,-1.0,-1.0,-1.0,0.0,51675136.0,0.0,0.0,-1.0,-1.0,-1.0,0.0,0.0,1
0.0,56.0,50.917,-1.0,-1.0,-1.0,-1.0,-1.0,-1.0,0.0,51675136.0,0.0,0.0,-1.0,-1.0,-1.0,0.0,0.0,1
0.0,48.0,41.792,-1.0,-1.0,-1.0,-1.0,-1.0,-1.0,0.0,51675136.0,0.0,0.0,-1.0,-1.0,-1.0,0.0,0.0,1
0.0,51.0,45.333,-1.0,-1.0,-1.0,-1.0,-1.0,-1.0,0.0,51675136.0,0.0,0.0,-1.0,-1.0,-1.0,0.0,0.0,1
0.0,54.0,48.167,-1.0,-1.0,-1.0,-1.0,-1.0,-1.0,0.0,51675136.0,0.0,0.0,-1.0,-1.0,-1.0,0.0,0.0,1
0.0,58.0,51.0,-1.0,-1.0,-1.0,-1.0,-1.0,-1.0,0.0,51691520.0,0.0,0.0,-1.0,-1.0,-1.0,0.0,0.0,1
0.0,60.0,53.125,-1.0,-1.0,-1.0,-1.0,-1.0,-1.0,0.0,51691520.0,0.0,0.0,-1.0,-1.0,-1.0,0.0,0.0,1
0.0,60.0,50.791,-1.0,-1.0,-1.0,-1.0,-1.0,-1.0,0.0,51691520.0,0.0,0.0,-1.0,-1.0,-1.0,0.0,0.0,1
0.0,54.0,47.625,-1.0,-1.0,-1.0,-1.0,-1.0,-1.0,0.0,51691520.0,0.0,0.0,-1.0,-1.0,-1.0,0.0,0.0,1
0.0,65.0,53.333,-1.0,-1.0,-1.0,-1.0,-1.0,-1.0,0.0,51707904.0,0.0,0.0,-1.0,-1.0,-1.0,0.0,0.0,1
0.0,55.0,48.917,-1.0,-1.0,-1.0,-1.0,-1.0,-1.0,0.0,51707904.0,0.0,0.0,-1.0,-1.0,-1.0,0.0,0.0,1
0.0,58.0,50.041,-1.0,-1.0,-1.0,-1.0,-1.0,-1.0,0.0,51707904.0,0.0,0.0,-1.0,-1.0,-1.0,0.0,0.0,1
0.0,41.0,39.0,-1.0,-1.0,-1.0,-1.0,-1.0,-1.0,0.0,51724288.0,0.0,0.0,-1.0,-1.0,-1.0,0.0,0.0,1
0.0,69.0,61.0,-1.0,-1.0,-1.0,-1.0,-1.0,-1.0,0.0,51724288.0,0.0,0.0,-1.0,-1.0,-1.0,0.0,0.0,1
0.0,59.0,53.625,-1.0,-1.0,-1.0,-1.0,-1.0,-1.0,0.0,51740672.0,0.0,0.0,-1.0,-1.0,-1.0,0.0,0.0,1
0.0,68.0,60.541,-1.0,-1.0,-1.0,-1.0,-1.0,-1.0,0.0,51740672.0,0.0,0.0,-1.0,-1.0,-1.0,0.0,0.0,1
0.0,64.0,54.709,-1.0,-1.0,-1.0,-1.0,-1.0,-1.0,0.0,51740672.0,0.0,0.0,-1.0,-1.0,-1.0,0.0,0.0,1
0.0,64.0,53.458,-1.0,-1.0,-1.0,-1.0,-1.0,-1.0,0.0,51740672.0,0.0,0.0,-1.0,-1.0,-1.0,0.0,0.0,1
0.0,59.0,51.958,-1.0,-1.0,-1.0,-1.0,-1.0,-1.0,0.0,51740672.0,0.0,0.0,-1.0,-1.0,-1.0,0.0,0.0,1
0.0,62.0,53.917,-1.0,-1.0,-1.0,-1.0,-1.0,-1.0,0.0,51740672.0,0.0,0.0,-1.0,-1.0,-1.0,0.0,0.0,1
0.0,64.0,58.25,-1.0,-1.0,-1.0,-1.0,-1.0,-1.0,0.0,51740672.0,0.0,0.0,-1.0,-1.0,-1.0,0.0,0.0,1
0.0,61.0,51.667,-1.0,-1.0,-1.0,-1.0,-1.0,-1.0,0.0,51740672.0,0.0,0.0,-1.0,-1.0,-1.0,0.0,0.0,1
0.0,57.0,50.625,-1.0,-1.0,-1.0,-1.0,-1.0,-1.0,0.0,51757056.0,0.0,0.0,-1.0,-1.0,-1.0,0.0,0.0,1
0.0,48.0,43.667,-1.0,-1.0,-1.0,-1.0,-1.0,-1.0,0.0,51757056.0,0.0,0.0,-1.0,-1.0,-1.0,0.0,0.0,1
0.0,67.0,57.792,-1.0,-1.0,-1.0,-1.0,-1.0,-1.0,0.0,51757056.0,0.0,0.0,-1.0,-1.0,-1.0,0.0,0.0,1
0.0,62.0,53.709,-1.0,-1.0,-1.0,-1.0,-1.0,-1.0,0.0,51757056.0,0.0,0.0,-1.0,-1.0,-1.0,0.0,0.0,1
0.0,61.0,53.666,-1.0,-1.0,-1.0,-1.0,-1.0,-1.0,0.0,51757056.0,0.0,0.0,-1.0,-1.0,-1.0,0.0,0.0,1
0.0,73.0,65.208,-1.0,-1.0,-1.0,-1.0,-1.0,-1.0,0.0,51757056.0,0.0,0.0,-1.0,-1.0,-1.0,0.0,0.0,1
0.0,57.0,51.708,-1.0,-1.0,-1.0,-1.0,-1.0,-1.0,0.0,51757056.0,0.0,0.0,-1.0,-1.0,-1.0,0.0,0.0,1
1.0,78.0,151.709,-1.0,-1.0,-1.0,-1.0,-1.0,-1.0,0.0,51757056.0,0.0,0.0,-1.0,-1.0,-1.0,0.0,0.0,1
0.0,54.0,47.209,-1.0,-1.0,-1.0,-1.0,-1.0,-1.0,0.0,51757056.0,0.0,0.0,-1.0,-1.0,-1.0,0.0,0.0,1
0.0,52.0,47.417,-1.0,-1.0,-1.0,-1.0,-1.0,-1.0,0.0,51757056.0,0.0,0.0,-1.0,-1.0,-1.0,0.0,0.0,1
0.0,54.0,46.75,-1.0,-1.0,-1.0,-1.0,-1.0,-1.0,0.0,51757056.0,0.0,0.0,-1.0,-1.0,-1.0,0.0,0.0,1
0.0,55.0,49.167,-1.0,-1.0,-1.0,-1.0,-1.0,-1.0,0.0,51757056.0,0.0,0.0,-1.0,-1.0,-1.0,0.0,0.0,1
1.0,64.0,54.625,-1.0,-1.0,-1.0,-1.0,-1.0,-1.0,0.0,51757056.0,0.0,0.0,-1.0,-1.0,-1.0,0.0,0.0,1
0.0,51.0,45.958,-1.0,-1.0,-1.0,-1.0,-1.0,-1.0,0.0,51757056.0,0.0,0.0,-1.0,-1.0,-1.0,0.0,0.0,1
0.0,51.0,45.541,-1.0,-1.0,-1.0,-1.0,-1.0,-1.0,0.0,51757056.0,0.0,0.0,-1.0,-1.0,-1.0,0.0,0.0,1
0.0,45.0,41.625,-1.0,-1.0,-1.0,-1.0,-1.0,-1.0,0.0,51757056.0,0.0,0.0,-1.0,-1.0,-1.0,0.0,0.0,1
0.0,64.0,58.25,-1.0,-1.0,-1.0,-1.0,-1.0,-1.0,0.0,51757056.0,0.0,0.0,-1.0,-1.0,-1.0,0.0,0.0,1
0.0,46.0,41.875,-1.0,-1.0,-1.0,-1.0,-1.0,-1.0,0.0,51773440.0,0.0,0.0,-1.0,-1.0,-1.0,0.0,0.0,1
0.0,39.0,36.209,-1.0,-1.0,-1.0,-1.0,-1.0,-1.0,0.0,51773440.0,0.0,0.0,-1.0,-1.0,-1.0,0.0,0.0,1
0.0,44.0,39.75,-1.0,-1.0,-1.0,-1.0,-1.0,-1.0,0.0,51789824.0,0.0,0.0,-1.0,-1.0,-1.0,0.0,0.0,1
0.0,50.0,43.125,-1.0,-1.0,-1.0,-1.0,-1.0,-1.0,0.0,51789824.0,0.0,0.0,-1.0,-1.0,-1.0,0.0,0.0,1
0.0,55.0,48.25,-1.0,-1.0,-1.0,-1.0,-1.0,-1.0,0.0,51789824.0,0.0,0.0,-1.0,-1.0,-1.0,0.0,0.0,1
0.0,54.0,46.0,-1.0,-1.0,-1.0,-1.0,-1.0,-1.0,0.0,51789824.0,0.0,0.0,-1.0,-1.0,-1.0,0.0,0.0,1
0.0,57.0,50.25,-1.0,-1.0,-1.0,-1.0,-1.0,-1.0,0.0,51789824.0,0.0,0.0,-1.0,-1.0,-1.0,0.0,0.0,1
0.0,53.0,47.208,-1.0,-1.0,-1.0,-1.0,-1.0,-1.0,0.0,51789824.0,0.0,0.0,-1.0,-1.0,-1.0,0.0,0.0,1
0.0,60.0,52.5,-1.0,-1.0,-1.0,-1.0,-1.0,-1.0,0.0,51789824.0,0.0,0.0,-1.0,-1.0,-1.0,0.0,0.0,1
0.0,60.0,54.292,-1.0,-1.0,-1.0,-1.0,-1.0,-1.0,0.0,51789824.0,0.0,0.0,-1.0,-1.0,-1.0,0.0,0.0,1
0.0,50.0,44.625,-1.0,-1.0,-1.0,-1.0,-1.0,-1.0,0.0,51806208.0,0.0,0.0,-1.0,-1.0,-1.0,0.0,0.0,1
0.0,43.0,38.833,-1.0,-1.0,-1.0,-1.0,-1.0,-1.0,0.0,51822592.0,0.0,0.0,-1.0,-1.0,-1.0,0.0,0.0,1
0.0,50.0,44.75,-1.0,-1.0,-1.0,-1.0,-1.0,-1.0,0.0,51822592.0,0.0,0.0,-1.0,-1.0,-1.0,0.0,0.0,1
0.0,58.0,53.167,-1.0,-1.0,-1.0,-1.0,-1.0,-1.0,0.0,51822592.0,0.0,0.0,-1.0,-1.0,-1.0,0.0,0.0,1
0.0,55.0,49.708,-1.0,-1.0,-1.0,-1.0,-1.0,-1.0,0.0,51822592.0,0.0,0.0,-1.0,-1.0,-1.0,0.0,0.0,1
3.0,93.0,2276.375,-1.0,-1.0,-1.0,-1.0,-1.0,-1.0,0.0,51822592.0,0.0,0.0,-1.0,-1.0,-1.0,0.0,0.0,1
0.0,116.0,107.75,-1.0,-1.0,-1.0,-1.0,-1.0,-1.0,0.0,51822592.0,0.0,0.0,-1.0,-1.0,-1.0,0.0,0.0,1
0.0,77.0,69.416,-1.0,-1.0,-1.0,-1.0,-1.0,-1.0,0.0,51838976.0,0.0,0.0,-1.0,-1.0,-1.0,0.0,0.0,1
0.0,59.0,52.75,-1.0,-1.0,-1.0,-1.0,-1.0,-1.0,0.0,51838976.0,0.0,0.0,-1.0,-1.0,-1.0,0.0,0.0,1
0.0,61.0,53.916,-1.0,-1.0,-1.0,-1.0,-1.0,-1.0,0.0,51838976.0,0.0,0.0,-1.0,-1.0,-1.0,0.0,0.0,1
0.0,63.0,55.375,-1.0,-1.0,-1.0,-1.0,-1.0,-1.0,0.0,51838976.0,0.0,0.0,-1.0,-1.0,-1.0,0.0,0.0,1
0.0,35.0,29.125,-1.0,-1.0,-1.0,-1.0,-1.0,-1.0,0.0,51838976.0,0.0,0.0,-1.0,-1.0,-1.0,0.0,0.0,1
0.0,32.0,27.25,-1.0,-1.0,-1.0,-1.0,-1.0,-1.0,0.0,51838976.0,0.0,0.0,-1.0,-1.0,-1.0,0.0,0.0,1
0.0,64.0,54.083,-1.0,-1.0,-1.0,-1.0,-1.0,-1.0,0.0,51838976.0,0.0,0.0,-1.0,-1.0,-1.0,0.0,0.0,1
0.0,81.0,71.417,-1.0,-1.0,-1.0,-1.0,-1.0,-1.0,0.0,51838976.0,0.0,0.0,-1.0,-1.0,-1.0,0.0,0.0,1
0.0,72.0,60.208,-1.0,-1.0,-1.0,-1.0,-1.0,-1.0,0.0,51838976.0,0.0,0.0,-1.0,-1.0,-1.0,0.0,0.0,1
0.0,64.0,53.458,-1.0,-1.0,-1.0,-1.0,-1.0,-1.0,0.0,51838976.0,0.0,0.0,-1.0,-1.0,-1.0,0.0,0.0,1
0.0,65.0,53.375,-1.0,-1.0,-1.0,-1.0,-1.0,-1.0,0.0,51838976.0,0.0,0.0,-1.0,-1.0,-1.0,0.0,0.0,1
0.0,55.0,48.458,-1.0,-1.0,-1.0,-1.0,-1.0,-1.0,0.0,51838976.0,0.0,0.0,-1.0,-1.0,-1.0,0.0,0.0,1
0.0,59.0,52.833,-1.0,-1.0,-1.0,-1.0,-1.0,-1.0,0.0,51838976.0,0.0,0.0,-1.0,-1.0,-1.0,0.0,0.0,1
0.0,70.0,56.458,-1.0,-1.0,-1.0,-1.0,-1.0,-1.0,0.0,51855360.0,0.0,0.0,-1.0,-1.0,-1.0,0.0,0.0,1
0.0,70.0,55.542,-1.0,-1.0,-1.0,-1.0,-1.0,-1.0,0.0,51855360.0,0.0,0.0,-1.0,-1.0,-1.0,0.0,0.0,1
0.0,62.0,54.417,-1.0,-1.0,-1.0,-1.0,-1.0,-1.0,0.0,51855360.0,0.0,0.0,-1.0,-1.0,-1.0,0.0,0.0,1
0.0,50.0,44.667,-1.0,-1.0,-1.0,-1.0,-1.0,-1.0,0.0,51855360.0,0.0,0.0,-1.0,-1.0,-1.0,0.0,0.0,1
0.0,62.0,51.583,-1.0,-1.0,-1.0,-1.0,-1.0,-1.0,0.0,51871744.0,0.0,0.0,-1.0,-1.0,-1.0,0.0,0.0,1
0.0,57.0,48.458,-1.0,-1.0,-1.0,-1.0,-1.0,-1.0,0.0,51871744.0,0.0,0.0,-1.0,-1.0,-1.0,0.0,0.0,1
0.0,50.0,42.875,-1.0,-1.0,-1.0,-1.0,-1.0,-1.0,0.0,51871744.0,0.0,0.0,-1.0,-1.0,-1.0,0.0,0.0,1
0.0,59.0,49.792,-1.0,-1.0,-1.0,-1.0,-1.0,-1.0,0.0,51871744.0,0.0,0.0,-1.0,-1.0,-1.0,0.0,0.0,1
0.0,52.0,45.209,-1.0,-1.0,-1.0,-1.0,-1.0,-1.0,0.0,51871744.0,0.0,0.0,-1.0,-1.0,-1.0,0.0,0.0,1
1.0,42.0,44.917,-1.0,-1.0,-1.0,-1.0,-1.0,-1.0,0.0,51871744.0,0.0,0.0,-1.0,-1.0,-1.0,0.0,0.0,1
0.0,43.0,39.208,-1.0,-1.0,-1.0,-1.0,-1.0,-1.0,0.0,51871744.0,0.0,0.0,-1.0,-1.0,-1.0,0.0,0.0,1
0.0,56.0,47.667,-1.0,-1.0,-1.0,-1.0,-1.0,-1.0,0.0,51871744.0,0.0,0.0,-1.0,-1.0,-1.0,0.0,0.0,1
0.0,55.0,47.0,-1.0,-1.0,-1.0,-1.0,-1.0,-1.0,0.0,51871744.0,0.0,0.0,-1.0,-1.0,-1.0,0.0,0.0,1
2.0,74.0,92.834,-1.0,-1.0,-1.0,-1.0,-1.0,-1.0,0.0,51871744.0,0.0,0.0,-1.0,-1.0,-1.0,0.0,0.0,1
0.0,49.0,41.125,-1.0,-1.0,-1.0,-1.0,-1.0,-1.0,0.0,51871744.0,0.0,0.0,-1.0,-1.0,-1.0,0.0,0.0,1
0.0,54.0,49.084,-1.0,-1.0,-1.0,-1.0,-1.0,-1.0,0.0,51871744.0,0.0,0.0,-1.0,-1.0,-1.0,0.0,0.0,1
0.0,58.0,52.459,-1.0,-1.0,-1.0,-1.0,-1.0,-1.0,0.0,51871744.0,0.0,0.0,-1.0,-1.0,-1.0,0.0,0.0,1
0.0,61.0,51.875,-1.0,-1.0,-1.0,-1.0,-1.0,-1.0,0.0,51888128.0,0.0,0.0,-1.0,-1.0,-1.0,0.0,0.0,1
0.0,58.0,51.583,-1.0,-1.0,-1.0,-1.0,-1.0,-1.0,0.0,51888128.0,0.0,0.0,-1.0,-1.0,-1.0,0.0,0.0,1
0.0,64.0,52.542,-1.0,-1.0,-1.0,-1.0,-1.0,-1.0,0.0,51888128.0,0.0,0.0,-1.0,-1.0,-1.0,0.0,0.0,1
0.0,22.0,19.375,-1.0,-1.0,-1.0,-1.0,-1.0,-1.0,0.0,51904512.0,0.0,0.0,-1.0,-1.0,-1.0,0.0,0.0,1
0.0,87.0,73.458,-1.0,-1.0,-1.0,-1.0,-1.0,-1.0,0.0,51920896.0,0.0,0.0,-1.0,-1.0,-1.0,0.0,0.0,1
0.0,59.0,53.542,-1.0,-1.0,-1.0,-1.0,-1.0,-1.0,0.0,51920896.0,0.0,0.0,-1.0,-1.0,-1.0,0.0,0.0,1
0.0,71.0,57.625,-1.0,-1.0,-1.0,-1.0,-1.0,-1.0,0.0,51920896.0,0.0,0.0,-1.0,-1.0,-1.0,0.0,0.0,1
0.0,67.0,52.75,-1.0,-1.0,-1.0,-1.0,-1.0,-1.0,0.0,51920896.0,0.0,0.0,-1.0,-1.0,-1.0,0.0,0.0,1
0.0,53.0,50.333,-1.0,-1.0,-1.0,-1.0,-1.0,-1.0,0.0,51920896.0,0.0,0.0,-1.0,-1.0,-1.0,0.0,0.0,1
1.0,61.0,67.417,-1.0,-1.0,-1.0,-1.0,-1.0,-1.0,0.0,51920896.0,0.0,0.0,-1.0,-1.0,-1.0,0.0,0.0,1
0.0,49.0,43.292,-1.0,-1.0,-1.0,-1.0,-1.0,-1.0,0.0,51920896.0,0.0,0.0,-1.0,-1.0,-1.0,0.0,0.0,1
0.0,66.0,54.5,-1.0,-1.0,-1.0,-1.0,-1.0,-1.0,0.0,51937280.0,0.0,0.0,-1.0,-1.0,-1.0,0.0,0.0,1
0.0,56.0,49.125,-1.0,-1.0,-1.0,-1.0,-1.0,-1.0,0.0,51937280.0,0.0,0.0,-1.0,-1.0,-1.0,0.0,0.0,1
0.0,63.0,52.0,-1.0,-1.0,-1.0,-1.0,-1.0,-1.0,0.0,51937280.0,0.0,0.0,-1.0,-1.0,-1.0,0.0,0.0,1
1.0,66.0,77.375,-1.0,-1.0,-1.0,-1.0,-1.0,-1.0,0.0,51937280.0,0.0,0.0,-1.0,-1.0,-1.0,0.0,0.0,1
0.0,54.0,46.917,-1.0,-1.0,-1.0,-1.0,-1.0,-1.0,0.0,51937280.0,0.0,0.0,-1.0,-1.0,-1.0,0.0,0.0,1
0.0,53.0,46.75,-1.0,-1.0,-1.0,-1.0,-1.0,-1.0,0.0,51937280.0,0.0,0.0,-1.0,-1.0,-1.0,0.0,0.0,1
0.0,53.0,47.0,-1.0,-1.0,-1.0,-1.0,-1.0,-1.0,0.0,51937280.0,0.0,0.0,-1.0,-1.0,-1.0,0.0,0.0,1
1.0,67.0,63.541,-1.0,-1.0,-1.0,-1.0,-1.0,-1.0,0.0,51937280.0,0.0,0.0,-1.0,-1.0,-1.0,0.0,0.0,1
0.0,56.0,49.917,-1.0,-1.0,-1.0,-1.0,-1.0,-1.0,0.0,51937280.0,0.0,0.0,-1.0,-1.0,-1.0,0.0,0.0,1
0.0,68.0,59.917,-1.0,-1.0,-1.0,-1.0,-1.0,-1.0,0.0,51937280.0,0.0,0.0,-1.0,-1.0,-1.0,0.0,0.0,1
0.0,51.0,46.75,-1.0,-1.0,-1.0,-1.0,-1.0,-1.0,0.0,51953664.0,0.0,0.0,-1.0,-1.0,-1.0,0.0,0.0,1
0.0,19.0,18.584,-1.0,-1.0,-1.0,-1.0,-1.0,-1.0,0.0,51953664.0,0.0,0.0,-1.0,-1.0,-1.0,0.0,0.0,1
0.0,53.0,46.583,-1.0,-1.0,-1.0,-1.0,-1.0,-1.0,0.0,51953664.0,0.0,0.0,-1.0,-1.0,-1.0,0.0,0.0,1
0.0,53.0,45.917,-1.0,-1.0,-1.0,-1.0,-1.0,-1.0,0.0,51953664.0,0.0,0.0,-1.0,-1.0,-1.0,0.0,0.0,1
0.0,57.0,51.458,-1.0,-1.0,-1.0,-1.0,-1.0,-1.0,0.0,51953664.0,0.0,0.0,-1.0,-1.0,-1.0,0.0,0.0,1
0.0,52.0,45.792,-1.0,-1.0,-1.0,-1.0,-1.0,-1.0,0.0,51953664.0,0.0,0.0,-1.0,-1.0,-1.0,0.0,0.0,1
0.0,41.0,36.5,-1.0,-1.0,-1.0,-1.0,-1.0,-1.0,0.0,51953664.0,0.0,0.0,-1.0,-1.0,-1.0,0.0,0.0,1
0.0,43.0,38.583,-1.0,-1.0,-1.0,-1.0,-1.0,-1.0,0.0,51953664.0,0.0,0.0,-1.0,-1.0,-1.0,0.0,0.0,1
0.0,49.0,44.0,-1.0,-1.0,-1.0,-1.0,-1.0,-1.0,0.0,51953664.0,0.0,0.0,-1.0,-1.0,-1.0,0.0,0.0,1
0.0,52.0,44.5,-1.0,-1.0,-1.0,-1.0,-1.0,-1.0,0.0,51953664.0,0.0,0.0,-1.0,-1.0,-1.0,0.0,0.0,1
0.0,59.0,52.417,-1.0,-1.0,-1.0,-1.0,-1.0,-1.0,0.0,51953664.0,0.0,0.0,-1.0,-1.0,-1.0,0.0,0.0,1
0.0,49.0,42.167,-1.0,-1.0,-1.0,-1.0,-1.0,-1.0,0.0,51953664.0,0.0,0.0,-1.0,-1.0,-1.0,0.0,0.0,1
0.0,48.0,43.459,-1.0,-1.0,-1.0,-1.0,-1.0,-1.0,0.0,51953664.0,0.0,0.0,-1.0,-1.0,-1.0,0.0,0.0,1
0.0,49.0,45.167,-1.0,-1.0,-1.0,-1.0,-1.0,-1.0,0.0,51953664.0,0.0,0.0,-1.0,-1.0,-1.0,0.0,0.0,1
0.0,53.0,47.167,-1.0,-1.0,-1.0,-1.0,-1.0,-1.0,0.0,51953664.0,0.0,0.0,-1.0,-1.0,-1.0,0.0,0.0,1
2.0,61.0,235.583,-1.0,-1.0,-1.0,-1.0,-1.0,-1.0,0.0,51953664.0,0.0,0.0,-1.0,-1.0,-1.0,0.0,0.0,1
0.0,48.0,43.25,-1.0,-1.0,-1.0,-1.0,-1.0,-1.0,0.0,51970048.0,0.0,0.0,-1.0,-1.0,-1.0,0.0,0.0,1
0.0,42.0,38.25,-1.0,-1.0,-1.0,-1.0,-1.0,-1.0,0.0,51986432.0,0.0,0.0,-1.0,-1.0,-1.0,0.0,0.0,1
0.0,60.0,52.708,-1.0,-1.0,-1.0,-1.0,-1.0,-1.0,0.0,51986432.0,0.0,0.0,-1.0,-1.0,-1.0,0.0,0.0,1
0.0,54.0,48.5,-1.0,-1.0,-1.0,-1.0,-1.0,-1.0,0.0,52002816.0,0.0,0.0,-1.0,-1.0,-1.0,0.0,0.0,1
0.0,47.0,42.458,-1.0,-1.0,-1.0,-1.0,-1.0,-1.0,0.0,52002816.0,0.0,0.0,-1.0,-1.0,-1.0,0.0,0.0,1
0.0,51.0,45.75,-1.0,-1.0,-1.0,-1.0,-1.0,-1.0,0.0,52002816.0,0.0,0.0,-1.0,-1.0,-1.0,0.0,0.0,1
0.0,36.0,32.917,-1.0,-1.0,-1.0,-1.0,-1.0,-1.0,0.0,52019200.0,0.0,0.0,-1.0,-1.0,-1.0,0.0,0.0,1
0.0,40.0,38.458,-1.0,-1.0,-1.0,-1.0,-1.0,-1.0,0.0,52019200.0,0.0,0.0,-1.0,-1.0,-1.0,0.0,0.0,1
0.0,23.0,21.083,-1.0,-1.0,-1.0,-1.0,-1.0,-1.0,0.0,52019200.0,0.0,0.0,-1.0,-1.0,-1.0,0.0,0.0,1
0.0,49.0,43.167,-1.0,-1.0,-1.0,-1.0,-1.0,-1.0,0.0,52019200.0,0.0,0.0,-1.0,-1.0,-1.0,0.0,0.0,1
0.0,37.0,34.084,-1.0,-1.0,-1.0,-1.0,-1.0,-1.0,0.0,52019200.0,0.0,0.0,-1.0,-1.0,-1.0,0.0,0.0,1
0.0,38.0,34.792,-1.0,-1.0,-1.0,-1.0,-1.0,-1.0,0.0,52019200.0,0.0,0.0,-1.0,-1.0,-1.0,0.0,0.0,1
0.0,34.0,32.084,-1.0,-1.0,-1.0,-1.0,-1.0,-1.0,0.0,52019200.0,0.0,0.0,-1.0,-1.0,-1.0,0.0,0.0,1
0.0,42.0,36.542,-1.0,-1.0,-1.0,-1.0,-1.0,-1.0,0.0,52019200.0,0.0,0.0,-1.0,-1.0,-1.0,0.0,0.0,1
0.0,37.0,35.416,-1.0,-1.0,-1.0,-1.0,-1.0,-1.0,0.0,52019200.0,0.0,0.0,-1.0,-1.0,-1.0,0.0,0.0,1
0.0,36.0,34.0,-1.0,-1.0,-1.0,-1.0,-1.0,-1.0,0.0,52019200.0,0.0,0.0,-1.0,-1.0,-1.0,0.0,0.0,1
0.0,37.0,35.292,-1.0,-1.0,-1.0,-1.0,-1.0,-1.0,0.0,52019200.0,0.0,0.0,-1.0,-1.0,-1.0,0.0,0.0,1
0.0,60.0,52.541,-1.0,-1.0,-1.0,-1.0,-1.0,-1.0,0.0,52019200.0,0.0,0.0,-1.0,-1.0,-1.0,0.0,0.0,1
0.0,39.0,36.292,-1.0,-1.0,-1.0,-1.0,-1.0,-1.0,0.0,52035584.0,0.0,0.0,-1.0,-1.0,-1.0,0.0,0.0,1
0.0,43.0,39.0,-1.0,-1.0,-1.0,-1.0,-1.0,-1.0,0.0,52035584.0,0.0,0.0,-1.0,-1.0,-1.0,0.0,0.0,1
0.0,34.0,32.625,-1.0,-1.0,-1.0,-1.0,-1.0,-1.0,0.0,52035584.0,0.0,0.0,-1.0,-1.0,-1.0,0.0,0.0,1
1.0,42.0,59.792,-1.0,-1.0,-1.0,-1.0,-1.0,-1.0,0.0,52035584.0,0.0,0.0,-1.0,-1.0,-1.0,0.0,0.0,1
0.0,49.0,43.208,-1.0,-1.0,-1.0,-1.0,-1.0,-1.0,0.0,52035584.0,0.0,0.0,-1.0,-1.0,-1.0,0.0,0.0,1
0.0,59.0,52.5,-1.0,-1.0,-1.0,-1.0,-1.0,-1.0,0.0,52035584.0,0.0,0.0,-1.0,-1.0,-1.0,0.0,0.0,1
0.0,60.0,52.75,-1.0,-1.0,-1.0,-1.0,-1.0,-1.0,0.0,52035584.0,0.0,0.0,-1.0,-1.0,-1.0,0.0,0.0,1
0.0,22.0,21.291,-1.0,-1.0,-1.0,-1.0,-1.0,-1.0,0.0,52035584.0,0.0,0.0,-1.0,-1.0,-1.0,0.0,0.0,1
0.0,65.0,57.541,-1.0,-1.0,-1.0,-1.0,-1.0,-1.0,0.0,52035584.0,0.0,0.0,-1.0,-1.0,-1.0,0.0,0.0,1
0.0,25.0,22.959,-1.0,-1.0,-1.0,-1.0,-1.0,-1.0,0.0,52035584.0,0.0,0.0,-1.0,-1.0,-1.0,0.0,0.0,1
1.0,21.0,27.542,-1.0,-1.0,-1.0,-1.0,-1.0,-1.0,0.0,52035584.0,0.0,0.0,-1.0,-1.0,-1.0,0.0,0.0,1
0.0,17.0,15.833,-1.0,-1.0,-1.0,-1.0,-1.0,-1.0,0.0,52035584.0,0.0,0.0,-1.0,-1.0,-1.0,0.0,0.0,1
0.0,80.0,73.75,-1.0,-1.0,-1.0,-1.0,-1.0,-1.0,0.0,52035584.0,0.0,0.0,-1.0,-1.0,-1.0,0.0,0.0,1
0.0,46.0,42.042,-1.0,-1.0,-1.0,-1.0,-1.0,-1.0,0.0,52051968.0,0.0,0.0,-1.0,-1.0,-1.0,0.0,0.0,1
0.0,86.0,80.5,-1.0,-1.0,-1.0,-1.0,-1.0,-1.0,0.0,52051968.0,0.0,0.0,-1.0,-1.0,-1.0,0.0,0.0,1
0.0,59.0,54.875,-1.0,-1.0,-1.0,-1.0,-1.0,-1.0,0.0,52051968.0,0.0,0.0,-1.0,-1.0,-1.0,0.0,0.0,1
0.0,22.0,20.25,-1.0,-1.0,-1.0,-1.0,-1.0,-1.0,0.0,52051968.0,0.0,0.0,-1.0,-1.0,-1.0,0.0,0.0,1
0.0,24.0,22.375,-1.0,-1.0,-1.0,-1.0,-1.0,-1.0,0.0,52068352.0,0.0,0.0,-1.0,-1.0,-1.0,0.0,0.0,1
0.0,84.0,78.166,-1.0,-1.0,-1.0,-1.0,-1.0,-1.0,0.0,52084736.0,0.0,0.0,-1.0,-1.0,-1.0,0.0,0.0,1
0.0,57.0,52.541,-1.0,-1.0,-1.0,-1.0,-1.0,-1.0,0.0,52084736.0,0.0,0.0,-1.0,-1.0,-1.0,0.0,0.0,1
0.0,45.0,41.333,-1.0,-1.0,-1.0,-1.0,-1.0,-1.0,0.0,52084736.0,0.0,0.0,-1.0,-1.0,-1.0,0.0,0.0,1
0.0,32.0,27.625,-1.0,-1.0,-1.0,-1.0,-1.0,-1.0,0.0,52084736.0,0.0,0.0,-1.0,-1.0,-1.0,0.0,0.0,1
0.0,24.0,20.167,-1.0,-1.0,-1.0,-1.0,-1.0,-1.0,0.0,52084736.0,0.0,0.0,-1.0,-1.0,-1.0,0.0,0.0,1
0.0,93.0,85.208,-1.0,-1.0,-1.0,-1.0,-1.0,-1.0,0.0,52084736.0,0.0,0.0,-1.0,-1.0,-1.0,0.0,0.0,1
0.0,67.0,61.583,-1.0,-1.0,-1.0,-1.0,-1.0,-1.0,0.0,52084736.0,0.0,0.0,-1.0,-1.0,-1.0,0.0,0.0,1
0.0,63.0,55.5,-1.0,-1.0,-1.0,-1.0,-1.0,-1.0,0.0,52084736.0,0.0,0.0,-1.0,-1.0,-1.0,0.0,0.0,1
2.0,61.0,159.625,-1.0,-1.0,-1.0,-1.0,-1.0,-1.0,0.0,52084736.0,0.0,0.0,-1.0,-1.0,-1.0,0.0,0.0,1
0.0,73.0,68.125,-1.0,-1.0,-1.0,-1.0,-1.0,-1.0,0.0,52084736.0,0.0,0.0,-1.0,-1.0,-1.0,0.0,0.0,1
0.0,63.0,56.875,-1.0,-1.0,-1.0,-1.0,-1.0,-1.0,0.0,52101120.0,0.0,0.0,-1.0,-1.0,-1.0,0.0,0.0,1
0.0,31.0,27.833,-1.0,-1.0,-1.0,-1.0,-1.0,-1.0,0.0,52101120.0,0.0,0.0,-1.0,-1.0,-1.0,0.0,0.0,1
0.0,72.0,63.834,-1.0,-1.0,-1.0,-1.0,-1.0,-1.0,0.0,52101120.0,0.0,0.0,-1.0,-1.0,-1.0,0.0,0.0,1
0.0,60.0,55.791,-1.0,-1.0,-1.0,-1.0,-1.0,-1.0,0.0,52101120.0,0.0,0.0,-1.0,-1.0,-1.0,0.0,0.0,1
0.0,56.0,48.75,-1.0,-1.0,-1.0,-1.0,-1.0,-1.0,0.0,52101120.0,0.0,0.0,-1.0,-1.0,-1.0,0.0,0.0,1
0.0,65.0,58.417,-1.0,-1.0,-1.0,-1.0,-1.0,-1.0,0.0,52101120.0,0.0,0.0,-1.0,-1.0,-1.0,0.0,0.0,1
0.0,52.0,46.292,-1.0,-1.0,-1.0,-1.0,-1.0,-1.0,0.0,52117504.0,0.0,0.0,-1.0,-1.0,-1.0,0.0,0.0,1
0.0,22.0,20.834,-1.0,-1.0,-1.0,-1.0,-1.0,-1.0,0.0,52117504.0,0.0,0.0,-1.0,-1.0,-1.0,0.0,0.0,1
0.0,16.0,14.708,-1.0,-1.0,-1.0,-1.0,-1.0,-1.0,0.0,52117504.0,0.0,0.0,-1.0,-1.0,-1.0,0.0,0.0,1
0.0,18.0,16.959,-1.0,-1.0,-1.0,-1.0,-1.0,-1.0,0.0,52117504.0,0.0,0.0,-1.0,-1.0,-1.0,0.0,0.0,1
0.0,97.0,89.916,-1.0,-1.0,-1.0,-1.0,-1.0,-1.0,0.0,52117504.0,0.0,0.0,-1.0,-1.0,-1.0,0.0,0.0,1
0.0,60.0,53.334,-1.0,-1.0,-1.0,-1.0,-1.0,-1.0,0.0,52117504.0,0.0,0.0,-1.0,-1.0,-1.0,0.0,0.0,1
0.0,62.0,55.208,-1.0,-1.0,-1.0,-1.0,-1.0,-1.0,0.0,52117504.0,0.0,0.0,-1.0,-1.0,-1.0,0.0,0.0,1
0.0,59.0,53.584,-1.0,-1.0,-1.0,-1.0,-1.0,-1.0,0.0,52133888.0,0.0,0.0,-1.0,-1.0,-1.0,0.0,0.0,1
0.0,96.0,87.0,-1.0,-1.0,-1.0,-1.0,-1.0,-1.0,0.0,52133888.0,0.0,0.0,-1.0,-1.0,-1.0,0.0,0.0,1
0.0,76.0,68.0,-1.0,-1.0,-1.0,-1.0,-1.0,-1.0,0.0,52133888.0,0.0,0.0,-1.0,-1.0,-1.0,0.0,0.0,1
0.0,44.0,38.708,-1.0,-1.0,-1.0,-1.0,-1.0,-1.0,0.0,52133888.0,0.0,0.0,-1.0,-1.0,-1.0,0.0,0.0,1
0.0,58.0,53.875,-1.0,-1.0,-1.0,-1.0,-1.0,-1.0,0.0,52133888.0,0.0,0.0,-1.0,-1.0,-1.0,0.0,0.0,1
0.0,77.0,68.125,-1.0,-1.0,-1.0,-1.0,-1.0,-1.0,0.0,52133888.0,0.0,0.0,-1.0,-1.0,-1.0,0.0,0.0,1
0.0,66.0,57.917,-1.0,-1.0,-1.0,-1.0,-1.0,-1.0,0.0,52133888.0,0.0,0.0,-1.0,-1.0,-1.0,0.0,0.0,1
0.0,65.0,55.375,-1.0,-1.0,-1.0,-1.0,-1.0,-1.0,0.0,52133888.0,0.0,0.0,-1.0,-1.0,-1.0,0.0,0.0,1
0.0,58.0,48.417,-1.0,-1.0,-1.0,-1.0,-1.0,-1.0,0.0,52133888.0,0.0,0.0,-1.0,-1.0,-1.0,0.0,0.0,1
0.0,63.0,55.917,-1.0,-1.0,-1.0,-1.0,-1.0,-1.0,0.0,52133888.0,0.0,0.0,-1.0,-1.0,-1.0,0.0,0.0,1
0.0,68.0,58.625,-1.0,-1.0,-1.0,-1.0,-1.0,-1.0,0.0,52150272.0,0.0,0.0,-1.0,-1.0,-1.0,0.0,0.0,1
0.0,66.0,57.25,-1.0,-1.0,-1.0,-1.0,-1.0,-1.0,0.0,52150272.0,0.0,0.0,-1.0,-1.0,-1.0,0.0,0.0,1
0.0,65.0,53.958,-1.0,-1.0,-1.0,-1.0,-1.0,-1.0,0.0,52150272.0,0.0,0.0,-1.0,-1.0,-1.0,0.0,0.0,1
0.0,63.0,56.791,-1.0,-1.0,-1.0,-1.0,-1.0,-1.0,0.0,52150272.0,0.0,0.0,-1.0,-1.0,-1.0,0.0,0.0,1
0.0,67.0,55.833,-1.0,-1.0,-1.0,-1.0,-1.0,-1.0,0.0,52166656.0,0.0,0.0,-1.0,-1.0,-1.0,0.0,0.0,1
0.0,63.0,54.0,-1.0,-1.0,-1.0,-1.0,-1.0,-1.0,0.0,52166656.0,0.0,0.0,-1.0,-1.0,-1.0,0.0,0.0,1
1.0,66.0,51.708,-1.0,-1.0,-1.0,-1.0,-1.0,-1.0,0.0,52166656.0,0.0,0.0,-1.0,-1.0,-1.0,0.0,0.0,1
0.0,64.0,53.417,-1.0,-1.0,-1.0,-1.0,-1.0,-1.0,0.0,52166656.0,0.0,0.0,-1.0,-1.0,-1.0,0.0,0.0,1
0.0,63.0,56.292,-1.0,-1.0,-1.0,-1.0,-1.0,-1.0,0.0,52166656.0,0.0,0.0,-1.0,-1.0,-1.0,0.0,0.0,1
0.0,59.0,51.708,-1.0,-1.0,-1.0,-1.0,-1.0,-1.0,0.0,52166656.0,0.0,0.0,-1.0,-1.0,-1.0,0.0,0.0,1
0.0,57.0,51.125,-1.0,-1.0,-1.0,-1.0,-1.0,-1.0,0.0,52166656.0,0.0,0.0,-1.0,-1.0,-1.0,0.0,0.0,1
0.0,58.0,50.458,-1.0,-1.0,-1.0,-1.0,-1.0,-1.0,0.0,52166656.0,0.0,0.0,-1.0,-1.0,-1.0,0.0,0.0,1
0.0,57.0,48.792,-1.0,-1.0,-1.0,-1.0,-1.0,-1.0,0.0,52166656.0,0.0,0.0,-1.0,-1.0,-1.0,0.0,0.0,1
0.0,63.0,57.417,-1.0,-1.0,-1.0,-1.0,-1.0,-1.0,0.0,52166656.0,0.0,0.0,-1.0,-1.0,-1.0,0.0,0.0,1
0.0,50.0,45.459,-1.0,-1.0,-1.0,-1.0,-1.0,-1.0,0.0,52166656.0,0.0,0.0,-1.0,-1.0,-1.0,0.0,0.0,1
0.0,45.0,41.5,-1.0,-1.0,-1.0,-1.0,-1.0,-1.0,0.0,52166656.0,0.0,0.0,-1.0,-1.0,-1.0,0.0,0.0,1
0.0,52.0,45.875,-1.0,-1.0,-1.0,-1.0,-1.0,-1.0,0.0,52166656.0,0.0,0.0,-1.0,-1.0,-1.0,0.0,0.0,1
0.0,58.0,49.708,-1.0,-1.0,-1.0,-1.0,-1.0,-1.0,0.0,52199424.0,0.0,0.0,-1.0,-1.0,-1.0,0.0,0.0,1
0.0,58.0,51.916,-1.0,-1.0,-1.0,-1.0,-1.0,-1.0,0.0,52199424.0,0.0,0.0,-1.0,-1.0,-1.0,0.0,0.0,1
0.0,66.0,50.584,-1.0,-1.0,-1.0,-1.0,-1.0,-1.0,0.0,52215808.0,0.0,0.0,-1.0,-1.0,-1.0,0.0,0.0,1
0.0,59.0,52.5,-1.0,-1.0,-1.0,-1.0,-1.0,-1.0,0.0,52215808.0,0.0,0.0,-1.0,-1.0,-1.0,0.0,0.0,1
0.0,51.0,45.625,-1.0,-1.0,-1.0,-1.0,-1.0,-1.0,0.0,52215808.0,0.0,0.0,-1.0,-1.0,-1.0,0.0,0.0,1
0.0,51.0,44.708,-1.0,-1.0,-1.0,-1.0,-1.0,-1.0,0.0,52215808.0,0.0,0.0,-1.0,-1.0,-1.0,0.0,0.0,1
0.0,57.0,44.584,-1.0,-1.0,-1.0,-1.0,-1.0,-1.0,0.0,52215808.0,0.0,0.0,-1.0,-1.0,-1.0,0.0,0.0,1
0.0,54.0,45.584,-1.0,-1.0,-1.0,-1.0,-1.0,-1.0,0.0,52215808.0,0.0,0.0,-1.0,-1.0,-1.0,0.0,0.0,1
0.0,54.0,44.584,-1.0,-1.0,-1.0,-1.0,-1.0,-1.0,0.0,52215808.0,0.0,0.0,-1.0,-1.0,-1.0,0.0,0.0,1
0.0,28.0,24.75,-1.0,-1.0,-1.0,-1.0,-1.0,-1.0,0.0,52215808.0,0.0,0.0,-1.0,-1.0,-1.0,0.0,0.0,1
0.0,58.0,51.333,-1.0,-1.0,-1.0,-1.0,-1.0,-1.0,0.0,52215808.0,0.0,0.0,-1.0,-1.0,-1.0,0.0,0.0,1
0.0,47.0,44.167,-1.0,-1.0,-1.0,-1.0,-1.0,-1.0,0.0,52215808.0,0.0,0.0,-1.0,-1.0,-1.0,0.0,0.0,1
0.0,36.0,34.5,-1.0,-1.0,-1.0,-1.0,-1.0,-1.0,0.0,52215808.0,0.0,0.0,-1.0,-1.0,-1.0,0.0,0.0,1
0.0,15.0,14.792,-1.0,-1.0,-1.0,-1.0,-1.0,-1.0,0.0,52215808.0,0.0,0.0,-1.0,-1.0,-1.0,0.0,0.0,1
2.0,79.0,95.5,-1.0,-1.0,-1.0,-1.0,-1.0,-1.0,0.0,52215808.0,0.0,0.0,-1.0,-1.0,-1.0,0.0,0.0,1
2.0,83.0,84.333,-1.0,-1.0,-1.0,-1.0,-1.0,-1.0,0.0,52215808.0,0.0,0.0,-1.0,-1.0,-1.0,0.0,0.0,1
0.0,52.0,45.875,-1.0,-1.0,-1.0,-1.0,-1.0,-1.0,0.0,52215808.0,0.0,0.0,-1.0,-1.0,-1.0,0.0,0.0,1
0.0,60.0,52.833,-1.0,-1.0,-1.0,-1.0,-1.0,-1.0,0.0,52232192.0,0.0,0.0,-1.0,-1.0,-1.0,0.0,0.0,1
0.0,60.0,50.667,-1.0,-1.0,-1.0,-1.0,-1.0,-1.0,0.0,52232192.0,0.0,0.0,-1.0,-1.0,-1.0,0.0,0.0,1
0.0,59.0,51.291,-1.0,-1.0,-1.0,-1.0,-1.0,-1.0,0.0,52232192.0,0.0,0.0,-1.0,-1.0,-1.0,0.0,0.0,1
0.0,57.0,50.75,-1.0,-1.0,-1.0,-1.0,-1.0,-1.0,0.0,52232192.0,0.0,0.0,-1.0,-1.0,-1.0,0.0,0.0,1
0.0,31.0,26.417,-1.0,-1.0,-1.0,-1.0,-1.0,-1.0,0.0,52232192.0,0.0,0.0,-1.0,-1.0,-1.0,0.0,0.0,1
0.0,45.0,42.792,-1.0,-1.0,-1.0,-1.0,-1.0,-1.0,0.0,52232192.0,0.0,0.0,-1.0,-1.0,-1.0,0.0,0.0,1
0.0,80.0,72.541,-1.0,-1.0,-1.0,-1.0,-1.0,-1.0,0.0,52248576.0,0.0,0.0,-1.0,-1.0,-1.0,0.0,0.0,1
0.0,68.0,60.375,-1.0,-1.0,-1.0,-1.0,-1.0,-1.0,0.0,52248576.0,0.0,0.0,-1.0,-1.0,-1.0,0.0,0.0,1
0.0,63.0,55.75,-1.0,-1.0,-1.0,-1.0,-1.0,-1.0,0.0,52248576.0,0.0,0.0,-1.0,-1.0,-1.0,0.0,0.0,1
0.0,62.0,52.75,-1.0,-1.0,-1.0,-1.0,-1.0,-1.0,0.0,52248576.0,0.0,0.0,-1.0,-1.0,-1.0,0.0,0.0,1
0.0,22.0,20.75,-1.0,-1.0,-1.0,-1.0,-1.0,-1.0,0.0,52248576.0,0.0,0.0,-1.0,-1.0,-1.0,0.0,0.0,1
0.0,66.0,55.541,-1.0,-1.0,-1.0,-1.0,-1.0,-1.0,0.0,52248576.0,0.0,0.0,-1.0,-1.0,-1.0,0.0,0.0,1
0.0,69.0,54.084,-1.0,-1.0,-1.0,-1.0,-1.0,-1.0,0.0,52248576.0,0.0,0.0,-1.0,-1.0,-1.0,0.0,0.0,1
0.0,58.0,51.417,-1.0,-1.0,-1.0,-1.0,-1.0,-1.0,0.0,52264960.0,0.0,0.0,-1.0,-1.0,-1.0,0.0,0.0,1
0.0,55.0,48.375,-1.0,-1.0,-1.0,-1.0,-1.0,-1.0,0.0,52264960.0,0.0,0.0,-1.0,-1.0,-1.0,0.0,0.0,1
0.0,62.0,55.584,-1.0,-1.0,-1.0,-1.0,-1.0,-1.0,0.0,52264960.0,0.0,0.0,-1.0,-1.0,-1.0,0.0,0.0,1
0.0,56.0,48.792,-1.0,-1.0,-1.0,-1.0,-1.0,-1.0,0.0,52264960.0,0.0,0.0,-1.0,-1.0,-1.0,0.0,0.0,1
0.0,60.0,53.125,-1.0,-1.0,-1.0,-1.0,-1.0,-1.0,0.0,52281344.0,0.0,0.0,-1.0,-1.0,-1.0,0.0,0.0,1
0.0,53.0,46.0,-1.0,-1.0,-1.0,-1.0,-1.0,-1.0,0.0,52281344.0,0.0,0.0,-1.0,-1.0,-1.0,0.0,0.0,1
0.0,46.0,42.208,-1.0,-1.0,-1.0,-1.0,-1.0,-1.0,0.0,52281344.0,0.0,0.0,-1.0,-1.0,-1.0,0.0,0.0,1
0.0,47.0,42.5,-1.0,-1.0,-1.0,-1.0,-1.0,-1.0,0.0,52281344.0,0.0,0.0,-1.0,-1.0,-1.0,0.0,0.0,1
0.0,20.0,18.041,-1.0,-1.0,-1.0,-1.0,-1.0,-1.0,0.0,52281344.0,0.0,0.0,-1.0,-1.0,-1.0,0.0,0.0,1
0.0,15.0,14.625,-1.0,-1.0,-1.0,-1.0,-1.0,-1.0,0.0,52281344.0,0.0,0.0,-1.0,-1.0,-1.0,0.0,0.0,1
0.0,80.0,68.791,-1.0,-1.0,-1.0,-1.0,-1.0,-1.0,0.0,52297728.0,0.0,0.0,-1.0,-1.0,-1.0,0.0,0.0,1
0.0,66.0,57.416,-1.0,-1.0,-1.0,-1.0,-1.0,-1.0,0.0,52297728.0,0.0,0.0,-1.0,-1.0,-1.0,0.0,0.0,1
0.0,62.0,54.916,-1.0,-1.0,-1.0,-1.0,-1.0,-1.0,0.0,52297728.0,0.0,0.0,-1.0,-1.0,-1.0,0.0,0.0,1
0.0,62.0,53.875,-1.0,-1.0,-1.0,-1.0,-1.0,-1.0,0.0,52297728.0,0.0,0.0,-1.0,-1.0,-1.0,0.0,0.0,1
0.0,57.0,49.917,-1.0,-1.0,-1.0,-1.0,-1.0,-1.0,0.0,52297728.0,0.0,0.0,-1.0,-1.0,-1.0,0.0,0.0,1
0.0,58.0,51.459,-1.0,-1.0,-1.0,-1.0,-1.0,-1.0,0.0,52297728.0,0.0,0.0,-1.0,-1.0,-1.0,0.0,0.0,1
0.0,61.0,53.458,-1.0,-1.0,-1.0,-1.0,-1.0,-1.0,0.0,52297728.0,0.0,0.0,-1.0,-1.0,-1.0,0.0,0.0,1
0.0,61.0,52.917,-1.0,-1.0,-1.0,-1.0,-1.0,-1.0,0.0,52297728.0,0.0,0.0,-1.0,-1.0,-1.0,0.0,0.0,1
0.0,55.0,48.5,-1.0,-1.0,-1.0,-1.0,-1.0,-1.0,0.0,52297728.0,0.0,0.0,-1.0,-1.0,-1.0,0.0,0.0,1
0.0,68.0,59.75,-1.0,-1.0,-1.0,-1.0,-1.0,-1.0,0.0,52297728.0,0.0,0.0,-1.0,-1.0,-1.0,0.0,0.0,1
0.0,54.0,48.416,-1.0,-1.0,-1.0,-1.0,-1.0,-1.0,0.0,52297728.0,0.0,0.0,-1.0,-1.0,-1.0,0.0,0.0,1
0.0,55.0,47.792,-1.0,-1.0,-1.0,-1.0,-1.0,-1.0,0.0,52314112.0,0.0,0.0,-1.0,-1.0,-1.0,0.0,0.0,1
0.0,67.0,54.666,-1.0,-1.0,-1.0,-1.0,-1.0,-1.0,0.0,52314112.0,0.0,0.0,-1.0,-1.0,-1.0,0.0,0.0,1
0.0,58.0,50.667,-1.0,-1.0,-1.0,-1.0,-1.0,-1.0,0.0,52314112.0,0.0,0.0,-1.0,-1.0,-1.0,0.0,0.0,1
0.0,59.0,52.833,-1.0,-1.0,-1.0,-1.0,-1.0,-1.0,0.0,52314112.0,0.0,0.0,-1.0,-1.0,-1.0,0.0,0.0,1
0.0,87.0,79.75,-1.0,-1.0,-1.0,-1.0,-1.0,-1.0,0.0,52314112.0,0.0,0.0,-1.0,-1.0,-1.0,0.0,0.0,1
0.0,28.0,26.292,-1.0,-1.0,-1.0,-1.0,-1.0,-1.0,0.0,52314112.0,0.0,0.0,-1.0,-1.0,-1.0,0.0,0.0,1
0.0,79.0,69.667,-1.0,-1.0,-1.0,-1.0,-1.0,-1.0,0.0,52314112.0,0.0,0.0,-1.0,-1.0,-1.0,0.0,0.0,1
0.0,73.0,63.917,-1.0,-1.0,-1.0,-1.0,-1.0,-1.0,0.0,52330496.0,0.0,0.0,-1.0,-1.0,-1.0,0.0,0.0,1
0.0,55.0,50.542,-1.0,-1.0,-1.0,-1.0,-1.0,-1.0,0.0,52330496.0,0.0,0.0,-1.0,-1.0,-1.0,0.0,0.0,1
0.0,59.0,52.166,-1.0,-1.0,-1.0,-1.0,-1.0,-1.0,0.0,52346880.0,0.0,0.0,-1.0,-1.0,-1.0,0.0,0.0,1
0.0,64.0,52.792,-1.0,-1.0,-1.0,-1.0,-1.0,-1.0,0.0,52346880.0,0.0,0.0,-1.0,-1.0,-1.0,0.0,0.0,1
0.0,61.0,55.041,-1.0,-1.0,-1.0,-1.0,-1.0,-1.0,0.0,52346880.0,0.0,0.0,-1.0,-1.0,-1.0,0.0,0.0,1
0.0,64.0,56.875,-1.0,-1.0,-1.0,-1.0,-1.0,-1.0,0.0,52346880.0,0.0,0.0,-1.0,-1.0,-1.0,0.0,0.0,1
1.0,61.0,209.208,-1.0,-1.0,-1.0,-1.0,-1.0,-1.0,0.0,52346880.0,0.0,0.0,-1.0,-1.0,-1.0,0.0,0.0,1
0.0,62.0,56.083,-1.0,-1.0,-1.0,-1.0,-1.0,-1.0,0.0,52346880.0,0.0,0.0,-1.0,-1.0,-1.0,0.0,0.0,1
0.0,64.0,56.708,-1.0,-1.0,-1.0,-1.0,-1.0,-1.0,0.0,52346880.0,0.0,0.0,-1.0,-1.0,-1.0,0.0,0.0,1
0.0,64.0,54.167,-1.0,-1.0,-1.0,-1.0,-1.0,-1.0,0.0,52346880.0,0.0,0.0,-1.0,-1.0,-1.0,0.0,0.0,1
0.0,48.0,44.416,-1.0,-1.0,-1.0,-1.0,-1.0,-1.0,0.0,52363264.0,0.0,0.0,-1.0,-1.0,-1.0,0.0,0.0,1
0.0,42.0,38.459,-1.0,-1.0,-1.0,-1.0,-1.0,-1.0,0.0,52363264.0,0.0,0.0,-1.0,-1.0,-1.0,0.0,0.0,1
1.0,60.0,52.0,-1.0,-1.0,-1.0,-1.0,-1.0,-1.0,0.0,52363264.0,0.0,0.0,-1.0,-1.0,-1.0,0.0,0.0,1
1.0,59.0,87.541,-1.0,-1.0,-1.0,-1.0,-1.0,-1.0,0.0,52363264.0,0.0,0.0,-1.0,-1.0,-1.0,0.0,0.0,1
0.0,59.0,52.625,-1.0,-1.0,-1.0,-1.0,-1.0,-1.0,0.0,52363264.0,0.0,0.0,-1.0,-1.0,-1.0,0.0,0.0,1
0.0,56.0,50.125,-1.0,-1.0,-1.0,-1.0,-1.0,-1.0,0.0,52363264.0,0.0,0.0,-1.0,-1.0,-1.0,0.0,0.0,1
0.0,58.0,50.542,-1.0,-1.0,-1.0,-1.0,-1.0,-1.0,0.0,52363264.0,0.0,0.0,-1.0,-1.0,-1.0,0.0,0.0,1
0.0,64.0,55.0,-1.0,-1.0,-1.0,-1.0,-1.0,-1.0,0.0,52363264.0,0.0,0.0,-1.0,-1.0,-1.0,0.0,0.0,1
0.0,64.0,54.833,-1.0,-1.0,-1.0,-1.0,-1.0,-1.0,0.0,52363264.0,0.0,0.0,-1.0,-1.0,-1.0,0.0,0.0,1
0.0,58.0,50.583,-1.0,-1.0,-1.0,-1.0,-1.0,-1.0,0.0,52363264.0,0.0,0.0,-1.0,-1.0,-1.0,0.0,0.0,1
0.0,64.0,57.542,-1.0,-1.0,-1.0,-1.0,-1.0,-1.0,0.0,52363264.0,0.0,0.0,-1.0,-1.0,-1.0,0.0,0.0,1
0.0,62.0,55.25,-1.0,-1.0,-1.0,-1.0,-1.0,-1.0,0.0,52363264.0,0.0,0.0,-1.0,-1.0,-1.0,0.0,0.0,1
0.0,57.0,50.375,-1.0,-1.0,-1.0,-1.0,-1.0,-1.0,0.0,52379648.0,0.0,0.0,-1.0,-1.0,-1.0,0.0,0.0,1
0.0,58.0,51.125,-1.0,-1.0,-1.0,-1.0,-1.0,-1.0,0.0,52379648.0,0.0,0.0,-1.0,-1.0,-1.0,0.0,0.0,1
0.0,61.0,52.417,-1.0,-1.0,-1.0,-1.0,-1.0,-1.0,0.0,52379648.0,0.0,0.0,-1.0,-1.0,-1.0,0.0,0.0,1
0.0,53.0,47.542,-1.0,-1.0,-1.0,-1.0,-1.0,-1.0,0.0,52379648.0,0.0,0.0,-1.0,-1.0,-1.0,0.0,0.0,1
0.0,75.0,64.25,-1.0,-1.0,-1.0,-1.0,-1.0,-1.0,0.0,52379648.0,0.0,0.0,-1.0,-1.0,-1.0,0.0,0.0,1
0.0,63.0,53.167,-1.0,-1.0,-1.0,-1.0,-1.0,-1.0,0.0,52396032.0,0.0,0.0,-1.0,-1.0,-1.0,0.0,0.0,1
0.0,53.0,48.5,-1.0,-1.0,-1.0,-1.0,-1.0,-1.0,0.0,52396032.0,0.0,0.0,-1.0,-1.0,-1.0,0.0,0.0,1
0.0,66.0,53.375,-1.0,-1.0,-1.0,-1.0,-1.0,-1.0,0.0,52412416.0,0.0,0.0,-1.0,-1.0,-1.0,0.0,0.0,1
0.0,58.0,50.541,-1.0,-1.0,-1.0,-1.0,-1.0,-1.0,0.0,52412416.0,0.0,0.0,-1.0,-1.0,-1.0,0.0,0.0,1
0.0,58.0,52.541,-1.0,-1.0,-1.0,-1.0,-1.0,-1.0,0.0,52412416.0,0.0,0.0,-1.0,-1.0,-1.0,0.0,0.0,1
0.0,56.0,49.541,-1.0,-1.0,-1.0,-1.0,-1.0,-1.0,0.0,52412416.0,0.0,0.0,-1.0,-1.0,-1.0,0.0,0.0,1
0.0,61.0,53.125,-1.0,-1.0,-1.0,-1.0,-1.0,-1.0,0.0,52412416.0,0.0,0.0,-1.0,-1.0,-1.0,0.0,0.0,1
0.0,62.0,54.583,-1.0,-1.0,-1.0,-1.0,-1.0,-1.0,0.0,52412416.0,0.0,0.0,-1.0,-1.0,-1.0,0.0,0.0,1
0.0,71.0,58.083,-1.0,-1.0,-1.0,-1.0,-1.0,-1.0,0.0,52412416.0,0.0,0.0,-1.0,-1.0,-1.0,0.0,0.0,1
0.0,52.0,45.459,-1.0,-1.0,-1.0,-1.0,-1.0,-1.0,0.0,52412416.0,0.0,0.0,-1.0,-1.0,-1.0,0.0,0.0,1
0.0,56.0,47.209,-1.0,-1.0,-1.0,-1.0,-1.0,-1.0,0.0,52412416.0,0.0,0.0,-1.0,-1.0,-1.0,0.0,0.0,1
0.0,54.0,49.166,-1.0,-1.0,-1.0,-1.0,-1.0,-1.0,0.0,52428800.0,0.0,0.0,-1.0,-1.0,-1.0,0.0,0.0,1
1.0,62.0,63.5,-1.0,-1.0,-1.0,-1.0,-1.0,-1.0,0.0,52428800.0,0.0,0.0,-1.0,-1.0,-1.0,0.0,0.0,1
0.0,43.0,38.542,-1.0,-1.0,-1.0,-1.0,-1.0,-1.0,0.0,52428800.0,0.0,0.0,-1.0,-1.0,-1.0,0.0,0.0,1
0.0,40.0,35.416,-1.0,-1.0,-1.0,-1.0,-1.0,-1.0,0.0,52428800.0,0.0,0.0,-1.0,-1.0,-1.0,0.0,0.0,1
0.0,46.0,40.208,-1.0,-1.0,-1.0,-1.0,-1.0,-1.0,0.0,52428800.0,0.0,0.0,-1.0,-1.0,-1.0,0.0,0.0,1
0.0,50.0,45.0,-1.0,-1.0,-1.0,-1.0,-1.0,-1.0,0.0,52428800.0,0.0,0.0,-1.0,-1.0,-1.0,0.0,0.0,1
2.0,64.0,103.291,-1.0,-1.0,-1.0,-1.0,-1.0,-1.0,0.0,52445184.0,0.0,0.0,-1.0,-1.0,-1.0,0.0,0.0,1
0.0,63.0,57.166,-1.0,-1.0,-1.0,-1.0,-1.0,-1.0,0.0,52445184.0,0.0,0.0,-1.0,-1.0,-1.0,0.0,0.0,1
0.0,64.0,56.458,-1.0,-1.0,-1.0,-1.0,-1.0,-1.0,0.0,52445184.0,0.0,0.0,-1.0,-1.0,-1.0,0.0,0.0,1
0.0,53.0,48.5,-1.0,-1.0,-1.0,-1.0,-1.0,-1.0,0.0,52445184.0,0.0,0.0,-1.0,-1.0,-1.0,0.0,0.0,1
0.0,59.0,52.416,-1.0,-1.0,-1.0,-1.0,-1.0,-1.0,0.0,52445184.0,0.0,0.0,-1.0,-1.0,-1.0,0.0,0.0,1
0.0,57.0,48.416,-1.0,-1.0,-1.0,-1.0,-1.0,-1.0,0.0,52445184.0,0.0,0.0,-1.0,-1.0,-1.0,0.0,0.0,1
0.0,61.0,49.416,-1.0,-1.0,-1.0,-1.0,-1.0,-1.0,0.0,52445184.0,0.0,0.0,-1.0,-1.0,-1.0,0.0,0.0,1
0.0,67.0,55.583,-1.0,-1.0,-1.0,-1.0,-1.0,-1.0,0.0,52445184.0,0.0,0.0,-1.0,-1.0,-1.0,0.0,0.0,1
0.0,58.0,52.292,-1.0,-1.0,-1.0,-1.0,-1.0,-1.0,0.0,52445184.0,0.0,0.0,-1.0,-1.0,-1.0,0.0,0.0,1
0.0,59.0,51.125,-1.0,-1.0,-1.0,-1.0,-1.0,-1.0,0.0,52445184.0,0.0,0.0,-1.0,-1.0,-1.0,0.0,0.0,1
0.0,58.0,50.583,-1.0,-1.0,-1.0,-1.0,-1.0,-1.0,0.0,52445184.0,0.0,0.0,-1.0,-1.0,-1.0,0.0,0.0,1
0.0,59.0,52.708,-1.0,-1.0,-1.0,-1.0,-1.0,-1.0,0.0,52445184.0,0.0,0.0,-1.0,-1.0,-1.0,0.0,0.0,1
0.0,60.0,53.791,-1.0,-1.0,-1.0,-1.0,-1.0,-1.0,0.0,52445184.0,0.0,0.0,-1.0,-1.0,-1.0,0.0,0.0,1
0.0,61.0,50.125,-1.0,-1.0,-1.0,-1.0,-1.0,-1.0,0.0,52461568.0,0.0,0.0,-1.0,-1.0,-1.0,0.0,0.0,1
0.0,57.0,51.542,-1.0,-1.0,-1.0,-1.0,-1.0,-1.0,0.0,52461568.0,0.0,0.0,-1.0,-1.0,-1.0,0.0,0.0,1
0.0,61.0,50.375,-1.0,-1.0,-1.0,-1.0,-1.0,-1.0,0.0,52461568.0,0.0,0.0,-1.0,-1.0,-1.0,0.0,0.0,1
0.0,56.0,48.125,-1.0,-1.0,-1.0,-1.0,-1.0,-1.0,0.0,52461568.0,0.0,0.0,-1.0,-1.0,-1.0,0.0,0.0,1
0.0,52.0,47.334,-1.0,-1.0,-1.0,-1.0,-1.0,-1.0,0.0,52477952.0,0.0,0.0,-1.0,-1.0,-1.0,0.0,0.0,1
0.0,63.0,51.791,-1.0,-1.0,-1.0,-1.0,-1.0,-1.0,0.0,52494336.0,0.0,0.0,-1.0,-1.0,-1.0,0.0,0.0,1
0.0,61.0,49.917,-1.0,-1.0,-1.0,-1.0,-1.0,-1.0,0.0,52494336.0,0.0,0.0,-1.0,-1.0,-1.0,0.0,0.0,1
0.0,59.0,51.125,-1.0,-1.0,-1.0,-1.0,-1.0,-1.0,0.0,52494336.0,0.0,0.0,-1.0,-1.0,-1.0,0.0,0.0,1
0.0,63.0,57.042,-1.0,-1.0,-1.0,-1.0,-1.0,-1.0,0.0,52494336.0,0.0,0.0,-1.0,-1.0,-1.0,0.0,0.0,1
0.0,53.0,47.041,-1.0,-1.0,-1.0,-1.0,-1.0,-1.0,0.0,52494336.0,0.0,0.0,-1.0,-1.0,-1.0,0.0,0.0,1
0.0,56.0,50.083,-1.0,-1.0,-1.0,-1.0,-1.0,-1.0,0.0,52494336.0,0.0,0.0,-1.0,-1.0,-1.0,0.0,0.0,1
0.0,61.0,53.708,-1.0,-1.0,-1.0,-1.0,-1.0,-1.0,0.0,52494336.0,0.0,0.0,-1.0,-1.0,-1.0,0.0,0.0,1
0.0,59.0,51.583,-1.0,-1.0,-1.0,-1.0,-1.0,-1.0,0.0,52494336.0,0.0,0.0,-1.0,-1.0,-1.0,0.0,0.0,1
1.0,47.0,55.25,-1.0,-1.0,-1.0,-1.0,-1.0,-1.0,0.0,52494336.0,0.0,0.0,-1.0,-1.0,-1.0,0.0,0.0,1
0.0,52.0,46.75,-1.0,-1.0,-1.0,-1.0,-1.0,-1.0,0.0,52494336.0,0.0,0.0,-1.0,-1.0,-1.0,0.0,0.0,1
0.0,50.0,44.75,-1.0,-1.0,-1.0,-1.0,-1.0,-1.0,0.0,52494336.0,0.0,0.0,-1.0,-1.0,-1.0,0.0,0.0,1
0.0,57.0,50.083,-1.0,-1.0,-1.0,-1.0,-1.0,-1.0,0.0,52494336.0,0.0,0.0,-1.0,-1.0,-1.0,0.0,0.0,1
0.0,54.0,48.375,-1.0,-1.0,-1.0,-1.0,-1.0,-1.0,0.0,52510720.0,0.0,0.0,-1.0,-1.0,-1.0,0.0,0.0,1
1.0,76.0,75.333,-1.0,-1.0,-1.0,-1.0,-1.0,-1.0,0.0,52510720.0,0.0,0.0,-1.0,-1.0,-1.0,0.0,0.0,1
0.0,60.0,49.292,-1.0,-1.0,-1.0,-1.0,-1.0,-1.0,0.0,52510720.0,0.0,0.0,-1.0,-1.0,-1.0,0.0,0.0,1
0.0,52.0,46.375,-1.0,-1.0,-1.0,-1.0,-1.0,-1.0,0.0,52510720.0,0.0,0.0,-1.0,-1.0,-1.0,0.0,0.0,1
0.0,62.0,53.875,-1.0,-1.0,-1.0,-1.0,-1.0,-1.0,0.0,52527104.0,0.0,0.0,-1.0,-1.0,-1.0,0.0,0.0,1
0.0,63.0,54.917,-1.0,-1.0,-1.0,-1.0,-1.0,-1.0,0.0,52527104.0,0.0,0.0,-1.0,-1.0,-1.0,0.0,0.0,1
0.0,55.0,49.958,-1.0,-1.0,-1.0,-1.0,-1.0,-1.0,0.0,52527104.0,0.0,0.0,-1.0,-1.0,-1.0,0.0,0.0,1
0.0,69.0,58.791,-1.0,-1.0,-1.0,-1.0,-1.0,-1.0,0.0,52527104.0,0.0,0.0,-1.0,-1.0,-1.0,0.0,0.0,1
0.0,61.0,49.584,-1.0,-1.0,-1.0,-1.0,-1.0,-1.0,0.0,52527104.0,0.0,0.0,-1.0,-1.0,-1.0,0.0,0.0,1
0.0,57.0,49.916,-1.0,-1.0,-1.0,-1.0,-1.0,-1.0,0.0,52527104.0,0.0,0.0,-1.0,-1.0,-1.0,0.0,0.0,1
0.0,57.0,52.25,-1.0,-1.0,-1.0,-1.0,-1.0,-1.0,0.0,52527104.0,0.0,0.0,-1.0,-1.0,-1.0,0.0,0.0,1
0.0,61.0,54.541,-1.0,-1.0,-1.0,-1.0,-1.0,-1.0,0.0,52543488.0,0.0,0.0,-1.0,-1.0,-1.0,0.0,0.0,1
0.0,57.0,50.375,-1.0,-1.0,-1.0,-1.0,-1.0,-1.0,0.0,52543488.0,0.0,0.0,-1.0,-1.0,-1.0,0.0,0.0,1
0.0,58.0,52.459,-1.0,-1.0,-1.0,-1.0,-1.0,-1.0,0.0,52543488.0,0.0,0.0,-1.0,-1.0,-1.0,0.0,0.0,1
0.0,55.0,47.875,-1.0,-1.0,-1.0,-1.0,-1.0,-1.0,0.0,52543488.0,0.0,0.0,-1.0,-1.0,-1.0,0.0,0.0,1
0.0,54.0,47.667,-1.0,-1.0,-1.0,-1.0,-1.0,-1.0,0.0,52543488.0,0.0,0.0,-1.0,-1.0,-1.0,0.0,0.0,1
1.0,78.0,88.417,-1.0,-1.0,-1.0,-1.0,-1.0,-1.0,0.0,52543488.0,0.0,0.0,-1.0,-1.0,-1.0,0.0,0.0,1
0.0,59.0,53.708,-1.0,-1.0,-1.0,-1.0,-1.0,-1.0,0.0,52543488.0,0.0,0.0,-1.0,-1.0,-1.0,0.0,0.0,1
0.0,59.0,53.25,-1.0,-1.0,-1.0,-1.0,-1.0,-1.0,0.0,52543488.0,0.0,0.0,-1.0,-1.0,-1.0,0.0,0.0,1
0.0,55.0,48.458,-1.0,-1.0,-1.0,-1.0,-1.0,-1.0,0.0,52543488.0,0.0,0.0,-1.0,-1.0,-1.0,0.0,0.0,1
0.0,55.0,50.083,-1.0,-1.0,-1.0,-1.0,-1.0,-1.0,0.0,52543488.0,0.0,0.0,-1.0,-1.0,-1.0,0.0,0.0,1
0.0,62.0,53.958,-1.0,-1.0,-1.0,-1.0,-1.0,-1.0,0.0,52559872.0,0.0,0.0,-1.0,-1.0,-1.0,0.0,0.0,1
0.0,56.0,46.292,-1.0,-1.0,-1.0,-1.0,-1.0,-1.0,0.0,52559872.0,0.0,0.0,-1.0,-1.0,-1.0,0.0,0.0,1
0.0,56.0,49.166,-1.0,-1.0,-1.0,-1.0,-1.0,-1.0,0.0,52559872.0,0.0,0.0,-1.0,-1.0,-1.0,0.0,0.0,1
0.0,49.0,43.75,-1.0,-1.0,-1.0,-1.0,-1.0,-1.0,0.0,52559872.0,0.0,0.0,-1.0,-1.0,-1.0,0.0,0.0,1
0.0,50.0,45.667,-1.0,-1.0,-1.0,-1.0,-1.0,-1.0,0.0,52559872.0,0.0,0.0,-1.0,-1.0,-1.0,0.0,0.0,1
0.0,54.0,46.417,-1.0,-1.0,-1.0,-1.0,-1.0,-1.0,0.0,52559872.0,0.0,0.0,-1.0,-1.0,-1.0,0.0,0.0,1
0.0,46.0,41.791,-1.0,-1.0,-1.0,-1.0,-1.0,-1.0,0.0,52559872.0,0.0,0.0,-1.0,-1.0,-1.0,0.0,0.0,1
0.0,45.0,41.25,-1.0,-1.0,-1.0,-1.0,-1.0,-1.0,0.0,52576256.0,0.0,0.0,-1.0,-1.0,-1.0,0.0,0.0,1
0.0,48.0,42.333,-1.0,-1.0,-1.0,-1.0,-1.0,-1.0,0.0,52576256.0,0.0,0.0,-1.0,-1.0,-1.0,0.0,0.0,1
0.0,47.0,41.417,-1.0,-1.0,-1.0,-1.0,-1.0,-1.0,0.0,52576256.0,0.0,0.0,-1.0,-1.0,-1.0,0.0,0.0,1
0.0,34.0,31.125,-1.0,-1.0,-1.0,-1.0,-1.0,-1.0,0.0,52576256.0,0.0,0.0,-1.0,-1.0,-1.0,0.0,0.0,1
0.0,52.0,45.917,-1.0,-1.0,-1.0,-1.0,-1.0,-1.0,0.0,52576256.0,0.0,0.0,-1.0,-1.0,-1.0,0.0,0.0,1
0.0,72.0,65.416,-1.0,-1.0,-1.0,-1.0,-1.0,-1.0,0.0,52576256.0,0.0,0.0,-1.0,-1.0,-1.0,0.0,0.0,1
0.0,56.0,50.25,-1.0,-1.0,-1.0,-1.0,-1.0,-1.0,0.0,52576256.0,0.0,0.0,-1.0,-1.0,-1.0,0.0,0.0,1
0.0,60.0,51.583,-1.0,-1.0,-1.0,-1.0,-1.0,-1.0,0.0,52576256.0,0.0,0.0,-1.0,-1.0,-1.0,0.0,0.0,1
1.0,69.0,72.042,-1.0,-1.0,-1.0,-1.0,-1.0,-1.0,0.0,52576256.0,0.0,0.0,-1.0,-1.0,-1.0,0.0,0.0,1
0.0,59.0,52.375,-1.0,-1.0,-1.0,-1.0,-1.0,-1.0,0.0,52592640.0,0.0,0.0,-1.0,-1.0,-1.0,0.0,0.0,1
0.0,53.0,48.833,-1.0,-1.0,-1.0,-1.0,-1.0,-1.0,0.0,52609024.0,0.0,0.0,-1.0,-1.0,-1.0,0.0,0.0,1
0.0,67.0,55.667,-1.0,-1.0,-1.0,-1.0,-1.0,-1.0,0.0,52609024.0,0.0,0.0,-1.0,-1.0,-1.0,0.0,0.0,1
0.0,63.0,51.292,-1.0,-1.0,-1.0,-1.0,-1.0,-1.0,0.0,52625408.0,0.0,0.0,-1.0,-1.0,-1.0,0.0,0.0,1
0.0,62.0,52.792,-1.0,-1.0,-1.0,-1.0,-1.0,-1.0,0.0,52625408.0,0.0,0.0,-1.0,-1.0,-1.0,0.0,0.0,1
0.0,58.0,53.0,-1.0,-1.0,-1.0,-1.0,-1.0,-1.0,0.0,52625408.0,0.0,0.0,-1.0,-1.0,-1.0,0.0,0.0,1
0.0,52.0,46.917,-1.0,-1.0,-1.0,-1.0,-1.0,-1.0,0.0,52625408.0,0.0,0.0,-1.0,-1.0,-1.0,0.0,0.0,1
0.0,56.0,50.166,-1.0,-1.0,-1.0,-1.0,-1.0,-1.0,0.0,52625408.0,0.0,0.0,-1.0,-1.0,-1.0,0.0,0.0,1
0.0,53.0,48.334,-1.0,-1.0,-1.0,-1.0,-1.0,-1.0,0.0,52625408.0,0.0,0.0,-1.0,-1.0,-1.0,0.0,0.0,1
0.0,57.0,50.542,-1.0,-1.0,-1.0,-1.0,-1.0,-1.0,0.0,52625408.0,0.0,0.0,-1.0,-1.0,-1.0,0.0,0.0,1
0.0,55.0,47.042,-1.0,-1.0,-1.0,-1.0,-1.0,-1.0,0.0,52625408.0,0.0,0.0,-1.0,-1.0,-1.0,0.0,0.0,1
0.0,55.0,48.291,-1.0,-1.0,-1.0,-1.0,-1.0,-1.0,0.0,52625408.0,0.0,0.0,-1.0,-1.0,-1.0,0.0,0.0,1
0.0,52.0,45.916,-1.0,-1.0,-1.0,-1.0,-1.0,-1.0,0.0,52625408.0,0.0,0.0,-1.0,-1.0,-1.0,0.0,0.0,1
0.0,58.0,47.916,-1.0,-1.0,-1.0,-1.0,-1.0,-1.0,0.0,52625408.0,0.0,0.0,-1.0,-1.0,-1.0,0.0,0.0,1
0.0,50.0,43.0,-1.0,-1.0,-1.0,-1.0,-1.0,-1.0,0.0,52625408.0,0.0,0.0,-1.0,-1.0,-1.0,0.0,0.0,1
0.0,53.0,46.25,-1.0,-1.0,-1.0,-1.0,-1.0,-1.0,0.0,52625408.0,0.0,0.0,-1.0,-1.0,-1.0,0.0,0.0,1
0.0,54.0,46.75,-1.0,-1.0,-1.0,-1.0,-1.0,-1.0,0.0,52625408.0,0.0,0.0,-1.0,-1.0,-1.0,0.0,0.0,1
0.0,54.0,48.0,-1.0,-1.0,-1.0,-1.0,-1.0,-1.0,0.0,52625408.0,0.0,0.0,-1.0,-1.0,-1.0,0.0,0.0,1
0.0,52.0,45.917,-1.0,-1.0,-1.0,-1.0,-1.0,-1.0,0.0,52641792.0,0.0,0.0,-1.0,-1.0,-1.0,0.0,0.0,1
0.0,54.0,46.541,-1.0,-1.0,-1.0,-1.0,-1.0,-1.0,0.0,52641792.0,0.0,0.0,-1.0,-1.0,-1.0,0.0,0.0,1
0.0,48.0,42.125,-1.0,-1.0,-1.0,-1.0,-1.0,-1.0,0.0,52641792.0,0.0,0.0,-1.0,-1.0,-1.0,0.0,0.0,1
0.0,60.0,52.584,-1.0,-1.0,-1.0,-1.0,-1.0,-1.0,0.0,52641792.0,0.0,0.0,-1.0,-1.0,-1.0,0.0,0.0,1
0.0,59.0,50.625,-1.0,-1.0,-1.0,-1.0,-1.0,-1.0,0.0,52641792.0,0.0,0.0,-1.0,-1.0,-1.0,0.0,0.0,1
0.0,57.0,49.417,-1.0,-1.0,-1.0,-1.0,-1.0,-1.0,0.0,52641792.0,0.0,0.0,-1.0,-1.0,-1.0,0.0,0.0,1
0.0,54.0,49.0,-1.0,-1.0,-1.0,-1.0,-1.0,-1.0,0.0,52641792.0,0.0,0.0,-1.0,-1.0,-1.0,0.0,0.0,1
0.0,47.0,42.459,-1.0,-1.0,-1.0,-1.0,-1.0,-1.0,0.0,52641792.0,0.0,0.0,-1.0,-1.0,-1.0,0.0,0.0,1
0.0,46.0,41.0,-1.0,-1.0,-1.0,-1.0,-1.0,-1.0,0.0,52641792.0,0.0,0.0,-1.0,-1.0,-1.0,0.0,0.0,1
1.0,57.0,99.916,-1.0,-1.0,-1.0,-1.0,-1.0,-1.0,0.0,52641792.0,0.0,0.0,-1.0,-1.0,-1.0,0.0,0.0,1
0.0,56.0,49.375,-1.0,-1.0,-1.0,-1.0,-1.0,-1.0,0.0,52641792.0,0.0,0.0,-1.0,-1.0,-1.0,0.0,0.0,1
0.0,47.0,42.208,-1.0,-1.0,-1.0,-1.0,-1.0,-1.0,0.0,52641792.0,0.0,0.0,-1.0,-1.0,-1.0,0.0,0.0,1
0.0,85.0,77.583,-1.0,-1.0,-1.0,-1.0,-1.0,-1.0,0.0,52641792.0,0.0,0.0,-1.0,-1.0,-1.0,0.0,0.0,1
1.0,65.0,67.458,-1.0,-1.0,-1.0,-1.0,-1.0,-1.0,0.0,52674560.0,0.0,0.0,-1.0,-1.0,-1.0,0.0,0.0,1
0.0,54.0,46.042,-1.0,-1.0,-1.0,-1.0,-1.0,-1.0,0.0,52674560.0,0.0,0.0,-1.0,-1.0,-1.0,0.0,0.0,1
0.0,68.0,60.417,-1.0,-1.0,-1.0,-1.0,-1.0,-1.0,0.0,52674560.0,0.0,0.0,-1.0,-1.0,-1.0,0.0,0.0,1
0.0,65.0,56.208,-1.0,-1.0,-1.0,-1.0,-1.0,-1.0,0.0,52674560.0,0.0,0.0,-1.0,-1.0,-1.0,0.0,0.0,1
0.0,70.0,62.042,-1.0,-1.0,-1.0,-1.0,-1.0,-1.0,0.0,52690944.0,0.0,0.0,-1.0,-1.0,-1.0,0.0,0.0,1
0.0,63.0,54.792,-1.0,-1.0,-1.0,-1.0,-1.0,-1.0,0.0,52707328.0,0.0,0.0,-1.0,-1.0,-1.0,0.0,0.0,1
0.0,29.0,25.416,-1.0,-1.0,-1.0,-1.0,-1.0,-1.0,0.0,52707328.0,0.0,0.0,-1.0,-1.0,-1.0,0.0,0.0,1
0.0,60.0,53.042,-1.0,-1.0,-1.0,-1.0,-1.0,-1.0,0.0,52707328.0,0.0,0.0,-1.0,-1.0,-1.0,0.0,0.0,1
0.0,64.0,57.709,-1.0,-1.0,-1.0,-1.0,-1.0,-1.0,0.0,52707328.0,0.0,0.0,-1.0,-1.0,-1.0,0.0,0.0,1
0.0,64.0,57.125,-1.0,-1.0,-1.0,-1.0,-1.0,-1.0,0.0,52707328.0,0.0,0.0,-1.0,-1.0,-1.0,0.0,0.0,1
0.0,66.0,57.375,-1.0,-1.0,-1.0,-1.0,-1.0,-1.0,0.0,52707328.0,0.0,0.0,-1.0,-1.0,-1.0,0.0,0.0,1
1.0,72.0,723.5,-1.0,-1.0,-1.0,-1.0,-1.0,-1.0,0.0,52707328.0,0.0,0.0,-1.0,-1.0,-1.0,0.0,0.0,1
0.0,57.0,51.917,-1.0,-1.0,-1.0,-1.0,-1.0,-1.0,0.0,52707328.0,0.0,0.0,-1.0,-1.0,-1.0,0.0,0.0,1
0.0,61.0,52.875,-1.0,-1.0,-1.0,-1.0,-1.0,-1.0,0.0,52707328.0,0.0,0.0,-1.0,-1.0,-1.0,0.0,0.0,1
0.0,62.0,51.875,-1.0,-1.0,-1.0,-1.0,-1.0,-1.0,0.0,52707328.0,0.0,0.0,-1.0,-1.0,-1.0,0.0,0.0,1
0.0,65.0,57.459,-1.0,-1.0,-1.0,-1.0,-1.0,-1.0,0.0,52707328.0,0.0,0.0,-1.0,-1.0,-1.0,0.0,0.0,1
0.0,58.0,51.833,-1.0,-1.0,-1.0,-1.0,-1.0,-1.0,0.0,52707328.0,0.0,0.0,-1.0,-1.0,-1.0,0.0,0.0,1
0.0,52.0,44.167,-1.0,-1.0,-1.0,-1.0,-1.0,-1.0,0.0,52707328.0,0.0,0.0,-1.0,-1.0,-1.0,0.0,0.0,1
0.0,46.0,41.75,-1.0,-1.0,-1.0,-1.0,-1.0,-1.0,0.0,52707328.0,0.0,0.0,-1.0,-1.0,-1.0,0.0,0.0,1
0.0,51.0,46.75,-1.0,-1.0,-1.0,-1.0,-1.0,-1.0,0.0,52707328.0,0.0,0.0,-1.0,-1.0,-1.0,0.0,0.0,1
0.0,49.0,43.5,-1.0,-1.0,-1.0,-1.0,-1.0,-1.0,0.0,52707328.0,0.0,0.0,-1.0,-1.0,-1.0,0.0,0.0,1
0.0,51.0,45.5,-1.0,-1.0,-1.0,-1.0,-1.0,-1.0,0.0,52723712.0,0.0,0.0,-1.0,-1.0,-1.0,0.0,0.0,1
0.0,68.0,59.416,-1.0,-1.0,-1.0,-1.0,-1.0,-1.0,0.0,52723712.0,0.0,0.0,-1.0,-1.0,-1.0,0.0,0.0,1
0.0,48.0,44.167,-1.0,-1.0,-1.0,-1.0,-1.0,-1.0,0.0,52723712.0,0.0,0.0,-1.0,-1.0,-1.0,0.0,0.0,1
0.0,83.0,76.291,-1.0,-1.0,-1.0,-1.0,-1.0,-1.0,0.0,52723712.0,0.0,0.0,-1.0,-1.0,-1.0,0.0,0.0,1
3.0,95.0,147.417,-1.0,-1.0,-1.0,-1.0,-1.0,-1.0,0.0,52723712.0,0.0,0.0,-1.0,-1.0,-1.0,0.0,0.0,1
0.0,62.0,52.375,-1.0,-1.0,-1.0,-1.0,-1.0,-1.0,0.0,52723712.0,0.0,0.0,-1.0,-1.0,-1.0,0.0,0.0,1
0.0,80.0,73.291,-1.0,-1.0,-1.0,-1.0,-1.0,-1.0,0.0,52723712.0,0.0,0.0,-1.0,-1.0,-1.0,0.0,0.0,1
0.0,59.0,53.083,-1.0,-1.0,-1.0,-1.0,-1.0,-1.0,0.0,52740096.0,0.0,0.0,-1.0,-1.0,-1.0,0.0,0.0,1
0.0,49.0,41.958,-1.0,-1.0,-1.0,-1.0,-1.0,-1.0,0.0,52740096.0,0.0,0.0,-1.0,-1.0,-1.0,0.0,0.0,1
0.0,50.0,46.959,-1.0,-1.0,-1.0,-1.0,-1.0,-1.0,0.0,52740096.0,0.0,0.0,-1.0,-1.0,-1.0,0.0,0.0,1
0.0,76.0,70.334,-1.0,-1.0,-1.0,-1.0,-1.0,-1.0,0.0,52740096.0,0.0,0.0,-1.0,-1.0,-1.0,0.0,0.0,1
0.0,47.0,43.208,-1.0,-1.0,-1.0,-1.0,-1.0,-1.0,0.0,52740096.0,0.0,0.0,-1.0,-1.0,-1.0,0.0,0.0,1
0.0,35.0,32.833,-1.0,-1.0,-1.0,-1.0,-1.0,-1.0,0.0,52740096.0,0.0,0.0,-1.0,-1.0,-1.0,0.0,0.0,1
0.0,34.0,32.375,-1.0,-1.0,-1.0,-1.0,-1.0,-1.0,0.0,52740096.0,0.0,0.0,-1.0,-1.0,-1.0,0.0,0.0,1
0.0,49.0,43.917,-1.0,-1.0,-1.0,-1.0,-1.0,-1.0,0.0,52740096.0,0.0,0.0,-1.0,-1.0,-1.0,0.0,0.0,1
0.0,54.0,47.958,-1.0,-1.0,-1.0,-1.0,-1.0,-1.0,0.0,52740096.0,0.0,0.0,-1.0,-1.0,-1.0,0.0,0.0,1
0.0,49.0,45.25,-1.0,-1.0,-1.0,-1.0,-1.0,-1.0,0.0,52740096.0,0.0,0.0,-1.0,-1.0,-1.0,0.0,0.0,1
0.0,45.0,42.916,-1.0,-1.0,-1.0,-1.0,-1.0,-1.0,0.0,52756480.0,0.0,0.0,-1.0,-1.0,-1.0,0.0,0.0,1
0.0,41.0,38.584,-1.0,-1.0,-1.0,-1.0,-1.0,-1.0,0.0,52756480.0,0.0,0.0,-1.0,-1.0,-1.0,0.0,0.0,1
0.0,60.0,53.375,-1.0,-1.0,-1.0,-1.0,-1.0,-1.0,0.0,52772864.0,0.0,0.0,-1.0,-1.0,-1.0,0.0,0.0,1
0.0,59.0,53.583,-1.0,-1.0,-1.0,-1.0,-1.0,-1.0,0.0,52772864.0,0.0,0.0,-1.0,-1.0,-1.0,0.0,0.0,1
0.0,43.0,39.375,-1.0,-1.0,-1.0,-1.0,-1.0,-1.0,0.0,52789248.0,0.0,0.0,-1.0,-1.0,-1.0,0.0,0.0,1
0.0,57.0,50.709,-1.0,-1.0,-1.0,-1.0,-1.0,-1.0,0.0,52789248.0,0.0,0.0,-1.0,-1.0,-1.0,0.0,0.0,1
0.0,37.0,35.916,-1.0,-1.0,-1.0,-1.0,-1.0,-1.0,0.0,52789248.0,0.0,0.0,-1.0,-1.0,-1.0,0.0,0.0,1
0.0,51.0,44.5,-1.0,-1.0,-1.0,-1.0,-1.0,-1.0,0.0,52789248.0,0.0,0.0,-1.0,-1.0,-1.0,0.0,0.0,1
0.0,49.0,44.125,-1.0,-1.0,-1.0,-1.0,-1.0,-1.0,0.0,52789248.0,0.0,0.0,-1.0,-1.0,-1.0,0.0,0.0,1
1.0,60.0,58.375,-1.0,-1.0,-1.0,-1.0,-1.0,-1.0,0.0,52789248.0,0.0,0.0,-1.0,-1.0,-1.0,0.0,0.0,1
0.0,53.0,45.709,-1.0,-1.0,-1.0,-1.0,-1.0,-1.0,0.0,52789248.0,0.0,0.0,-1.0,-1.0,-1.0,0.0,0.0,1
0.0,60.0,52.25,-1.0,-1.0,-1.0,-1.0,-1.0,-1.0,0.0,52789248.0,0.0,0.0,-1.0,-1.0,-1.0,0.0,0.0,1
0.0,46.0,39.875,-1.0,-1.0,-1.0,-1.0,-1.0,-1.0,0.0,52789248.0,0.0,0.0,-1.0,-1.0,-1.0,0.0,0.0,1
0.0,55.0,48.834,-1.0,-1.0,-1.0,-1.0,-1.0,-1.0,0.0,52789248.0,0.0,0.0,-1.0,-1.0,-1.0,0.0,0.0,1
0.0,81.0,74.167,-1.0,-1.0,-1.0,-1.0,-1.0,-1.0,0.0,52789248.0,0.0,0.0,-1.0,-1.0,-1.0,0.0,0.0,1
